2026-07-29 21:22:31 [orch] up | pid=36807 | dickens_pid=3632 | authors=Belloc Conan_Doyle Bronte Austen
2026-07-31 03:14:14 [orch] Dickens run finished -> starting authors
2026-07-31 03:14:14 [orch] === START Belloc ===
### author run: Belloc
### HY Dickens run | model=hy-mt1.5-7b host=http://localhost:1234 | workers=4 | pending atoms=3021
cache warm with 61842 blocks
[1/3021] ok Authors/Belloc/Atomized/A_Change_in_the_Cabinet/Chapter_01/part_03.md | blocks 9 | 1m | 10 blk/min
[2/3021] ok Authors/Belloc/Atomized/A_Change_in_the_Cabinet/Chapter_02/part_01.md | blocks 28 | 2m | 15 blk/min
[3/3021] ok Authors/Belloc/Atomized/A_Change_in_the_Cabinet/Chapter_01/part_01.md | blocks 43 | 2m | 22 blk/min
[4/3021] ok Authors/Belloc/Atomized/A_Change_in_the_Cabinet/Chapter_01/part_02.md | blocks 65 | 2m | 33 blk/min
[5/3021] ok Authors/Belloc/Atomized/A_Change_in_the_Cabinet/Chapter_02/part_02.md | blocks 81 | 3m | 28 blk/min
FAIL Authors/Belloc/Atomized/A_Change_in_the_Cabinet/Chapter_03/part_03.md: fabricated output: 16 chars EN -> 137 chars IT
[7/3021] ok Authors/Belloc/Atomized/A_Change_in_the_Cabinet/Chapter_03/part_01.md | blocks 106 | 4m | 28 blk/min | 1 links to repair
[8/3021] ok Authors/Belloc/Atomized/A_Change_in_the_Cabinet/Chapter_03/part_02.md | blocks 128 | 4m | 33 blk/min
[9/3021] ok Authors/Belloc/Atomized/A_Change_in_the_Cabinet/Chapter_02/part_03.md | blocks 150 | 5m | 33 blk/min
[10/3021] ok Authors/Belloc/Atomized/A_Change_in_the_Cabinet/Chapter_04/part_03.md | blocks 161 | 5m | 32 blk/min
[11/3021] ok Authors/Belloc/Atomized/A_Change_in_the_Cabinet/Chapter_04/part_02.md | blocks 172 | 6m | 31 blk/min
[12/3021] ok Authors/Belloc/Atomized/A_Change_in_the_Cabinet/Chapter_04/part_01.md | blocks 191 | 6m | 34 blk/min
[13/3021] ok Authors/Belloc/Atomized/A_Change_in_the_Cabinet/Chapter_06/part_01.md | blocks 215 | 7m | 31 blk/min
[14/3021] ok Authors/Belloc/Atomized/A_Change_in_the_Cabinet/Chapter_06/part_02.md | blocks 233 | 8m | 30 blk/min
[15/3021] ok Authors/Belloc/Atomized/A_Change_in_the_Cabinet/Chapter_06/part_03.md | blocks 263 | 8m | 34 blk/min
[16/3021] ok Authors/Belloc/Atomized/A_Change_in_the_Cabinet/Chapter_05.md | blocks 316 | 9m | 37 blk/min
[17/3021] ok Authors/Belloc/Atomized/A_Change_in_the_Cabinet/Chapter_06/part_05.md | blocks 346 | 9m | 37 blk/min
[18/3021] ok Authors/Belloc/Atomized/A_Change_in_the_Cabinet/Chapter_06/part_04.md | blocks 386 | 9m | 41 blk/min
[19/3021] ok Authors/Belloc/Atomized/A_Change_in_the_Cabinet/Chapter_07/part_01.md | blocks 409 | 10m | 41 blk/min
[20/3021] ok Authors/Belloc/Atomized/A_Change_in_the_Cabinet/Chapter_07/part_02.md | blocks 432 | 10m | 41 blk/min
[21/3021] ok Authors/Belloc/Atomized/A_Change_in_the_Cabinet/Chapter_08/part_01.md | blocks 457 | 11m | 40 blk/min
[22/3021] ok Authors/Belloc/Atomized/A_Change_in_the_Cabinet/Chapter_07/part_03.md | blocks 498 | 12m | 42 blk/min
[23/3021] ok Authors/Belloc/Atomized/A_Change_in_the_Cabinet/Chapter_08/part_02.md | blocks 534 | 12m | 45 blk/min
[24/3021] ok Authors/Belloc/Atomized/A_Change_in_the_Cabinet/Chapter_08/part_04.md | blocks 546 | 12m | 44 blk/min
[25/3021] ok Authors/Belloc/Atomized/A_Change_in_the_Cabinet/Chapter_08/part_03.md | blocks 569 | 12m | 46 blk/min | 1 links to repair
[26/3021] ok Authors/Belloc/Atomized/A_Change_in_the_Cabinet/Chapter_09/part_01.md | blocks 589 | 14m | 43 blk/min
[27/3021] ok Authors/Belloc/Atomized/A_Change_in_the_Cabinet/Chapter_09/part_02.md | blocks 610 | 14m | 44 blk/min
[28/3021] ok Authors/Belloc/Atomized/A_Change_in_the_Cabinet/Chapter_09/part_04.md | blocks 629 | 14m | 44 blk/min
[29/3021] ok Authors/Belloc/Atomized/A_Change_in_the_Cabinet/Chapter_09/part_03.md | blocks 648 | 14m | 45 blk/min
[30/3021] ok Authors/Belloc/Atomized/A_Change_in_the_Cabinet/Chapter_09/part_06.md | blocks 670 | 15m | 44 blk/min
[31/3021] ok Authors/Belloc/Atomized/A_Change_in_the_Cabinet/Chapter_09/part_05.md | blocks 690 | 16m | 44 blk/min
FAIL Authors/Belloc/Atomized/A_Change_in_the_Cabinet/Chapter_10/part_04.md: fabricated output: 32 chars EN -> 153 chars IT
[33/3021] ok Authors/Belloc/Atomized/A_Change_in_the_Cabinet/Chapter_10/part_01.md | blocks 713 | 16m | 44 blk/min
[34/3021] ok Authors/Belloc/Atomized/A_Change_in_the_Cabinet/Chapter_10/part_02.md | blocks 730 | 16m | 45 blk/min
[35/3021] ok Authors/Belloc/Atomized/A_Change_in_the_Cabinet/Chapter_10/part_03.md | blocks 752 | 17m | 44 blk/min
[36/3021] ok Authors/Belloc/Atomized/A_Change_in_the_Cabinet/Chapter_10/part_05.md | blocks 777 | 18m | 44 blk/min
[37/3021] ok Authors/Belloc/Atomized/A_Change_in_the_Cabinet/Chapter_11/part_01.md | blocks 809 | 18m | 45 blk/min
[38/3021] ok Authors/Belloc/Atomized/A_Change_in_the_Cabinet/Chapter_10/part_06.md | blocks 851 | 18m | 46 blk/min
[39/3021] ok Authors/Belloc/Atomized/A_Change_in_the_Cabinet/Chapter_11/part_02.md | blocks 876 | 19m | 46 blk/min
[40/3021] ok Authors/Belloc/Atomized/A_Change_in_the_Cabinet/Chapter_11/part_03.md | blocks 895 | 20m | 46 blk/min
[41/3021] ok Authors/Belloc/Atomized/A_Change_in_the_Cabinet/Chapter_11/part_04.md | blocks 928 | 20m | 46 blk/min
[42/3021] ok Authors/Belloc/Atomized/A_Change_in_the_Cabinet/Chapter_11/part_05.md | blocks 967 | 20m | 47 blk/min
[43/3021] ok Authors/Belloc/Atomized/A_Change_in_the_Cabinet/Chapter_11/part_07.md | blocks 987 | 21m | 47 blk/min
[44/3021] ok Authors/Belloc/Atomized/A_Change_in_the_Cabinet/Chapter_11/part_06.md | blocks 1022 | 21m | 48 blk/min
[45/3021] ok Authors/Belloc/Atomized/A_Change_in_the_Cabinet/Chapter_12/part_01.md | blocks 1054 | 22m | 47 blk/min
[46/3021] ok Authors/Belloc/Atomized/A_Change_in_the_Cabinet/Chapter_12/part_02.md | blocks 1082 | 23m | 48 blk/min | 1 links to repair
[47/3021] ok Authors/Belloc/Atomized/A_Change_in_the_Cabinet/Chapter_12/part_03.md | blocks 1098 | 23m | 48 blk/min
[48/3021] ok Authors/Belloc/Atomized/A_Change_in_the_Cabinet/Chapter_12/part_04.md | blocks 1115 | 23m | 48 blk/min
[49/3021] ok Authors/Belloc/Atomized/A_Change_in_the_Cabinet/Chapter_12/part_05.md | blocks 1135 | 24m | 47 blk/min
[50/3021] ok Authors/Belloc/Atomized/A_Change_in_the_Cabinet/Chapter_12/part_06.md | blocks 1163 | 25m | 47 blk/min
[51/3021] ok Authors/Belloc/Atomized/A_Change_in_the_Cabinet/Chapter_12/part_07.md | blocks 1211 | 25m | 49 blk/min
[52/3021] ok Authors/Belloc/Atomized/A_Change_in_the_Cabinet/Chapter_12/part_08.md | blocks 1262 | 26m | 49 blk/min
[53/3021] ok Authors/Belloc/Atomized/A_Change_in_the_Cabinet/Chapter_13/part_01.md | blocks 1292 | 26m | 49 blk/min
[54/3021] ok Authors/Belloc/Atomized/A_Change_in_the_Cabinet/Chapter_13/part_02.md | blocks 1331 | 27m | 50 blk/min
[55/3021] ok Authors/Belloc/Atomized/A_Change_in_the_Cabinet/Chapter_13/part_03.md | blocks 1368 | 27m | 51 blk/min
[56/3021] ok Authors/Belloc/Atomized/A_Change_in_the_Cabinet/Chapter_13/part_04.md | blocks 1416 | 27m | 52 blk/min
[57/3021] ok Authors/Belloc/Atomized/A_Change_in_the_Cabinet/Chapter_14/part_01.md | blocks 1434 | 28m | 51 blk/min | 2 links to repair
[58/3021] ok Authors/Belloc/Atomized/A_Change_in_the_Cabinet/Chapter_14/part_03.md | blocks 1465 | 29m | 51 blk/min
[59/3021] ok Authors/Belloc/Atomized/A_Change_in_the_Cabinet/Chapter_14/part_02.md | blocks 1513 | 29m | 52 blk/min
[60/3021] ok Authors/Belloc/Atomized/A_Change_in_the_Cabinet/Chapter_14/part_04.md | blocks 1547 | 29m | 53 blk/min
[61/3021] ok Authors/Belloc/Atomized/A_Change_in_the_Cabinet/Chapter_15/part_01.md | blocks 1581 | 30m | 53 blk/min
[62/3021] ok Authors/Belloc/Atomized/A_Change_in_the_Cabinet/Chapter_15/part_02.md | blocks 1613 | 31m | 52 blk/min
[63/3021] ok Authors/Belloc/Atomized/A_Change_in_the_Cabinet/Chapter_15/part_03.md | blocks 1638 | 31m | 53 blk/min
[64/3021] ok Authors/Belloc/Atomized/A_Change_in_the_Cabinet/Chapter_15/part_04.md | blocks 1664 | 31m | 53 blk/min
[65/3021] ok Authors/Belloc/Atomized/A_Change_in_the_Cabinet/Chapter_15/part_05.md | blocks 1684 | 32m | 53 blk/min
[66/3021] ok Authors/Belloc/Atomized/A_Change_in_the_Cabinet/Chapter_15/part_07.md | blocks 1705 | 33m | 52 blk/min
[67/3021] ok Authors/Belloc/Atomized/A_Change_in_the_Cabinet/Chapter_15/part_06.md | blocks 1734 | 33m | 53 blk/min
[68/3021] ok Authors/Belloc/Atomized/A_General_Sketch_of_the_European_War_the_First_Pha/Chapter_01_THE_FIRST_OPERATIONS.md | blocks 1765 | 33m | 53 blk/min
[69/3021] ok Authors/Belloc/Atomized/A_General_Sketch_of_the_European_War_the_First_Pha/Chapter_02_THE_GENERAL_CAUSES_OF_THE_WAR/part_01.md | blocks 1783 | 34m | 53 blk/min | 1 links to repair
[70/3021] ok Authors/Belloc/Atomized/A_General_Sketch_of_the_European_War_the_First_Pha/Chapter_02_THE_GENERAL_CAUSES_OF_THE_WAR/part_02.md | blocks 1800 | 35m | 52 blk/min
[71/3021] ok Authors/Belloc/Atomized/A_General_Sketch_of_the_European_War_the_First_Pha/Chapter_02_THE_GENERAL_CAUSES_OF_THE_WAR/part_03.md | blocks 1814 | 35m | 51 blk/min | 1 links to repair
[72/3021] ok Authors/Belloc/Atomized/A_General_Sketch_of_the_European_War_the_First_Pha/Chapter_02_THE_GENERAL_CAUSES_OF_THE_WAR/part_05.md | blocks 1829 | 35m | 52 blk/min
[73/3021] ok Authors/Belloc/Atomized/A_General_Sketch_of_the_European_War_the_First_Pha/Chapter_02_THE_GENERAL_CAUSES_OF_THE_WAR/part_04.md | blocks 1839 | 37m | 50 blk/min | 2 links to repair
[74/3021] ok Authors/Belloc/Atomized/A_General_Sketch_of_the_European_War_the_First_Pha/Chapter_02_THE_GENERAL_CAUSES_OF_THE_WAR/part_06.md | blocks 1850 | 37m | 50 blk/min
[75/3021] ok Authors/Belloc/Atomized/A_General_Sketch_of_the_European_War_the_First_Pha/Chapter_02_THE_GENERAL_CAUSES_OF_THE_WAR/part_08.md | blocks 1862 | 37m | 50 blk/min | 2 links to repair
[76/3021] ok Authors/Belloc/Atomized/A_General_Sketch_of_the_European_War_the_First_Pha/Chapter_02_THE_GENERAL_CAUSES_OF_THE_WAR/part_07.md | blocks 1873 | 38m | 50 blk/min | 1 links to repair
[77/3021] ok Authors/Belloc/Atomized/A_General_Sketch_of_the_European_War_the_First_Pha/Chapter_02_THE_GENERAL_CAUSES_OF_THE_WAR/part_11.md | blocks 1881 | 38m | 49 blk/min
[78/3021] ok Authors/Belloc/Atomized/A_General_Sketch_of_the_European_War_the_First_Pha/Chapter_02_THE_GENERAL_CAUSES_OF_THE_WAR/part_09.md | blocks 1895 | 38m | 49 blk/min
[79/3021] ok Authors/Belloc/Atomized/A_General_Sketch_of_the_European_War_the_First_Pha/Chapter_02_THE_GENERAL_CAUSES_OF_THE_WAR/part_10.md | blocks 1908 | 39m | 49 blk/min | 1 links to repair
[80/3021] ok Authors/Belloc/Atomized/A_General_Sketch_of_the_European_War_the_First_Pha/Chapter_03_THE_FORCES_OPPOSED/part_01.md | blocks 1930 | 39m | 49 blk/min
[81/3021] ok Authors/Belloc/Atomized/A_General_Sketch_of_the_European_War_the_First_Pha/Chapter_03_THE_FORCES_OPPOSED/part_02.md | blocks 1954 | 40m | 49 blk/min
[82/3021] ok Authors/Belloc/Atomized/A_General_Sketch_of_the_European_War_the_First_Pha/Chapter_03_THE_FORCES_OPPOSED/part_03.md | blocks 1969 | 40m | 49 blk/min
[83/3021] ok Authors/Belloc/Atomized/A_General_Sketch_of_the_European_War_the_First_Pha/Chapter_03_THE_FORCES_OPPOSED/part_05.md | blocks 1983 | 41m | 48 blk/min
[84/3021] ok Authors/Belloc/Atomized/A_General_Sketch_of_the_European_War_the_First_Pha/Chapter_03_THE_FORCES_OPPOSED/part_04.md | blocks 2003 | 42m | 48 blk/min | 1 links to repair
[85/3021] ok Authors/Belloc/Atomized/A_General_Sketch_of_the_European_War_the_First_Pha/Chapter_03_THE_FORCES_OPPOSED/part_07.md | blocks 2026 | 42m | 48 blk/min
[86/3021] ok Authors/Belloc/Atomized/A_General_Sketch_of_the_European_War_the_First_Pha/Chapter_03_THE_FORCES_OPPOSED/part_09.md | blocks 2044 | 43m | 47 blk/min | 1 links to repair
[87/3021] ok Authors/Belloc/Atomized/A_General_Sketch_of_the_European_War_the_First_Pha/Chapter_03_THE_FORCES_OPPOSED/part_06.md | blocks 2052 | 43m | 47 blk/min | 1 links to repair
[88/3021] ok Authors/Belloc/Atomized/A_General_Sketch_of_the_European_War_the_First_Pha/Chapter_03_THE_FORCES_OPPOSED/part_08.md | blocks 2066 | 44m | 47 blk/min | 1 links to repair
[89/3021] ok Authors/Belloc/Atomized/A_General_Sketch_of_the_European_War_the_First_Pha/Chapter_03_THE_FORCES_OPPOSED/part_10.md | blocks 2084 | 44m | 48 blk/min
[90/3021] ok Authors/Belloc/Atomized/A_General_Sketch_of_the_European_War_the_First_Pha/Chapter_03_THE_FORCES_OPPOSED/part_11.md | blocks 2098 | 45m | 46 blk/min
[91/3021] ok Authors/Belloc/Atomized/A_General_Sketch_of_the_European_War_the_First_Pha/Chapter_03_THE_FORCES_OPPOSED/part_12.md | blocks 2114 | 45m | 47 blk/min
[92/3021] ok Authors/Belloc/Atomized/A_General_Sketch_of_the_European_War_the_First_Pha/Chapter_03_THE_FORCES_OPPOSED/part_13.md | blocks 2132 | 45m | 47 blk/min
[93/3021] ok Authors/Belloc/Atomized/A_General_Sketch_of_the_European_War_the_First_Pha/Chapter_03_THE_FORCES_OPPOSED/part_14.md | blocks 2156 | 46m | 47 blk/min
[94/3021] ok Authors/Belloc/Atomized/A_General_Sketch_of_the_European_War_the_First_Pha/Chapter_03_THE_FORCES_OPPOSED/part_15.md | blocks 2172 | 47m | 46 blk/min
[95/3021] ok Authors/Belloc/Atomized/A_General_Sketch_of_the_European_War_the_First_Pha/Chapter_03_THE_FORCES_OPPOSED/part_16.md | blocks 2186 | 47m | 46 blk/min
[96/3021] ok Authors/Belloc/Atomized/A_General_Sketch_of_the_European_War_the_First_Pha/Chapter_03_THE_FORCES_OPPOSED/part_17.md | blocks 2211 | 47m | 47 blk/min | 1 links to repair
[97/3021] ok Authors/Belloc/Atomized/A_General_Sketch_of_the_European_War_the_First_Pha/Chapter_03_THE_FORCES_OPPOSED/part_18.md | blocks 2234 | 48m | 47 blk/min
[98/3021] ok Authors/Belloc/Atomized/A_General_Sketch_of_the_European_War_the_First_Pha/Chapter_03_THE_FORCES_OPPOSED/part_19.md | blocks 2248 | 48m | 46 blk/min
[99/3021] ok Authors/Belloc/Atomized/A_General_Sketch_of_the_European_War_the_First_Pha/Chapter_04_THE_FIRST_OPERATIONS/part_01.md | blocks 2262 | 49m | 46 blk/min
[100/3021] ok Authors/Belloc/Atomized/A_General_Sketch_of_the_European_War_the_First_Pha/Chapter_04_THE_FIRST_OPERATIONS/part_02.md | blocks 2278 | 50m | 46 blk/min
[101/3021] ok Authors/Belloc/Atomized/A_General_Sketch_of_the_European_War_the_First_Pha/Chapter_04_THE_FIRST_OPERATIONS/part_03.md | blocks 2295 | 50m | 46 blk/min
[102/3021] ok Authors/Belloc/Atomized/A_General_Sketch_of_the_European_War_the_First_Pha/Chapter_04_THE_FIRST_OPERATIONS/part_04.md | blocks 2314 | 51m | 46 blk/min
[103/3021] ok Authors/Belloc/Atomized/A_General_Sketch_of_the_European_War_the_First_Pha/Chapter_04_THE_FIRST_OPERATIONS/part_05.md | blocks 2333 | 51m | 46 blk/min
[104/3021] ok Authors/Belloc/Atomized/A_General_Sketch_of_the_European_War_the_First_Pha/Chapter_04_THE_FIRST_OPERATIONS/part_07.md | blocks 2350 | 52m | 45 blk/min
[105/3021] ok Authors/Belloc/Atomized/A_General_Sketch_of_the_European_War_the_First_Pha/Chapter_04_THE_FIRST_OPERATIONS/part_06.md | blocks 2375 | 52m | 46 blk/min
[106/3021] ok Authors/Belloc/Atomized/A_General_Sketch_of_the_European_War_the_First_Pha/Chapter_04_THE_FIRST_OPERATIONS/part_08.md | blocks 2397 | 53m | 46 blk/min
[107/3021] ok Authors/Belloc/Atomized/A_General_Sketch_of_the_European_War_the_First_Pha/Chapter_04_THE_FIRST_OPERATIONS/part_09.md | blocks 2412 | 53m | 45 blk/min
[108/3021] ok Authors/Belloc/Atomized/A_General_Sketch_of_the_European_War_the_First_Pha/Chapter_04_THE_FIRST_OPERATIONS/part_11.md | blocks 2423 | 54m | 45 blk/min
[109/3021] ok Authors/Belloc/Atomized/A_General_Sketch_of_the_European_War_the_First_Pha/Chapter_04_THE_FIRST_OPERATIONS/part_10.md | blocks 2437 | 54m | 45 blk/min | 2 links to repair
[110/3021] ok Authors/Belloc/Atomized/A_General_Sketch_of_the_European_War_the_First_Pha/Chapter_04_THE_FIRST_OPERATIONS/part_12.md | blocks 2450 | 55m | 45 blk/min
[111/3021] ok Authors/Belloc/Atomized/A_General_Sketch_of_the_European_War_the_First_Pha/Chapter_04_THE_FIRST_OPERATIONS/part_13.md | blocks 2463 | 55m | 45 blk/min
[112/3021] ok Authors/Belloc/Atomized/A_General_Sketch_of_the_European_War_the_First_Pha/Chapter_04_THE_FIRST_OPERATIONS/part_15.md | blocks 2481 | 56m | 44 blk/min
[113/3021] ok Authors/Belloc/Atomized/A_General_Sketch_of_the_European_War_the_First_Pha/Chapter_04_THE_FIRST_OPERATIONS/part_14.md | blocks 2497 | 56m | 45 blk/min
[114/3021] ok Authors/Belloc/Atomized/A_General_Sketch_of_the_European_War_the_First_Pha/Chapter_04_THE_FIRST_OPERATIONS/part_16.md | blocks 2510 | 56m | 45 blk/min
[115/3021] ok Authors/Belloc/Atomized/A_General_Sketch_of_the_European_War_the_First_Pha/Chapter_04_THE_FIRST_OPERATIONS/part_17.md | blocks 2524 | 57m | 44 blk/min | 1 links to repair
[116/3021] ok Authors/Belloc/Atomized/A_General_Sketch_of_the_European_War_the_First_Pha/Chapter_04_THE_FIRST_OPERATIONS/part_18.md | blocks 2541 | 58m | 44 blk/min
[117/3021] ok Authors/Belloc/Atomized/A_General_Sketch_of_the_European_War_the_First_Pha/Chapter_04_THE_FIRST_OPERATIONS/part_19.md | blocks 2551 | 58m | 44 blk/min
[118/3021] ok Authors/Belloc/Atomized/A_General_Sketch_of_the_European_War_the_First_Pha/Chapter_04_THE_FIRST_OPERATIONS/part_20.md | blocks 2567 | 58m | 44 blk/min
[119/3021] ok Authors/Belloc/Atomized/A_General_Sketch_of_the_European_War_the_First_Pha/Chapter_04_THE_FIRST_OPERATIONS/part_21.md | blocks 2581 | 59m | 44 blk/min
[120/3021] ok Authors/Belloc/Atomized/A_General_Sketch_of_the_European_War_the_First_Pha/Chapter_04_THE_FIRST_OPERATIONS/part_22.md | blocks 2594 | 60m | 43 blk/min
[121/3021] ok Authors/Belloc/Atomized/A_General_Sketch_of_the_European_War_the_First_Pha/Chapter_04_THE_FIRST_OPERATIONS/part_23.md | blocks 2610 | 60m | 44 blk/min
[122/3021] ok Authors/Belloc/Atomized/A_Moral_Alphabet/Story_01_DEDICATION.md | blocks 2614 | 60m | 44 blk/min
[123/3021] ok Authors/Belloc/Atomized/A_General_Sketch_of_the_European_War_the_First_Pha/Chapter_04_THE_FIRST_OPERATIONS/part_24.md | blocks 2628 | 60m | 44 blk/min
[124/3021] ok Authors/Belloc/Atomized/A_General_Sketch_of_the_European_War_the_First_Pha/Chapter_04_THE_FIRST_OPERATIONS/part_25.md | blocks 2638 | 61m | 43 blk/min | 2 links to repair
[125/3021] ok Authors/Belloc/Atomized/A_General_Sketch_of_the_European_War_the_First_Pha/Chapter_04_THE_FIRST_OPERATIONS/part_26.md | blocks 2653 | 62m | 43 blk/min
[126/3021] ok Authors/Belloc/Atomized/A_Moral_Alphabet/Story_02_THE_ALPHABET/part_01.md | blocks 2818 | 62m | 45 blk/min
[127/3021] ok Authors/Belloc/Atomized/A_Moral_Alphabet/Story_02_THE_ALPHABET/part_02.md | blocks 3001 | 63m | 48 blk/min
[128/3021] ok Authors/Belloc/Atomized/Avril_Essays_on_the_French_Renaissance/Story_03_THE_COMPLAINT/part_01.md | blocks 3099 | 64m | 48 blk/min
[129/3021] ok Authors/Belloc/Atomized/Avril_Essays_on_the_French_Renaissance/Story_01_DEDICATION.md | blocks 3129 | 65m | 48 blk/min | 2 links to repair
[130/3021] ok Authors/Belloc/Atomized/Avril_Essays_on_the_French_Renaissance/Story_03_THE_COMPLAINT/part_02.md | blocks 3161 | 65m | 48 blk/min
[131/3021] ok Authors/Belloc/Atomized/Avril_Essays_on_the_French_Renaissance/Story_02_CHARLES_OF_ORLEANS.md | blocks 3206 | 66m | 49 blk/min | 1 links to repair
[132/3021] ok Authors/Belloc/Atomized/Avril_Essays_on_the_French_Renaissance/Story_03_THE_COMPLAINT/part_04.md | blocks 3336 | 67m | 50 blk/min
[133/3021] ok Authors/Belloc/Atomized/Avril_Essays_on_the_French_Renaissance/Story_03_THE_COMPLAINT/part_03.md | blocks 3384 | 67m | 50 blk/min | 2 links to repair
[134/3021] ok Authors/Belloc/Atomized/Avril_Essays_on_the_French_Renaissance/Story_03_THE_COMPLAINT/part_05.md | blocks 3421 | 67m | 51 blk/min | 2 links to repair
[135/3021] ok Authors/Belloc/Atomized/Avril_Essays_on_the_French_Renaissance/Story_03_THE_COMPLAINT/part_06.md | blocks 3462 | 68m | 51 blk/min
[136/3021] ok Authors/Belloc/Atomized/Avril_Essays_on_the_French_Renaissance/Story_03_THE_COMPLAINT/part_09.md | blocks 3506 | 69m | 51 blk/min | 2 links to repair
[137/3021] ok Authors/Belloc/Atomized/Avril_Essays_on_the_French_Renaissance/Story_03_THE_COMPLAINT/part_07.md | blocks 3621 | 70m | 52 blk/min
[138/3021] ok Authors/Belloc/Atomized/Avril_Essays_on_the_French_Renaissance/Story_03_THE_COMPLAINT/part_08.md | blocks 3632 | 70m | 52 blk/min | 2 links to repair
[139/3021] ok Authors/Belloc/Atomized/Avril_Essays_on_the_French_Renaissance/Story_03_THE_COMPLAINT/part_10.md | blocks 3697 | 70m | 53 blk/min
[140/3021] ok Authors/Belloc/Atomized/Avril_Essays_on_the_French_Renaissance/Story_03_THE_COMPLAINT/part_12.md | blocks 3729 | 72m | 52 blk/min | 1 links to repair
[141/3021] ok Authors/Belloc/Atomized/Avril_Essays_on_the_French_Renaissance/Story_03_THE_COMPLAINT/part_13.md | blocks 3799 | 72m | 53 blk/min
[142/3021] ok Authors/Belloc/Atomized/Avril_Essays_on_the_French_Renaissance/Story_03_THE_COMPLAINT/part_14.md | blocks 3945 | 72m | 55 blk/min
[143/3021] ok Authors/Belloc/Atomized/Avril_Essays_on_the_French_Renaissance/Story_03_THE_COMPLAINT/part_15.md | blocks 3958 | 74m | 54 blk/min | 3 links to repair
[144/3021] ok Authors/Belloc/Atomized/Avril_Essays_on_the_French_Renaissance/Story_03_THE_COMPLAINT/part_11.md | blocks 4003 | 74m | 54 blk/min | 5 links to repair
[145/3021] ok Authors/Belloc/Atomized/Avril_Essays_on_the_French_Renaissance/Story_03_THE_COMPLAINT/part_16.md | blocks 4018 | 74m | 54 blk/min | 2 links to repair
[146/3021] ok Authors/Belloc/Atomized/Avril_Essays_on_the_French_Renaissance/Story_03_THE_COMPLAINT/part_17.md | blocks 4124 | 75m | 55 blk/min
[147/3021] ok Authors/Belloc/Atomized/Belinda/part/part_02.md | blocks 4136 | 76m | 55 blk/min
[148/3021] ok Authors/Belloc/Atomized/Belinda/part/part_01.md | blocks 4157 | 76m | 55 blk/min
[149/3021] ok Authors/Belloc/Atomized/Belinda/part/part_03.md | blocks 4169 | 76m | 55 blk/min
[150/3021] ok Authors/Belloc/Atomized/Belinda/part/part_04.md | blocks 4192 | 76m | 55 blk/min | 1 links to repair
[151/3021] ok Authors/Belloc/Atomized/Belinda/part/part_06.md | blocks 4213 | 78m | 54 blk/min
[152/3021] ok Authors/Belloc/Atomized/Belinda/part/part_05.md | blocks 4238 | 78m | 55 blk/min
[153/3021] ok Authors/Belloc/Atomized/Belinda/part/part_07.md | blocks 4259 | 78m | 54 blk/min | 1 links to repair
[154/3021] ok Authors/Belloc/Atomized/Belinda/part/part_08.md | blocks 4284 | 79m | 55 blk/min
[155/3021] ok Authors/Belloc/Atomized/Belinda/part/part_09.md | blocks 4309 | 80m | 54 blk/min
[156/3021] ok Authors/Belloc/Atomized/Belinda/part/part_10.md | blocks 4337 | 80m | 54 blk/min
[157/3021] ok Authors/Belloc/Atomized/Belinda/part/part_11.md | blocks 4357 | 80m | 54 blk/min
[158/3021] ok Authors/Belloc/Atomized/Belinda/part/part_12.md | blocks 4378 | 81m | 54 blk/min | 1 links to repair
[159/3021] ok Authors/Belloc/Atomized/Belinda/part/part_13.md | blocks 4399 | 82m | 54 blk/min
[160/3021] ok Authors/Belloc/Atomized/Belinda/part/part_14.md | blocks 4421 | 82m | 54 blk/min
[161/3021] ok Authors/Belloc/Atomized/Belinda/part/part_15.md | blocks 4439 | 82m | 54 blk/min
[162/3021] ok Authors/Belloc/Atomized/Belinda/part/part_16.md | blocks 4455 | 83m | 54 blk/min
[163/3021] ok Authors/Belloc/Atomized/Belinda/part/part_17.md | blocks 4473 | 84m | 54 blk/min | 1 links to repair
[164/3021] ok Authors/Belloc/Atomized/Belinda/part/part_18.md | blocks 4497 | 84m | 54 blk/min
[165/3021] ok Authors/Belloc/Atomized/Belinda/part/part_19.md | blocks 4532 | 84m | 54 blk/min
[166/3021] ok Authors/Belloc/Atomized/Belinda/part/part_20.md | blocks 4549 | 85m | 54 blk/min | 1 links to repair
[167/3021] ok Authors/Belloc/Atomized/Belinda/part/part_21.md | blocks 4561 | 85m | 53 blk/min
[168/3021] ok Authors/Belloc/Atomized/Belinda/part/part_22.md | blocks 4572 | 85m | 53 blk/min
[169/3021] ok Authors/Belloc/Atomized/Belinda/part/part_23.md | blocks 4590 | 86m | 53 blk/min | 2 links to repair
[170/3021] ok Authors/Belloc/Atomized/Belinda/part/part_24.md | blocks 4616 | 87m | 53 blk/min
[171/3021] ok Authors/Belloc/Atomized/But_Soft_We_Are_Observed/Chapter_01/part_01.md | blocks 4640 | 87m | 53 blk/min
[172/3021] ok Authors/Belloc/Atomized/Belinda/part/part_25.md | blocks 4686 | 88m | 53 blk/min | 1 links to repair
[173/3021] ok Authors/Belloc/Atomized/But_Soft_We_Are_Observed/Chapter_01/part_02.md | blocks 4702 | 88m | 53 blk/min
[174/3021] ok Authors/Belloc/Atomized/But_Soft_We_Are_Observed/Chapter_01/part_03.md | blocks 4723 | 89m | 53 blk/min | 1 links to repair
[175/3021] ok Authors/Belloc/Atomized/But_Soft_We_Are_Observed/Chapter_01/part_04.md | blocks 4751 | 89m | 53 blk/min
[176/3021] ok Authors/Belloc/Atomized/But_Soft_We_Are_Observed/Chapter_02/part_01.md | blocks 4765 | 90m | 53 blk/min
[177/3021] ok Authors/Belloc/Atomized/But_Soft_We_Are_Observed/Chapter_02/part_02.md | blocks 4795 | 90m | 53 blk/min
[178/3021] ok Authors/Belloc/Atomized/But_Soft_We_Are_Observed/Chapter_02/part_03.md | blocks 4818 | 91m | 53 blk/min
[179/3021] ok Authors/Belloc/Atomized/But_Soft_We_Are_Observed/Chapter_02/part_04.md | blocks 4837 | 91m | 53 blk/min | 1 links to repair
[180/3021] ok Authors/Belloc/Atomized/But_Soft_We_Are_Observed/Chapter_02/part_05.md | blocks 4853 | 92m | 53 blk/min
[181/3021] ok Authors/Belloc/Atomized/But_Soft_We_Are_Observed/Chapter_03/part_01.md | blocks 4865 | 92m | 53 blk/min
[182/3021] ok Authors/Belloc/Atomized/But_Soft_We_Are_Observed/Chapter_03/part_02.md | blocks 4890 | 93m | 53 blk/min
[183/3021] ok Authors/Belloc/Atomized/But_Soft_We_Are_Observed/Chapter_03/part_03.md | blocks 4919 | 93m | 53 blk/min
[184/3021] ok Authors/Belloc/Atomized/But_Soft_We_Are_Observed/Chapter_03/part_04.md | blocks 4958 | 94m | 53 blk/min | 1 links to repair
[185/3021] ok Authors/Belloc/Atomized/But_Soft_We_Are_Observed/Chapter_04/part_01.md | blocks 4977 | 94m | 53 blk/min
[186/3021] ok Authors/Belloc/Atomized/But_Soft_We_Are_Observed/Chapter_04/part_02.md | blocks 5005 | 94m | 53 blk/min
[187/3021] ok Authors/Belloc/Atomized/But_Soft_We_Are_Observed/Chapter_04/part_03.md | blocks 5029 | 96m | 53 blk/min
[188/3021] ok Authors/Belloc/Atomized/But_Soft_We_Are_Observed/Chapter_04/part_04.md | blocks 5058 | 96m | 53 blk/min
[189/3021] ok Authors/Belloc/Atomized/But_Soft_We_Are_Observed/Chapter_05/part_01.md | blocks 5077 | 96m | 53 blk/min
[190/3021] ok Authors/Belloc/Atomized/But_Soft_We_Are_Observed/Chapter_04/part_05.md | blocks 5126 | 97m | 53 blk/min
[191/3021] ok Authors/Belloc/Atomized/But_Soft_We_Are_Observed/Chapter_05/part_02.md | blocks 5144 | 98m | 53 blk/min | 1 links to repair
[192/3021] ok Authors/Belloc/Atomized/But_Soft_We_Are_Observed/Chapter_05/part_03.md | blocks 5169 | 98m | 53 blk/min
[193/3021] ok Authors/Belloc/Atomized/But_Soft_We_Are_Observed/Chapter_05/part_04.md | blocks 5185 | 98m | 53 blk/min
[194/3021] ok Authors/Belloc/Atomized/But_Soft_We_Are_Observed/Chapter_05/part_05.md | blocks 5210 | 99m | 53 blk/min
[195/3021] ok Authors/Belloc/Atomized/But_Soft_We_Are_Observed/Chapter_06/part_01.md | blocks 5233 | 100m | 52 blk/min
[196/3021] ok Authors/Belloc/Atomized/But_Soft_We_Are_Observed/Chapter_05/part_06.md | blocks 5276 | 100m | 53 blk/min
[197/3021] ok Authors/Belloc/Atomized/But_Soft_We_Are_Observed/Chapter_06/part_02.md | blocks 5292 | 100m | 53 blk/min
[198/3021] ok Authors/Belloc/Atomized/But_Soft_We_Are_Observed/Chapter_06/part_03.md | blocks 5313 | 101m | 53 blk/min
[199/3021] ok Authors/Belloc/Atomized/But_Soft_We_Are_Observed/Chapter_06/part_06.md | blocks 5330 | 101m | 53 blk/min
[200/3021] ok Authors/Belloc/Atomized/But_Soft_We_Are_Observed/Chapter_06/part_04.md | blocks 5362 | 102m | 52 blk/min
[201/3021] ok Authors/Belloc/Atomized/But_Soft_We_Are_Observed/Chapter_06/part_05.md | blocks 5388 | 102m | 53 blk/min
[202/3021] ok Authors/Belloc/Atomized/But_Soft_We_Are_Observed/Chapter_07/part_01.md | blocks 5409 | 103m | 53 blk/min
[203/3021] ok Authors/Belloc/Atomized/But_Soft_We_Are_Observed/Chapter_07/part_02.md | blocks 5424 | 103m | 53 blk/min
[204/3021] ok Authors/Belloc/Atomized/But_Soft_We_Are_Observed/Chapter_07/part_03.md | blocks 5445 | 104m | 52 blk/min
[205/3021] ok Authors/Belloc/Atomized/But_Soft_We_Are_Observed/Chapter_07/part_04.md | blocks 5470 | 104m | 52 blk/min
[206/3021] ok Authors/Belloc/Atomized/But_Soft_We_Are_Observed/Chapter_07/part_05.md | blocks 5492 | 104m | 53 blk/min
[207/3021] ok Authors/Belloc/Atomized/But_Soft_We_Are_Observed/Chapter_07/part_06.md | blocks 5519 | 105m | 53 blk/min
[208/3021] ok Authors/Belloc/Atomized/But_Soft_We_Are_Observed/Chapter_07/part_07.md | blocks 5542 | 106m | 52 blk/min
[209/3021] ok Authors/Belloc/Atomized/But_Soft_We_Are_Observed/Chapter_08/part_01.md | blocks 5568 | 106m | 52 blk/min
[210/3021] ok Authors/Belloc/Atomized/But_Soft_We_Are_Observed/Chapter_08/part_02.md | blocks 5592 | 107m | 52 blk/min | 1 links to repair
[211/3021] ok Authors/Belloc/Atomized/But_Soft_We_Are_Observed/Chapter_08/part_03.md | blocks 5613 | 107m | 52 blk/min
[212/3021] ok Authors/Belloc/Atomized/But_Soft_We_Are_Observed/Chapter_08/part_04.md | blocks 5645 | 108m | 52 blk/min
[213/3021] ok Authors/Belloc/Atomized/But_Soft_We_Are_Observed/Chapter_08/part_06.md | blocks 5667 | 108m | 53 blk/min
[214/3021] ok Authors/Belloc/Atomized/But_Soft_We_Are_Observed/Chapter_08/part_05.md | blocks 5704 | 108m | 53 blk/min
[215/3021] ok Authors/Belloc/Atomized/But_Soft_We_Are_Observed/Chapter_09/part_01.md | blocks 5729 | 109m | 52 blk/min | 1 links to repair
[216/3021] ok Authors/Belloc/Atomized/But_Soft_We_Are_Observed/Chapter_09/part_02.md | blocks 5753 | 109m | 53 blk/min
[217/3021] ok Authors/Belloc/Atomized/But_Soft_We_Are_Observed/Chapter_09/part_03.md | blocks 5781 | 110m | 53 blk/min
[218/3021] ok Authors/Belloc/Atomized/But_Soft_We_Are_Observed/Chapter_09/part_04.md | blocks 5796 | 110m | 53 blk/min
[219/3021] ok Authors/Belloc/Atomized/But_Soft_We_Are_Observed/Chapter_10/part_04.md | blocks 5808 | 111m | 52 blk/min
[220/3021] ok Authors/Belloc/Atomized/But_Soft_We_Are_Observed/Chapter_10/part_01.md | blocks 5845 | 111m | 53 blk/min | 1 links to repair
[221/3021] ok Authors/Belloc/Atomized/Calibans_Guide_to_Letters/Story_01_PREFACE.md | blocks 5853 | 111m | 53 blk/min
[222/3021] ok Authors/Belloc/Atomized/But_Soft_We_Are_Observed/Chapter_10/part_02.md | blocks 5884 | 111m | 53 blk/min
[223/3021] ok Authors/Belloc/Atomized/But_Soft_We_Are_Observed/Chapter_10/part_03.md | blocks 5914 | 112m | 53 blk/min
[224/3021] ok Authors/Belloc/Atomized/Calibans_Guide_to_Letters/Story_02_INTRODUCTION/part_03.md | blocks 5924 | 113m | 52 blk/min
[225/3021] ok Authors/Belloc/Atomized/Calibans_Guide_to_Letters/Story_02_INTRODUCTION/part_01.md | blocks 5940 | 113m | 53 blk/min
[226/3021] ok Authors/Belloc/Atomized/Calibans_Guide_to_Letters/Story_02_INTRODUCTION/part_02.md | blocks 5953 | 113m | 53 blk/min
[227/3021] ok Authors/Belloc/Atomized/Calibans_Guide_to_Letters/Story_03_REVIEWING/part_01.md | blocks 5973 | 114m | 52 blk/min
[228/3021] ok Authors/Belloc/Atomized/Calibans_Guide_to_Letters/Story_03_REVIEWING/part_02.md | blocks 6003 | 115m | 52 blk/min
[229/3021] ok Authors/Belloc/Atomized/Calibans_Guide_to_Letters/Story_03_REVIEWING/part_03.md | blocks 6045 | 115m | 53 blk/min
[230/3021] ok Authors/Belloc/Atomized/Calibans_Guide_to_Letters/Story_03_REVIEWING/part_04.md | blocks 6079 | 115m | 53 blk/min
[231/3021] ok Authors/Belloc/Atomized/Calibans_Guide_to_Letters/Story_04_POLITICAL_APPEALS/part_01.md | blocks 6110 | 116m | 53 blk/min
FAIL Authors/Belloc/Atomized/Calibans_Guide_to_Letters/Story_04_POLITICAL_APPEALS/part_02.md: fabricated output: 37 chars EN -> 230 chars IT
[233/3021] ok Authors/Belloc/Atomized/Calibans_Guide_to_Letters/Story_04_POLITICAL_APPEALS/part_03.md | blocks 6119 | 117m | 52 blk/min
[234/3021] ok Authors/Belloc/Atomized/Calibans_Guide_to_Letters/Story_04_POLITICAL_APPEALS/part_04.md | blocks 6128 | 117m | 52 blk/min
[235/3021] ok Authors/Belloc/Atomized/Calibans_Guide_to_Letters/Story_04_POLITICAL_APPEALS/part_05.md | blocks 6140 | 117m | 52 blk/min | 1 links to repair
[236/3021] ok Authors/Belloc/Atomized/Calibans_Guide_to_Letters/Story_05_THE_SHORT_STORY/part_01.md | blocks 6170 | 119m | 52 blk/min
[237/3021] ok Authors/Belloc/Atomized/Calibans_Guide_to_Letters/Story_05_THE_SHORT_STORY/part_03.md | blocks 6180 | 119m | 52 blk/min
[238/3021] ok Authors/Belloc/Atomized/Calibans_Guide_to_Letters/Story_05_THE_SHORT_STORY/part_02.md | blocks 6188 | 119m | 52 blk/min
[239/3021] ok Authors/Belloc/Atomized/Calibans_Guide_to_Letters/Story_06_THE_SHORT_LYRIC/part_01.md | blocks 6220 | 120m | 52 blk/min
[240/3021] ok Authors/Belloc/Atomized/Calibans_Guide_to_Letters/Story_06_THE_SHORT_LYRIC/part_04.md | blocks 6258 | 120m | 52 blk/min
[241/3021] ok Authors/Belloc/Atomized/Calibans_Guide_to_Letters/Story_06_THE_SHORT_LYRIC/part_02.md | blocks 6294 | 121m | 52 blk/min
[242/3021] ok Authors/Belloc/Atomized/Calibans_Guide_to_Letters/Story_06_THE_SHORT_LYRIC/part_03.md | blocks 6333 | 121m | 52 blk/min
[243/3021] ok Authors/Belloc/Atomized/Calibans_Guide_to_Letters/Story_07_THE_INTERVIEW/part_01.md | blocks 6374 | 122m | 52 blk/min
[244/3021] ok Authors/Belloc/Atomized/Calibans_Guide_to_Letters/Story_07_THE_INTERVIEW/part_02.md | blocks 6398 | 122m | 52 blk/min
[245/3021] ok Authors/Belloc/Atomized/Calibans_Guide_to_Letters/Story_07_THE_INTERVIEW/part_03.md | blocks 6433 | 123m | 52 blk/min | 1 links to repair
[246/3021] ok Authors/Belloc/Atomized/Calibans_Guide_to_Letters/Story_07_THE_INTERVIEW/part_04.md | blocks 6499 | 124m | 53 blk/min
[247/3021] ok Authors/Belloc/Atomized/Calibans_Guide_to_Letters/Story_08_THE_PERSONAL_PAR.md | blocks 6523 | 125m | 52 blk/min
[248/3021] ok Authors/Belloc/Atomized/Calibans_Guide_to_Letters/Story_11_ON_REVELATIONS/part_01.md | blocks 6548 | 126m | 52 blk/min
[249/3021] ok Authors/Belloc/Atomized/Calibans_Guide_to_Letters/Story_09_THE_TOPOGRAPHICAL_ARTICLE.md | blocks 6585 | 126m | 52 blk/min
[250/3021] ok Authors/Belloc/Atomized/Calibans_Guide_to_Letters/Story_11_ON_REVELATIONS/part_02.md | blocks 6625 | 127m | 52 blk/min
[251/3021] ok Authors/Belloc/Atomized/Calibans_Guide_to_Letters/Story_10_ON_EDITING.md | blocks 6649 | 127m | 52 blk/min
[252/3021] ok Authors/Belloc/Atomized/Calibans_Guide_to_Letters/Story_11_ON_REVELATIONS/part_04.md | blocks 6669 | 127m | 52 blk/min | 1 links to repair
[253/3021] ok Authors/Belloc/Atomized/Calibans_Guide_to_Letters/Story_11_ON_REVELATIONS/part_03.md | blocks 6722 | 128m | 53 blk/min
[254/3021] ok Authors/Belloc/Atomized/Calibans_Guide_to_Letters/Story_14_NOTE_ON_TITLES.md | blocks 6731 | 128m | 53 blk/min
[255/3021] ok Authors/Belloc/Atomized/Calibans_Guide_to_Letters/Story_13_APPENDIX.md | blocks 6790 | 128m | 53 blk/min
[256/3021] ok Authors/Belloc/Atomized/Calibans_Guide_to_Letters/Story_17_ON_REMAINDERS_AND_PULPING.md | blocks 6801 | 129m | 53 blk/min
[257/3021] ok Authors/Belloc/Atomized/Cautionary_Tales_for_Children/Story_01_INTRODUCTION.md | blocks 6816 | 129m | 53 blk/min
[258/3021] ok Authors/Belloc/Atomized/Calibans_Guide_to_Letters/Story_15_NOTE_ON_STYLE.md | blocks 6830 | 129m | 53 blk/min
[259/3021] ok Authors/Belloc/Atomized/Cautionary_Tales_for_Children/Story_03_Henry_King.md | blocks 6853 | 130m | 53 blk/min
[260/3021] ok Authors/Belloc/Atomized/Calibans_Guide_to_Letters/Story_16_THE_ODE.md | blocks 6925 | 130m | 53 blk/min
[261/3021] ok Authors/Belloc/Atomized/Cautionary_Tales_for_Children/Story_05_Franklin_Hyde.md | blocks 6939 | 130m | 53 blk/min
[262/3021] ok Authors/Belloc/Atomized/Calibans_Guide_to_Letters/Story_12_SPECIAL_PROSE.md | blocks 6995 | 130m | 54 blk/min
[263/3021] ok Authors/Belloc/Atomized/Cautionary_Tales_for_Children/Story_06_MORAL.md | blocks 7006 | 130m | 54 blk/min
[264/3021] ok Authors/Belloc/Atomized/Cautionary_Tales_for_Children/Story_08_Algernon.md | blocks 7020 | 130m | 54 blk/min
[265/3021] ok Authors/Belloc/Atomized/Cautionary_Tales_for_Children/Story_02_Jim.md | blocks 7083 | 130m | 54 blk/min
[266/3021] ok Authors/Belloc/Atomized/Cautionary_Tales_for_Children/Story_04_Matilda.md | blocks 7138 | 131m | 55 blk/min | 1 links to repair
[267/3021] ok Authors/Belloc/Atomized/Cautionary_Tales_for_Children/Story_09_Hildebrand.md | blocks 7164 | 131m | 55 blk/min | 1 links to repair
[268/3021] ok Authors/Belloc/Atomized/Cautionary_Tales_for_Children/Story_07_Godolphin_Horne.md | blocks 7221 | 131m | 55 blk/min | 1 links to repair
[269/3021] ok Authors/Belloc/Atomized/Danton_A_Study/Chapter_01_ROBESPIERRE/part_01.md | blocks 7251 | 133m | 55 blk/min
[270/3021] ok Authors/Belloc/Atomized/Danton_A_Study/Chapter_01_ROBESPIERRE/part_02.md | blocks 7266 | 133m | 55 blk/min
[271/3021] ok Authors/Belloc/Atomized/Danton_A_Study/Chapter_02_THE_REVOLUTION/part_01.md | blocks 7281 | 133m | 55 blk/min
[272/3021] ok Authors/Belloc/Atomized/Cautionary_Tales_for_Children/Story_10_Lord_Lundy.md | blocks 7491 | 133m | 56 blk/min | 1 links to repair
[273/3021] ok Authors/Belloc/Atomized/Danton_A_Study/Chapter_02_THE_REVOLUTION/part_02.md | blocks 7501 | 135m | 56 blk/min
[274/3021] ok Authors/Belloc/Atomized/Danton_A_Study/Chapter_02_THE_REVOLUTION/part_03.md | blocks 7515 | 135m | 56 blk/min
[275/3021] ok Authors/Belloc/Atomized/Danton_A_Study/Chapter_02_THE_REVOLUTION/part_04.md | blocks 7528 | 135m | 56 blk/min
[276/3021] ok Authors/Belloc/Atomized/Danton_A_Study/Chapter_02_THE_REVOLUTION/part_05.md | blocks 7540 | 135m | 56 blk/min
[277/3021] ok Authors/Belloc/Atomized/Danton_A_Study/Chapter_02_THE_REVOLUTION/part_06.md | blocks 7553 | 137m | 55 blk/min
[278/3021] ok Authors/Belloc/Atomized/Danton_A_Study/Chapter_02_THE_REVOLUTION/part_07.md | blocks 7564 | 137m | 55 blk/min
[279/3021] ok Authors/Belloc/Atomized/Danton_A_Study/Chapter_02_THE_REVOLUTION/part_08.md | blocks 7574 | 137m | 55 blk/min
[280/3021] ok Authors/Belloc/Atomized/Danton_A_Study/Chapter_02_THE_REVOLUTION/part_09.md | blocks 7583 | 137m | 55 blk/min
[281/3021] ok Authors/Belloc/Atomized/Danton_A_Study/Chapter_02_THE_REVOLUTION/part_10.md | blocks 7595 | 139m | 55 blk/min | 1 links to repair
[282/3021] ok Authors/Belloc/Atomized/Danton_A_Study/Chapter_03_THE_YOUTH_OF_DANTON/part_01.md | blocks 7609 | 139m | 55 blk/min
[283/3021] ok Authors/Belloc/Atomized/Danton_A_Study/Chapter_03_THE_YOUTH_OF_DANTON/part_02.md | blocks 7624 | 139m | 55 blk/min
[284/3021] ok Authors/Belloc/Atomized/Danton_A_Study/Chapter_02_THE_REVOLUTION/part_11.md | blocks 7640 | 140m | 55 blk/min | 3 links to repair
[285/3021] ok Authors/Belloc/Atomized/Danton_A_Study/Chapter_03_THE_YOUTH_OF_DANTON/part_05.md | blocks 7648 | 140m | 54 blk/min
[286/3021] ok Authors/Belloc/Atomized/Danton_A_Study/Chapter_03_THE_YOUTH_OF_DANTON/part_04.md | blocks 7664 | 141m | 54 blk/min
[287/3021] ok Authors/Belloc/Atomized/Danton_A_Study/Chapter_03_THE_YOUTH_OF_DANTON/part_03.md | blocks 7674 | 141m | 54 blk/min | 1 links to repair
[288/3021] ok Authors/Belloc/Atomized/Danton_A_Study/Chapter_04_DANTON_AT_THE_CORDELIERS/part_01.md | blocks 7686 | 142m | 54 blk/min
[289/3021] ok Authors/Belloc/Atomized/Danton_A_Study/Chapter_04_DANTON_AT_THE_CORDELIERS/part_02.md | blocks 7697 | 142m | 54 blk/min
[290/3021] ok Authors/Belloc/Atomized/Danton_A_Study/Chapter_04_DANTON_AT_THE_CORDELIERS/part_04.md | blocks 7706 | 144m | 54 blk/min
[291/3021] ok Authors/Belloc/Atomized/Danton_A_Study/Chapter_04_DANTON_AT_THE_CORDELIERS/part_03.md | blocks 7713 | 144m | 54 blk/min | 2 links to repair
[292/3021] ok Authors/Belloc/Atomized/Danton_A_Study/Chapter_04_DANTON_AT_THE_CORDELIERS/part_05.md | blocks 7721 | 144m | 54 blk/min
[293/3021] ok Authors/Belloc/Atomized/Danton_A_Study/Chapter_04_DANTON_AT_THE_CORDELIERS/part_06.md | blocks 7730 | 144m | 54 blk/min
[294/3021] ok Authors/Belloc/Atomized/Danton_A_Study/Chapter_04_DANTON_AT_THE_CORDELIERS/part_07.md | blocks 7738 | 146m | 53 blk/min | 2 links to repair
[295/3021] ok Authors/Belloc/Atomized/Danton_A_Study/Chapter_04_DANTON_AT_THE_CORDELIERS/part_09.md | blocks 7747 | 146m | 53 blk/min
[296/3021] ok Authors/Belloc/Atomized/Danton_A_Study/Chapter_04_DANTON_AT_THE_CORDELIERS/part_10.md | blocks 7755 | 146m | 53 blk/min
[297/3021] ok Authors/Belloc/Atomized/Danton_A_Study/Chapter_04_DANTON_AT_THE_CORDELIERS/part_08.md | blocks 7763 | 147m | 53 blk/min | 2 links to repair
[298/3021] ok Authors/Belloc/Atomized/Danton_A_Study/Chapter_04_DANTON_AT_THE_CORDELIERS/part_11.md | blocks 7771 | 148m | 53 blk/min
[299/3021] ok Authors/Belloc/Atomized/Danton_A_Study/Chapter_04_DANTON_AT_THE_CORDELIERS/part_13.md | blocks 7779 | 148m | 52 blk/min
[300/3021] ok Authors/Belloc/Atomized/Danton_A_Study/Chapter_04_DANTON_AT_THE_CORDELIERS/part_14.md | blocks 7788 | 149m | 52 blk/min
[301/3021] ok Authors/Belloc/Atomized/Danton_A_Study/Chapter_04_DANTON_AT_THE_CORDELIERS/part_12.md | blocks 7796 | 149m | 52 blk/min | 1 links to repair
[302/3021] ok Authors/Belloc/Atomized/Danton_A_Study/Chapter_04_DANTON_AT_THE_CORDELIERS/part_15.md | blocks 7805 | 150m | 52 blk/min | 1 links to repair
[303/3021] ok Authors/Belloc/Atomized/Danton_A_Study/Chapter_04_DANTON_AT_THE_CORDELIERS/part_16.md | blocks 7815 | 151m | 52 blk/min | 1 links to repair
[304/3021] ok Authors/Belloc/Atomized/Danton_A_Study/Chapter_05_THE_FALL_OF_THE_MONARCHY/part_02.md | blocks 7826 | 151m | 52 blk/min | 1 links to repair
[305/3021] ok Authors/Belloc/Atomized/Danton_A_Study/Chapter_05_THE_FALL_OF_THE_MONARCHY/part_03.md | blocks 7836 | 152m | 52 blk/min | 2 links to repair
[306/3021] ok Authors/Belloc/Atomized/Danton_A_Study/Chapter_05_THE_FALL_OF_THE_MONARCHY/part_05.md | blocks 7851 | 153m | 51 blk/min
[307/3021] ok Authors/Belloc/Atomized/Danton_A_Study/Chapter_05_THE_FALL_OF_THE_MONARCHY/part_04.md | blocks 7863 | 153m | 51 blk/min
[308/3021] ok Authors/Belloc/Atomized/Danton_A_Study/Chapter_05_THE_FALL_OF_THE_MONARCHY/part_01.md | blocks 7871 | 153m | 51 blk/min | 3 links to repair
[309/3021] ok Authors/Belloc/Atomized/Danton_A_Study/Chapter_05_THE_FALL_OF_THE_MONARCHY/part_06.md | blocks 7888 | 154m | 51 blk/min
[310/3021] ok Authors/Belloc/Atomized/Danton_A_Study/Chapter_05_THE_FALL_OF_THE_MONARCHY/part_09.md | blocks 7902 | 155m | 51 blk/min
[311/3021] ok Authors/Belloc/Atomized/Danton_A_Study/Chapter_05_THE_FALL_OF_THE_MONARCHY/part_10.md | blocks 7911 | 156m | 51 blk/min
[312/3021] ok Authors/Belloc/Atomized/Danton_A_Study/Chapter_05_THE_FALL_OF_THE_MONARCHY/part_08.md | blocks 7923 | 156m | 51 blk/min | 1 links to repair
[313/3021] ok Authors/Belloc/Atomized/Danton_A_Study/Chapter_05_THE_FALL_OF_THE_MONARCHY/part_07.md | blocks 7939 | 156m | 51 blk/min | 2 links to repair
[314/3021] ok Authors/Belloc/Atomized/Danton_A_Study/Chapter_05_THE_FALL_OF_THE_MONARCHY/part_11.md | blocks 7953 | 157m | 51 blk/min
[315/3021] ok Authors/Belloc/Atomized/Danton_A_Study/Chapter_05_THE_FALL_OF_THE_MONARCHY/part_13.md | blocks 7961 | 158m | 50 blk/min
[316/3021] ok Authors/Belloc/Atomized/Danton_A_Study/Chapter_05_THE_FALL_OF_THE_MONARCHY/part_12.md | blocks 7972 | 158m | 50 blk/min
[317/3021] ok Authors/Belloc/Atomized/Danton_A_Study/Chapter_05_THE_FALL_OF_THE_MONARCHY/part_14.md | blocks 7987 | 158m | 50 blk/min | 1 links to repair
[318/3021] ok Authors/Belloc/Atomized/Danton_A_Study/Chapter_05_THE_FALL_OF_THE_MONARCHY/part_15.md | blocks 8003 | 159m | 50 blk/min
[319/3021] ok Authors/Belloc/Atomized/Danton_A_Study/Chapter_05_THE_FALL_OF_THE_MONARCHY/part_16.md | blocks 8013 | 160m | 50 blk/min
[320/3021] ok Authors/Belloc/Atomized/Danton_A_Study/Chapter_06_THE_REPUBLIC_August_10_1792_Ap/part_01.md | blocks 8024 | 160m | 50 blk/min
[321/3021] ok Authors/Belloc/Atomized/Danton_A_Study/Chapter_06_THE_REPUBLIC_August_10_1792_Ap/part_02.md | blocks 8036 | 160m | 50 blk/min
[322/3021] ok Authors/Belloc/Atomized/Danton_A_Study/Chapter_06_THE_REPUBLIC_August_10_1792_Ap/part_04.md | blocks 8045 | 162m | 50 blk/min | 5 links to repair
[323/3021] ok Authors/Belloc/Atomized/Danton_A_Study/Chapter_06_THE_REPUBLIC_August_10_1792_Ap/part_05.md | blocks 8054 | 162m | 50 blk/min
[324/3021] ok Authors/Belloc/Atomized/Danton_A_Study/Chapter_06_THE_REPUBLIC_August_10_1792_Ap/part_03.md | blocks 8065 | 162m | 50 blk/min | 1 links to repair
[325/3021] ok Authors/Belloc/Atomized/Danton_A_Study/Chapter_06_THE_REPUBLIC_August_10_1792_Ap/part_06.md | blocks 8073 | 163m | 49 blk/min | 1 links to repair
[326/3021] ok Authors/Belloc/Atomized/Danton_A_Study/Chapter_06_THE_REPUBLIC_August_10_1792_Ap/part_07.md | blocks 8081 | 164m | 49 blk/min
[327/3021] ok Authors/Belloc/Atomized/Danton_A_Study/Chapter_06_THE_REPUBLIC_August_10_1792_Ap/part_09.md | blocks 8092 | 164m | 49 blk/min
[328/3021] ok Authors/Belloc/Atomized/Danton_A_Study/Chapter_06_THE_REPUBLIC_August_10_1792_Ap/part_08.md | blocks 8103 | 164m | 49 blk/min
[329/3021] ok Authors/Belloc/Atomized/Danton_A_Study/Chapter_06_THE_REPUBLIC_August_10_1792_Ap/part_10.md | blocks 8112 | 165m | 49 blk/min
[330/3021] ok Authors/Belloc/Atomized/Danton_A_Study/Chapter_07_THE_TERROR/part_01.md | blocks 8122 | 166m | 49 blk/min
[331/3021] ok Authors/Belloc/Atomized/Danton_A_Study/Chapter_07_THE_TERROR/part_02.md | blocks 8131 | 166m | 49 blk/min
[332/3021] ok Authors/Belloc/Atomized/Danton_A_Study/Chapter_06_THE_REPUBLIC_August_10_1792_Ap/part_11.md | blocks 8146 | 167m | 49 blk/min | 1 links to repair
[333/3021] ok Authors/Belloc/Atomized/Danton_A_Study/Chapter_07_THE_TERROR/part_03.md | blocks 8154 | 167m | 49 blk/min
[334/3021] ok Authors/Belloc/Atomized/Danton_A_Study/Chapter_07_THE_TERROR/part_04.md | blocks 8162 | 168m | 48 blk/min
[335/3021] ok Authors/Belloc/Atomized/Danton_A_Study/Chapter_07_THE_TERROR/part_05.md | blocks 8170 | 168m | 49 blk/min
[336/3021] ok Authors/Belloc/Atomized/Danton_A_Study/Chapter_07_THE_TERROR/part_07.md | blocks 8179 | 169m | 48 blk/min
[337/3021] ok Authors/Belloc/Atomized/Danton_A_Study/Chapter_07_THE_TERROR/part_06.md | blocks 8186 | 169m | 48 blk/min | 3 links to repair
[338/3021] ok Authors/Belloc/Atomized/Danton_A_Study/Chapter_07_THE_TERROR/part_09.md | blocks 8194 | 171m | 48 blk/min
[339/3021] ok Authors/Belloc/Atomized/Danton_A_Study/Chapter_07_THE_TERROR/part_08.md | blocks 8202 | 171m | 48 blk/min | 1 links to repair
[340/3021] ok Authors/Belloc/Atomized/Danton_A_Study/Chapter_07_THE_TERROR/part_10.md | blocks 8208 | 171m | 48 blk/min | 4 links to repair
[341/3021] ok Authors/Belloc/Atomized/Danton_A_Study/Chapter_08_THE_DEATH_OF_DANTON/part_01.md | blocks 8223 | 173m | 48 blk/min
[342/3021] ok Authors/Belloc/Atomized/Danton_A_Study/Chapter_08_THE_DEATH_OF_DANTON/part_02.md | blocks 8235 | 173m | 48 blk/min
[343/3021] ok Authors/Belloc/Atomized/Danton_A_Study/Chapter_07_THE_TERROR/part_11.md | blocks 8248 | 173m | 48 blk/min | 2 links to repair
[344/3021] ok Authors/Belloc/Atomized/Danton_A_Study/Chapter_08_THE_DEATH_OF_DANTON/part_03.md | blocks 8266 | 173m | 48 blk/min
[345/3021] ok Authors/Belloc/Atomized/Danton_A_Study/Chapter_08_THE_DEATH_OF_DANTON/part_04.md | blocks 8288 | 175m | 47 blk/min | 1 links to repair
[346/3021] ok Authors/Belloc/Atomized/Danton_A_Study/Chapter_08_THE_DEATH_OF_DANTON/part_05.md | blocks 8300 | 175m | 47 blk/min | 1 links to repair
[347/3021] ok Authors/Belloc/Atomized/Danton_A_Study/Chapter_08_THE_DEATH_OF_DANTON/part_06.md | blocks 8312 | 175m | 47 blk/min
[348/3021] ok Authors/Belloc/Atomized/Danton_A_Study/Chapter_08_THE_DEATH_OF_DANTON/part_07.md | blocks 8322 | 175m | 47 blk/min
[349/3021] ok Authors/Belloc/Atomized/Danton_A_Study/Chapter_08_THE_DEATH_OF_DANTON/part_08.md | blocks 8334 | 177m | 47 blk/min | 1 links to repair
[350/3021] ok Authors/Belloc/Atomized/Danton_A_Study/Chapter_09_ROBESPIERRE/part_01.md | blocks 8346 | 177m | 47 blk/min
[351/3021] ok Authors/Belloc/Atomized/Danton_A_Study/Chapter_08_THE_DEATH_OF_DANTON/part_09.md | blocks 8362 | 177m | 47 blk/min | 1 links to repair
[352/3021] ok Authors/Belloc/Atomized/Danton_A_Study/Chapter_09_ROBESPIERRE/part_02.md | blocks 8372 | 178m | 47 blk/min | 2 links to repair
[353/3021] ok Authors/Belloc/Atomized/Danton_A_Study/Chapter_09_ROBESPIERRE/part_03.md | blocks 8381 | 179m | 47 blk/min | 2 links to repair
[354/3021] ok Authors/Belloc/Atomized/Danton_A_Study/Chapter_09_ROBESPIERRE/part_04.md | blocks 8391 | 179m | 47 blk/min
[355/3021] ok Authors/Belloc/Atomized/Danton_A_Study/Chapter_09_ROBESPIERRE/part_05.md | blocks 8401 | 179m | 47 blk/min
[356/3021] ok Authors/Belloc/Atomized/Danton_A_Study/Chapter_09_ROBESPIERRE/part_06.md | blocks 8415 | 180m | 47 blk/min | 2 links to repair
[357/3021] ok Authors/Belloc/Atomized/Danton_A_Study/Chapter_09_ROBESPIERRE/part_07.md | blocks 8430 | 181m | 47 blk/min
[358/3021] ok Authors/Belloc/Atomized/Danton_A_Study/Chapter_09_ROBESPIERRE/part_09.md | blocks 8443 | 181m | 47 blk/min | 1 links to repair
[359/3021] ok Authors/Belloc/Atomized/Danton_A_Study/Chapter_09_ROBESPIERRE/part_08.md | blocks 8456 | 181m | 47 blk/min | 1 links to repair
[360/3021] ok Authors/Belloc/Atomized/Danton_A_Study/Chapter_09_ROBESPIERRE/part_10.md | blocks 8473 | 182m | 47 blk/min
[361/3021] ok Authors/Belloc/Atomized/Danton_A_Study/Chapter_09_ROBESPIERRE/part_11.md | blocks 8488 | 183m | 47 blk/min
[362/3021] ok Authors/Belloc/Atomized/Danton_A_Study/Chapter_09_ROBESPIERRE/part_13.md | blocks 8496 | 183m | 46 blk/min
[363/3021] ok Authors/Belloc/Atomized/Danton_A_Study/Chapter_09_ROBESPIERRE/part_14.md | blocks 8509 | 184m | 46 blk/min | 1 links to repair
[364/3021] ok Authors/Belloc/Atomized/Danton_A_Study/Chapter_09_ROBESPIERRE/part_12.md | blocks 8519 | 184m | 46 blk/min | 1 links to repair
[365/3021] ok Authors/Belloc/Atomized/Danton_A_Study/Chapter_09_ROBESPIERRE/part_15.md | blocks 8530 | 185m | 46 blk/min
[366/3021] ok Authors/Belloc/Atomized/Danton_A_Study/Chapter_09_ROBESPIERRE/part_16.md | blocks 8543 | 185m | 46 blk/min
[367/3021] ok Authors/Belloc/Atomized/Danton_A_Study/Chapter_09_ROBESPIERRE/part_18.md | blocks 8558 | 186m | 46 blk/min
[368/3021] ok Authors/Belloc/Atomized/Danton_A_Study/Chapter_09_ROBESPIERRE/part_17.md | blocks 8572 | 186m | 46 blk/min
[369/3021] ok Authors/Belloc/Atomized/Danton_A_Study/Chapter_09_ROBESPIERRE/part_19.md | blocks 8580 | 186m | 46 blk/min
[370/3021] ok Authors/Belloc/Atomized/Danton_A_Study/Chapter_09_ROBESPIERRE/part_20.md | blocks 8592 | 187m | 46 blk/min | 1 links to repair
[371/3021] ok Authors/Belloc/Atomized/Danton_A_Study/Chapter_09_ROBESPIERRE/part_21.md | blocks 8607 | 188m | 46 blk/min
[372/3021] ok Authors/Belloc/Atomized/Danton_A_Study/Chapter_09_ROBESPIERRE/part_22.md | blocks 8616 | 188m | 46 blk/min
[373/3021] ok Authors/Belloc/Atomized/Danton_A_Study/Chapter_09_ROBESPIERRE/part_23.md | blocks 8627 | 189m | 46 blk/min
[374/3021] ok Authors/Belloc/Atomized/Danton_A_Study/Chapter_09_ROBESPIERRE/part_24.md | blocks 8637 | 189m | 46 blk/min
[375/3021] ok Authors/Belloc/Atomized/Danton_A_Study/Chapter_09_ROBESPIERRE/part_25.md | blocks 8651 | 190m | 46 blk/min | 1 links to repair
[376/3021] ok Authors/Belloc/Atomized/Danton_A_Study/Chapter_09_ROBESPIERRE/part_26.md | blocks 8667 | 190m | 46 blk/min
[377/3021] ok Authors/Belloc/Atomized/Danton_A_Study/Chapter_09_ROBESPIERRE/part_27.md | blocks 8684 | 191m | 46 blk/min
[378/3021] ok Authors/Belloc/Atomized/Danton_A_Study/Chapter_09_ROBESPIERRE/part_28.md | blocks 8705 | 191m | 45 blk/min
[379/3021] ok Authors/Belloc/Atomized/Danton_A_Study/Chapter_09_ROBESPIERRE/part_30.md | blocks 8738 | 192m | 45 blk/min
[380/3021] ok Authors/Belloc/Atomized/Danton_A_Study/Chapter_09_ROBESPIERRE/part_29.md | blocks 8757 | 193m | 45 blk/min | 1 links to repair
FAIL Authors/Belloc/Atomized/Danton_A_Study/Chapter_09_ROBESPIERRE/part_31.md: fabricated output: 23 chars EN -> 227 chars IT
[382/3021] ok Authors/Belloc/Atomized/Danton_A_Study/Chapter_09_ROBESPIERRE/part_32.md | blocks 8767 | 193m | 45 blk/min
[383/3021] ok Authors/Belloc/Atomized/Danton_A_Study/Chapter_09_ROBESPIERRE/part_33.md | blocks 8792 | 194m | 45 blk/min
[384/3021] ok Authors/Belloc/Atomized/Danton_A_Study/Chapter_09_ROBESPIERRE/part_35.md | blocks 8805 | 195m | 45 blk/min
[385/3021] ok Authors/Belloc/Atomized/Danton_A_Study/Chapter_09_ROBESPIERRE/part_34.md | blocks 8815 | 195m | 45 blk/min
[386/3021] ok Authors/Belloc/Atomized/Danton_A_Study/Chapter_09_ROBESPIERRE/part_36.md | blocks 8844 | 196m | 45 blk/min
[387/3021] ok Authors/Belloc/Atomized/Danton_A_Study/Chapter_09_ROBESPIERRE/part_37.md | blocks 8866 | 196m | 45 blk/min
[388/3021] ok Authors/Belloc/Atomized/Danton_A_Study/Chapter_09_ROBESPIERRE/part_39.md | blocks 8883 | 197m | 45 blk/min
[389/3021] ok Authors/Belloc/Atomized/Danton_A_Study/Chapter_09_ROBESPIERRE/part_38.md | blocks 8916 | 197m | 45 blk/min
[390/3021] ok Authors/Belloc/Atomized/Danton_A_Study/Chapter_09_ROBESPIERRE/part_40.md | blocks 8938 | 197m | 45 blk/min
[391/3021] ok Authors/Belloc/Atomized/Danton_A_Study/Chapter_09_ROBESPIERRE/part_41.md | blocks 8962 | 198m | 45 blk/min
[392/3021] ok Authors/Belloc/Atomized/Danton_A_Study/Chapter_09_ROBESPIERRE/part_42.md | blocks 8979 | 199m | 45 blk/min
[393/3021] ok Authors/Belloc/Atomized/Danton_A_Study/Chapter_09_ROBESPIERRE/part_43.md | blocks 8996 | 199m | 45 blk/min
[394/3021] ok Authors/Belloc/Atomized/Danton_A_Study/Chapter_09_ROBESPIERRE/part_44.md | blocks 9019 | 200m | 45 blk/min
[395/3021] ok Authors/Belloc/Atomized/Danton_A_Study/Chapter_09_ROBESPIERRE/part_45.md | blocks 9044 | 201m | 45 blk/min
[396/3021] ok Authors/Belloc/Atomized/Danton_A_Study/Chapter_09_ROBESPIERRE/part_47.md | blocks 9063 | 201m | 45 blk/min
[397/3021] ok Authors/Belloc/Atomized/Danton_A_Study/Chapter_09_ROBESPIERRE/part_46.md | blocks 9090 | 201m | 45 blk/min | 1 links to repair
[398/3021] ok Authors/Belloc/Atomized/Danton_A_Study/Chapter_09_ROBESPIERRE/part_48.md | blocks 9118 | 202m | 45 blk/min
[399/3021] ok Authors/Belloc/Atomized/Danton_A_Study/Chapter_09_ROBESPIERRE/part_52.md | blocks 9145 | 203m | 45 blk/min
[400/3021] ok Authors/Belloc/Atomized/Danton_A_Study/Chapter_09_ROBESPIERRE/part_49.md | blocks 9206 | 204m | 45 blk/min
[401/3021] ok Authors/Belloc/Atomized/Danton_A_Study/Chapter_09_ROBESPIERRE/part_51.md | blocks 9243 | 204m | 45 blk/min
[402/3021] ok Authors/Belloc/Atomized/Danton_A_Study/Chapter_09_ROBESPIERRE/part_50.md | blocks 9300 | 204m | 46 blk/min | 3 links to repair
[403/3021] ok Authors/Belloc/Atomized/Economics_for_Helen/Story_02_THE_THREE_THINGS_NECESSARY_TO_THE_PRODUC/part_03.md | blocks 9311 | 205m | 45 blk/min | 2 links to repair
[404/3021] ok Authors/Belloc/Atomized/Economics_for_Helen/Story_02_THE_THREE_THINGS_NECESSARY_TO_THE_PRODUC/part_02.md | blocks 9326 | 206m | 45 blk/min | 4 links to repair
[405/3021] ok Authors/Belloc/Atomized/Economics_for_Helen/Story_02_THE_THREE_THINGS_NECESSARY_TO_THE_PRODUC/part_01.md | blocks 9352 | 206m | 45 blk/min | 5 links to repair
[406/3021] ok Authors/Belloc/Atomized/Economics_for_Helen/Story_01_WHAT_IS_WEALTH.md | blocks 9377 | 208m | 45 blk/min | 20 links to repair
[407/3021] ok Authors/Belloc/Atomized/Economics_for_Helen/Story_03_THE_PROCESS_OF_PRODUCTION.md | blocks 9399 | 208m | 45 blk/min | 10 links to repair
[408/3021] ok Authors/Belloc/Atomized/Economics_for_Helen/Story_04_THE_THREE_PARTS_OF_PRODUCED_WEALTH/part_01.md | blocks 9415 | 209m | 45 blk/min | 2 links to repair
[409/3021] ok Authors/Belloc/Atomized/Economics_for_Helen/Story_04_THE_THREE_PARTS_OF_PRODUCED_WEALTH/part_02.md | blocks 9433 | 209m | 45 blk/min | 6 links to repair
[410/3021] ok Authors/Belloc/Atomized/Economics_for_Helen/Story_04_THE_THREE_PARTS_OF_PRODUCED_WEALTH/part_03.md | blocks 9448 | 210m | 45 blk/min | 1 links to repair
[411/3021] ok Authors/Belloc/Atomized/Economics_for_Helen/Story_04_THE_THREE_PARTS_OF_PRODUCED_WEALTH/part_04.md | blocks 9465 | 210m | 45 blk/min | 3 links to repair
[412/3021] ok Authors/Belloc/Atomized/Economics_for_Helen/Story_07_MONEY/part_01.md | blocks 9485 | 212m | 45 blk/min | 3 links to repair
[413/3021] ok Authors/Belloc/Atomized/Economics_for_Helen/Story_06_FREE_TRADE_AND_PROTECTION.md | blocks 9499 | 212m | 45 blk/min | 4 links to repair
[414/3021] ok Authors/Belloc/Atomized/Economics_for_Helen/Story_07_MONEY/part_02.md | blocks 9514 | 213m | 45 blk/min | 6 links to repair
[415/3021] ok Authors/Belloc/Atomized/Economics_for_Helen/Story_07_MONEY/part_04.md | blocks 9525 | 214m | 45 blk/min | 1 links to repair
[416/3021] ok Authors/Belloc/Atomized/Economics_for_Helen/Story_05_EXCHANGE.md | blocks 9557 | 214m | 45 blk/min | 21 links to repair
[417/3021] ok Authors/Belloc/Atomized/Economics_for_Helen/Story_09_PROPERTY_THE_CONTROL_OF_WEALTH/part_01.md | blocks 9570 | 216m | 44 blk/min | 4 links to repair
[418/3021] ok Authors/Belloc/Atomized/Economics_for_Helen/Story_07_MONEY/part_03.md | blocks 9585 | 216m | 44 blk/min | 8 links to repair
[419/3021] ok Authors/Belloc/Atomized/Economics_for_Helen/Story_08_INTRODUCTION.md | blocks 9604 | 216m | 44 blk/min | 11 links to repair
[420/3021] ok Authors/Belloc/Atomized/Economics_for_Helen/Story_09_PROPERTY_THE_CONTROL_OF_WEALTH/part_02.md | blocks 9622 | 216m | 44 blk/min
[421/3021] ok Authors/Belloc/Atomized/Economics_for_Helen/Story_09_PROPERTY_THE_CONTROL_OF_WEALTH/part_03.md | blocks 9635 | 218m | 44 blk/min | 9 links to repair
[422/3021] ok Authors/Belloc/Atomized/Economics_for_Helen/Story_11_THE_CAPITALIST_STATE/part_02.md | blocks 9649 | 220m | 44 blk/min | 5 links to repair
[423/3021] ok Authors/Belloc/Atomized/Economics_for_Helen/Story_10_THE_SERVILE_STATE.md | blocks 9664 | 220m | 44 blk/min | 16 links to repair
[424/3021] ok Authors/Belloc/Atomized/Economics_for_Helen/Story_11_THE_CAPITALIST_STATE/part_01.md | blocks 9677 | 220m | 44 blk/min | 10 links to repair
[425/3021] ok Authors/Belloc/Atomized/Economics_for_Helen/Story_14_INTERNATIONAL_EXCHANGE/part_01.md | blocks 9692 | 223m | 44 blk/min | 2 links to repair
[426/3021] ok Authors/Belloc/Atomized/Economics_for_Helen/Story_12_THE_DISTRIBUTIVE_STATE.md | blocks 9714 | 223m | 44 blk/min | 13 links to repair
[427/3021] ok Authors/Belloc/Atomized/Economics_for_Helen/Story_14_INTERNATIONAL_EXCHANGE/part_02.md | blocks 9726 | 223m | 44 blk/min | 8 links to repair
[428/3021] ok Authors/Belloc/Atomized/Economics_for_Helen/Story_15_FREE_TRADE_AND_PROTECTION_AS_POLITICAL_I/part_01.md | blocks 9744 | 226m | 43 blk/min | 9 links to repair
[429/3021] ok Authors/Belloc/Atomized/Economics_for_Helen/Story_15_FREE_TRADE_AND_PROTECTION_AS_POLITICAL_I/part_02.md | blocks 9759 | 226m | 43 blk/min | 5 links to repair
[430/3021] ok Authors/Belloc/Atomized/Economics_for_Helen/Story_13_SOCIALISM.md | blocks 9782 | 227m | 43 blk/min | 21 links to repair
[431/3021] ok Authors/Belloc/Atomized/Economics_for_Helen/Story_16_BANKING/part_01.md | blocks 9796 | 228m | 43 blk/min | 8 links to repair
[432/3021] ok Authors/Belloc/Atomized/Economics_for_Helen/Story_16_BANKING/part_02.md | blocks 9806 | 230m | 43 blk/min | 15 links to repair
[433/3021] ok Authors/Belloc/Atomized/Economics_for_Helen/Story_16_BANKING/part_04.md | blocks 9818 | 230m | 43 blk/min | 12 links to repair
[434/3021] ok Authors/Belloc/Atomized/Economics_for_Helen/Story_16_BANKING/part_03.md | blocks 9832 | 230m | 43 blk/min | 7 links to repair
[435/3021] ok Authors/Belloc/Atomized/Economics_for_Helen/Story_15_FREE_TRADE_AND_PROTECTION_AS_POLITICAL_I/part_03.md | blocks 9850 | 232m | 42 blk/min | 11 links to repair
[436/3021] ok Authors/Belloc/Atomized/Economics_for_Helen/Story_16_BANKING/part_05.md | blocks 9861 | 232m | 42 blk/min | 4 links to repair
[437/3021] ok Authors/Belloc/Atomized/Economics_for_Helen/Story_17_NATIONAL_LOANS_AND_TAXATION/part_03.md | blocks 9870 | 233m | 42 blk/min
[438/3021] ok Authors/Belloc/Atomized/Economics_for_Helen/Story_17_NATIONAL_LOANS_AND_TAXATION/part_02.md | blocks 9891 | 233m | 42 blk/min | 5 links to repair
[439/3021] ok Authors/Belloc/Atomized/Economics_for_Helen/Story_17_NATIONAL_LOANS_AND_TAXATION/part_01.md | blocks 9906 | 234m | 42 blk/min | 4 links to repair
[440/3021] ok Authors/Belloc/Atomized/Economics_for_Helen/Story_18_THE_SOCIAL_OR_HISTORICAL_VALUE_OF_MONEY/part_02.md | blocks 9923 | 235m | 42 blk/min | 11 links to repair
[441/3021] ok Authors/Belloc/Atomized/Economics_for_Helen/Story_18_THE_SOCIAL_OR_HISTORICAL_VALUE_OF_MONEY/part_01.md | blocks 9943 | 235m | 42 blk/min | 2 links to repair
[442/3021] ok Authors/Belloc/Atomized/Economics_for_Helen/Story_19_USURY/part_03.md | blocks 9958 | 237m | 42 blk/min | 10 links to repair
[443/3021] ok Authors/Belloc/Atomized/Economics_for_Helen/Story_19_USURY/part_01.md | blocks 9978 | 237m | 42 blk/min | 6 links to repair
[444/3021] ok Authors/Belloc/Atomized/Economics_for_Helen/Story_19_USURY/part_02.md | blocks 9992 | 237m | 42 blk/min | 4 links to repair
[445/3021] ok Authors/Belloc/Atomized/Economics_for_Helen/Story_18_THE_SOCIAL_OR_HISTORICAL_VALUE_OF_MONEY/part_03.md | blocks 10005 | 238m | 42 blk/min | 14 links to repair
[446/3021] ok Authors/Belloc/Atomized/Emmanuel_Burden_Merchant/Chapter_01.md | blocks 10041 | 240m | 42 blk/min
[447/3021] ok Authors/Belloc/Atomized/Emmanuel_Burden_Merchant/Chapter_02/part_01.md | blocks 10060 | 241m | 42 blk/min
[448/3021] ok Authors/Belloc/Atomized/Economics_for_Helen/Story_20_ECONOMIC_IMAGINARIES/part_02.md | blocks 10080 | 241m | 42 blk/min | 14 links to repair
[449/3021] ok Authors/Belloc/Atomized/Economics_for_Helen/Story_20_ECONOMIC_IMAGINARIES/part_01.md | blocks 10094 | 241m | 42 blk/min | 7 links to repair
[450/3021] ok Authors/Belloc/Atomized/Emmanuel_Burden_Merchant/Chapter_02/part_02.md | blocks 10108 | 242m | 42 blk/min
[451/3021] ok Authors/Belloc/Atomized/Emmanuel_Burden_Merchant/Chapter_02/part_03.md | blocks 10127 | 243m | 42 blk/min
[452/3021] ok Authors/Belloc/Atomized/Emmanuel_Burden_Merchant/Chapter_02/part_04.md | blocks 10147 | 243m | 42 blk/min
[453/3021] ok Authors/Belloc/Atomized/Emmanuel_Burden_Merchant/Chapter_03/part_01.md | blocks 10163 | 243m | 42 blk/min
[454/3021] ok Authors/Belloc/Atomized/Emmanuel_Burden_Merchant/Chapter_03/part_02.md | blocks 10181 | 244m | 42 blk/min
[455/3021] ok Authors/Belloc/Atomized/Emmanuel_Burden_Merchant/Chapter_03/part_03.md | blocks 10207 | 245m | 42 blk/min
[456/3021] ok Authors/Belloc/Atomized/Emmanuel_Burden_Merchant/Chapter_03/part_04.md | blocks 10222 | 245m | 42 blk/min
[457/3021] ok Authors/Belloc/Atomized/Emmanuel_Burden_Merchant/Chapter_03/part_05.md | blocks 10265 | 245m | 42 blk/min
[458/3021] ok Authors/Belloc/Atomized/Emmanuel_Burden_Merchant/Chapter_03/part_06.md | blocks 10298 | 246m | 42 blk/min
[459/3021] ok Authors/Belloc/Atomized/Emmanuel_Burden_Merchant/Chapter_04/part_01.md | blocks 10319 | 247m | 42 blk/min
[460/3021] ok Authors/Belloc/Atomized/Emmanuel_Burden_Merchant/Chapter_04/part_02.md | blocks 10335 | 247m | 42 blk/min
[461/3021] ok Authors/Belloc/Atomized/Emmanuel_Burden_Merchant/Chapter_04/part_03.md | blocks 10349 | 247m | 42 blk/min
[462/3021] ok Authors/Belloc/Atomized/Emmanuel_Burden_Merchant/Chapter_04/part_04.md | blocks 10360 | 248m | 42 blk/min
[463/3021] ok Authors/Belloc/Atomized/Emmanuel_Burden_Merchant/Chapter_04/part_05.md | blocks 10382 | 249m | 42 blk/min
[464/3021] ok Authors/Belloc/Atomized/Emmanuel_Burden_Merchant/Chapter_05/part_01.md | blocks 10398 | 249m | 42 blk/min
[465/3021] ok Authors/Belloc/Atomized/Emmanuel_Burden_Merchant/Chapter_05/part_02.md | blocks 10410 | 249m | 42 blk/min
[466/3021] ok Authors/Belloc/Atomized/Emmanuel_Burden_Merchant/Chapter_05/part_03.md | blocks 10424 | 250m | 42 blk/min
[467/3021] ok Authors/Belloc/Atomized/Emmanuel_Burden_Merchant/Chapter_05/part_04.md | blocks 10442 | 250m | 42 blk/min | 2 links to repair
[468/3021] ok Authors/Belloc/Atomized/Emmanuel_Burden_Merchant/Chapter_06/part_01.md | blocks 10460 | 251m | 42 blk/min
[469/3021] ok Authors/Belloc/Atomized/Emmanuel_Burden_Merchant/Chapter_06/part_02.md | blocks 10477 | 251m | 42 blk/min
[470/3021] ok Authors/Belloc/Atomized/Emmanuel_Burden_Merchant/Chapter_06/part_03.md | blocks 10495 | 252m | 42 blk/min
[471/3021] ok Authors/Belloc/Atomized/Emmanuel_Burden_Merchant/Chapter_07/part_01.md | blocks 10517 | 253m | 42 blk/min
[472/3021] ok Authors/Belloc/Atomized/Emmanuel_Burden_Merchant/Chapter_07/part_02.md | blocks 10539 | 253m | 42 blk/min
[473/3021] ok Authors/Belloc/Atomized/Emmanuel_Burden_Merchant/Chapter_06/part_04.md | blocks 10565 | 253m | 42 blk/min
[474/3021] ok Authors/Belloc/Atomized/Emmanuel_Burden_Merchant/Chapter_07/part_03.md | blocks 10582 | 254m | 42 blk/min
[475/3021] ok Authors/Belloc/Atomized/Emmanuel_Burden_Merchant/Chapter_07/part_05.md | blocks 10599 | 255m | 42 blk/min
[476/3021] ok Authors/Belloc/Atomized/Emmanuel_Burden_Merchant/Chapter_07/part_04.md | blocks 10622 | 255m | 42 blk/min
[477/3021] ok Authors/Belloc/Atomized/Emmanuel_Burden_Merchant/Chapter_07/part_06.md | blocks 10647 | 255m | 42 blk/min
[478/3021] ok Authors/Belloc/Atomized/Emmanuel_Burden_Merchant/Chapter_08/part_01.md | blocks 10664 | 256m | 42 blk/min
[479/3021] ok Authors/Belloc/Atomized/Emmanuel_Burden_Merchant/Chapter_08/part_02.md | blocks 10683 | 257m | 42 blk/min
[480/3021] ok Authors/Belloc/Atomized/Emmanuel_Burden_Merchant/Chapter_08/part_03.md | blocks 10702 | 257m | 42 blk/min
[481/3021] ok Authors/Belloc/Atomized/Emmanuel_Burden_Merchant/Chapter_08/part_04.md | blocks 10720 | 257m | 42 blk/min | 1 links to repair
[482/3021] ok Authors/Belloc/Atomized/Emmanuel_Burden_Merchant/Chapter_08/part_06.md | blocks 10736 | 258m | 42 blk/min
[483/3021] ok Authors/Belloc/Atomized/Emmanuel_Burden_Merchant/Chapter_08/part_05.md | blocks 10768 | 258m | 42 blk/min
[484/3021] ok Authors/Belloc/Atomized/Emmanuel_Burden_Merchant/Chapter_09/part_01.md | blocks 10790 | 259m | 42 blk/min
[485/3021] ok Authors/Belloc/Atomized/Emmanuel_Burden_Merchant/Chapter_09/part_02.md | blocks 10812 | 260m | 42 blk/min | 1 links to repair
[486/3021] ok Authors/Belloc/Atomized/Emmanuel_Burden_Merchant/Chapter_09/part_03.md | blocks 10829 | 260m | 42 blk/min
[487/3021] ok Authors/Belloc/Atomized/Emmanuel_Burden_Merchant/Chapter_09/part_04.md | blocks 10848 | 260m | 42 blk/min | 1 links to repair
[488/3021] ok Authors/Belloc/Atomized/Emmanuel_Burden_Merchant/Chapter_09/part_05.md | blocks 10883 | 261m | 42 blk/min
[489/3021] ok Authors/Belloc/Atomized/Emmanuel_Burden_Merchant/Chapter_10/part_01.md | blocks 10914 | 262m | 42 blk/min
[490/3021] ok Authors/Belloc/Atomized/Emmanuel_Burden_Merchant/Chapter_10/part_02.md | blocks 10930 | 262m | 42 blk/min
[491/3021] ok Authors/Belloc/Atomized/Emmanuel_Burden_Merchant/Chapter_10/part_03.md | blocks 10945 | 262m | 42 blk/min
[492/3021] ok Authors/Belloc/Atomized/Emmanuel_Burden_Merchant/Chapter_10/part_04.md | blocks 10964 | 263m | 42 blk/min | 1 links to repair
[493/3021] ok Authors/Belloc/Atomized/Emmanuel_Burden_Merchant/Chapter_10/part_05.md | blocks 10987 | 264m | 42 blk/min
[494/3021] ok Authors/Belloc/Atomized/Emmanuel_Burden_Merchant/Chapter_11/part_01.md | blocks 11002 | 264m | 42 blk/min
[495/3021] ok Authors/Belloc/Atomized/Emmanuel_Burden_Merchant/Chapter_11/part_02.md | blocks 11016 | 264m | 42 blk/min
[496/3021] ok Authors/Belloc/Atomized/Emmanuel_Burden_Merchant/Chapter_11/part_03.md | blocks 11033 | 265m | 42 blk/min
[497/3021] ok Authors/Belloc/Atomized/Emmanuel_Burden_Merchant/Chapter_12/part_02.md | blocks 11047 | 266m | 42 blk/min
[498/3021] ok Authors/Belloc/Atomized/Emmanuel_Burden_Merchant/Chapter_12/part_01.md | blocks 11065 | 266m | 42 blk/min
[499/3021] ok Authors/Belloc/Atomized/Emmanuel_Burden_Merchant/Chapter_11/part_04.md | blocks 11098 | 266m | 42 blk/min
[500/3021] ok Authors/Belloc/Atomized/Emmanuel_Burden_Merchant/Chapter_12/part_03.md | blocks 11117 | 267m | 42 blk/min
[501/3021] ok Authors/Belloc/Atomized/Emmanuel_Burden_Merchant/Chapter_12/part_06.md | blocks 11141 | 268m | 42 blk/min
[502/3021] ok Authors/Belloc/Atomized/Emmanuel_Burden_Merchant/Chapter_12/part_04.md | blocks 11163 | 268m | 42 blk/min
[503/3021] ok Authors/Belloc/Atomized/Emmanuel_Burden_Merchant/Chapter_12/part_05.md | blocks 11182 | 268m | 42 blk/min
[504/3021] ok Authors/Belloc/Atomized/Emmanuel_Burden_Merchant/Chapter_13/part_01.md | blocks 11215 | 269m | 42 blk/min
[505/3021] ok Authors/Belloc/Atomized/Emmanuel_Burden_Merchant/Chapter_13/part_02.md | blocks 11245 | 270m | 42 blk/min
[506/3021] ok Authors/Belloc/Atomized/Emmanuel_Burden_Merchant/Chapter_13/part_03.md | blocks 11272 | 270m | 42 blk/min
[507/3021] ok Authors/Belloc/Atomized/Emmanuel_Burden_Merchant/Chapter_13/part_04.md | blocks 11288 | 270m | 42 blk/min
[508/3021] ok Authors/Belloc/Atomized/Emmanuel_Burden_Merchant/Chapter_13/part_06.md | blocks 11301 | 271m | 42 blk/min
[509/3021] ok Authors/Belloc/Atomized/Emmanuel_Burden_Merchant/Chapter_13/part_05.md | blocks 11320 | 271m | 42 blk/min
[510/3021] ok Authors/Belloc/Atomized/Europe_and_the_Faith/Story_01_INTRODUCTION_THE_CATHOLIC_CONSCIENCE_OF/part_01.md | blocks 11337 | 272m | 42 blk/min
[511/3021] ok Authors/Belloc/Atomized/Europe_and_the_Faith/Story_01_INTRODUCTION_THE_CATHOLIC_CONSCIENCE_OF/part_02.md | blocks 11357 | 272m | 42 blk/min | 3 links to repair
[512/3021] ok Authors/Belloc/Atomized/Europe_and_the_Faith/Story_01_INTRODUCTION_THE_CATHOLIC_CONSCIENCE_OF/part_04.md | blocks 11369 | 273m | 42 blk/min | 1 links to repair
[513/3021] ok Authors/Belloc/Atomized/Europe_and_the_Faith/Story_01_INTRODUCTION_THE_CATHOLIC_CONSCIENCE_OF/part_03.md | blocks 11385 | 273m | 42 blk/min | 1 links to repair
[514/3021] ok Authors/Belloc/Atomized/Europe_and_the_Faith/Story_01_INTRODUCTION_THE_CATHOLIC_CONSCIENCE_OF/part_05.md | blocks 11401 | 274m | 42 blk/min | 1 links to repair
[515/3021] ok Authors/Belloc/Atomized/Europe_and_the_Faith/Story_02_WHAT_WAS_THE_ROMAN_EMPIRE/part_01.md | blocks 11416 | 274m | 42 blk/min | 3 links to repair
[516/3021] ok Authors/Belloc/Atomized/Europe_and_the_Faith/Story_02_WHAT_WAS_THE_ROMAN_EMPIRE/part_02.md | blocks 11431 | 275m | 42 blk/min
[517/3021] ok Authors/Belloc/Atomized/Europe_and_the_Faith/Story_02_WHAT_WAS_THE_ROMAN_EMPIRE/part_05.md | blocks 11438 | 275m | 42 blk/min
[518/3021] ok Authors/Belloc/Atomized/Europe_and_the_Faith/Story_02_WHAT_WAS_THE_ROMAN_EMPIRE/part_03.md | blocks 11452 | 275m | 42 blk/min | 1 links to repair
[519/3021] ok Authors/Belloc/Atomized/Europe_and_the_Faith/Story_02_WHAT_WAS_THE_ROMAN_EMPIRE/part_04.md | blocks 11463 | 276m | 42 blk/min
[520/3021] ok Authors/Belloc/Atomized/Europe_and_the_Faith/Story_03_WHAT_WAS_THE_CHURCH_IN_THE_ROMAN_EMPIRE/part_01.md | blocks 11477 | 277m | 41 blk/min
[521/3021] ok Authors/Belloc/Atomized/Europe_and_the_Faith/Story_03_WHAT_WAS_THE_CHURCH_IN_THE_ROMAN_EMPIRE/part_02.md | blocks 11488 | 277m | 41 blk/min | 1 links to repair
[522/3021] ok Authors/Belloc/Atomized/Europe_and_the_Faith/Story_03_WHAT_WAS_THE_CHURCH_IN_THE_ROMAN_EMPIRE/part_03.md | blocks 11503 | 277m | 42 blk/min
[523/3021] ok Authors/Belloc/Atomized/Europe_and_the_Faith/Story_03_WHAT_WAS_THE_CHURCH_IN_THE_ROMAN_EMPIRE/part_05.md | blocks 11527 | 279m | 41 blk/min | 4 links to repair
[524/3021] ok Authors/Belloc/Atomized/Europe_and_the_Faith/Story_03_WHAT_WAS_THE_CHURCH_IN_THE_ROMAN_EMPIRE/part_07.md | blocks 11539 | 279m | 41 blk/min
[525/3021] ok Authors/Belloc/Atomized/Europe_and_the_Faith/Story_03_WHAT_WAS_THE_CHURCH_IN_THE_ROMAN_EMPIRE/part_04.md | blocks 11554 | 279m | 41 blk/min | 3 links to repair
[526/3021] ok Authors/Belloc/Atomized/Europe_and_the_Faith/Story_03_WHAT_WAS_THE_CHURCH_IN_THE_ROMAN_EMPIRE/part_06.md | blocks 11567 | 279m | 41 blk/min | 1 links to repair
[527/3021] ok Authors/Belloc/Atomized/Europe_and_the_Faith/Story_03_WHAT_WAS_THE_CHURCH_IN_THE_ROMAN_EMPIRE/part_08.md | blocks 11576 | 280m | 41 blk/min | 1 links to repair
[528/3021] ok Authors/Belloc/Atomized/Europe_and_the_Faith/Story_04_WHAT_WAS_THE_FALL_OF_THE_ROMAN_EMPIRE/part_01.md | blocks 11590 | 281m | 41 blk/min
[529/3021] ok Authors/Belloc/Atomized/Europe_and_the_Faith/Story_04_WHAT_WAS_THE_FALL_OF_THE_ROMAN_EMPIRE/part_02.md | blocks 11606 | 281m | 41 blk/min | 1 links to repair
[530/3021] ok Authors/Belloc/Atomized/Europe_and_the_Faith/Story_04_WHAT_WAS_THE_FALL_OF_THE_ROMAN_EMPIRE/part_03.md | blocks 11622 | 281m | 41 blk/min | 1 links to repair
[531/3021] ok Authors/Belloc/Atomized/Europe_and_the_Faith/Story_04_WHAT_WAS_THE_FALL_OF_THE_ROMAN_EMPIRE/part_04.md | blocks 11636 | 282m | 41 blk/min
[532/3021] ok Authors/Belloc/Atomized/Europe_and_the_Faith/Story_04_WHAT_WAS_THE_FALL_OF_THE_ROMAN_EMPIRE/part_05.md | blocks 11648 | 282m | 41 blk/min
[533/3021] ok Authors/Belloc/Atomized/Europe_and_the_Faith/Story_04_WHAT_WAS_THE_FALL_OF_THE_ROMAN_EMPIRE/part_06.md | blocks 11666 | 283m | 41 blk/min | 2 links to repair
[534/3021] ok Authors/Belloc/Atomized/Europe_and_the_Faith/Story_04_WHAT_WAS_THE_FALL_OF_THE_ROMAN_EMPIRE/part_07.md | blocks 11681 | 283m | 41 blk/min
[535/3021] ok Authors/Belloc/Atomized/Europe_and_the_Faith/Story_05_THE_BEGINNING_OF_THE_NATIONS/part_01.md | blocks 11696 | 284m | 41 blk/min
[536/3021] ok Authors/Belloc/Atomized/Europe_and_the_Faith/Story_05_THE_BEGINNING_OF_THE_NATIONS/part_02.md | blocks 11713 | 284m | 41 blk/min | 1 links to repair
[537/3021] ok Authors/Belloc/Atomized/Europe_and_the_Faith/Story_05_THE_BEGINNING_OF_THE_NATIONS/part_04.md | blocks 11726 | 285m | 41 blk/min | 1 links to repair
[538/3021] ok Authors/Belloc/Atomized/Europe_and_the_Faith/Story_05_THE_BEGINNING_OF_THE_NATIONS/part_03.md | blocks 11745 | 285m | 41 blk/min | 1 links to repair
[539/3021] ok Authors/Belloc/Atomized/Europe_and_the_Faith/Story_05_THE_BEGINNING_OF_THE_NATIONS/part_05.md | blocks 11760 | 286m | 41 blk/min | 1 links to repair
[540/3021] ok Authors/Belloc/Atomized/Europe_and_the_Faith/Story_05_THE_BEGINNING_OF_THE_NATIONS/part_06.md | blocks 11777 | 286m | 41 blk/min | 2 links to repair
[541/3021] ok Authors/Belloc/Atomized/Europe_and_the_Faith/Story_05_THE_BEGINNING_OF_THE_NATIONS/part_07.md | blocks 11792 | 287m | 41 blk/min | 1 links to repair
[542/3021] ok Authors/Belloc/Atomized/Europe_and_the_Faith/Story_07_THE_EVIDENCE/part_01.md | blocks 11808 | 288m | 41 blk/min
[543/3021] ok Authors/Belloc/Atomized/Europe_and_the_Faith/Story_07_THE_EVIDENCE/part_02.md | blocks 11817 | 288m | 41 blk/min | 2 links to repair
[544/3021] ok Authors/Belloc/Atomized/Europe_and_the_Faith/Story_06_WHAT_HAPPENED_IN_BRITAIN.md | blocks 11842 | 289m | 41 blk/min | 1 links to repair
[545/3021] ok Authors/Belloc/Atomized/Europe_and_the_Faith/Story_07_THE_EVIDENCE/part_03.md | blocks 11852 | 289m | 41 blk/min | 1 links to repair
[546/3021] ok Authors/Belloc/Atomized/Europe_and_the_Faith/Story_07_THE_EVIDENCE/part_04.md | blocks 11868 | 290m | 41 blk/min
[547/3021] ok Authors/Belloc/Atomized/Europe_and_the_Faith/Story_07_THE_EVIDENCE/part_05.md | blocks 11881 | 290m | 41 blk/min | 1 links to repair
[548/3021] ok Authors/Belloc/Atomized/Europe_and_the_Faith/Story_07_THE_EVIDENCE/part_07.md | blocks 11895 | 291m | 41 blk/min
[549/3021] ok Authors/Belloc/Atomized/Europe_and_the_Faith/Story_07_THE_EVIDENCE/part_08.md | blocks 11907 | 291m | 41 blk/min
[550/3021] ok Authors/Belloc/Atomized/Europe_and_the_Faith/Story_07_THE_EVIDENCE/part_06.md | blocks 11919 | 292m | 41 blk/min | 2 links to repair
[551/3021] ok Authors/Belloc/Atomized/Europe_and_the_Faith/Story_07_THE_EVIDENCE/part_09.md | blocks 11931 | 292m | 41 blk/min | 1 links to repair
[552/3021] ok Authors/Belloc/Atomized/Europe_and_the_Faith/Story_07_THE_EVIDENCE/part_10.md | blocks 11943 | 293m | 41 blk/min | 1 links to repair
[553/3021] ok Authors/Belloc/Atomized/Europe_and_the_Faith/Story_07_THE_EVIDENCE/part_11.md | blocks 11958 | 293m | 41 blk/min
[554/3021] ok Authors/Belloc/Atomized/Europe_and_the_Faith/Story_08_THE_DARK_AGES/part_01.md | blocks 11976 | 294m | 41 blk/min | 1 links to repair
[555/3021] ok Authors/Belloc/Atomized/Europe_and_the_Faith/Story_08_THE_DARK_AGES/part_02.md | blocks 11998 | 294m | 41 blk/min
[556/3021] ok Authors/Belloc/Atomized/Europe_and_the_Faith/Story_08_THE_DARK_AGES/part_03.md | blocks 12013 | 295m | 41 blk/min | 2 links to repair
[557/3021] ok Authors/Belloc/Atomized/Europe_and_the_Faith/Story_08_THE_DARK_AGES/part_05.md | blocks 12024 | 295m | 41 blk/min | 2 links to repair
[558/3021] ok Authors/Belloc/Atomized/Europe_and_the_Faith/Story_08_THE_DARK_AGES/part_04.md | blocks 12036 | 295m | 41 blk/min | 1 links to repair
[559/3021] ok Authors/Belloc/Atomized/Europe_and_the_Faith/Story_09_THE_MIDDLE_AGES/part_01.md | blocks 12052 | 296m | 41 blk/min | 2 links to repair
[560/3021] ok Authors/Belloc/Atomized/Europe_and_the_Faith/Story_09_THE_MIDDLE_AGES/part_04.md | blocks 12060 | 296m | 41 blk/min | 1 links to repair
[561/3021] ok Authors/Belloc/Atomized/Europe_and_the_Faith/Story_09_THE_MIDDLE_AGES/part_02.md | blocks 12076 | 296m | 41 blk/min
[562/3021] ok Authors/Belloc/Atomized/Europe_and_the_Faith/Story_09_THE_MIDDLE_AGES/part_03.md | blocks 12094 | 297m | 41 blk/min
[563/3021] ok Authors/Belloc/Atomized/Europe_and_the_Faith/Story_10_WHAT_WAS_THE_REFORMATION/part_01.md | blocks 12109 | 298m | 41 blk/min | 1 links to repair
[564/3021] ok Authors/Belloc/Atomized/Europe_and_the_Faith/Story_10_WHAT_WAS_THE_REFORMATION/part_03.md | blocks 12127 | 298m | 41 blk/min | 1 links to repair
[565/3021] ok Authors/Belloc/Atomized/Europe_and_the_Faith/Story_10_WHAT_WAS_THE_REFORMATION/part_02.md | blocks 12140 | 299m | 41 blk/min | 2 links to repair
[566/3021] ok Authors/Belloc/Atomized/Europe_and_the_Faith/Story_10_WHAT_WAS_THE_REFORMATION/part_04.md | blocks 12158 | 299m | 41 blk/min
[567/3021] ok Authors/Belloc/Atomized/Europe_and_the_Faith/Story_11_THE_DEFECTION_OF_BRITAIN/part_01.md | blocks 12174 | 300m | 41 blk/min | 1 links to repair
[568/3021] ok Authors/Belloc/Atomized/Europe_and_the_Faith/Story_11_THE_DEFECTION_OF_BRITAIN/part_02.md | blocks 12186 | 300m | 41 blk/min
[569/3021] ok Authors/Belloc/Atomized/Europe_and_the_Faith/Story_11_THE_DEFECTION_OF_BRITAIN/part_03.md | blocks 12203 | 301m | 41 blk/min | 1 links to repair
[570/3021] ok Authors/Belloc/Atomized/Europe_and_the_Faith/Story_11_THE_DEFECTION_OF_BRITAIN/part_04.md | blocks 12211 | 301m | 41 blk/min
[571/3021] ok Authors/Belloc/Atomized/Europe_and_the_Faith/Story_12_CONCLUSION/part_01.md | blocks 12226 | 302m | 40 blk/min
[572/3021] ok Authors/Belloc/Atomized/Europe_and_the_Faith/Story_12_CONCLUSION/part_03.md | blocks 12240 | 303m | 40 blk/min | 3 links to repair
[573/3021] ok Authors/Belloc/Atomized/Europe_and_the_Faith/Story_12_CONCLUSION/part_02.md | blocks 12253 | 303m | 40 blk/min | 2 links to repair
[574/3021] ok Authors/Belloc/Atomized/Europe_and_the_Faith/Story_11_THE_DEFECTION_OF_BRITAIN/part_05.md | blocks 12264 | 304m | 40 blk/min | 5 links to repair
[575/3021] ok Authors/Belloc/Atomized/First_and_Last/Story_01_On_Weighing_Anchor.md | blocks 12277 | 304m | 40 blk/min | 3 links to repair
[576/3021] ok Authors/Belloc/Atomized/First_and_Last/Story_02_The_Reveillon.md | blocks 12287 | 305m | 40 blk/min | 2 links to repair
[577/3021] ok Authors/Belloc/Atomized/First_and_Last/Story_03_On_Cheeses.md | blocks 12311 | 306m | 40 blk/min
[578/3021] ok Authors/Belloc/Atomized/First_and_Last/Story_04_The_Captain_of_Industry.md | blocks 12351 | 307m | 40 blk/min
[579/3021] ok Authors/Belloc/Atomized/First_and_Last/Story_06_The_Views_of_England.md | blocks 12366 | 309m | 40 blk/min | 1 links to repair
[580/3021] ok Authors/Belloc/Atomized/First_and_Last/Story_05_The_Inventor.md | blocks 12445 | 309m | 40 blk/min | 1 links to repair
[581/3021] ok Authors/Belloc/Atomized/First_and_Last/Story_08_The_Inheritance_of_Humour.md | blocks 12455 | 310m | 40 blk/min | 1 links to repair
[582/3021] ok Authors/Belloc/Atomized/First_and_Last/Story_07_The_Lunatic.md | blocks 12479 | 310m | 40 blk/min
[583/3021] ok Authors/Belloc/Atomized/First_and_Last/Story_10_On_Historical_Evidence/part_01.md | blocks 12491 | 312m | 40 blk/min | 1 links to repair
[584/3021] ok Authors/Belloc/Atomized/First_and_Last/Story_10_On_Historical_Evidence/part_02.md | blocks 12506 | 314m | 40 blk/min | 3 links to repair
[585/3021] ok Authors/Belloc/Atomized/First_and_Last/Story_09_The_Old_Gentlemans_Opinions.md | blocks 12535 | 314m | 40 blk/min
[586/3021] ok Authors/Belloc/Atomized/First_and_Last/Story_11_The_Absence_of_the_Past.md | blocks 12554 | 315m | 40 blk/min | 1 links to repair
[587/3021] ok Authors/Belloc/Atomized/First_and_Last/Story_12_St_Patrick.md | blocks 12570 | 316m | 40 blk/min | 1 links to repair
[588/3021] ok Authors/Belloc/Atomized/First_and_Last/Story_13_The_Lost_Things.md | blocks 12584 | 317m | 40 blk/min
[589/3021] ok Authors/Belloc/Atomized/First_and_Last/Story_15_The_Victory.md | blocks 12598 | 318m | 40 blk/min
[590/3021] ok Authors/Belloc/Atomized/First_and_Last/Story_14_On_the_Reading_of_History.md | blocks 12621 | 319m | 40 blk/min
[591/3021] ok Authors/Belloc/Atomized/First_and_Last/Story_17_On_the_Decline_of_the_Book_And_Especiall/part_01.md | blocks 12635 | 320m | 39 blk/min
[592/3021] ok Authors/Belloc/Atomized/First_and_Last/Story_16_Reality.md | blocks 12653 | 320m | 39 blk/min
[593/3021] ok Authors/Belloc/Atomized/First_and_Last/Story_17_On_the_Decline_of_the_Book_And_Especiall/part_02.md | blocks 12668 | 321m | 39 blk/min
[594/3021] ok Authors/Belloc/Atomized/First_and_Last/Story_17_On_the_Decline_of_the_Book_And_Especiall/part_03.md | blocks 12678 | 322m | 39 blk/min
[595/3021] ok Authors/Belloc/Atomized/First_and_Last/Story_18_Jose_Maria_de_Heredia.md | blocks 12692 | 323m | 39 blk/min
[596/3021] ok Authors/Belloc/Atomized/First_and_Last/Story_20_The_Old_Things/part_01.md | blocks 12702 | 324m | 39 blk/min | 2 links to repair
[597/3021] ok Authors/Belloc/Atomized/First_and_Last/Story_19_Normandy_and_the_Normans.md | blocks 12713 | 324m | 39 blk/min | 2 links to repair
[598/3021] ok Authors/Belloc/Atomized/First_and_Last/Story_20_The_Old_Things/part_02.md | blocks 12725 | 325m | 39 blk/min
[599/3021] ok Authors/Belloc/Atomized/First_and_Last/Story_20_The_Old_Things/part_03.md | blocks 12745 | 326m | 39 blk/min
[600/3021] ok Authors/Belloc/Atomized/First_and_Last/Story_20_The_Old_Things/part_04.md | blocks 12762 | 327m | 39 blk/min | 1 links to repair
[601/3021] ok Authors/Belloc/Atomized/First_and_Last/Story_20_The_Old_Things/part_05.md | blocks 12777 | 327m | 39 blk/min | 1 links to repair
[602/3021] ok Authors/Belloc/Atomized/First_and_Last/Story_20_The_Old_Things/part_06.md | blocks 12792 | 328m | 39 blk/min | 1 links to repair
[603/3021] ok Authors/Belloc/Atomized/First_and_Last/Story_20_The_Old_Things/part_07.md | blocks 12803 | 329m | 39 blk/min
[604/3021] ok Authors/Belloc/Atomized/First_and_Last/Story_20_The_Old_Things/part_08.md | blocks 12818 | 329m | 39 blk/min
[605/3021] ok Authors/Belloc/Atomized/First_and_Last/Story_20_The_Old_Things/part_09.md | blocks 12833 | 330m | 39 blk/min | 1 links to repair
[606/3021] ok Authors/Belloc/Atomized/First_and_Last/Story_20_The_Old_Things/part_10.md | blocks 12844 | 331m | 39 blk/min
[607/3021] ok Authors/Belloc/Atomized/First_and_Last/Story_20_The_Old_Things/part_11.md | blocks 12857 | 332m | 39 blk/min
[608/3021] ok Authors/Belloc/Atomized/First_and_Last/Story_20_The_Old_Things/part_12.md | blocks 12874 | 333m | 39 blk/min
[609/3021] ok Authors/Belloc/Atomized/First_and_Last/Story_20_The_Old_Things/part_13.md | blocks 12891 | 334m | 39 blk/min | 1 links to repair
[610/3021] ok Authors/Belloc/Atomized/First_and_Last/Story_20_The_Old_Things/part_14.md | blocks 12910 | 335m | 39 blk/min
[611/3021] ok Authors/Belloc/Atomized/First_and_Last/Story_20_The_Old_Things/part_15.md | blocks 12921 | 336m | 38 blk/min
[612/3021] ok Authors/Belloc/Atomized/First_and_Last/Story_20_The_Old_Things/part_16.md | blocks 12932 | 336m | 38 blk/min
[613/3021] ok Authors/Belloc/Atomized/First_and_Last/Story_20_The_Old_Things/part_17.md | blocks 12940 | 336m | 38 blk/min
[614/3021] ok Authors/Belloc/Atomized/First_and_Last/Story_20_The_Old_Things/part_18.md | blocks 12957 | 338m | 38 blk/min | 1 links to repair
[615/3021] ok Authors/Belloc/Atomized/First_and_Last/Story_20_The_Old_Things/part_20.md | blocks 12988 | 338m | 38 blk/min
[616/3021] ok Authors/Belloc/Atomized/First_and_Last/Story_20_The_Old_Things/part_19.md | blocks 13032 | 338m | 39 blk/min
[617/3021] ok Authors/Belloc/Atomized/First_and_Last/Story_20_The_Old_Things/part_21.md | blocks 13056 | 338m | 39 blk/min
[618/3021] ok Authors/Belloc/Atomized/First_and_Last/Story_20_The_Old_Things/part_22.md | blocks 13071 | 339m | 39 blk/min
[619/3021] ok Authors/Belloc/Atomized/First_and_Last/Story_20_The_Old_Things/part_23.md | blocks 13086 | 340m | 38 blk/min
[620/3021] ok Authors/Belloc/Atomized/First_and_Last/Story_20_The_Old_Things/part_25.md | blocks 13103 | 340m | 39 blk/min
[621/3021] ok Authors/Belloc/Atomized/First_and_Last/Story_20_The_Old_Things/part_24.md | blocks 13118 | 340m | 39 blk/min | 1 links to repair
[622/3021] ok Authors/Belloc/Atomized/First_and_Last/Story_20_The_Old_Things/part_26.md | blocks 13128 | 341m | 38 blk/min
[623/3021] ok Authors/Belloc/Atomized/First_and_Last/Story_20_The_Old_Things/part_27.md | blocks 13142 | 342m | 38 blk/min
[624/3021] ok Authors/Belloc/Atomized/First_and_Last/Story_20_The_Old_Things/part_29.md | blocks 13163 | 342m | 38 blk/min
[625/3021] ok Authors/Belloc/Atomized/First_and_Last/Story_20_The_Old_Things/part_28.md | blocks 13177 | 342m | 39 blk/min
[626/3021] ok Authors/Belloc/Atomized/First_and_Last/Story_20_The_Old_Things/part_31.md | blocks 13194 | 343m | 38 blk/min
[627/3021] ok Authors/Belloc/Atomized/First_and_Last/Story_20_The_Old_Things/part_30.md | blocks 13214 | 343m | 39 blk/min | 3 links to repair
[628/3021] ok Authors/Belloc/Atomized/Hills_and_the_Sea/Story_04_ON_MAILS.md | blocks 13227 | 345m | 38 blk/min | 1 links to repair
[629/3021] ok Authors/Belloc/Atomized/Hills_and_the_Sea/Story_01_DEDICATION.md | blocks 13259 | 345m | 38 blk/min | 5 links to repair
[630/3021] ok Authors/Belloc/Atomized/Hills_and_the_Sea/Story_03_THE_SINGER.md | blocks 13281 | 345m | 39 blk/min
[631/3021] ok Authors/Belloc/Atomized/Hills_and_the_Sea/Story_02_THE_NORTH_SEA.md | blocks 13305 | 346m | 38 blk/min | 1 links to repair
[632/3021] ok Authors/Belloc/Atomized/Hills_and_the_Sea/Story_06_DELFT.md | blocks 13323 | 347m | 38 blk/min
[633/3021] ok Authors/Belloc/Atomized/Hills_and_the_Sea/Story_05_THE_PYRENEAN_HIVE.md | blocks 13339 | 347m | 38 blk/min
[634/3021] ok Authors/Belloc/Atomized/Hills_and_the_Sea/Story_07_THE_WING_OF_DALUA/part_01.md | blocks 13349 | 347m | 38 blk/min | 3 links to repair
[635/3021] ok Authors/Belloc/Atomized/Hills_and_the_Sea/Story_07_THE_WING_OF_DALUA/part_02.md | blocks 13359 | 348m | 38 blk/min | 2 links to repair
[636/3021] ok Authors/Belloc/Atomized/Hills_and_the_Sea/Story_07_THE_WING_OF_DALUA/part_03.md | blocks 13370 | 348m | 38 blk/min | 1 links to repair
[637/3021] ok Authors/Belloc/Atomized/Hills_and_the_Sea/Story_08_ON_ELY/part_01.md | blocks 13389 | 349m | 38 blk/min
[638/3021] ok Authors/Belloc/Atomized/Hills_and_the_Sea/Story_08_ON_ELY/part_02.md | blocks 13405 | 349m | 38 blk/min
[639/3021] ok Authors/Belloc/Atomized/Hills_and_the_Sea/Story_09_THE_INN_OF_THE_MARGERIDE/part_01.md | blocks 13418 | 350m | 38 blk/min
[640/3021] ok Authors/Belloc/Atomized/Hills_and_the_Sea/Story_09_THE_INN_OF_THE_MARGERIDE/part_03.md | blocks 13433 | 351m | 38 blk/min | 2 links to repair
[641/3021] ok Authors/Belloc/Atomized/Hills_and_the_Sea/Story_09_THE_INN_OF_THE_MARGERIDE/part_02.md | blocks 13449 | 351m | 38 blk/min | 3 links to repair
[642/3021] ok Authors/Belloc/Atomized/Hills_and_the_Sea/Story_10_A_FAMILY_OF_THE_FENS/part_01.md | blocks 13465 | 351m | 38 blk/min | 1 links to repair
[643/3021] ok Authors/Belloc/Atomized/Hills_and_the_Sea/Story_10_A_FAMILY_OF_THE_FENS/part_03.md | blocks 13475 | 352m | 38 blk/min
[644/3021] ok Authors/Belloc/Atomized/Hills_and_the_Sea/Story_10_A_FAMILY_OF_THE_FENS/part_02.md | blocks 13492 | 353m | 38 blk/min
[645/3021] ok Authors/Belloc/Atomized/Hills_and_the_Sea/Story_11_THE_ELECTION.md | blocks 13513 | 353m | 38 blk/min | 2 links to repair
[646/3021] ok Authors/Belloc/Atomized/Hills_and_the_Sea/Story_12_ARLES.md | blocks 13529 | 354m | 38 blk/min
[647/3021] ok Authors/Belloc/Atomized/Hills_and_the_Sea/Story_14_THE_FIRST_DAYS_MARCH/part_01.md | blocks 13541 | 355m | 38 blk/min
[648/3021] ok Authors/Belloc/Atomized/Hills_and_the_Sea/Story_13_THE_GRIFFIN.md | blocks 13580 | 355m | 38 blk/min
[649/3021] ok Authors/Belloc/Atomized/Hills_and_the_Sea/Story_14_THE_FIRST_DAYS_MARCH/part_02.md | blocks 13592 | 355m | 38 blk/min | 1 links to repair
[650/3021] ok Authors/Belloc/Atomized/Hills_and_the_Sea/Story_14_THE_FIRST_DAYS_MARCH/part_03.md | blocks 13605 | 356m | 38 blk/min
[651/3021] ok Authors/Belloc/Atomized/Hills_and_the_Sea/Story_15_THE_SEA_WALL_OF_THE_WASH/part_03.md | blocks 13612 | 356m | 38 blk/min | 1 links to repair
[652/3021] ok Authors/Belloc/Atomized/Hills_and_the_Sea/Story_15_THE_SEA_WALL_OF_THE_WASH/part_01.md | blocks 13630 | 357m | 38 blk/min | 1 links to repair
[653/3021] ok Authors/Belloc/Atomized/Hills_and_the_Sea/Story_15_THE_SEA_WALL_OF_THE_WASH/part_02.md | blocks 13642 | 357m | 38 blk/min | 1 links to repair
[654/3021] ok Authors/Belloc/Atomized/Hills_and_the_Sea/Story_16_THE_CERDAGNE.md | blocks 13656 | 358m | 38 blk/min | 2 links to repair
[655/3021] ok Authors/Belloc/Atomized/Hills_and_the_Sea/Story_17_CARCASSONNE.md | blocks 13670 | 358m | 38 blk/min
[656/3021] ok Authors/Belloc/Atomized/Hills_and_the_Sea/Story_19_THE_GUNS/part_03.md | blocks 13675 | 360m | 38 blk/min
[657/3021] ok Authors/Belloc/Atomized/Hills_and_the_Sea/Story_19_THE_GUNS/part_01.md | blocks 13692 | 360m | 38 blk/min
[658/3021] ok Authors/Belloc/Atomized/Hills_and_the_Sea/Story_19_THE_GUNS/part_02.md | blocks 13704 | 360m | 38 blk/min
[659/3021] ok Authors/Belloc/Atomized/Hills_and_the_Sea/Story_18_LYNN.md | blocks 13730 | 360m | 38 blk/min
[660/3021] ok Authors/Belloc/Atomized/Hills_and_the_Sea/Story_21_RONCESVALLES.md | blocks 13749 | 362m | 38 blk/min | 5 links to repair
[661/3021] ok Authors/Belloc/Atomized/Hills_and_the_Sea/Story_20_THE_LOOE_STREAM.md | blocks 13768 | 362m | 38 blk/min | 2 links to repair
[662/3021] ok Authors/Belloc/Atomized/Hills_and_the_Sea/Story_22_THE_SLANT_OFF_THE_LAND.md | blocks 13782 | 363m | 38 blk/min
[663/3021] ok Authors/Belloc/Atomized/Hills_and_the_Sea/Story_23_THE_CANIGOU.md | blocks 13793 | 363m | 38 blk/min | 2 links to repair
[664/3021] ok Authors/Belloc/Atomized/Hills_and_the_Sea/Story_24_THE_MAN_AND_HIS_WOOD.md | blocks 13810 | 365m | 38 blk/min
[665/3021] ok Authors/Belloc/Atomized/Hills_and_the_Sea/Story_26_THE_MOWING_OF_A_FIELD/part_02.md | blocks 13828 | 365m | 38 blk/min
[666/3021] ok Authors/Belloc/Atomized/Hills_and_the_Sea/Story_26_THE_MOWING_OF_A_FIELD/part_01.md | blocks 13838 | 365m | 38 blk/min | 1 links to repair
[667/3021] ok Authors/Belloc/Atomized/Hills_and_the_Sea/Story_25_THE_CHANNEL.md | blocks 13858 | 365m | 38 blk/min | 2 links to repair
[668/3021] ok Authors/Belloc/Atomized/Hills_and_the_Sea/Story_26_THE_MOWING_OF_A_FIELD/part_03.md | blocks 13870 | 367m | 38 blk/min
[669/3021] ok Authors/Belloc/Atomized/Hills_and_the_Sea/Story_28_THE_ONION_EATER.md | blocks 13894 | 368m | 38 blk/min | 1 links to repair
[670/3021] ok Authors/Belloc/Atomized/Hills_and_the_Sea/Story_27_THE_ROMAN_ROAD.md | blocks 13909 | 368m | 38 blk/min
[671/3021] ok Authors/Belloc/Atomized/Hills_and_the_Sea/Story_29_THE_RETURN_TO_ENGLAND.md | blocks 13923 | 368m | 38 blk/min | 6 links to repair
[672/3021] ok Authors/Belloc/Atomized/Hills_and_the_Sea/Story_30_THE_VALLEY_OF_THE_ROTHER.md | blocks 13936 | 369m | 38 blk/min
[673/3021] ok Authors/Belloc/Atomized/Hills_and_the_Sea/Story_31_THE_CORONATION.md | blocks 13946 | 369m | 38 blk/min | 2 links to repair
[674/3021] ok Authors/Belloc/Atomized/Hills_and_the_Sea/Story_32_THE_MAN_OF_THE_DESERT/part_01.md | blocks 13958 | 370m | 38 blk/min | 1 links to repair
[675/3021] ok Authors/Belloc/Atomized/Hills_and_the_Sea/Story_32_THE_MAN_OF_THE_DESERT/part_02.md | blocks 13972 | 370m | 38 blk/min | 1 links to repair
[676/3021] ok Authors/Belloc/Atomized/Hills_and_the_Sea/Story_35_THE_ARENA/part_01.md | blocks 13981 | 372m | 38 blk/min
[677/3021] ok Authors/Belloc/Atomized/Hills_and_the_Sea/Story_33_THE_DEPARTURE.md | blocks 13997 | 372m | 38 blk/min | 2 links to repair
[678/3021] ok Authors/Belloc/Atomized/Hills_and_the_Sea/Story_34_THE_IDEA_OF_A_PILGRIMAGE.md | blocks 14007 | 372m | 38 blk/min | 2 links to repair
[679/3021] ok Authors/Belloc/Atomized/Hills_and_the_Sea/Story_35_THE_ARENA/part_02.md | blocks 14016 | 372m | 38 blk/min | 2 links to repair
[680/3021] ok Authors/Belloc/Atomized/Hills_and_the_Sea/Story_36_AT_THE_SIGN_OF_THE_LION/part_03.md | blocks 14027 | 373m | 38 blk/min
[681/3021] ok Authors/Belloc/Atomized/Hills_and_the_Sea/Story_35_THE_ARENA/part_03.md | blocks 14038 | 373m | 38 blk/min
[682/3021] ok Authors/Belloc/Atomized/Hills_and_the_Sea/Story_36_AT_THE_SIGN_OF_THE_LION/part_01.md | blocks 14050 | 374m | 38 blk/min | 2 links to repair
[683/3021] ok Authors/Belloc/Atomized/Hills_and_the_Sea/Story_36_AT_THE_SIGN_OF_THE_LION/part_02.md | blocks 14068 | 374m | 38 blk/min
[684/3021] ok Authors/Belloc/Atomized/Hills_and_the_Sea/Story_37_THE_AUTUMN_AND_THE_FALL_OF_LEAVES.md | blocks 14080 | 375m | 38 blk/min | 1 links to repair
[685/3021] ok Authors/Belloc/Atomized/Hills_and_the_Sea/Story_38_THE_GOOD_WOMAN.md | blocks 14098 | 375m | 38 blk/min
[686/3021] ok Authors/Belloc/Atomized/Introduction_to_Essays_in_Literature_and_History/part/part_01.md | blocks 14114 | 376m | 38 blk/min
[687/3021] ok Authors/Belloc/Atomized/Introduction_to_Essays_in_Literature_and_History/part/part_02.md | blocks 14127 | 377m | 37 blk/min
[688/3021] ok Authors/Belloc/Atomized/Introduction_to_Essays_in_Literature_and_History/part/part_03.md | blocks 14147 | 377m | 37 blk/min | 1 links to repair
[689/3021] ok Authors/Belloc/Atomized/Hills_and_the_Sea/Story_39_THE_HARBOUR_IN_THE_NORTH.md | blocks 14174 | 378m | 38 blk/min | 3 links to repair
[690/3021] ok Authors/Belloc/Atomized/Introduction_to_Essays_in_Literature_and_History/part/part_04.md | blocks 14189 | 378m | 38 blk/min | 2 links to repair
[691/3021] ok Authors/Belloc/Atomized/Introduction_to_Essays_in_Literature_and_History/part/part_05.md | blocks 14200 | 378m | 38 blk/min
[692/3021] ok Authors/Belloc/Atomized/Introduction_to_The_Footpath_Way_An_Anthology_for/part/part_01.md | blocks 14212 | 379m | 37 blk/min
[693/3021] ok Authors/Belloc/Atomized/Introduction_to_The_Footpath_Way_An_Anthology_for/part/part_02.md | blocks 14223 | 380m | 37 blk/min
[694/3021] ok Authors/Belloc/Atomized/Introduction_to_The_Footpath_Way_An_Anthology_for/part/part_03.md | blocks 14236 | 380m | 37 blk/min
[695/3021] ok Authors/Belloc/Atomized/Introduction_to_The_Romance_of_Madame_Tussauds/part/part_01.md | blocks 14248 | 380m | 37 blk/min
[696/3021] ok Authors/Belloc/Atomized/Introduction_to_The_Romance_of_Madame_Tussauds/part/part_02.md | blocks 14260 | 381m | 37 blk/min
[697/3021] ok Authors/Belloc/Atomized/Introduction_to_The_Romance_of_Madame_Tussauds/part/part_03.md | blocks 14271 | 382m | 37 blk/min | 1 links to repair
[698/3021] ok Authors/Belloc/Atomized/Introduction_to_The_Romance_of_Madame_Tussauds/part/part_05.md | blocks 14281 | 382m | 37 blk/min
[699/3021] ok Authors/Belloc/Atomized/Introduction_to_The_Romance_of_Madame_Tussauds/part/part_04.md | blocks 14293 | 383m | 37 blk/min | 1 links to repair
[700/3021] ok Authors/Belloc/Atomized/Introduction_to_The_Romance_of_Madame_Tussauds/part/part_06.md | blocks 14306 | 383m | 37 blk/min
[701/3021] ok Authors/Belloc/Atomized/Lambkins_Remains/part/part_01.md | blocks 14484 | 384m | 38 blk/min | 1 links to repair
[702/3021] ok Authors/Belloc/Atomized/Lambkins_Remains/part/part_02.md | blocks 14503 | 384m | 38 blk/min
[703/3021] ok Authors/Belloc/Atomized/Lambkins_Remains/part/part_03.md | blocks 14519 | 385m | 38 blk/min
[704/3021] ok Authors/Belloc/Atomized/Lambkins_Remains/part/part_04.md | blocks 14575 | 385m | 38 blk/min
[705/3021] ok Authors/Belloc/Atomized/Lambkins_Remains/part/part_06.md | blocks 14599 | 386m | 38 blk/min
[706/3021] ok Authors/Belloc/Atomized/Lambkins_Remains/part/part_05.md | blocks 14695 | 386m | 38 blk/min
[707/3021] ok Authors/Belloc/Atomized/Lambkins_Remains/part/part_07.md | blocks 14714 | 387m | 38 blk/min
[708/3021] ok Authors/Belloc/Atomized/Lambkins_Remains/part/part_08.md | blocks 14738 | 387m | 38 blk/min
[709/3021] ok Authors/Belloc/Atomized/Lambkins_Remains/part/part_10.md | blocks 14755 | 388m | 38 blk/min | 1 links to repair
[710/3021] ok Authors/Belloc/Atomized/Lambkins_Remains/part/part_09.md | blocks 14777 | 388m | 38 blk/min
[711/3021] ok Authors/Belloc/Atomized/Lambkins_Remains/part/part_11.md | blocks 14800 | 389m | 38 blk/min
[712/3021] ok Authors/Belloc/Atomized/Lambkins_Remains/part/part_12.md | blocks 14818 | 389m | 38 blk/min
[713/3021] ok Authors/Belloc/Atomized/Lambkins_Remains/part/part_13.md | blocks 14835 | 390m | 38 blk/min
[714/3021] ok Authors/Belloc/Atomized/Lambkins_Remains/part/part_14.md | blocks 14852 | 390m | 38 blk/min | 1 links to repair
[715/3021] ok Authors/Belloc/Atomized/Lambkins_Remains/part/part_15.md | blocks 14867 | 391m | 38 blk/min | 1 links to repair
[716/3021] ok Authors/Belloc/Atomized/Lambkins_Remains/part/part_16.md | blocks 14882 | 391m | 38 blk/min
[717/3021] ok Authors/Belloc/Atomized/Lambkins_Remains/part/part_17.md | blocks 14901 | 392m | 38 blk/min
[718/3021] ok Authors/Belloc/Atomized/Lambkins_Remains/part/part_18.md | blocks 14918 | 392m | 38 blk/min
[719/3021] ok Authors/Belloc/Atomized/Lambkins_Remains/part/part_19.md | blocks 14933 | 393m | 38 blk/min
[720/3021] ok Authors/Belloc/Atomized/Lambkins_Remains/part/part_20.md | blocks 14950 | 393m | 38 blk/min
[721/3021] ok Authors/Belloc/Atomized/Lambkins_Remains/part/part_23.md | blocks 14973 | 394m | 38 blk/min
[722/3021] ok Authors/Belloc/Atomized/Lambkins_Remains/part/part_21.md | blocks 15003 | 394m | 38 blk/min | 1 links to repair
[723/3021] ok Authors/Belloc/Atomized/Marie_Antoinette/Chapter_01_WATTIGNIES.md | blocks 15022 | 394m | 38 blk/min
[724/3021] ok Authors/Belloc/Atomized/Lambkins_Remains/part/part_22.md | blocks 15081 | 394m | 38 blk/min
[725/3021] ok Authors/Belloc/Atomized/Marie_Antoinette/Chapter_02_THE_DIPLOMATIC_REVOLUTION/part_01.md | blocks 15093 | 396m | 38 blk/min | 2 links to repair
[726/3021] ok Authors/Belloc/Atomized/Marie_Antoinette/Chapter_02_THE_DIPLOMATIC_REVOLUTION/part_04.md | blocks 15105 | 396m | 38 blk/min
[727/3021] ok Authors/Belloc/Atomized/Marie_Antoinette/Chapter_02_THE_DIPLOMATIC_REVOLUTION/part_03.md | blocks 15116 | 397m | 38 blk/min | 1 links to repair
[728/3021] ok Authors/Belloc/Atomized/Marie_Antoinette/Chapter_02_THE_DIPLOMATIC_REVOLUTION/part_02.md | blocks 15124 | 397m | 38 blk/min | 3 links to repair
[729/3021] ok Authors/Belloc/Atomized/Marie_Antoinette/Chapter_02_THE_DIPLOMATIC_REVOLUTION/part_06.md | blocks 15134 | 398m | 38 blk/min
[730/3021] ok Authors/Belloc/Atomized/Marie_Antoinette/Chapter_02_THE_DIPLOMATIC_REVOLUTION/part_05.md | blocks 15149 | 398m | 38 blk/min
[731/3021] ok Authors/Belloc/Atomized/Marie_Antoinette/Chapter_03_BIRTH_AND_CHILDHOOD/part_02.md | blocks 15159 | 399m | 38 blk/min | 1 links to repair
[732/3021] ok Authors/Belloc/Atomized/Marie_Antoinette/Chapter_03_BIRTH_AND_CHILDHOOD/part_03.md | blocks 15170 | 399m | 38 blk/min | 1 links to repair
[733/3021] ok Authors/Belloc/Atomized/Marie_Antoinette/Chapter_03_BIRTH_AND_CHILDHOOD/part_01.md | blocks 15186 | 400m | 38 blk/min | 1 links to repair
[734/3021] ok Authors/Belloc/Atomized/Marie_Antoinette/Chapter_03_BIRTH_AND_CHILDHOOD/part_05.md | blocks 15205 | 401m | 38 blk/min
[735/3021] ok Authors/Belloc/Atomized/Marie_Antoinette/Chapter_04_THE_ESPOUSALS/part_01.md | blocks 15215 | 401m | 38 blk/min
[736/3021] ok Authors/Belloc/Atomized/Marie_Antoinette/Chapter_03_BIRTH_AND_CHILDHOOD/part_04.md | blocks 15226 | 401m | 38 blk/min | 2 links to repair
[737/3021] ok Authors/Belloc/Atomized/Marie_Antoinette/Chapter_04_THE_ESPOUSALS/part_02.md | blocks 15238 | 402m | 38 blk/min | 1 links to repair
[738/3021] ok Authors/Belloc/Atomized/Marie_Antoinette/Chapter_04_THE_ESPOUSALS/part_05.md | blocks 15249 | 403m | 38 blk/min
[739/3021] ok Authors/Belloc/Atomized/Marie_Antoinette/Chapter_04_THE_ESPOUSALS/part_03.md | blocks 15263 | 403m | 38 blk/min
[740/3021] ok Authors/Belloc/Atomized/Marie_Antoinette/Chapter_05_THE_DU_BARRY/part_01.md | blocks 15274 | 404m | 38 blk/min
[741/3021] ok Authors/Belloc/Atomized/Marie_Antoinette/Chapter_04_THE_ESPOUSALS/part_04.md | blocks 15288 | 404m | 38 blk/min
[742/3021] ok Authors/Belloc/Atomized/Marie_Antoinette/Chapter_05_THE_DU_BARRY/part_03.md | blocks 15294 | 404m | 38 blk/min
[743/3021] ok Authors/Belloc/Atomized/Marie_Antoinette/Chapter_05_THE_DU_BARRY/part_02.md | blocks 15306 | 405m | 38 blk/min
[744/3021] ok Authors/Belloc/Atomized/Marie_Antoinette/Chapter_06_THE_DAUPHINE/part_02.md | blocks 15315 | 406m | 38 blk/min
[745/3021] ok Authors/Belloc/Atomized/Marie_Antoinette/Chapter_06_THE_DAUPHINE/part_01.md | blocks 15327 | 406m | 38 blk/min | 1 links to repair
[746/3021] ok Authors/Belloc/Atomized/Marie_Antoinette/Chapter_06_THE_DAUPHINE/part_03.md | blocks 15339 | 406m | 38 blk/min
[747/3021] ok Authors/Belloc/Atomized/Marie_Antoinette/Chapter_06_THE_DAUPHINE/part_04.md | blocks 15347 | 407m | 38 blk/min | 1 links to repair
[748/3021] ok Authors/Belloc/Atomized/Marie_Antoinette/Chapter_06_THE_DAUPHINE/part_05.md | blocks 15358 | 407m | 38 blk/min | 1 links to repair
[749/3021] ok Authors/Belloc/Atomized/Marie_Antoinette/Chapter_06_THE_DAUPHINE/part_08.md | blocks 15365 | 408m | 38 blk/min
[750/3021] ok Authors/Belloc/Atomized/Marie_Antoinette/Chapter_06_THE_DAUPHINE/part_06.md | blocks 15378 | 408m | 38 blk/min | 1 links to repair
[751/3021] ok Authors/Belloc/Atomized/Marie_Antoinette/Chapter_06_THE_DAUPHINE/part_07.md | blocks 15394 | 408m | 38 blk/min | 1 links to repair
[752/3021] ok Authors/Belloc/Atomized/Marie_Antoinette/Chapter_07_THE_THREE_YEARS/part_01.md | blocks 15407 | 409m | 38 blk/min
[753/3021] ok Authors/Belloc/Atomized/Marie_Antoinette/Chapter_07_THE_THREE_YEARS/part_02.md | blocks 15418 | 410m | 38 blk/min | 2 links to repair
[754/3021] ok Authors/Belloc/Atomized/Marie_Antoinette/Chapter_07_THE_THREE_YEARS/part_03.md | blocks 15433 | 410m | 38 blk/min
[755/3021] ok Authors/Belloc/Atomized/Marie_Antoinette/Chapter_07_THE_THREE_YEARS/part_04.md | blocks 15445 | 410m | 38 blk/min
[756/3021] ok Authors/Belloc/Atomized/Marie_Antoinette/Chapter_07_THE_THREE_YEARS/part_05.md | blocks 15461 | 411m | 38 blk/min | 2 links to repair
[757/3021] ok Authors/Belloc/Atomized/Marie_Antoinette/Chapter_07_THE_THREE_YEARS/part_06.md | blocks 15471 | 412m | 38 blk/min | 2 links to repair
[758/3021] ok Authors/Belloc/Atomized/Marie_Antoinette/Chapter_07_THE_THREE_YEARS/part_07.md | blocks 15481 | 412m | 38 blk/min | 3 links to repair
[759/3021] ok Authors/Belloc/Atomized/Marie_Antoinette/Chapter_07_THE_THREE_YEARS/part_08.md | blocks 15494 | 412m | 38 blk/min
[760/3021] ok Authors/Belloc/Atomized/Marie_Antoinette/Chapter_07_THE_THREE_YEARS/part_09.md | blocks 15507 | 414m | 37 blk/min
[761/3021] ok Authors/Belloc/Atomized/Marie_Antoinette/Chapter_07_THE_THREE_YEARS/part_10.md | blocks 15519 | 414m | 37 blk/min | 1 links to repair
[762/3021] ok Authors/Belloc/Atomized/Marie_Antoinette/Chapter_07_THE_THREE_YEARS/part_11.md | blocks 15533 | 414m | 37 blk/min | 1 links to repair
[763/3021] ok Authors/Belloc/Atomized/Marie_Antoinette/Chapter_07_THE_THREE_YEARS/part_12.md | blocks 15545 | 414m | 38 blk/min | 2 links to repair
[764/3021] ok Authors/Belloc/Atomized/Marie_Antoinette/Chapter_07_THE_THREE_YEARS/part_13.md | blocks 15558 | 416m | 37 blk/min | 1 links to repair
[765/3021] ok Authors/Belloc/Atomized/Marie_Antoinette/Chapter_07_THE_THREE_YEARS/part_16.md | blocks 15568 | 416m | 37 blk/min
[766/3021] ok Authors/Belloc/Atomized/Marie_Antoinette/Chapter_07_THE_THREE_YEARS/part_15.md | blocks 15580 | 416m | 37 blk/min
[767/3021] ok Authors/Belloc/Atomized/Marie_Antoinette/Chapter_07_THE_THREE_YEARS/part_14.md | blocks 15595 | 416m | 37 blk/min
[768/3021] ok Authors/Belloc/Atomized/Marie_Antoinette/Chapter_08_THE_CHILDREN/part_02.md | blocks 15610 | 418m | 37 blk/min | 1 links to repair
[769/3021] ok Authors/Belloc/Atomized/Marie_Antoinette/Chapter_08_THE_CHILDREN/part_01.md | blocks 15622 | 418m | 37 blk/min | 7 links to repair
[770/3021] ok Authors/Belloc/Atomized/Marie_Antoinette/Chapter_08_THE_CHILDREN/part_04.md | blocks 15637 | 419m | 37 blk/min | 2 links to repair
[771/3021] ok Authors/Belloc/Atomized/Marie_Antoinette/Chapter_08_THE_CHILDREN/part_03.md | blocks 15649 | 419m | 37 blk/min | 1 links to repair
[772/3021] ok Authors/Belloc/Atomized/Marie_Antoinette/Chapter_09_FIGARO/part_01.md | blocks 15662 | 420m | 37 blk/min
[773/3021] ok Authors/Belloc/Atomized/Marie_Antoinette/Chapter_09_FIGARO/part_02.md | blocks 15669 | 421m | 37 blk/min
[774/3021] ok Authors/Belloc/Atomized/Marie_Antoinette/Chapter_08_THE_CHILDREN/part_05.md | blocks 15683 | 421m | 37 blk/min | 1 links to repair
[775/3021] ok Authors/Belloc/Atomized/Marie_Antoinette/Chapter_09_FIGARO/part_03.md | blocks 15696 | 422m | 37 blk/min | 1 links to repair
[776/3021] ok Authors/Belloc/Atomized/Marie_Antoinette/Chapter_09_FIGARO/part_04.md | blocks 15708 | 423m | 37 blk/min
[777/3021] ok Authors/Belloc/Atomized/Marie_Antoinette/Chapter_09_FIGARO/part_05.md | blocks 15720 | 423m | 37 blk/min
[778/3021] ok Authors/Belloc/Atomized/Marie_Antoinette/Chapter_09_FIGARO/part_06.md | blocks 15732 | 423m | 37 blk/min
[779/3021] ok Authors/Belloc/Atomized/Marie_Antoinette/Chapter_09_FIGARO/part_07.md | blocks 15743 | 424m | 37 blk/min
[780/3021] ok Authors/Belloc/Atomized/Marie_Antoinette/Chapter_10_THE_DIAMOND_NECKLACE/part_01.md | blocks 15761 | 425m | 37 blk/min
[781/3021] ok Authors/Belloc/Atomized/Marie_Antoinette/Chapter_09_FIGARO/part_08.md | blocks 15774 | 425m | 37 blk/min
[782/3021] ok Authors/Belloc/Atomized/Marie_Antoinette/Chapter_10_THE_DIAMOND_NECKLACE/part_02.md | blocks 15788 | 425m | 37 blk/min
[783/3021] ok Authors/Belloc/Atomized/Marie_Antoinette/Chapter_10_THE_DIAMOND_NECKLACE/part_03.md | blocks 15801 | 426m | 37 blk/min
[784/3021] ok Authors/Belloc/Atomized/Marie_Antoinette/Chapter_10_THE_DIAMOND_NECKLACE/part_06.md | blocks 15810 | 427m | 37 blk/min
[785/3021] ok Authors/Belloc/Atomized/Marie_Antoinette/Chapter_10_THE_DIAMOND_NECKLACE/part_04.md | blocks 15825 | 427m | 37 blk/min
[786/3021] ok Authors/Belloc/Atomized/Marie_Antoinette/Chapter_10_THE_DIAMOND_NECKLACE/part_05.md | blocks 15838 | 427m | 37 blk/min
[787/3021] ok Authors/Belloc/Atomized/Marie_Antoinette/Chapter_11_THE_NOTABLES/part_04.md | blocks 15850 | 428m | 37 blk/min
[788/3021] ok Authors/Belloc/Atomized/Marie_Antoinette/Chapter_11_THE_NOTABLES/part_02.md | blocks 15860 | 429m | 37 blk/min
[789/3021] ok Authors/Belloc/Atomized/Marie_Antoinette/Chapter_11_THE_NOTABLES/part_03.md | blocks 15870 | 429m | 37 blk/min
[790/3021] ok Authors/Belloc/Atomized/Marie_Antoinette/Chapter_11_THE_NOTABLES/part_01.md | blocks 15889 | 429m | 37 blk/min | 1 links to repair
[791/3021] ok Authors/Belloc/Atomized/Marie_Antoinette/Chapter_11_THE_NOTABLES/part_06.md | blocks 15905 | 431m | 37 blk/min
[792/3021] ok Authors/Belloc/Atomized/Marie_Antoinette/Chapter_11_THE_NOTABLES/part_05.md | blocks 15917 | 431m | 37 blk/min | 1 links to repair
[793/3021] ok Authors/Belloc/Atomized/Marie_Antoinette/Chapter_11_THE_NOTABLES/part_07.md | blocks 15926 | 432m | 37 blk/min | 1 links to repair
[794/3021] ok Authors/Belloc/Atomized/Marie_Antoinette/Chapter_12_THE_BASTILLE/part_01.md | blocks 15940 | 433m | 37 blk/min
[795/3021] ok Authors/Belloc/Atomized/Marie_Antoinette/Chapter_11_THE_NOTABLES/part_08.md | blocks 15955 | 433m | 37 blk/min | 2 links to repair
[796/3021] ok Authors/Belloc/Atomized/Marie_Antoinette/Chapter_12_THE_BASTILLE/part_02.md | blocks 15963 | 433m | 37 blk/min
[797/3021] ok Authors/Belloc/Atomized/Marie_Antoinette/Chapter_12_THE_BASTILLE/part_03.md | blocks 15973 | 434m | 37 blk/min | 3 links to repair
[798/3021] ok Authors/Belloc/Atomized/Marie_Antoinette/Chapter_12_THE_BASTILLE/part_05.md | blocks 15987 | 435m | 37 blk/min
[799/3021] ok Authors/Belloc/Atomized/Marie_Antoinette/Chapter_12_THE_BASTILLE/part_04.md | blocks 15998 | 435m | 37 blk/min
[800/3021] ok Authors/Belloc/Atomized/Marie_Antoinette/Chapter_12_THE_BASTILLE/part_06.md | blocks 16014 | 435m | 37 blk/min
[801/3021] ok Authors/Belloc/Atomized/Marie_Antoinette/Chapter_12_THE_BASTILLE/part_07.md | blocks 16023 | 436m | 37 blk/min
[802/3021] ok Authors/Belloc/Atomized/Marie_Antoinette/Chapter_12_THE_BASTILLE/part_08.md | blocks 16036 | 436m | 37 blk/min
2026-08-01 01:12:03 [orch] up | pid=44025 | dickens_pid=none | authors=Belloc Conan_Doyle Bronte Austen
2026-08-01 01:12:03 [orch] Dickens run finished -> starting authors
2026-08-01 01:12:03 [orch] === START Belloc ===
### author run: Belloc
### HY Dickens run | model=hy-mt1.5-7b host=http://localhost:1234 | workers=4 | pending atoms=2224
cache warm with 77503 blocks
[1/2224] ok Authors/Belloc/Atomized/Marie_Antoinette/Chapter_13_OCTOBER/part_01.md | blocks 13 | 1m | 10 blk/min
[2/2224] ok Authors/Belloc/Atomized/Marie_Antoinette/Chapter_13_OCTOBER/part_03.md | blocks 24 | 2m | 15 blk/min
[3/2224] ok Authors/Belloc/Atomized/Marie_Antoinette/Chapter_13_OCTOBER/part_04.md | blocks 36 | 2m | 17 blk/min | 1 links to repair
[4/2224] ok Authors/Belloc/Atomized/Marie_Antoinette/Chapter_13_OCTOBER/part_02.md | blocks 46 | 3m | 18 blk/min | 1 links to repair
[5/2224] ok Authors/Belloc/Atomized/Marie_Antoinette/Chapter_13_OCTOBER/part_05.md | blocks 59 | 3m | 17 blk/min
[6/2224] ok Authors/Belloc/Atomized/Marie_Antoinette/Chapter_13_OCTOBER/part_06.md | blocks 73 | 4m | 20 blk/min
[7/2224] ok Authors/Belloc/Atomized/Marie_Antoinette/Chapter_13_OCTOBER/part_07.md | blocks 87 | 4m | 20 blk/min
[8/2224] ok Authors/Belloc/Atomized/Marie_Antoinette/Chapter_13_OCTOBER/part_08.md | blocks 98 | 5m | 21 blk/min
[9/2224] ok Authors/Belloc/Atomized/Marie_Antoinette/Chapter_13_OCTOBER/part_09.md | blocks 109 | 5m | 20 blk/min
[10/2224] ok Authors/Belloc/Atomized/Marie_Antoinette/Chapter_14_MIRABEAU/part_01.md | blocks 122 | 7m | 19 blk/min | 1 links to repair
[11/2224] ok Authors/Belloc/Atomized/Marie_Antoinette/Chapter_14_MIRABEAU/part_03.md | blocks 130 | 7m | 20 blk/min | 2 links to repair
[12/2224] ok Authors/Belloc/Atomized/Marie_Antoinette/Chapter_14_MIRABEAU/part_02.md | blocks 137 | 7m | 20 blk/min | 1 links to repair
[13/2224] ok Authors/Belloc/Atomized/Marie_Antoinette/Chapter_14_MIRABEAU/part_06.md | blocks 147 | 9m | 17 blk/min
[14/2224] ok Authors/Belloc/Atomized/Marie_Antoinette/Chapter_14_MIRABEAU/part_07.md | blocks 158 | 9m | 18 blk/min | 1 links to repair
[15/2224] ok Authors/Belloc/Atomized/Marie_Antoinette/Chapter_14_MIRABEAU/part_05.md | blocks 172 | 9m | 20 blk/min
[16/2224] ok Authors/Belloc/Atomized/Marie_Antoinette/Chapter_14_MIRABEAU/part_04.md | blocks 182 | 9m | 20 blk/min
[17/2224] ok Authors/Belloc/Atomized/Marie_Antoinette/Chapter_15_VARENNES/part_01.md | blocks 198 | 11m | 18 blk/min
[18/2224] ok Authors/Belloc/Atomized/Marie_Antoinette/Chapter_14_MIRABEAU/part_08.md | blocks 215 | 11m | 20 blk/min
[19/2224] ok Authors/Belloc/Atomized/Marie_Antoinette/Chapter_15_VARENNES/part_03.md | blocks 228 | 11m | 21 blk/min | 1 links to repair
[20/2224] ok Authors/Belloc/Atomized/Marie_Antoinette/Chapter_15_VARENNES/part_02.md | blocks 242 | 12m | 20 blk/min | 1 links to repair
[21/2224] ok Authors/Belloc/Atomized/Marie_Antoinette/Chapter_15_VARENNES/part_04.md | blocks 259 | 13m | 20 blk/min
[22/2224] ok Authors/Belloc/Atomized/Marie_Antoinette/Chapter_15_VARENNES/part_05.md | blocks 271 | 13m | 21 blk/min
[23/2224] ok Authors/Belloc/Atomized/Marie_Antoinette/Chapter_15_VARENNES/part_06.md | blocks 284 | 13m | 22 blk/min
[24/2224] ok Authors/Belloc/Atomized/Marie_Antoinette/Chapter_15_VARENNES/part_07.md | blocks 294 | 14m | 21 blk/min
[25/2224] ok Authors/Belloc/Atomized/Marie_Antoinette/Chapter_15_VARENNES/part_08.md | blocks 312 | 15m | 21 blk/min
[26/2224] ok Authors/Belloc/Atomized/Marie_Antoinette/Chapter_15_VARENNES/part_09.md | blocks 326 | 15m | 22 blk/min
[27/2224] ok Authors/Belloc/Atomized/Marie_Antoinette/Chapter_15_VARENNES/part_10.md | blocks 344 | 15m | 23 blk/min
[28/2224] ok Authors/Belloc/Atomized/Marie_Antoinette/Chapter_16_THE_WAR/part_01.md | blocks 362 | 16m | 23 blk/min
[29/2224] ok Authors/Belloc/Atomized/Marie_Antoinette/Chapter_16_THE_WAR/part_02.md | blocks 375 | 17m | 22 blk/min
[30/2224] ok Authors/Belloc/Atomized/Marie_Antoinette/Chapter_16_THE_WAR/part_03.md | blocks 388 | 17m | 23 blk/min
[31/2224] ok Authors/Belloc/Atomized/Marie_Antoinette/Chapter_16_THE_WAR/part_04.md | blocks 401 | 17m | 23 blk/min | 2 links to repair
[32/2224] ok Authors/Belloc/Atomized/Marie_Antoinette/Chapter_16_THE_WAR/part_05.md | blocks 420 | 18m | 23 blk/min
[33/2224] ok Authors/Belloc/Atomized/Marie_Antoinette/Chapter_17_THE_FALL_OF_THE_PALACE/part_02.md | blocks 438 | 19m | 23 blk/min
[34/2224] ok Authors/Belloc/Atomized/Marie_Antoinette/Chapter_17_THE_FALL_OF_THE_PALACE/part_03.md | blocks 453 | 19m | 23 blk/min
[35/2224] ok Authors/Belloc/Atomized/Marie_Antoinette/Chapter_17_THE_FALL_OF_THE_PALACE/part_01.md | blocks 479 | 20m | 24 blk/min | 1 links to repair
[36/2224] ok Authors/Belloc/Atomized/Marie_Antoinette/Chapter_17_THE_FALL_OF_THE_PALACE/part_04.md | blocks 491 | 21m | 24 blk/min | 1 links to repair
[37/2224] ok Authors/Belloc/Atomized/Marie_Antoinette/Chapter_17_THE_FALL_OF_THE_PALACE/part_05.md | blocks 503 | 21m | 24 blk/min
[38/2224] ok Authors/Belloc/Atomized/Marie_Antoinette/Chapter_17_THE_FALL_OF_THE_PALACE/part_06.md | blocks 520 | 21m | 25 blk/min
[39/2224] ok Authors/Belloc/Atomized/Marie_Antoinette/Chapter_18_THE_TEMPLE/part_01.md | blocks 533 | 22m | 24 blk/min
[40/2224] ok Authors/Belloc/Atomized/Marie_Antoinette/Chapter_18_THE_TEMPLE/part_02.md | blocks 548 | 23m | 24 blk/min
[41/2224] ok Authors/Belloc/Atomized/Marie_Antoinette/Chapter_18_THE_TEMPLE/part_03.md | blocks 567 | 23m | 24 blk/min
[42/2224] ok Authors/Belloc/Atomized/Marie_Antoinette/Chapter_18_THE_TEMPLE/part_04.md | blocks 581 | 23m | 25 blk/min
[43/2224] ok Authors/Belloc/Atomized/Marie_Antoinette/Chapter_18_THE_TEMPLE/part_05.md | blocks 595 | 24m | 25 blk/min | 1 links to repair
[44/2224] ok Authors/Belloc/Atomized/Marie_Antoinette/Chapter_18_THE_TEMPLE/part_06.md | blocks 606 | 25m | 24 blk/min | 2 links to repair
[45/2224] ok Authors/Belloc/Atomized/Marie_Antoinette/Chapter_18_THE_TEMPLE/part_07.md | blocks 620 | 25m | 25 blk/min
[46/2224] ok Authors/Belloc/Atomized/Marie_Antoinette/Chapter_18_THE_TEMPLE/part_09.md | blocks 638 | 25m | 25 blk/min
REJECT Authors/Belloc/Atomized/Marie_Antoinette/Chapter_18_THE_TEMPLE/part_08.md: leftover mask token(s): 1 (e.g. [[L02..)
[48/2224] ok Authors/Belloc/Atomized/Marie_Antoinette/Chapter_19_THE_HOSTAGE/part_02.md | blocks 647 | 27m | 24 blk/min
[49/2224] ok Authors/Belloc/Atomized/Marie_Antoinette/Chapter_19_THE_HOSTAGE/part_04.md | blocks 664 | 28m | 24 blk/min | 1 links to repair
[50/2224] ok Authors/Belloc/Atomized/Marie_Antoinette/Chapter_19_THE_HOSTAGE/part_01.md | blocks 679 | 28m | 24 blk/min | 1 links to repair
[51/2224] ok Authors/Belloc/Atomized/Marie_Antoinette/Chapter_19_THE_HOSTAGE/part_03.md | blocks 694 | 28m | 25 blk/min
[52/2224] ok Authors/Belloc/Atomized/Marie_Antoinette/Chapter_19_THE_HOSTAGE/part_05.md | blocks 708 | 29m | 24 blk/min
[53/2224] ok Authors/Belloc/Atomized/Marie_Antoinette/Chapter_20_THE_HUNGER_OF_MAUBEUGE/part_01.md | blocks 724 | 30m | 24 blk/min
[54/2224] ok Authors/Belloc/Atomized/Marie_Antoinette/Chapter_19_THE_HOSTAGE/part_06.md | blocks 742 | 30m | 25 blk/min
[55/2224] ok Authors/Belloc/Atomized/Marie_Antoinette/Chapter_20_THE_HUNGER_OF_MAUBEUGE/part_02.md | blocks 756 | 30m | 25 blk/min | 1 links to repair
[56/2224] ok Authors/Belloc/Atomized/Marie_Antoinette/Chapter_20_THE_HUNGER_OF_MAUBEUGE/part_03.md | blocks 771 | 31m | 25 blk/min
[57/2224] ok Authors/Belloc/Atomized/Marie_Antoinette/Chapter_21_WATTIGNIES/part_01.md | blocks 790 | 32m | 25 blk/min
[58/2224] ok Authors/Belloc/Atomized/Marie_Antoinette/Chapter_20_THE_HUNGER_OF_MAUBEUGE/part_04.md | blocks 804 | 32m | 25 blk/min
[59/2224] ok Authors/Belloc/Atomized/Marie_Antoinette/Chapter_21_WATTIGNIES/part_02.md | blocks 824 | 32m | 26 blk/min
[60/2224] ok Authors/Belloc/Atomized/Marie_Antoinette/Chapter_21_WATTIGNIES/part_03.md | blocks 843 | 34m | 25 blk/min
[61/2224] ok Authors/Belloc/Atomized/Marie_Antoinette/Chapter_21_WATTIGNIES/part_04.md | blocks 860 | 34m | 25 blk/min
[62/2224] ok Authors/Belloc/Atomized/Marie_Antoinette/Chapter_21_WATTIGNIES/part_06.md | blocks 874 | 34m | 26 blk/min
[63/2224] ok Authors/Belloc/Atomized/Marie_Antoinette/Chapter_21_WATTIGNIES/part_05.md | blocks 889 | 34m | 26 blk/min | 1 links to repair
[64/2224] ok Authors/Belloc/Atomized/Marie_Antoinette/Chapter_21_WATTIGNIES/part_07.md | blocks 907 | 36m | 25 blk/min
[65/2224] ok Authors/Belloc/Atomized/Marie_Antoinette/Chapter_21_WATTIGNIES/part_08.md | blocks 927 | 36m | 26 blk/min
[66/2224] ok Authors/Belloc/Atomized/Marie_Antoinette/Chapter_21_WATTIGNIES/part_09.md | blocks 950 | 36m | 26 blk/min | 1 links to repair
[67/2224] ok Authors/Belloc/Atomized/Marie_Antoinette/Chapter_21_WATTIGNIES/part_10.md | blocks 976 | 36m | 27 blk/min
[68/2224] ok Authors/Belloc/Atomized/Marie_Antoinette/Chapter_21_WATTIGNIES/part_11.md | blocks 993 | 38m | 26 blk/min
[69/2224] ok Authors/Belloc/Atomized/More_Beasts_for_Worse_Children/Story_01_DEDICATION.md | blocks 998 | 38m | 27 blk/min
[70/2224] ok Authors/Belloc/Atomized/More_Beasts_for_Worse_Children/Story_02_INTRODUCTION.md | blocks 1031 | 38m | 27 blk/min
[71/2224] ok Authors/Belloc/Atomized/Marie_Antoinette/Chapter_21_WATTIGNIES/part_13.md | blocks 1044 | 38m | 27 blk/min
[72/2224] ok Authors/Belloc/Atomized/More_Beasts_for_Worse_Children/Story_04_The_Welsh_Mutton.md | blocks 1051 | 38m | 28 blk/min
[73/2224] ok Authors/Belloc/Atomized/Marie_Antoinette/Chapter_21_WATTIGNIES/part_12.md | blocks 1073 | 38m | 28 blk/min
[74/2224] ok Authors/Belloc/Atomized/More_Beasts_for_Worse_Children/Story_06_The_Scorpion.md | blocks 1080 | 38m | 28 blk/min
[75/2224] ok Authors/Belloc/Atomized/More_Beasts_for_Worse_Children/Story_03_The_Python.md | blocks 1098 | 38m | 29 blk/min
[76/2224] ok Authors/Belloc/Atomized/More_Beasts_for_Worse_Children/Story_05_The_Porcupine.md | blocks 1109 | 38m | 29 blk/min | 1 links to repair
[77/2224] ok Authors/Belloc/Atomized/More_Beasts_for_Worse_Children/Story_09_The_Bison.md | blocks 1117 | 38m | 29 blk/min
[78/2224] ok Authors/Belloc/Atomized/More_Beasts_for_Worse_Children/Story_08_The_Vulture.md | blocks 1128 | 38m | 29 blk/min
[79/2224] ok Authors/Belloc/Atomized/More_Beasts_for_Worse_Children/Story_10_The_Viper.md | blocks 1137 | 38m | 30 blk/min
[80/2224] ok Authors/Belloc/Atomized/More_Beasts_for_Worse_Children/Story_07_The_Crocodile.md | blocks 1160 | 39m | 30 blk/min
[81/2224] ok Authors/Belloc/Atomized/More_Beasts_for_Worse_Children/Story_12_The_Chamois.md | blocks 1169 | 39m | 30 blk/min
[82/2224] ok Authors/Belloc/Atomized/More_Beasts_for_Worse_Children/Story_11_The_Llama.md | blocks 1186 | 39m | 31 blk/min
[83/2224] ok Authors/Belloc/Atomized/More_Beasts_for_Worse_Children/Story_13_The_Frozen_Mammoth.md | blocks 1199 | 39m | 31 blk/min
[84/2224] ok Authors/Belloc/Atomized/More_Peers/Story_02_Lord_Calvin.md | blocks 1207 | 39m | 31 blk/min
[85/2224] ok Authors/Belloc/Atomized/More_Beasts_for_Worse_Children/Story_14_The_Microbe.md | blocks 1226 | 39m | 32 blk/min
[86/2224] ok Authors/Belloc/Atomized/Marie_Antoinette/Chapter_21_WATTIGNIES/part_14.md | blocks 1249 | 39m | 32 blk/min
[87/2224] ok Authors/Belloc/Atomized/More_Peers/Story_04_Lord_Heygate.md | blocks 1260 | 39m | 32 blk/min
[88/2224] ok Authors/Belloc/Atomized/More_Peers/Story_03_Lord_Henry_Chase.md | blocks 1273 | 39m | 33 blk/min
[89/2224] ok Authors/Belloc/Atomized/More_Peers/Story_06_Lord_Finchley.md | blocks 1281 | 39m | 33 blk/min
[90/2224] ok Authors/Belloc/Atomized/More_Peers/Story_05_Lord_Epsom.md | blocks 1300 | 39m | 33 blk/min
[91/2224] ok Authors/Belloc/Atomized/More_Peers/Story_07_Lord_Ali_Baba.md | blocks 1318 | 39m | 34 blk/min
[92/2224] ok Authors/Belloc/Atomized/More_Peers/Story_01_Lord_Roehampton.md | blocks 1370 | 39m | 35 blk/min
[93/2224] ok Authors/Belloc/Atomized/More_Peers/Story_09_Lord_Uncle_Tom.md | blocks 1389 | 39m | 35 blk/min
[94/2224] ok Authors/Belloc/Atomized/More_Peers/Story_11_Lord_Canton.md | blocks 1399 | 39m | 36 blk/min
[95/2224] ok Authors/Belloc/Atomized/More_Peers/Story_12_Lord_Abbott.md | blocks 1408 | 39m | 36 blk/min
[96/2224] ok Authors/Belloc/Atomized/More_Peers/Story_08_Lord_Hippo.md | blocks 1455 | 40m | 37 blk/min
[97/2224] ok Authors/Belloc/Atomized/More_Peers/Story_10_Lord_Lucky.md | blocks 1497 | 40m | 38 blk/min
[98/2224] ok Authors/Belloc/Atomized/Mr_Belloc_Still_Objects_to_Mr_Wellss_Outline_of_Hi/Story_02_MR_WELLSS_GENERAL_GRIEVANCES/part_01.md | blocks 1519 | 41m | 37 blk/min
[99/2224] ok Authors/Belloc/Atomized/Mr_Belloc_Still_Objects_to_Mr_Wellss_Outline_of_Hi/Story_02_MR_WELLSS_GENERAL_GRIEVANCES/part_02.md | blocks 1535 | 42m | 37 blk/min
[100/2224] ok Authors/Belloc/Atomized/Mr_Belloc_Still_Objects_to_Mr_Wellss_Outline_of_Hi/Story_02_MR_WELLSS_GENERAL_GRIEVANCES/part_03.md | blocks 1553 | 42m | 37 blk/min
[101/2224] ok Authors/Belloc/Atomized/Mr_Belloc_Still_Objects_to_Mr_Wellss_Outline_of_Hi/Story_01_INTRODUCTION.md | blocks 1578 | 42m | 38 blk/min
[102/2224] ok Authors/Belloc/Atomized/Mr_Belloc_Still_Objects_to_Mr_Wellss_Outline_of_Hi/Story_02_MR_WELLSS_GENERAL_GRIEVANCES/part_04.md | blocks 1588 | 43m | 37 blk/min
[103/2224] ok Authors/Belloc/Atomized/Mr_Belloc_Still_Objects_to_Mr_Wellss_Outline_of_Hi/Story_03_MR_WELLS_AS_BIOLOGIST/part_03.md | blocks 1602 | 43m | 37 blk/min
[104/2224] ok Authors/Belloc/Atomized/Mr_Belloc_Still_Objects_to_Mr_Wellss_Outline_of_Hi/Story_03_MR_WELLS_AS_BIOLOGIST/part_01.md | blocks 1631 | 43m | 38 blk/min
[105/2224] ok Authors/Belloc/Atomized/Mr_Belloc_Still_Objects_to_Mr_Wellss_Outline_of_Hi/Story_03_MR_WELLS_AS_BIOLOGIST/part_02.md | blocks 1661 | 44m | 38 blk/min
[106/2224] ok Authors/Belloc/Atomized/Mr_Belloc_Still_Objects_to_Mr_Wellss_Outline_of_Hi/Story_05_MY_ERRORS/part_03.md | blocks 1676 | 45m | 38 blk/min
[107/2224] ok Authors/Belloc/Atomized/Mr_Belloc_Still_Objects_to_Mr_Wellss_Outline_of_Hi/Story_05_MY_ERRORS/part_01.md | blocks 1697 | 45m | 38 blk/min | 1 links to repair
[108/2224] ok Authors/Belloc/Atomized/Mr_Belloc_Still_Objects_to_Mr_Wellss_Outline_of_Hi/Story_05_MY_ERRORS/part_02.md | blocks 1723 | 46m | 38 blk/min
[109/2224] ok Authors/Belloc/Atomized/Mr_Clutterbucks_Election/Chapter_01.md | blocks 1731 | 46m | 38 blk/min
[110/2224] ok Authors/Belloc/Atomized/Mr_Belloc_Still_Objects_to_Mr_Wellss_Outline_of_Hi/Story_04_MR_WELLSS_IGNORANCE_OF_THE_CATHOLIC_CHUR.md | blocks 1756 | 46m | 38 blk/min
[111/2224] ok Authors/Belloc/Atomized/Mr_Belloc_Still_Objects_to_Mr_Wellss_Outline_of_Hi/Story_07_THE_GREAT_ROSY_DAWN.md | blocks 1776 | 47m | 38 blk/min
[112/2224] ok Authors/Belloc/Atomized/Mr_Belloc_Still_Objects_to_Mr_Wellss_Outline_of_Hi/Story_06_MR_WELLS_SHIRKS.md | blocks 1802 | 47m | 38 blk/min | 1 links to repair
[113/2224] ok Authors/Belloc/Atomized/Mr_Clutterbucks_Election/Chapter_02/part_01.md | blocks 1820 | 48m | 38 blk/min
[114/2224] ok Authors/Belloc/Atomized/Mr_Clutterbucks_Election/Chapter_02/part_02.md | blocks 1849 | 48m | 39 blk/min
[115/2224] ok Authors/Belloc/Atomized/Mr_Clutterbucks_Election/Chapter_02/part_03.md | blocks 1863 | 49m | 38 blk/min | 1 links to repair
[116/2224] ok Authors/Belloc/Atomized/Mr_Clutterbucks_Election/Chapter_02/part_04.md | blocks 1883 | 49m | 38 blk/min | 2 links to repair
[117/2224] ok Authors/Belloc/Atomized/Mr_Clutterbucks_Election/Chapter_02/part_05.md | blocks 1895 | 49m | 38 blk/min
[118/2224] ok Authors/Belloc/Atomized/Mr_Clutterbucks_Election/Chapter_02/part_06.md | blocks 1912 | 50m | 39 blk/min
[119/2224] ok Authors/Belloc/Atomized/Mr_Clutterbucks_Election/Chapter_03/part_01.md | blocks 1930 | 51m | 38 blk/min
[120/2224] ok Authors/Belloc/Atomized/Mr_Clutterbucks_Election/Chapter_04/part_01.md | blocks 1945 | 51m | 38 blk/min
[121/2224] ok Authors/Belloc/Atomized/Mr_Clutterbucks_Election/Chapter_03/part_02.md | blocks 1955 | 51m | 38 blk/min
[122/2224] ok Authors/Belloc/Atomized/Mr_Clutterbucks_Election/Chapter_03/part_03.md | blocks 1971 | 51m | 38 blk/min | 2 links to repair
[123/2224] ok Authors/Belloc/Atomized/Mr_Clutterbucks_Election/Chapter_04/part_05.md | blocks 1990 | 53m | 38 blk/min
[124/2224] ok Authors/Belloc/Atomized/Mr_Clutterbucks_Election/Chapter_04/part_02.md | blocks 2004 | 53m | 38 blk/min
[125/2224] ok Authors/Belloc/Atomized/Mr_Clutterbucks_Election/Chapter_04/part_03.md | blocks 2020 | 53m | 38 blk/min
[126/2224] ok Authors/Belloc/Atomized/Mr_Clutterbucks_Election/Chapter_04/part_04.md | blocks 2043 | 53m | 38 blk/min | 1 links to repair
[127/2224] ok Authors/Belloc/Atomized/Mr_Clutterbucks_Election/Chapter_05/part_02.md | blocks 2056 | 55m | 38 blk/min
[128/2224] ok Authors/Belloc/Atomized/Mr_Clutterbucks_Election/Chapter_05/part_01.md | blocks 2072 | 55m | 38 blk/min
[129/2224] ok Authors/Belloc/Atomized/Mr_Clutterbucks_Election/Chapter_05/part_03.md | blocks 2108 | 55m | 38 blk/min
[130/2224] ok Authors/Belloc/Atomized/Mr_Clutterbucks_Election/Chapter_05/part_04.md | blocks 2127 | 55m | 38 blk/min
[131/2224] ok Authors/Belloc/Atomized/Mr_Clutterbucks_Election/Chapter_05/part_05.md | blocks 2137 | 56m | 38 blk/min
[132/2224] ok Authors/Belloc/Atomized/Mr_Clutterbucks_Election/Chapter_06/part_01.md | blocks 2152 | 57m | 38 blk/min
[133/2224] ok Authors/Belloc/Atomized/Mr_Clutterbucks_Election/Chapter_06/part_02.md | blocks 2174 | 57m | 38 blk/min
[134/2224] ok Authors/Belloc/Atomized/Mr_Clutterbucks_Election/Chapter_06/part_03.md | blocks 2190 | 57m | 38 blk/min
[135/2224] ok Authors/Belloc/Atomized/Mr_Clutterbucks_Election/Chapter_06/part_04.md | blocks 2207 | 58m | 38 blk/min
[136/2224] ok Authors/Belloc/Atomized/Mr_Clutterbucks_Election/Chapter_06/part_06.md | blocks 2232 | 58m | 38 blk/min
[137/2224] ok Authors/Belloc/Atomized/Mr_Clutterbucks_Election/Chapter_06/part_05.md | blocks 2272 | 59m | 39 blk/min
[138/2224] ok Authors/Belloc/Atomized/Mr_Clutterbucks_Election/Chapter_07/part_01.md | blocks 2285 | 59m | 39 blk/min | 1 links to repair
[139/2224] ok Authors/Belloc/Atomized/Mr_Clutterbucks_Election/Chapter_07/part_02.md | blocks 2304 | 60m | 38 blk/min
[140/2224] ok Authors/Belloc/Atomized/Mr_Clutterbucks_Election/Chapter_07/part_03.md | blocks 2327 | 60m | 39 blk/min
[141/2224] ok Authors/Belloc/Atomized/Mr_Clutterbucks_Election/Chapter_07/part_04.md | blocks 2346 | 61m | 39 blk/min
[142/2224] ok Authors/Belloc/Atomized/Mr_Clutterbucks_Election/Chapter_08/part_01.md | blocks 2362 | 61m | 39 blk/min
[143/2224] ok Authors/Belloc/Atomized/Mr_Clutterbucks_Election/Chapter_08/part_02.md | blocks 2379 | 62m | 38 blk/min
[144/2224] ok Authors/Belloc/Atomized/Mr_Clutterbucks_Election/Chapter_08/part_03.md | blocks 2391 | 62m | 38 blk/min
[145/2224] ok Authors/Belloc/Atomized/Mr_Clutterbucks_Election/Chapter_08/part_04.md | blocks 2406 | 62m | 39 blk/min
[146/2224] ok Authors/Belloc/Atomized/Mr_Clutterbucks_Election/Chapter_08/part_05.md | blocks 2425 | 63m | 38 blk/min
[147/2224] ok Authors/Belloc/Atomized/Mr_Clutterbucks_Election/Chapter_09/part_01.md | blocks 2439 | 64m | 38 blk/min | 1 links to repair
[148/2224] ok Authors/Belloc/Atomized/Mr_Clutterbucks_Election/Chapter_09/part_02.md | blocks 2465 | 64m | 38 blk/min
[149/2224] ok Authors/Belloc/Atomized/Mr_Clutterbucks_Election/Chapter_08/part_06.md | blocks 2490 | 65m | 39 blk/min
[150/2224] ok Authors/Belloc/Atomized/Mr_Clutterbucks_Election/Chapter_09/part_03.md | blocks 2512 | 65m | 39 blk/min
[151/2224] ok Authors/Belloc/Atomized/Mr_Clutterbucks_Election/Chapter_09/part_04.md | blocks 2530 | 66m | 39 blk/min
[152/2224] ok Authors/Belloc/Atomized/Mr_Clutterbucks_Election/Chapter_10/part_01.md | blocks 2561 | 66m | 39 blk/min
[153/2224] ok Authors/Belloc/Atomized/Mr_Clutterbucks_Election/Chapter_10/part_02.md | blocks 2591 | 67m | 39 blk/min
[154/2224] ok Authors/Belloc/Atomized/Mr_Clutterbucks_Election/Chapter_10/part_04.md | blocks 2614 | 67m | 39 blk/min
[155/2224] ok Authors/Belloc/Atomized/Mr_Clutterbucks_Election/Chapter_10/part_03.md | blocks 2637 | 67m | 39 blk/min
[156/2224] ok Authors/Belloc/Atomized/Mr_Clutterbucks_Election/Chapter_11/part_01.md | blocks 2652 | 68m | 39 blk/min
[157/2224] ok Authors/Belloc/Atomized/Mr_Clutterbucks_Election/Chapter_11/part_02.md | blocks 2663 | 68m | 39 blk/min
[158/2224] ok Authors/Belloc/Atomized/Mr_Clutterbucks_Election/Chapter_12/part_01.md | blocks 2697 | 69m | 39 blk/min
[159/2224] ok Authors/Belloc/Atomized/Mr_Clutterbucks_Election/Chapter_11/part_03.md | blocks 2743 | 70m | 39 blk/min
[160/2224] ok Authors/Belloc/Atomized/Mr_Clutterbucks_Election/Chapter_12/part_02.md | blocks 2756 | 70m | 39 blk/min
[161/2224] ok Authors/Belloc/Atomized/Mr_Clutterbucks_Election/Chapter_12/part_03.md | blocks 2773 | 70m | 39 blk/min
[162/2224] ok Authors/Belloc/Atomized/Mr_Clutterbucks_Election/Chapter_12/part_04.md | blocks 2802 | 71m | 39 blk/min
[163/2224] ok Authors/Belloc/Atomized/Mr_Clutterbucks_Election/Chapter_12/part_05.md | blocks 2822 | 71m | 40 blk/min
[164/2224] ok Authors/Belloc/Atomized/Mr_Clutterbucks_Election/Chapter_13/part_01.md | blocks 2845 | 72m | 39 blk/min
[165/2224] ok Authors/Belloc/Atomized/Mr_Clutterbucks_Election/Chapter_13/part_02.md | blocks 2874 | 73m | 40 blk/min
[166/2224] ok Authors/Belloc/Atomized/Mr_Clutterbucks_Election/Chapter_13/part_03.md | blocks 2895 | 73m | 40 blk/min
[167/2224] ok Authors/Belloc/Atomized/Mr_Clutterbucks_Election/Chapter_13/part_04.md | blocks 2914 | 73m | 40 blk/min
[168/2224] ok Authors/Belloc/Atomized/Mr_Clutterbucks_Election/Chapter_13/part_05.md | blocks 2926 | 74m | 40 blk/min
[169/2224] ok Authors/Belloc/Atomized/Mr_Clutterbucks_Election/Chapter_13/part_06.md | blocks 2956 | 74m | 40 blk/min
[170/2224] ok Authors/Belloc/Atomized/Mr_Clutterbucks_Election/Chapter_13/part_08.md | blocks 2989 | 75m | 40 blk/min
[171/2224] ok Authors/Belloc/Atomized/Mr_Clutterbucks_Election/Chapter_13/part_07.md | blocks 3018 | 75m | 40 blk/min
[172/2224] ok Authors/Belloc/Atomized/Mr_Clutterbucks_Election/Chapter_14/part_01.md | blocks 3056 | 76m | 40 blk/min
[173/2224] ok Authors/Belloc/Atomized/Mr_Clutterbucks_Election/Chapter_14/part_02.md | blocks 3079 | 76m | 40 blk/min
[174/2224] ok Authors/Belloc/Atomized/Mr_Clutterbucks_Election/Chapter_14/part_04.md | blocks 3099 | 77m | 40 blk/min
[175/2224] ok Authors/Belloc/Atomized/Mr_Clutterbucks_Election/Chapter_14/part_03.md | blocks 3120 | 77m | 40 blk/min
[176/2224] ok Authors/Belloc/Atomized/Mr_Clutterbucks_Election/Chapter_15/part_01.md | blocks 3149 | 78m | 40 blk/min
[177/2224] ok Authors/Belloc/Atomized/Mr_Clutterbucks_Election/Chapter_15/part_02.md | blocks 3163 | 78m | 40 blk/min
[178/2224] ok Authors/Belloc/Atomized/Mr_Clutterbucks_Election/Chapter_15/part_03.md | blocks 3194 | 79m | 41 blk/min
[179/2224] ok Authors/Belloc/Atomized/Mr_Clutterbucks_Election/Chapter_15/part_04.md | blocks 3230 | 79m | 41 blk/min
[180/2224] ok Authors/Belloc/Atomized/Mr_Petre/Chapter_01/part_01.md | blocks 3244 | 80m | 41 blk/min
[181/2224] ok Authors/Belloc/Atomized/Mr_Petre/Chapter_01/part_02.md | blocks 3261 | 80m | 41 blk/min
[182/2224] ok Authors/Belloc/Atomized/Mr_Petre/Chapter_01/part_03.md | blocks 3287 | 81m | 41 blk/min
[183/2224] ok Authors/Belloc/Atomized/Mr_Petre/Chapter_01/part_04.md | blocks 3308 | 81m | 41 blk/min | 1 links to repair
[184/2224] ok Authors/Belloc/Atomized/Mr_Petre/Chapter_02/part_01.md | blocks 3334 | 82m | 40 blk/min
[185/2224] ok Authors/Belloc/Atomized/Mr_Petre/Chapter_01/part_05.md | blocks 3356 | 83m | 41 blk/min
[186/2224] ok Authors/Belloc/Atomized/Mr_Petre/Chapter_02/part_02.md | blocks 3375 | 83m | 41 blk/min
[187/2224] ok Authors/Belloc/Atomized/Mr_Petre/Chapter_02/part_03.md | blocks 3400 | 83m | 41 blk/min
[188/2224] ok Authors/Belloc/Atomized/Mr_Petre/Chapter_02/part_04.md | blocks 3415 | 84m | 41 blk/min
REJECT Authors/Belloc/Atomized/Mr_Petre/Chapter_03/part_01.md: leftover mask token(s): 1 (e.g. [[L01..)
[190/2224] ok Authors/Belloc/Atomized/Mr_Petre/Chapter_03/part_02.md | blocks 3459 | 85m | 41 blk/min
[191/2224] ok Authors/Belloc/Atomized/Mr_Petre/Chapter_03/part_03.md | blocks 3500 | 86m | 41 blk/min
[192/2224] ok Authors/Belloc/Atomized/Mr_Petre/Chapter_04/part_01.md | blocks 3512 | 86m | 41 blk/min
[193/2224] ok Authors/Belloc/Atomized/Mr_Petre/Chapter_04/part_02.md | blocks 3541 | 87m | 41 blk/min | 1 links to repair
[194/2224] ok Authors/Belloc/Atomized/Mr_Petre/Chapter_04/part_03.md | blocks 3563 | 87m | 41 blk/min
[195/2224] ok Authors/Belloc/Atomized/Mr_Petre/Chapter_04/part_04.md | blocks 3580 | 88m | 41 blk/min
[196/2224] ok Authors/Belloc/Atomized/Mr_Petre/Chapter_04/part_05.md | blocks 3617 | 88m | 41 blk/min
[197/2224] ok Authors/Belloc/Atomized/Mr_Petre/Chapter_05/part_01.md | blocks 3636 | 89m | 41 blk/min | 1 links to repair
[198/2224] ok Authors/Belloc/Atomized/Mr_Petre/Chapter_05/part_02.md | blocks 3674 | 89m | 41 blk/min
[199/2224] ok Authors/Belloc/Atomized/Mr_Petre/Chapter_05/part_03.md | blocks 3704 | 90m | 41 blk/min
[200/2224] ok Authors/Belloc/Atomized/Mr_Petre/Chapter_05/part_04.md | blocks 3726 | 90m | 41 blk/min
[201/2224] ok Authors/Belloc/Atomized/Mr_Petre/Chapter_05/part_05.md | blocks 3746 | 91m | 41 blk/min
[202/2224] ok Authors/Belloc/Atomized/Mr_Petre/Chapter_06/part_01.md | blocks 3761 | 91m | 41 blk/min
[203/2224] ok Authors/Belloc/Atomized/Mr_Petre/Chapter_06/part_02.md | blocks 3787 | 92m | 41 blk/min
[204/2224] ok Authors/Belloc/Atomized/Mr_Petre/Chapter_06/part_03.md | blocks 3804 | 92m | 41 blk/min
[205/2224] ok Authors/Belloc/Atomized/Mr_Petre/Chapter_06/part_04.md | blocks 3822 | 93m | 41 blk/min
[206/2224] ok Authors/Belloc/Atomized/Mr_Petre/Chapter_06/part_05.md | blocks 3833 | 93m | 41 blk/min
[207/2224] ok Authors/Belloc/Atomized/Mr_Petre/Chapter_07/part_01.md | blocks 3850 | 94m | 41 blk/min
[208/2224] ok Authors/Belloc/Atomized/Mr_Petre/Chapter_07/part_02.md | blocks 3865 | 94m | 41 blk/min
[209/2224] ok Authors/Belloc/Atomized/Mr_Petre/Chapter_07/part_03.md | blocks 3889 | 95m | 41 blk/min
[210/2224] ok Authors/Belloc/Atomized/Mr_Petre/Chapter_07/part_04.md | blocks 3917 | 95m | 41 blk/min
[211/2224] ok Authors/Belloc/Atomized/Mr_Petre/Chapter_07/part_05.md | blocks 3941 | 96m | 41 blk/min
[212/2224] ok Authors/Belloc/Atomized/Mr_Petre/Chapter_07/part_06.md | blocks 3978 | 96m | 41 blk/min
[213/2224] ok Authors/Belloc/Atomized/Mr_Petre/Chapter_07/part_08.md | blocks 3994 | 96m | 42 blk/min
[214/2224] ok Authors/Belloc/Atomized/Mr_Petre/Chapter_07/part_07.md | blocks 4027 | 97m | 42 blk/min
[215/2224] ok Authors/Belloc/Atomized/Mr_Petre/Chapter_08/part_01.md | blocks 4047 | 98m | 41 blk/min | 1 links to repair
[216/2224] ok Authors/Belloc/Atomized/Mr_Petre/Chapter_08/part_02.md | blocks 4071 | 98m | 42 blk/min
[217/2224] ok Authors/Belloc/Atomized/Mr_Petre/Chapter_08/part_03.md | blocks 4117 | 98m | 42 blk/min
[218/2224] ok Authors/Belloc/Atomized/Mr_Petre/Chapter_08/part_04.md | blocks 4151 | 99m | 42 blk/min
[219/2224] ok Authors/Belloc/Atomized/Mr_Petre/Chapter_09/part_01.md | blocks 4183 | 100m | 42 blk/min
[220/2224] ok Authors/Belloc/Atomized/Mr_Petre/Chapter_08/part_05.md | blocks 4211 | 100m | 42 blk/min
[221/2224] ok Authors/Belloc/Atomized/Mr_Petre/Chapter_09/part_02.md | blocks 4260 | 100m | 42 blk/min
[222/2224] ok Authors/Belloc/Atomized/Mr_Petre/Chapter_09/part_03.md | blocks 4289 | 101m | 43 blk/min
[223/2224] ok Authors/Belloc/Atomized/Mr_Petre/Chapter_09/part_05.md | blocks 4322 | 102m | 42 blk/min
[224/2224] ok Authors/Belloc/Atomized/Mr_Petre/Chapter_09/part_04.md | blocks 4347 | 102m | 43 blk/min
[225/2224] ok Authors/Belloc/Atomized/Mr_Petre/Chapter_09/part_06.md | blocks 4378 | 102m | 43 blk/min
[226/2224] ok Authors/Belloc/Atomized/Mr_Petre/Chapter_09/part_07.md | blocks 4397 | 103m | 43 blk/min
[227/2224] ok Authors/Belloc/Atomized/Mr_Petre/Chapter_09/part_10.md | blocks 4407 | 103m | 43 blk/min
[228/2224] ok Authors/Belloc/Atomized/Mr_Petre/Chapter_09/part_09.md | blocks 4431 | 104m | 43 blk/min
[229/2224] ok Authors/Belloc/Atomized/Mr_Petre/Chapter_09/part_08.md | blocks 4483 | 104m | 43 blk/min
[230/2224] ok Authors/Belloc/Atomized/Mr_Petre/Chapter_10/part_01.md | blocks 4498 | 105m | 43 blk/min
[231/2224] ok Authors/Belloc/Atomized/Mr_Petre/Chapter_10/part_02.md | blocks 4516 | 105m | 43 blk/min
[232/2224] ok Authors/Belloc/Atomized/Mr_Petre/Chapter_10/part_03.md | blocks 4533 | 106m | 43 blk/min | 1 links to repair
[233/2224] ok Authors/Belloc/Atomized/Mr_Petre/Chapter_10/part_04.md | blocks 4558 | 107m | 43 blk/min
[234/2224] ok Authors/Belloc/Atomized/Mr_Petre/Chapter_10/part_05.md | blocks 4579 | 107m | 43 blk/min
[235/2224] ok Authors/Belloc/Atomized/Mr_Petre/Chapter_10/part_06.md | blocks 4604 | 107m | 43 blk/min
[236/2224] ok Authors/Belloc/Atomized/Mr_Petre/Chapter_10/part_07.md | blocks 4635 | 108m | 43 blk/min
[237/2224] ok Authors/Belloc/Atomized/On/Story_02_ON_AN_EDUCATIONAL_REFORM/part_01.md | blocks 4651 | 109m | 43 blk/min
[238/2224] ok Authors/Belloc/Atomized/On/Story_02_ON_AN_EDUCATIONAL_REFORM/part_02.md | blocks 4663 | 110m | 43 blk/min
[239/2224] ok Authors/Belloc/Atomized/On/Story_01_ON_ACHMET_BOULEE_BEY.md | blocks 4682 | 110m | 43 blk/min
[240/2224] ok Authors/Belloc/Atomized/On/Story_03_ON_KIND_HEARTS_BEING_MORE_THAN_CORONETS.md | blocks 4718 | 111m | 43 blk/min
[241/2224] ok Authors/Belloc/Atomized/On/Story_04_ON_MUMBO_JUMBO/part_01.md | blocks 4733 | 111m | 43 blk/min
[242/2224] ok Authors/Belloc/Atomized/On/Story_06_FOOTNOTES.md | blocks 4738 | 111m | 43 blk/min
[243/2224] ok Authors/Belloc/Atomized/On/Story_04_ON_MUMBO_JUMBO/part_02.md | blocks 4749 | 111m | 43 blk/min
[244/2224] ok Authors/Belloc/Atomized/On/Story_05_ON_FOOTNOTES/part_01.md | blocks 4766 | 112m | 43 blk/min
[245/2224] ok Authors/Belloc/Atomized/On/Story_05_ON_FOOTNOTES/part_02.md | blocks 4776 | 113m | 42 blk/min
[246/2224] ok Authors/Belloc/Atomized/On/Story_09_ON_THE_CATHEDRAL_OF_SEVILLE_AND_THE_MISA/part_01.md | blocks 4791 | 114m | 42 blk/min
[247/2224] ok Authors/Belloc/Atomized/On/Story_08_ON_TREVES.md | blocks 4809 | 114m | 42 blk/min
[248/2224] ok Authors/Belloc/Atomized/On/Story_07_A_FEW_KIND_WORDS_TO_MAMMON.md | blocks 4838 | 115m | 42 blk/min
[249/2224] ok Authors/Belloc/Atomized/On/Story_09_ON_THE_CATHEDRAL_OF_SEVILLE_AND_THE_MISA/part_02.md | blocks 4861 | 115m | 42 blk/min
[250/2224] ok Authors/Belloc/Atomized/On/Story_09_ON_THE_CATHEDRAL_OF_SEVILLE_AND_THE_MISA/part_03.md | blocks 4888 | 116m | 42 blk/min
[251/2224] ok Authors/Belloc/Atomized/On/Story_09_ON_THE_CATHEDRAL_OF_SEVILLE_AND_THE_MISA/part_04.md | blocks 4910 | 116m | 42 blk/min
[252/2224] ok Authors/Belloc/Atomized/On/Story_09_ON_THE_CATHEDRAL_OF_SEVILLE_AND_THE_MISA/part_05.md | blocks 4924 | 117m | 42 blk/min
[253/2224] ok Authors/Belloc/Atomized/On/Story_09_ON_THE_CATHEDRAL_OF_SEVILLE_AND_THE_MISA/part_06.md | blocks 4939 | 117m | 42 blk/min
[254/2224] ok Authors/Belloc/Atomized/On/Story_09_ON_THE_CATHEDRAL_OF_SEVILLE_AND_THE_MISA/part_07.md | blocks 4967 | 118m | 42 blk/min
[255/2224] ok Authors/Belloc/Atomized/On/Story_09_ON_THE_CATHEDRAL_OF_SEVILLE_AND_THE_MISA/part_08.md | blocks 4986 | 118m | 42 blk/min
[256/2224] ok Authors/Belloc/Atomized/On/Story_09_ON_THE_CATHEDRAL_OF_SEVILLE_AND_THE_MISA/part_09.md | blocks 4998 | 119m | 42 blk/min
[257/2224] ok Authors/Belloc/Atomized/On/Story_09_ON_THE_CATHEDRAL_OF_SEVILLE_AND_THE_MISA/part_10.md | blocks 5014 | 119m | 42 blk/min
[258/2224] ok Authors/Belloc/Atomized/On/Story_09_ON_THE_CATHEDRAL_OF_SEVILLE_AND_THE_MISA/part_11.md | blocks 5023 | 120m | 42 blk/min | 3 links to repair
[259/2224] ok Authors/Belloc/Atomized/On/Story_09_ON_THE_CATHEDRAL_OF_SEVILLE_AND_THE_MISA/part_12.md | blocks 5037 | 120m | 42 blk/min
[260/2224] ok Authors/Belloc/Atomized/On/Story_09_ON_THE_CATHEDRAL_OF_SEVILLE_AND_THE_MISA/part_13.md | blocks 5057 | 121m | 42 blk/min
[261/2224] ok Authors/Belloc/Atomized/On/Story_09_ON_THE_CATHEDRAL_OF_SEVILLE_AND_THE_MISA/part_14.md | blocks 5071 | 121m | 42 blk/min
[262/2224] ok Authors/Belloc/Atomized/On/Story_09_ON_THE_CATHEDRAL_OF_SEVILLE_AND_THE_MISA/part_15.md | blocks 5083 | 122m | 42 blk/min
[263/2224] ok Authors/Belloc/Atomized/On/Story_09_ON_THE_CATHEDRAL_OF_SEVILLE_AND_THE_MISA/part_16.md | blocks 5098 | 122m | 42 blk/min
[264/2224] ok Authors/Belloc/Atomized/On/Story_09_ON_THE_CATHEDRAL_OF_SEVILLE_AND_THE_MISA/part_17.md | blocks 5109 | 123m | 42 blk/min
[265/2224] ok Authors/Belloc/Atomized/On/Story_09_ON_THE_CATHEDRAL_OF_SEVILLE_AND_THE_MISA/part_18.md | blocks 5126 | 123m | 42 blk/min
[266/2224] ok Authors/Belloc/Atomized/On/Story_09_ON_THE_CATHEDRAL_OF_SEVILLE_AND_THE_MISA/part_19.md | blocks 5140 | 124m | 41 blk/min
[267/2224] ok Authors/Belloc/Atomized/On/Story_09_ON_THE_CATHEDRAL_OF_SEVILLE_AND_THE_MISA/part_20.md | blocks 5155 | 124m | 42 blk/min
[268/2224] ok Authors/Belloc/Atomized/On/Story_09_ON_THE_CATHEDRAL_OF_SEVILLE_AND_THE_MISA/part_21.md | blocks 5172 | 125m | 41 blk/min
[269/2224] ok Authors/Belloc/Atomized/On/Story_09_ON_THE_CATHEDRAL_OF_SEVILLE_AND_THE_MISA/part_22.md | blocks 5184 | 125m | 41 blk/min
[270/2224] ok Authors/Belloc/Atomized/On/Story_09_ON_THE_CATHEDRAL_OF_SEVILLE_AND_THE_MISA/part_23.md | blocks 5198 | 126m | 41 blk/min
[271/2224] ok Authors/Belloc/Atomized/On/Story_09_ON_THE_CATHEDRAL_OF_SEVILLE_AND_THE_MISA/part_24.md | blocks 5214 | 126m | 41 blk/min
[272/2224] ok Authors/Belloc/Atomized/On/Story_09_ON_THE_CATHEDRAL_OF_SEVILLE_AND_THE_MISA/part_25.md | blocks 5226 | 127m | 41 blk/min
[273/2224] ok Authors/Belloc/Atomized/On/Story_09_ON_THE_CATHEDRAL_OF_SEVILLE_AND_THE_MISA/part_26.md | blocks 5236 | 127m | 41 blk/min
[274/2224] ok Authors/Belloc/Atomized/On/Story_09_ON_THE_CATHEDRAL_OF_SEVILLE_AND_THE_MISA/part_27.md | blocks 5253 | 128m | 41 blk/min
[275/2224] ok Authors/Belloc/Atomized/On/Story_09_ON_THE_CATHEDRAL_OF_SEVILLE_AND_THE_MISA/part_28.md | blocks 5267 | 129m | 41 blk/min
[276/2224] ok Authors/Belloc/Atomized/On/Story_09_ON_THE_CATHEDRAL_OF_SEVILLE_AND_THE_MISA/part_30.md | blocks 5292 | 129m | 41 blk/min
[277/2224] ok Authors/Belloc/Atomized/On/Story_09_ON_THE_CATHEDRAL_OF_SEVILLE_AND_THE_MISA/part_29.md | blocks 5319 | 129m | 41 blk/min
[278/2224] ok Authors/Belloc/Atomized/On/Story_09_ON_THE_CATHEDRAL_OF_SEVILLE_AND_THE_MISA/part_31.md | blocks 5339 | 130m | 41 blk/min
[279/2224] ok Authors/Belloc/Atomized/On/Story_09_ON_THE_CATHEDRAL_OF_SEVILLE_AND_THE_MISA/part_32.md | blocks 5354 | 131m | 41 blk/min
[280/2224] ok Authors/Belloc/Atomized/On/Story_09_ON_THE_CATHEDRAL_OF_SEVILLE_AND_THE_MISA/part_33.md | blocks 5365 | 131m | 41 blk/min
[281/2224] ok Authors/Belloc/Atomized/On/Story_09_ON_THE_CATHEDRAL_OF_SEVILLE_AND_THE_MISA/part_34.md | blocks 5382 | 132m | 41 blk/min
[282/2224] ok Authors/Belloc/Atomized/On/Story_09_ON_THE_CATHEDRAL_OF_SEVILLE_AND_THE_MISA/part_35.md | blocks 5400 | 132m | 41 blk/min
[283/2224] ok Authors/Belloc/Atomized/On/Story_09_ON_THE_CATHEDRAL_OF_SEVILLE_AND_THE_MISA/part_37.md | blocks 5412 | 133m | 41 blk/min
[284/2224] ok Authors/Belloc/Atomized/On/Story_09_ON_THE_CATHEDRAL_OF_SEVILLE_AND_THE_MISA/part_36.md | blocks 5424 | 133m | 41 blk/min
[285/2224] ok Authors/Belloc/Atomized/On/Story_09_ON_THE_CATHEDRAL_OF_SEVILLE_AND_THE_MISA/part_39.md | blocks 5439 | 133m | 41 blk/min
[286/2224] ok Authors/Belloc/Atomized/On/Story_09_ON_THE_CATHEDRAL_OF_SEVILLE_AND_THE_MISA/part_38.md | blocks 5452 | 133m | 41 blk/min
[287/2224] ok Authors/Belloc/Atomized/On_Anything/Story_03_ON_NO_BOOK.md | blocks 5463 | 134m | 41 blk/min | 1 links to repair
[288/2224] ok Authors/Belloc/Atomized/On_Anything/Story_02_ON_CLAY.md | blocks 5477 | 135m | 40 blk/min
[289/2224] ok Authors/Belloc/Atomized/On_Anything/Story_01_ON_BUILDING_CASTLES_IN_SPAIN.md | blocks 5493 | 136m | 41 blk/min | 2 links to repair
[290/2224] ok Authors/Belloc/Atomized/On_Anything/Story_04_ON_IRONY.md | blocks 5505 | 136m | 41 blk/min
[291/2224] ok Authors/Belloc/Atomized/On_Anything/Story_05_ON_THE_SIMPLICITY_OF_WORDS.md | blocks 5533 | 137m | 40 blk/min
[292/2224] ok Authors/Belloc/Atomized/On_Anything/Story_08_ON_THE_EFFECT_OF_TIME/part_01.md | blocks 5545 | 138m | 40 blk/min
[293/2224] ok Authors/Belloc/Atomized/On_Anything/Story_06_ON_SECLUDED_PLACES.md | blocks 5554 | 138m | 40 blk/min | 2 links to repair
[294/2224] ok Authors/Belloc/Atomized/On_Anything/Story_08_ON_THE_EFFECT_OF_TIME/part_02.md | blocks 5562 | 139m | 40 blk/min | 1 links to repair
[295/2224] ok Authors/Belloc/Atomized/On_Anything/Story_07_ON_PEOPLE_IN_BOOKS.md | blocks 5574 | 139m | 40 blk/min
[296/2224] ok Authors/Belloc/Atomized/On_Anything/Story_10_ON_A_PROPHET.md | blocks 5592 | 141m | 40 blk/min
[297/2224] ok Authors/Belloc/Atomized/On_Anything/Story_09_ON_A_POET.md | blocks 5603 | 141m | 40 blk/min
[298/2224] ok Authors/Belloc/Atomized/On_Anything/Story_11_ON_BELIEVING.md | blocks 5614 | 142m | 40 blk/min
[299/2224] ok Authors/Belloc/Atomized/On_Anything/Story_12_ON_THE_AIR_OF_THE_DORDOGNE.md | blocks 5636 | 142m | 40 blk/min
[300/2224] ok Authors/Belloc/Atomized/On_Anything/Story_13_ON_THE_SITES_OF_THE_REVOLUTION.md | blocks 5655 | 144m | 39 blk/min
[301/2224] ok Authors/Belloc/Atomized/On_Anything/Story_15_THE_SHADOWS.md | blocks 5672 | 144m | 39 blk/min | 1 links to repair
[302/2224] ok Authors/Belloc/Atomized/On_Anything/Story_14_A_SECRET_LETTER.md | blocks 5690 | 145m | 39 blk/min
[303/2224] ok Authors/Belloc/Atomized/On_Anything/Story_16_THE_CANVASSER.md | blocks 5739 | 145m | 40 blk/min
[304/2224] ok Authors/Belloc/Atomized/On_Anything/Story_17_THE_ABSTRACTED_MAN.md | blocks 5766 | 147m | 39 blk/min
[305/2224] ok Authors/Belloc/Atomized/On_Anything/Story_18_ON_THE_METHOD_OF_HISTORY.md | blocks 5784 | 147m | 39 blk/min
[306/2224] ok Authors/Belloc/Atomized/On_Anything/Story_19_ON_HISTORY_IN_TRAVEL.md | blocks 5797 | 148m | 39 blk/min
[307/2224] ok Authors/Belloc/Atomized/On_Anything/Story_20_ON_THE_TRAVELLER.md | blocks 5810 | 148m | 39 blk/min
[308/2224] ok Authors/Belloc/Atomized/On_Anything/Story_22_HANS_CHRISTIAN_ANDERSEN.md | blocks 5821 | 149m | 39 blk/min
[309/2224] ok Authors/Belloc/Atomized/On_Anything/Story_23_THE_CHRISTMAS_OF_1808.md | blocks 5833 | 150m | 39 blk/min
[310/2224] ok Authors/Belloc/Atomized/On_Anything/Story_21_ON_MILTON.md | blocks 5885 | 150m | 39 blk/min
[311/2224] ok Authors/Belloc/Atomized/On_Anything/Story_24_ON_COMMUNICATIONS.md | blocks 5901 | 151m | 39 blk/min | 1 links to repair
[312/2224] ok Authors/Belloc/Atomized/On_Anything/Story_27_THE_BRIGAND_OF_RADICOFANI/part_01.md | blocks 5915 | 152m | 39 blk/min
[313/2224] ok Authors/Belloc/Atomized/On_Anything/Story_25_ASTARTE.md | blocks 5930 | 152m | 39 blk/min
[314/2224] ok Authors/Belloc/Atomized/On_Anything/Story_27_THE_BRIGAND_OF_RADICOFANI/part_02.md | blocks 5939 | 153m | 39 blk/min
[315/2224] ok Authors/Belloc/Atomized/On_Anything/Story_26_THE_HUNGRY_STUDENT.md | blocks 5982 | 153m | 39 blk/min
[316/2224] ok Authors/Belloc/Atomized/On_Anything/Story_27_THE_BRIGAND_OF_RADICOFANI/part_03.md | blocks 6000 | 153m | 39 blk/min
[317/2224] ok Authors/Belloc/Atomized/On_Anything/Story_28_THE_HONEST_MAN_AND_THE_DEVIL.md | blocks 6070 | 155m | 39 blk/min
[318/2224] ok Authors/Belloc/Atomized/On_Anything/Story_29_COMPIEGNE.md | blocks 6118 | 156m | 39 blk/min
[319/2224] ok Authors/Belloc/Atomized/On_Anything/Story_30_THE_CANDOUR_OF_MATURITY.md | blocks 6170 | 156m | 39 blk/min
[320/2224] ok Authors/Belloc/Atomized/On_Anything/Story_31_THE_FOG.md | blocks 6222 | 157m | 40 blk/min
[321/2224] ok Authors/Belloc/Atomized/On_Anything/Story_32_THE_SPANIARD.md | blocks 6235 | 158m | 39 blk/min | 1 links to repair
[322/2224] ok Authors/Belloc/Atomized/On_Anything/Story_34_THE_HUNTER/part_01.md | blocks 6249 | 158m | 39 blk/min
[323/2224] ok Authors/Belloc/Atomized/On_Anything/Story_33_THE_FORTRESS.md | blocks 6266 | 158m | 40 blk/min
[324/2224] ok Authors/Belloc/Atomized/On_Anything/Story_34_THE_HUNTER/part_02.md | blocks 6296 | 159m | 40 blk/min
[325/2224] ok Authors/Belloc/Atomized/On_Anything/Story_35_OUR_INHERITANCE.md | blocks 6319 | 161m | 39 blk/min | 2 links to repair
[326/2224] ok Authors/Belloc/Atomized/On_Anything/Story_36_THE_NEW_ROAD.md | blocks 6328 | 161m | 39 blk/min
[327/2224] ok Authors/Belloc/Atomized/On_Anything/Story_37_ON_TWO_TOWNS.md | blocks 6341 | 162m | 39 blk/min | 1 links to repair
[328/2224] ok Authors/Belloc/Atomized/On_Anything/Story_38_THE_JUDGMENT_OF_ROBESPIERRE.md | blocks 6362 | 162m | 39 blk/min
[329/2224] ok Authors/Belloc/Atomized/On_Everything/Story_01_On_Song.md | blocks 6397 | 163m | 39 blk/min | 2 links to repair
[330/2224] ok Authors/Belloc/Atomized/On_Everything/Story_03_The_Landfall.md | blocks 6416 | 165m | 39 blk/min | 1 links to repair
[331/2224] ok Authors/Belloc/Atomized/On_Everything/Story_04_The_Little_Old_Man.md | blocks 6446 | 165m | 39 blk/min | 1 links to repair
[332/2224] ok Authors/Belloc/Atomized/On_Everything/Story_02_On_an_Empty_House.md | blocks 6458 | 166m | 39 blk/min | 5 links to repair
[333/2224] ok Authors/Belloc/Atomized/On_Everything/Story_05_The_Long_March.md | blocks 6480 | 167m | 39 blk/min | 1 links to repair
[334/2224] ok Authors/Belloc/Atomized/On_Everything/Story_06_On_Saturnalia.md | blocks 6500 | 167m | 39 blk/min
[335/2224] ok Authors/Belloc/Atomized/On_Everything/Story_07_A_Little_Conversation_in_Herefordshire.md | blocks 6522 | 168m | 39 blk/min | 1 links to repair
[336/2224] ok Authors/Belloc/Atomized/On_Everything/Story_08_On_the_Rights_of_Property.md | blocks 6536 | 169m | 39 blk/min
[337/2224] ok Authors/Belloc/Atomized/On_Everything/Story_10_A_Little_Conversation_in_Carthage.md | blocks 6573 | 169m | 39 blk/min | 1 links to repair
[338/2224] ok Authors/Belloc/Atomized/On_Everything/Story_09_The_Economist.md | blocks 6608 | 170m | 39 blk/min
[339/2224] ok Authors/Belloc/Atomized/On_Everything/Story_11_The_Strange_Companion.md | blocks 6629 | 171m | 39 blk/min
[340/2224] ok Authors/Belloc/Atomized/On_Everything/Story_13_A_Reconstruction_of_the_Past.md | blocks 6639 | 172m | 39 blk/min
[341/2224] ok Authors/Belloc/Atomized/On_Everything/Story_14_The_Reasonable_Press.md | blocks 6661 | 173m | 39 blk/min
[342/2224] ok Authors/Belloc/Atomized/On_Everything/Story_12_The_Visitor.md | blocks 6718 | 173m | 39 blk/min
[343/2224] ok Authors/Belloc/Atomized/On_Everything/Story_17_On_certain_Manners_and_Customs/part_01.md | blocks 6726 | 174m | 39 blk/min
[344/2224] ok Authors/Belloc/Atomized/On_Everything/Story_17_On_certain_Manners_and_Customs/part_02.md | blocks 6731 | 174m | 39 blk/min | 1 links to repair
[345/2224] ok Authors/Belloc/Atomized/On_Everything/Story_15_Asmodeus.md | blocks 6776 | 175m | 39 blk/min | 1 links to repair
[346/2224] ok Authors/Belloc/Atomized/On_Everything/Story_16_The_Death_of_the_Comic_Author.md | blocks 6801 | 175m | 39 blk/min
[347/2224] ok Authors/Belloc/Atomized/On_Everything/Story_19_The_Duel/part_01.md | blocks 6814 | 176m | 39 blk/min
[348/2224] ok Authors/Belloc/Atomized/On_Everything/Story_19_The_Duel/part_02.md | blocks 6828 | 177m | 39 blk/min
[349/2224] ok Authors/Belloc/Atomized/On_Everything/Story_18_The_Statesman.md | blocks 6857 | 177m | 39 blk/min
[350/2224] ok Authors/Belloc/Atomized/On_Everything/Story_20_On_a_Battle_or_Journalism_or_Points_of_V/part_01.md | blocks 6872 | 177m | 39 blk/min | 2 links to repair
[351/2224] ok Authors/Belloc/Atomized/On_Everything/Story_20_On_a_Battle_or_Journalism_or_Points_of_V/part_02.md | blocks 6883 | 178m | 39 blk/min | 2 links to repair
[352/2224] ok Authors/Belloc/Atomized/On_Everything/Story_23_The_Weald.md | blocks 6894 | 178m | 39 blk/min
[353/2224] ok Authors/Belloc/Atomized/On_Everything/Story_21_A_Descendant_of_William_Shakespeare.md | blocks 6914 | 180m | 38 blk/min
[354/2224] ok Authors/Belloc/Atomized/On_Everything/Story_22_On_the_Approach_to_Western_England.md | blocks 6933 | 180m | 38 blk/min | 4 links to repair
[355/2224] ok Authors/Belloc/Atomized/On_Everything/Story_25_On_Old_Towns.md | blocks 6950 | 182m | 38 blk/min | 1 links to repair
[356/2224] ok Authors/Belloc/Atomized/On_Everything/Story_26_A_Crossing_of_the_Hills.md | blocks 6985 | 183m | 38 blk/min | 2 links to repair
[357/2224] ok Authors/Belloc/Atomized/On_Everything/Story_24_On_London_and_the_Houses_in_it.md | blocks 6995 | 183m | 38 blk/min | 2 links to repair
[358/2224] ok Authors/Belloc/Atomized/On_Everything/Story_27_The_Barber.md | blocks 7014 | 184m | 38 blk/min | 1 links to repair
[359/2224] ok Authors/Belloc/Atomized/On_Everything/Story_29_On_Some_Little_Horses.md | blocks 7029 | 185m | 38 blk/min | 1 links to repair
[360/2224] ok Authors/Belloc/Atomized/On_Everything/Story_30_On_Streams_and_Rivers.md | blocks 7044 | 186m | 38 blk/min | 5 links to repair
[361/2224] ok Authors/Belloc/Atomized/On_Everything/Story_31_On_Two_Manuals.md | blocks 7056 | 187m | 38 blk/min | 1 links to repair
[362/2224] ok Authors/Belloc/Atomized/On_Everything/Story_28_On_High_Places.md | blocks 7064 | 187m | 38 blk/min | 8 links to repair
[363/2224] ok Authors/Belloc/Atomized/On_Everything/Story_32_On_Fantastic_Books.md | blocks 7083 | 188m | 38 blk/min
[364/2224] ok Authors/Belloc/Atomized/On_Everything/Story_35_The_Missioner/part_01.md | blocks 7098 | 189m | 38 blk/min | 1 links to repair
[365/2224] ok Authors/Belloc/Atomized/On_Everything/Story_33_The_Unfortunate_Man.md | blocks 7114 | 189m | 38 blk/min | 1 links to repair
[366/2224] ok Authors/Belloc/Atomized/On_Everything/Story_35_The_Missioner/part_02.md | blocks 7126 | 190m | 38 blk/min
[367/2224] ok Authors/Belloc/Atomized/On_Everything/Story_34_The_Contented_Man.md | blocks 7136 | 190m | 38 blk/min | 3 links to repair
[368/2224] ok Authors/Belloc/Atomized/On_Everything/Story_36_The_Dream.md | blocks 7148 | 192m | 37 blk/min | 1 links to repair
REJECT Authors/Belloc/Atomized/On_Everything/Story_37_The_Silence_of_the_Battlefields.md: leftover mask token(s): 1 (e.g. [[L01..)
[370/2224] ok Authors/Belloc/Atomized/On_Everything/Story_38_Novissima_Hora.md | blocks 7164 | 192m | 37 blk/min | 3 links to repair
[371/2224] ok Authors/Belloc/Atomized/On_Everything/Story_39_On_Rest.md | blocks 7192 | 192m | 37 blk/min
[372/2224] ok Authors/Belloc/Atomized/On_Nothing_and_Kindred_Subjects/Story_01_TO_NOTHING_THE_HUMAN_RACE_IN_GRATITUDE.md | blocks 7210 | 193m | 37 blk/min | 1 links to repair
[373/2224] ok Authors/Belloc/Atomized/On_Nothing_and_Kindred_Subjects/Story_02_ON_NOTHING_ON_THE_PLEASURE_OF_TAKING_UP.md | blocks 7227 | 194m | 37 blk/min
[374/2224] ok Authors/Belloc/Atomized/On_Nothing_and_Kindred_Subjects/Story_05_ON_ADVERTISEMENT.md | blocks 7246 | 195m | 37 blk/min
REJECT Authors/Belloc/Atomized/On_Nothing_and_Kindred_Subjects/Story_04_ON_IGNORANCE.md: leftover mask token(s): 1 (e.g. [[L01..)
[376/2224] ok Authors/Belloc/Atomized/On_Nothing_and_Kindred_Subjects/Story_03_ON_GETTING_RESPECTED_IN_INNS_AND_HOTELS.md | blocks 7264 | 195m | 37 blk/min
[377/2224] ok Authors/Belloc/Atomized/On_Nothing_and_Kindred_Subjects/Story_06_HENRY_DE_LA_MERE_ULLMO.md | blocks 7275 | 195m | 37 blk/min
[378/2224] ok Authors/Belloc/Atomized/On_Nothing_and_Kindred_Subjects/Story_08_THE_ILLNESS_OF_MY_MUSE.md | blocks 7292 | 197m | 37 blk/min
[379/2224] ok Authors/Belloc/Atomized/On_Nothing_and_Kindred_Subjects/Story_10_ON_TEA.md | blocks 7304 | 197m | 37 blk/min
[380/2224] ok Authors/Belloc/Atomized/On_Nothing_and_Kindred_Subjects/Story_09_ON_A_DOG_AND_A_MAN_ALSO.md | blocks 7333 | 198m | 37 blk/min
[381/2224] ok Authors/Belloc/Atomized/On_Nothing_and_Kindred_Subjects/Story_11_ON_THEM.md | blocks 7347 | 198m | 37 blk/min
[382/2224] ok Authors/Belloc/Atomized/On_Nothing_and_Kindred_Subjects/Story_07_ON_A_HOUSE.md | blocks 7370 | 198m | 37 blk/min
[383/2224] ok Authors/Belloc/Atomized/On_Nothing_and_Kindred_Subjects/Story_12_ON_RAILWAYS_AND_THINGS/part_01.md | blocks 7381 | 199m | 37 blk/min
[384/2224] ok Authors/Belloc/Atomized/On_Nothing_and_Kindred_Subjects/Story_12_ON_RAILWAYS_AND_THINGS/part_02.md | blocks 7394 | 200m | 37 blk/min
[385/2224] ok Authors/Belloc/Atomized/On_Nothing_and_Kindred_Subjects/Story_13_ON_CONVERSATIONS_IN_TRAINS.md | blocks 7447 | 201m | 37 blk/min
[386/2224] ok Authors/Belloc/Atomized/On_Nothing_and_Kindred_Subjects/Story_15_ON_THE_APPROACH_OF_AN_AWFUL_DOOM.md | blocks 7464 | 201m | 37 blk/min
[387/2224] ok Authors/Belloc/Atomized/On_Nothing_and_Kindred_Subjects/Story_14_ON_THE_RETURN_OF_THE_DEAD.md | blocks 7488 | 202m | 37 blk/min
[388/2224] ok Authors/Belloc/Atomized/On_Nothing_and_Kindred_Subjects/Story_16_ON_A_RICH_MAN_WHO_SUFFERED.md | blocks 7524 | 204m | 37 blk/min
[389/2224] ok Authors/Belloc/Atomized/On_Nothing_and_Kindred_Subjects/Story_18_ON_A_LOST_MANUSCRIPT.md | blocks 7544 | 204m | 37 blk/min
[390/2224] ok Authors/Belloc/Atomized/On_Nothing_and_Kindred_Subjects/Story_19_ON_A_MAN_WHO_WAS_PROTECTED_BY_ANOTHER_MA.md | blocks 7590 | 205m | 37 blk/min
[391/2224] ok Authors/Belloc/Atomized/On_Nothing_and_Kindred_Subjects/Story_17_ON_A_CHILD_WHO_DIED.md | blocks 7618 | 205m | 37 blk/min
[392/2224] ok Authors/Belloc/Atomized/On_Nothing_and_Kindred_Subjects/Story_21_ON_LORDS.md | blocks 7632 | 207m | 37 blk/min
[393/2224] ok Authors/Belloc/Atomized/On_Nothing_and_Kindred_Subjects/Story_22_ON_JINGOES_IN_THE_SHAPE_OF_A_WARNING_BEI/part_01.md | blocks 7650 | 207m | 37 blk/min
[394/2224] ok Authors/Belloc/Atomized/On_Nothing_and_Kindred_Subjects/Story_20_ON_NATIONAL_DEBTS_WHICH_ARE_IMAGINARIES.md | blocks 7673 | 207m | 37 blk/min
[395/2224] ok Authors/Belloc/Atomized/On_Nothing_and_Kindred_Subjects/Story_22_ON_JINGOES_IN_THE_SHAPE_OF_A_WARNING_BEI/part_02.md | blocks 7687 | 207m | 37 blk/min
[396/2224] ok Authors/Belloc/Atomized/On_Nothing_and_Kindred_Subjects/Story_24_ON_A_MAN_AND_HIS_BURDEN.md | blocks 7716 | 210m | 37 blk/min
[397/2224] ok Authors/Belloc/Atomized/On_Nothing_and_Kindred_Subjects/Story_25_ON_A_FISHERMAN_AND_THE_QUEST_OF_PEACE.md | blocks 7740 | 210m | 37 blk/min
[398/2224] ok Authors/Belloc/Atomized/On_Nothing_and_Kindred_Subjects/Story_23_ON_A_WINGED_HORSE_AND_THE_EXILE_WHO_RODE.md | blocks 7797 | 210m | 37 blk/min | 1 links to repair
REJECT Authors/Belloc/Atomized/On_Nothing_and_Kindred_Subjects/Story_26_ON_A_HERMIT_WHOM_I_KNEW.md: leftover mask token(s): 1 (e.g. [[L01..)
[400/2224] ok Authors/Belloc/Atomized/On_Nothing_and_Kindred_Subjects/Story_28_ON_A_FAERY_CASTLE.md | blocks 7840 | 212m | 37 blk/min
[401/2224] ok Authors/Belloc/Atomized/On_Nothing_and_Kindred_Subjects/Story_29_ON_A_SOUTHERN_HARBOUR.md | blocks 7863 | 213m | 37 blk/min
[402/2224] ok Authors/Belloc/Atomized/On_Nothing_and_Kindred_Subjects/Story_27_OF_AN_UNKNOWN_COUNTRY.md | blocks 7893 | 213m | 37 blk/min
[403/2224] ok Authors/Belloc/Atomized/On_Nothing_and_Kindred_Subjects/Story_30_ON_A_YOUNG_MAN_AND_AN_OLDER_MAN.md | blocks 7916 | 213m | 37 blk/min
[404/2224] ok Authors/Belloc/Atomized/On_Something/Story_01_DEDICATION.md | blocks 7920 | 213m | 37 blk/min
[405/2224] ok Authors/Belloc/Atomized/On_Nothing_and_Kindred_Subjects/Story_31_ON_THE_DEPARTURE_OF_A_GUEST.md | blocks 7964 | 214m | 37 blk/min
[406/2224] ok Authors/Belloc/Atomized/On_Something/Story_02_A_PLEA_FOR_THE_SIMPLER_DRAMA.md | blocks 7978 | 215m | 37 blk/min
[407/2224] ok Authors/Belloc/Atomized/On_Nothing_and_Kindred_Subjects/Story_32_ON_DEATH.md | blocks 7997 | 215m | 37 blk/min
[408/2224] ok Authors/Belloc/Atomized/On_Nothing_and_Kindred_Subjects/Story_33_ON_COMING_TO_AN_END.md | blocks 8041 | 216m | 37 blk/min
[409/2224] ok Authors/Belloc/Atomized/On_Something/Story_05_AN_EARNEST_MEMBER_OF_THE_FOLD.md | blocks 8055 | 216m | 37 blk/min
[410/2224] ok Authors/Belloc/Atomized/On_Something/Story_03_THE_CRISIS.md | blocks 8183 | 216m | 38 blk/min
[411/2224] ok Authors/Belloc/Atomized/On_Something/Story_04_ON_A_NOTEBOOK.md | blocks 8210 | 217m | 38 blk/min | 1 links to repair
[412/2224] ok Authors/Belloc/Atomized/On_Something/Story_07_ON_A_VAN_TROMP/part_01.md | blocks 8224 | 218m | 38 blk/min | 2 links to repair
[413/2224] ok Authors/Belloc/Atomized/On_Something/Story_06_ON_UNKNOWN_PEOPLE.md | blocks 8243 | 218m | 38 blk/min
REJECT Authors/Belloc/Atomized/On_Something/Story_07_ON_A_VAN_TROMP/part_02.md: leftover mask token(s): 1 (e.g. [[L01..)
[415/2224] ok Authors/Belloc/Atomized/On_Something/Story_11_ULYSSES.md | blocks 8250 | 219m | 38 blk/min
[416/2224] ok Authors/Belloc/Atomized/On_Something/Story_08_HIS_CHARACTER.md | blocks 8285 | 220m | 38 blk/min
[417/2224] ok Authors/Belloc/Atomized/On_Something/Story_10_ON_THE_HOTEL_AT_PALMA_AND_A_PROPOSED_GUI.md | blocks 8303 | 221m | 38 blk/min
[418/2224] ok Authors/Belloc/Atomized/On_Something/Story_09_ON_THRUPPENNY_BITS.md | blocks 8331 | 221m | 38 blk/min
[419/2224] ok Authors/Belloc/Atomized/On_Something/Story_12_THE_DEATH_OF_WANDERING_PETER.md | blocks 8391 | 222m | 38 blk/min
[420/2224] ok Authors/Belloc/Atomized/On_Something/Story_15_THE_ODD_PEOPLE/part_01.md | blocks 8406 | 223m | 38 blk/min
[421/2224] ok Authors/Belloc/Atomized/On_Something/Story_13_THE_TREE_OF_KNOWLEDGE.md | blocks 8423 | 223m | 38 blk/min
[422/2224] ok Authors/Belloc/Atomized/On_Something/Story_15_THE_ODD_PEOPLE/part_02.md | blocks 8437 | 224m | 38 blk/min
[423/2224] ok Authors/Belloc/Atomized/On_Something/Story_14_A_NORFOLK_MAN.md | blocks 8467 | 224m | 38 blk/min
[424/2224] ok Authors/Belloc/Atomized/On_Something/Story_16_LETTER_OF_ADVICE_AND_APOLOGY_TO_A_YOUNG.md | blocks 8487 | 225m | 38 blk/min | 1 links to repair
[425/2224] ok Authors/Belloc/Atomized/On_Something/Story_17_THE_MONKEY_QUESTION_AN_APPEAL_TO_COMMON/part_01.md | blocks 8501 | 225m | 38 blk/min
REJECT Authors/Belloc/Atomized/On_Something/Story_18_THE_EMPIRE_BUILDER/part_01.md: leftover mask token(s): 1 (e.g. [[L01..)
[427/2224] ok Authors/Belloc/Atomized/On_Something/Story_17_THE_MONKEY_QUESTION_AN_APPEAL_TO_COMMON/part_02.md | blocks 8519 | 227m | 38 blk/min | 1 links to repair
[428/2224] ok Authors/Belloc/Atomized/On_Something/Story_18_THE_EMPIRE_BUILDER/part_03.md | blocks 8532 | 227m | 38 blk/min
[429/2224] ok Authors/Belloc/Atomized/On_Something/Story_18_THE_EMPIRE_BUILDER/part_02.md | blocks 8565 | 227m | 38 blk/min
[430/2224] ok Authors/Belloc/Atomized/On_Something/Story_18_THE_EMPIRE_BUILDER/part_04.md | blocks 8582 | 228m | 38 blk/min | 1 links to repair
[431/2224] ok Authors/Belloc/Atomized/On_Something/Story_18_THE_EMPIRE_BUILDER/part_06.md | blocks 8591 | 229m | 38 blk/min | 4 links to repair
[432/2224] ok Authors/Belloc/Atomized/On_Something/Story_18_THE_EMPIRE_BUILDER/part_05.md | blocks 8603 | 229m | 38 blk/min
[433/2224] ok Authors/Belloc/Atomized/On_Something/Story_18_THE_EMPIRE_BUILDER/part_07.md | blocks 8624 | 229m | 38 blk/min
[434/2224] ok Authors/Belloc/Atomized/On_Something/Story_18_THE_EMPIRE_BUILDER/part_08.md | blocks 8640 | 231m | 37 blk/min
[435/2224] ok Authors/Belloc/Atomized/On_Something/Story_18_THE_EMPIRE_BUILDER/part_09.md | blocks 8654 | 231m | 37 blk/min
[436/2224] ok Authors/Belloc/Atomized/On_Something/Story_18_THE_EMPIRE_BUILDER/part_10.md | blocks 8667 | 231m | 38 blk/min
[437/2224] ok Authors/Belloc/Atomized/On_Something/Story_18_THE_EMPIRE_BUILDER/part_11.md | blocks 8684 | 231m | 38 blk/min | 1 links to repair
[438/2224] ok Authors/Belloc/Atomized/On_Something/Story_18_THE_EMPIRE_BUILDER/part_12.md | blocks 8696 | 233m | 37 blk/min | 1 links to repair
[439/2224] ok Authors/Belloc/Atomized/On_Something/Story_18_THE_EMPIRE_BUILDER/part_13.md | blocks 8722 | 233m | 37 blk/min
[440/2224] ok Authors/Belloc/Atomized/On_Something/Story_18_THE_EMPIRE_BUILDER/part_14.md | blocks 8743 | 233m | 37 blk/min | 1 links to repair
[441/2224] ok Authors/Belloc/Atomized/On_Something/Story_18_THE_EMPIRE_BUILDER/part_15.md | blocks 8763 | 233m | 38 blk/min | 1 links to repair
[442/2224] ok Authors/Belloc/Atomized/On_Something/Story_18_THE_EMPIRE_BUILDER/part_16.md | blocks 8779 | 235m | 37 blk/min | 1 links to repair
[443/2224] ok Authors/Belloc/Atomized/On_Something/Story_18_THE_EMPIRE_BUILDER/part_17.md | blocks 8786 | 235m | 37 blk/min
[444/2224] ok Authors/Belloc/Atomized/On_Something/Story_18_THE_EMPIRE_BUILDER/part_18.md | blocks 8806 | 235m | 37 blk/min
[445/2224] ok Authors/Belloc/Atomized/On_Something/Story_18_THE_EMPIRE_BUILDER/part_19.md | blocks 8825 | 235m | 37 blk/min
[446/2224] ok Authors/Belloc/Atomized/On_Something/Story_18_THE_EMPIRE_BUILDER/part_21.md | blocks 8848 | 236m | 37 blk/min
[447/2224] ok Authors/Belloc/Atomized/On_Something/Story_18_THE_EMPIRE_BUILDER/part_20.md | blocks 8879 | 237m | 38 blk/min
[448/2224] ok Authors/Belloc/Atomized/On_Something/Story_18_THE_EMPIRE_BUILDER/part_22.md | blocks 8897 | 237m | 38 blk/min
[449/2224] ok Authors/Belloc/Atomized/On_Something/Story_18_THE_EMPIRE_BUILDER/part_23.md | blocks 8907 | 237m | 38 blk/min
[450/2224] ok Authors/Belloc/Atomized/On_Something/Story_18_THE_EMPIRE_BUILDER/part_25.md | blocks 8918 | 238m | 37 blk/min | 1 links to repair
[451/2224] ok Authors/Belloc/Atomized/On_Something/Story_18_THE_EMPIRE_BUILDER/part_24.md | blocks 8934 | 239m | 37 blk/min
[452/2224] ok Authors/Belloc/Atomized/On_Something/Story_18_THE_EMPIRE_BUILDER/part_26.md | blocks 8947 | 239m | 37 blk/min
[453/2224] ok Authors/Belloc/Atomized/On_Something/Story_18_THE_EMPIRE_BUILDER/part_27.md | blocks 8967 | 239m | 37 blk/min | 1 links to repair
[454/2224] ok Authors/Belloc/Atomized/On_Something/Story_18_THE_EMPIRE_BUILDER/part_28.md | blocks 8985 | 240m | 37 blk/min | 1 links to repair
[455/2224] ok Authors/Belloc/Atomized/Pongo_and_the_Bull/Chapter_01/part_01.md | blocks 9004 | 241m | 37 blk/min | 1 links to repair
[456/2224] ok Authors/Belloc/Atomized/On_Something/Story_18_THE_EMPIRE_BUILDER/part_29.md | blocks 9019 | 241m | 37 blk/min
[457/2224] ok Authors/Belloc/Atomized/Pongo_and_the_Bull/Chapter_01/part_02.md | blocks 9034 | 242m | 37 blk/min
[458/2224] ok Authors/Belloc/Atomized/Pongo_and_the_Bull/Chapter_01/part_03.md | blocks 9051 | 242m | 37 blk/min
[459/2224] ok Authors/Belloc/Atomized/Pongo_and_the_Bull/Chapter_02/part_01.md | blocks 9090 | 243m | 37 blk/min
[460/2224] ok Authors/Belloc/Atomized/Pongo_and_the_Bull/Chapter_01/part_04.md | blocks 9134 | 243m | 38 blk/min
[461/2224] ok Authors/Belloc/Atomized/Pongo_and_the_Bull/Chapter_02/part_02.md | blocks 9170 | 244m | 38 blk/min
[462/2224] ok Authors/Belloc/Atomized/Pongo_and_the_Bull/Chapter_02/part_03.md | blocks 9184 | 244m | 38 blk/min
[463/2224] ok Authors/Belloc/Atomized/Pongo_and_the_Bull/Chapter_03/part_02.md | blocks 9197 | 245m | 38 blk/min
[464/2224] ok Authors/Belloc/Atomized/Pongo_and_the_Bull/Chapter_03/part_01.md | blocks 9214 | 245m | 38 blk/min
[465/2224] ok Authors/Belloc/Atomized/Pongo_and_the_Bull/Chapter_03/part_03.md | blocks 9230 | 246m | 38 blk/min
[466/2224] ok Authors/Belloc/Atomized/Pongo_and_the_Bull/Chapter_03/part_04.md | blocks 9261 | 246m | 38 blk/min
[467/2224] ok Authors/Belloc/Atomized/Pongo_and_the_Bull/Chapter_05/part_03.md | blocks 9285 | 247m | 38 blk/min
[468/2224] ok Authors/Belloc/Atomized/Pongo_and_the_Bull/Chapter_05/part_01.md | blocks 9305 | 247m | 38 blk/min
[469/2224] ok Authors/Belloc/Atomized/Pongo_and_the_Bull/Chapter_05/part_02.md | blocks 9326 | 248m | 38 blk/min
[470/2224] ok Authors/Belloc/Atomized/Pongo_and_the_Bull/Chapter_06/part_01.md | blocks 9355 | 249m | 38 blk/min
[471/2224] ok Authors/Belloc/Atomized/Pongo_and_the_Bull/Chapter_04.md | blocks 9403 | 249m | 38 blk/min
[472/2224] ok Authors/Belloc/Atomized/Pongo_and_the_Bull/Chapter_06/part_02.md | blocks 9425 | 249m | 38 blk/min
[473/2224] ok Authors/Belloc/Atomized/Pongo_and_the_Bull/Chapter_07.md | blocks 9446 | 251m | 38 blk/min
[474/2224] ok Authors/Belloc/Atomized/Pongo_and_the_Bull/Chapter_08/part_01.md | blocks 9475 | 251m | 38 blk/min
[475/2224] ok Authors/Belloc/Atomized/Pongo_and_the_Bull/Chapter_08/part_02.md | blocks 9511 | 251m | 38 blk/min
[476/2224] ok Authors/Belloc/Atomized/Pongo_and_the_Bull/Chapter_09/part_01.md | blocks 9531 | 252m | 38 blk/min
[477/2224] ok Authors/Belloc/Atomized/Pongo_and_the_Bull/Chapter_09/part_02.md | blocks 9558 | 253m | 38 blk/min
[478/2224] ok Authors/Belloc/Atomized/Pongo_and_the_Bull/Chapter_09/part_03.md | blocks 9579 | 253m | 38 blk/min
[479/2224] ok Authors/Belloc/Atomized/Pongo_and_the_Bull/Chapter_09/part_04.md | blocks 9621 | 253m | 38 blk/min | 1 links to repair
[480/2224] ok Authors/Belloc/Atomized/Pongo_and_the_Bull/Chapter_09/part_05.md | blocks 9658 | 254m | 38 blk/min
[481/2224] ok Authors/Belloc/Atomized/Pongo_and_the_Bull/Chapter_10/part_01.md | blocks 9677 | 255m | 38 blk/min
[482/2224] ok Authors/Belloc/Atomized/Pongo_and_the_Bull/Chapter_11/part_01.md | blocks 9694 | 255m | 38 blk/min
[483/2224] ok Authors/Belloc/Atomized/Pongo_and_the_Bull/Chapter_10/part_02.md | blocks 9713 | 255m | 38 blk/min
[484/2224] ok Authors/Belloc/Atomized/Pongo_and_the_Bull/Chapter_11/part_02.md | blocks 9727 | 255m | 38 blk/min
[485/2224] ok Authors/Belloc/Atomized/Pongo_and_the_Bull/Chapter_11/part_03.md | blocks 9743 | 256m | 38 blk/min
[486/2224] ok Authors/Belloc/Atomized/Pongo_and_the_Bull/Chapter_12/part_01.md | blocks 9777 | 257m | 38 blk/min
[487/2224] ok Authors/Belloc/Atomized/Pongo_and_the_Bull/Chapter_12/part_02.md | blocks 9802 | 257m | 38 blk/min
[488/2224] ok Authors/Belloc/Atomized/Pongo_and_the_Bull/Chapter_12/part_03.md | blocks 9822 | 257m | 38 blk/min
[489/2224] ok Authors/Belloc/Atomized/Pongo_and_the_Bull/Chapter_12/part_04.md | blocks 9836 | 258m | 38 blk/min
[490/2224] ok Authors/Belloc/Atomized/Pongo_and_the_Bull/Chapter_12/part_06.md | blocks 9859 | 259m | 38 blk/min
[491/2224] ok Authors/Belloc/Atomized/Pongo_and_the_Bull/Chapter_12/part_05.md | blocks 9878 | 259m | 38 blk/min
[492/2224] ok Authors/Belloc/Atomized/Pongo_and_the_Bull/Chapter_13/part_01.md | blocks 9904 | 259m | 38 blk/min
[493/2224] ok Authors/Belloc/Atomized/Pongo_and_the_Bull/Chapter_14/part_01.md | blocks 9923 | 261m | 38 blk/min
[494/2224] ok Authors/Belloc/Atomized/Pongo_and_the_Bull/Chapter_14/part_02.md | blocks 9935 | 261m | 38 blk/min
[495/2224] ok Authors/Belloc/Atomized/Pongo_and_the_Bull/Chapter_13/part_02.md | blocks 9966 | 261m | 38 blk/min
[496/2224] ok Authors/Belloc/Atomized/Pongo_and_the_Bull/Chapter_14/part_03.md | blocks 9983 | 261m | 38 blk/min
[497/2224] ok Authors/Belloc/Atomized/Pongo_and_the_Bull/Chapter_15/part_01.md | blocks 10013 | 262m | 38 blk/min
[498/2224] ok Authors/Belloc/Atomized/Pongo_and_the_Bull/Chapter_15/part_03.md | blocks 10040 | 262m | 38 blk/min
[499/2224] ok Authors/Belloc/Atomized/Pongo_and_the_Bull/Chapter_15/part_02.md | blocks 10078 | 263m | 38 blk/min | 1 links to repair
[500/2224] ok Authors/Belloc/Atomized/Pongo_and_the_Bull/Chapter_16/part_01.md | blocks 10109 | 263m | 38 blk/min
[501/2224] ok Authors/Belloc/Atomized/Pongo_and_the_Bull/Chapter_17/part_01.md | blocks 10136 | 264m | 38 blk/min
[502/2224] ok Authors/Belloc/Atomized/Pongo_and_the_Bull/Chapter_17/part_02.md | blocks 10164 | 265m | 38 blk/min
[503/2224] ok Authors/Belloc/Atomized/Pongo_and_the_Bull/Chapter_16/part_02.md | blocks 10212 | 265m | 39 blk/min
[504/2224] ok Authors/Belloc/Atomized/Pongo_and_the_Bull/Chapter_17/part_03.md | blocks 10247 | 265m | 39 blk/min
[505/2224] ok Authors/Belloc/Atomized/Pongo_and_the_Bull/Chapter_18/part_01.md | blocks 10265 | 266m | 39 blk/min
[506/2224] ok Authors/Belloc/Atomized/Pongo_and_the_Bull/Chapter_18/part_04.md | blocks 10279 | 266m | 39 blk/min
[507/2224] ok Authors/Belloc/Atomized/Pongo_and_the_Bull/Chapter_18/part_02.md | blocks 10298 | 267m | 39 blk/min
[508/2224] ok Authors/Belloc/Atomized/Pongo_and_the_Bull/Chapter_18/part_03.md | blocks 10323 | 267m | 39 blk/min
[509/2224] ok Authors/Belloc/Atomized/Pongo_and_the_Bull/Chapter_19/part_01.md | blocks 10345 | 268m | 39 blk/min
[510/2224] ok Authors/Belloc/Atomized/Pongo_and_the_Bull/Chapter_19/part_02.md | blocks 10364 | 268m | 39 blk/min
[511/2224] ok Authors/Belloc/Atomized/Six_British_Battles/Chapter_02_THE_PRELIMINARIES_OF_THE_ACTIO.md | blocks 10367 | 268m | 39 blk/min
[512/2224] ok Authors/Belloc/Atomized/Six_British_Battles/Chapter_03_THE_ASPECT_OF_THESE_BATTLES.md | blocks 10370 | 268m | 39 blk/min
[513/2224] ok Authors/Belloc/Atomized/Six_British_Battles/Chapter_01_THE_ACTION.md | blocks 10393 | 269m | 39 blk/min
[514/2224] ok Authors/Belloc/Atomized/Six_British_Battles/Chapter_04_THE_RESULTS_OF_THE_BATTLE.md | blocks 10399 | 269m | 39 blk/min
[515/2224] ok Authors/Belloc/Atomized/Pongo_and_the_Bull/Chapter_19/part_03.md | blocks 10413 | 269m | 39 blk/min
[516/2224] ok Authors/Belloc/Atomized/Pongo_and_the_Bull/Chapter_19/part_04.md | blocks 10433 | 269m | 39 blk/min
[517/2224] ok Authors/Belloc/Atomized/Six_British_Battles/Chapter_06_THE_EARLY_WAR/part_03.md | blocks 10442 | 270m | 39 blk/min
[518/2224] ok Authors/Belloc/Atomized/Six_British_Battles/Chapter_06_THE_EARLY_WAR/part_01.md | blocks 10458 | 270m | 39 blk/min
[519/2224] ok Authors/Belloc/Atomized/Six_British_Battles/Chapter_06_THE_EARLY_WAR/part_02.md | blocks 10478 | 271m | 39 blk/min
[520/2224] ok Authors/Belloc/Atomized/Six_British_Battles/Chapter_05_THE_POLITICAL_OBJECTIVE.md | blocks 10501 | 271m | 39 blk/min
[521/2224] ok Authors/Belloc/Atomized/Six_British_Battles/Chapter_07_THE_MARCH_TO_THE_DANUBE/part_01.md | blocks 10523 | 272m | 39 blk/min
[522/2224] ok Authors/Belloc/Atomized/Six_British_Battles/Chapter_07_THE_MARCH_TO_THE_DANUBE/part_02.md | blocks 10543 | 272m | 39 blk/min
[523/2224] ok Authors/Belloc/Atomized/Six_British_Battles/Chapter_07_THE_MARCH_TO_THE_DANUBE/part_03.md | blocks 10562 | 273m | 39 blk/min
[524/2224] ok Authors/Belloc/Atomized/Six_British_Battles/Chapter_07_THE_MARCH_TO_THE_DANUBE/part_04.md | blocks 10585 | 273m | 39 blk/min
[525/2224] ok Authors/Belloc/Atomized/Six_British_Battles/Chapter_07_THE_MARCH_TO_THE_DANUBE/part_05.md | blocks 10606 | 274m | 39 blk/min
[526/2224] ok Authors/Belloc/Atomized/Six_British_Battles/Chapter_08_THE_SEVEN_WEEKS_THE_THREE_PHAS/part_01.md | blocks 10634 | 274m | 39 blk/min
[527/2224] ok Authors/Belloc/Atomized/Six_British_Battles/Chapter_07_THE_MARCH_TO_THE_DANUBE/part_06.md | blocks 10652 | 275m | 39 blk/min
[528/2224] ok Authors/Belloc/Atomized/Six_British_Battles/Chapter_08_THE_SEVEN_WEEKS_THE_THREE_PHAS/part_02.md | blocks 10670 | 275m | 39 blk/min
[529/2224] ok Authors/Belloc/Atomized/Six_British_Battles/Chapter_08_THE_SEVEN_WEEKS_THE_THREE_PHAS/part_03.md | blocks 10693 | 276m | 39 blk/min
[530/2224] ok Authors/Belloc/Atomized/Six_British_Battles/Chapter_08_THE_SEVEN_WEEKS_THE_THREE_PHAS/part_04.md | blocks 10712 | 276m | 39 blk/min
[531/2224] ok Authors/Belloc/Atomized/Six_British_Battles/Chapter_08_THE_SEVEN_WEEKS_THE_THREE_PHAS/part_05.md | blocks 10736 | 277m | 39 blk/min
[532/2224] ok Authors/Belloc/Atomized/Six_British_Battles/Chapter_08_THE_SEVEN_WEEKS_THE_THREE_PHAS/part_06.md | blocks 10750 | 277m | 39 blk/min
[533/2224] ok Authors/Belloc/Atomized/Six_British_Battles/Chapter_08_THE_SEVEN_WEEKS_THE_THREE_PHAS/part_07.md | blocks 10762 | 277m | 39 blk/min
[534/2224] ok Authors/Belloc/Atomized/Six_British_Battles/Chapter_09_THE_ACTION/part_01.md | blocks 10778 | 279m | 39 blk/min
[535/2224] ok Authors/Belloc/Atomized/Six_British_Battles/Chapter_09_THE_ACTION/part_02.md | blocks 10797 | 279m | 39 blk/min
[536/2224] ok Authors/Belloc/Atomized/Six_British_Battles/Chapter_09_THE_ACTION/part_03.md | blocks 10809 | 279m | 39 blk/min
[537/2224] ok Authors/Belloc/Atomized/Six_British_Battles/Chapter_09_THE_ACTION/part_04.md | blocks 10827 | 279m | 39 blk/min
[538/2224] ok Authors/Belloc/Atomized/Six_British_Battles/Chapter_09_THE_ACTION/part_06.md | blocks 10843 | 280m | 39 blk/min
[539/2224] ok Authors/Belloc/Atomized/Six_British_Battles/Chapter_09_THE_ACTION/part_05.md | blocks 10856 | 281m | 39 blk/min
[540/2224] ok Authors/Belloc/Atomized/Six_British_Battles/Chapter_09_THE_ACTION/part_07.md | blocks 10875 | 281m | 39 blk/min
[541/2224] ok Authors/Belloc/Atomized/Six_British_Battles/Chapter_09_THE_ACTION/part_08.md | blocks 10890 | 281m | 39 blk/min
[542/2224] ok Authors/Belloc/Atomized/Six_British_Battles/Chapter_09_THE_ACTION/part_09.md | blocks 10906 | 282m | 39 blk/min
[543/2224] ok Authors/Belloc/Atomized/Six_British_Battles/Chapter_09_THE_ACTION/part_10.md | blocks 10923 | 282m | 39 blk/min
[544/2224] ok Authors/Belloc/Atomized/Six_British_Battles/Chapter_09_THE_ACTION/part_11.md | blocks 10939 | 283m | 39 blk/min
[545/2224] ok Authors/Belloc/Atomized/Six_British_Battles/Chapter_09_THE_ACTION/part_12.md | blocks 10953 | 283m | 39 blk/min
[546/2224] ok Authors/Belloc/Atomized/Six_British_Battles/Chapter_09_THE_ACTION/part_13.md | blocks 10966 | 284m | 39 blk/min
[547/2224] ok Authors/Belloc/Atomized/Six_British_Battles/Chapter_09_THE_ACTION/part_15.md | blocks 10987 | 284m | 39 blk/min
[548/2224] ok Authors/Belloc/Atomized/Six_British_Battles/Chapter_09_THE_ACTION/part_16.md | blocks 11005 | 285m | 39 blk/min
[549/2224] ok Authors/Belloc/Atomized/Six_British_Battles/Chapter_09_THE_ACTION/part_14.md | blocks 11017 | 285m | 39 blk/min
[550/2224] ok Authors/Belloc/Atomized/Six_British_Battles/Chapter_09_THE_ACTION/part_17.md | blocks 11029 | 286m | 39 blk/min
[551/2224] ok Authors/Belloc/Atomized/Six_British_Battles/Chapter_09_THE_ACTION/part_19.md | blocks 11039 | 287m | 39 blk/min
[552/2224] ok Authors/Belloc/Atomized/Six_British_Battles/Chapter_09_THE_ACTION/part_20.md | blocks 11049 | 287m | 39 blk/min
[553/2224] ok Authors/Belloc/Atomized/Six_British_Battles/Chapter_09_THE_ACTION/part_18.md | blocks 11064 | 287m | 39 blk/min
[554/2224] ok Authors/Belloc/Atomized/Six_British_Battles/Chapter_09_THE_ACTION/part_21.md | blocks 11082 | 288m | 38 blk/min | 1 links to repair
[555/2224] ok Authors/Belloc/Atomized/Six_British_Battles/Chapter_09_THE_ACTION/part_23.md | blocks 11098 | 289m | 38 blk/min
[556/2224] ok Authors/Belloc/Atomized/Six_British_Battles/Chapter_09_THE_ACTION/part_22.md | blocks 11112 | 289m | 38 blk/min
[557/2224] ok Authors/Belloc/Atomized/Six_British_Battles/Chapter_09_THE_ACTION/part_24.md | blocks 11122 | 289m | 39 blk/min
[558/2224] ok Authors/Belloc/Atomized/Six_British_Battles/Chapter_09_THE_ACTION/part_25.md | blocks 11131 | 289m | 38 blk/min
[559/2224] ok Authors/Belloc/Atomized/Six_British_Battles/Chapter_12_THE_PLAN_OF_THE_ALLIES/part_01.md | blocks 11151 | 291m | 38 blk/min
[560/2224] ok Authors/Belloc/Atomized/Six_British_Battles/Chapter_10_THE_POLITICAL_CIRCUMSTANCE.md | blocks 11171 | 291m | 38 blk/min | 1 links to repair
[561/2224] ok Authors/Belloc/Atomized/Six_British_Battles/Chapter_12_THE_PLAN_OF_THE_ALLIES/part_02.md | blocks 11192 | 292m | 38 blk/min
[562/2224] ok Authors/Belloc/Atomized/Six_British_Battles/Chapter_11_THE_GENERAL_MILITARY_SITUATION.md | blocks 11221 | 292m | 38 blk/min
[563/2224] ok Authors/Belloc/Atomized/Six_British_Battles/Chapter_12_THE_PLAN_OF_THE_ALLIES/part_04.md | blocks 11231 | 292m | 38 blk/min
[564/2224] ok Authors/Belloc/Atomized/Six_British_Battles/Chapter_12_THE_PLAN_OF_THE_ALLIES/part_03.md | blocks 11245 | 293m | 38 blk/min
[565/2224] ok Authors/Belloc/Atomized/Six_British_Battles/Chapter_13_THE_PRELIMINARIES_OF_THE_BATTL.md | blocks 11268 | 294m | 38 blk/min
[566/2224] ok Authors/Belloc/Atomized/Six_British_Battles/Chapter_15_THE_ACTION/part_01.md | blocks 11284 | 294m | 38 blk/min
[567/2224] ok Authors/Belloc/Atomized/Six_British_Battles/Chapter_15_THE_ACTION/part_02.md | blocks 11297 | 295m | 38 blk/min
[568/2224] ok Authors/Belloc/Atomized/Six_British_Battles/Chapter_14_THE_TERRAIN.md | blocks 11320 | 295m | 38 blk/min
[569/2224] ok Authors/Belloc/Atomized/Six_British_Battles/Chapter_15_THE_ACTION/part_03.md | blocks 11335 | 296m | 38 blk/min
[570/2224] ok Authors/Belloc/Atomized/Six_British_Battles/Chapter_15_THE_ACTION/part_04.md | blocks 11347 | 296m | 38 blk/min
[571/2224] ok Authors/Belloc/Atomized/Six_British_Battles/Chapter_15_THE_ACTION/part_05.md | blocks 11363 | 297m | 38 blk/min
[572/2224] ok Authors/Belloc/Atomized/Six_British_Battles/Chapter_15_THE_ACTION/part_06.md | blocks 11380 | 297m | 38 blk/min
[573/2224] ok Authors/Belloc/Atomized/Six_British_Battles/Chapter_15_THE_ACTION/part_07.md | blocks 11398 | 298m | 38 blk/min
[574/2224] ok Authors/Belloc/Atomized/Six_British_Battles/Chapter_15_THE_ACTION/part_08.md | blocks 11404 | 298m | 38 blk/min
[575/2224] ok Authors/Belloc/Atomized/Six_British_Battles/Chapter_15_THE_ACTION/part_09.md | blocks 11420 | 299m | 38 blk/min
[576/2224] ok Authors/Belloc/Atomized/Six_British_Battles/Chapter_15_THE_ACTION/part_10.md | blocks 11435 | 299m | 38 blk/min
[577/2224] ok Authors/Belloc/Atomized/Six_British_Battles/Chapter_15_THE_ACTION/part_11.md | blocks 11446 | 300m | 38 blk/min
[578/2224] ok Authors/Belloc/Atomized/Six_British_Battles/Chapter_15_THE_ACTION/part_13.md | blocks 11462 | 301m | 38 blk/min
[579/2224] ok Authors/Belloc/Atomized/Six_British_Battles/Chapter_15_THE_ACTION/part_12.md | blocks 11477 | 301m | 38 blk/min | 1 links to repair
[580/2224] ok Authors/Belloc/Atomized/Six_British_Battles/Chapter_15_THE_ACTION/part_14.md | blocks 11495 | 301m | 38 blk/min
[581/2224] ok Authors/Belloc/Atomized/Six_British_Battles/Chapter_15_THE_ACTION/part_15.md | blocks 11515 | 302m | 38 blk/min
[582/2224] ok Authors/Belloc/Atomized/Six_British_Battles/Chapter_15_THE_ACTION/part_16.md | blocks 11532 | 303m | 38 blk/min | 1 links to repair
[583/2224] ok Authors/Belloc/Atomized/Six_British_Battles/Chapter_15_THE_ACTION/part_18.md | blocks 11553 | 303m | 38 blk/min
[584/2224] ok Authors/Belloc/Atomized/Six_British_Battles/Chapter_15_THE_ACTION/part_17.md | blocks 11574 | 303m | 38 blk/min
[585/2224] ok Authors/Belloc/Atomized/Six_British_Battles/Chapter_15_THE_ACTION/part_19.md | blocks 11588 | 304m | 38 blk/min | 2 links to repair
[586/2224] ok Authors/Belloc/Atomized/Six_British_Battles/Chapter_15_THE_ACTION/part_21.md | blocks 11603 | 305m | 38 blk/min
[587/2224] ok Authors/Belloc/Atomized/Six_British_Battles/Chapter_15_THE_ACTION/part_20.md | blocks 11619 | 305m | 38 blk/min
[588/2224] ok Authors/Belloc/Atomized/Six_British_Battles/Chapter_15_THE_ACTION/part_22.md | blocks 11635 | 305m | 38 blk/min | 3 links to repair
[589/2224] ok Authors/Belloc/Atomized/Six_British_Battles/Chapter_15_THE_ACTION/part_23.md | blocks 11651 | 306m | 38 blk/min
[590/2224] ok Authors/Belloc/Atomized/Six_British_Battles/Chapter_15_THE_ACTION/part_24.md | blocks 11670 | 307m | 38 blk/min
[591/2224] ok Authors/Belloc/Atomized/Six_British_Battles/Chapter_15_THE_ACTION/part_25.md | blocks 11686 | 307m | 38 blk/min
[592/2224] ok Authors/Belloc/Atomized/Six_British_Battles/Chapter_15_THE_ACTION/part_26.md | blocks 11708 | 307m | 38 blk/min
[593/2224] ok Authors/Belloc/Atomized/Six_British_Battles/Chapter_15_THE_ACTION/part_27.md | blocks 11729 | 308m | 38 blk/min
[594/2224] ok Authors/Belloc/Atomized/Six_British_Battles/Chapter_15_THE_ACTION/part_29.md | blocks 11750 | 309m | 38 blk/min
[595/2224] ok Authors/Belloc/Atomized/Six_British_Battles/Chapter_15_THE_ACTION/part_28.md | blocks 11768 | 309m | 38 blk/min | 1 links to repair
[596/2224] ok Authors/Belloc/Atomized/Six_British_Battles/Chapter_15_THE_ACTION/part_30.md | blocks 11786 | 309m | 38 blk/min
[597/2224] ok Authors/Belloc/Atomized/Six_British_Battles/Chapter_15_THE_ACTION/part_31.md | blocks 11805 | 310m | 38 blk/min
[598/2224] ok Authors/Belloc/Atomized/Six_British_Battles/Chapter_15_THE_ACTION/part_33.md | blocks 11819 | 311m | 38 blk/min
[599/2224] ok Authors/Belloc/Atomized/Six_British_Battles/Chapter_15_THE_ACTION/part_32.md | blocks 11837 | 311m | 38 blk/min | 1 links to repair
[600/2224] ok Authors/Belloc/Atomized/Six_British_Battles/Chapter_15_THE_ACTION/part_34.md | blocks 11858 | 311m | 38 blk/min
REJECT Authors/Belloc/Atomized/Six_British_Battles/Chapter_15_THE_ACTION/part_36.md: invented wikilink targets: ['Napoleone']
[602/2224] ok Authors/Belloc/Atomized/Six_British_Battles/Chapter_15_THE_ACTION/part_37.md | blocks 11876 | 313m | 38 blk/min
[603/2224] ok Authors/Belloc/Atomized/Six_British_Battles/Chapter_15_THE_ACTION/part_35.md | blocks 11893 | 313m | 38 blk/min | 1 links to repair
[604/2224] ok Authors/Belloc/Atomized/Six_British_Battles/Chapter_15_THE_ACTION/part_38.md | blocks 11907 | 313m | 38 blk/min
[605/2224] ok Authors/Belloc/Atomized/Six_British_Battles/Chapter_15_THE_ACTION/part_39.md | blocks 11926 | 315m | 38 blk/min
[606/2224] ok Authors/Belloc/Atomized/Six_British_Battles/Chapter_15_THE_ACTION/part_40.md | blocks 11940 | 315m | 38 blk/min
[607/2224] ok Authors/Belloc/Atomized/Six_British_Battles/Chapter_15_THE_ACTION/part_41.md | blocks 11958 | 315m | 38 blk/min
[608/2224] ok Authors/Belloc/Atomized/Six_British_Battles/Chapter_15_THE_ACTION/part_42.md | blocks 11979 | 315m | 38 blk/min | 1 links to repair
[609/2224] ok Authors/Belloc/Atomized/Six_British_Battles/Chapter_15_THE_ACTION/part_43.md | blocks 12001 | 317m | 38 blk/min
[610/2224] ok Authors/Belloc/Atomized/Six_British_Battles/Chapter_15_THE_ACTION/part_44.md | blocks 12018 | 317m | 38 blk/min
[611/2224] ok Authors/Belloc/Atomized/Six_British_Battles/Chapter_15_THE_ACTION/part_46.md | blocks 12038 | 317m | 38 blk/min
[612/2224] ok Authors/Belloc/Atomized/Six_British_Battles/Chapter_15_THE_ACTION/part_45.md | blocks 12049 | 317m | 38 blk/min
[613/2224] ok Authors/Belloc/Atomized/Six_British_Battles/Chapter_15_THE_ACTION/part_47.md | blocks 12063 | 318m | 38 blk/min
[614/2224] ok Authors/Belloc/Atomized/Six_British_Battles/Chapter_15_THE_ACTION/part_48.md | blocks 12081 | 319m | 38 blk/min
[615/2224] ok Authors/Belloc/Atomized/Six_British_Battles/Chapter_15_THE_ACTION/part_49.md | blocks 12093 | 319m | 38 blk/min | 1 links to repair
[616/2224] ok Authors/Belloc/Atomized/Six_British_Battles/Chapter_15_THE_ACTION/part_50.md | blocks 12103 | 319m | 38 blk/min | 1 links to repair
[617/2224] ok Authors/Belloc/Atomized/Six_British_Battles/Chapter_15_THE_ACTION/part_51.md | blocks 12115 | 321m | 38 blk/min
[618/2224] ok Authors/Belloc/Atomized/Six_British_Battles/Chapter_15_THE_ACTION/part_52.md | blocks 12130 | 321m | 38 blk/min
[619/2224] ok Authors/Belloc/Atomized/Six_British_Battles/Chapter_15_THE_ACTION/part_53.md | blocks 12142 | 321m | 38 blk/min
[620/2224] ok Authors/Belloc/Atomized/Six_British_Battles/Chapter_15_THE_ACTION/part_54.md | blocks 12153 | 321m | 38 blk/min
[621/2224] ok Authors/Belloc/Atomized/Six_British_Battles/Chapter_15_THE_ACTION/part_57.md | blocks 12160 | 322m | 38 blk/min
[622/2224] ok Authors/Belloc/Atomized/Six_British_Battles/Chapter_15_THE_ACTION/part_55.md | blocks 12179 | 322m | 38 blk/min
[623/2224] ok Authors/Belloc/Atomized/Six_British_Battles/Chapter_16_THE_CAMPAIGN/part_01.md | blocks 12193 | 323m | 38 blk/min
[624/2224] ok Authors/Belloc/Atomized/Six_British_Battles/Chapter_16_THE_CAMPAIGN/part_03.md | blocks 12202 | 324m | 38 blk/min
[625/2224] ok Authors/Belloc/Atomized/Six_British_Battles/Chapter_15_THE_ACTION/part_56.md | blocks 12217 | 324m | 38 blk/min | 1 links to repair
[626/2224] ok Authors/Belloc/Atomized/Six_British_Battles/Chapter_16_THE_CAMPAIGN/part_02.md | blocks 12230 | 324m | 38 blk/min
[627/2224] ok Authors/Belloc/Atomized/Six_British_Battles/Chapter_17_THE_PRELIMINARIES_OF_THE_ACTIO/part_03.md | blocks 12242 | 325m | 38 blk/min
[628/2224] ok Authors/Belloc/Atomized/Six_British_Battles/Chapter_17_THE_PRELIMINARIES_OF_THE_ACTIO/part_01.md | blocks 12257 | 325m | 38 blk/min
[629/2224] ok Authors/Belloc/Atomized/Six_British_Battles/Chapter_17_THE_PRELIMINARIES_OF_THE_ACTIO/part_02.md | blocks 12270 | 326m | 38 blk/min
[630/2224] ok Authors/Belloc/Atomized/Six_British_Battles/Chapter_18_THE_TERRAIN/part_01.md | blocks 12286 | 326m | 38 blk/min
[631/2224] ok Authors/Belloc/Atomized/Six_British_Battles/Chapter_18_THE_TERRAIN/part_04.md | blocks 12292 | 326m | 38 blk/min
[632/2224] ok Authors/Belloc/Atomized/Six_British_Battles/Chapter_18_THE_TERRAIN/part_03.md | blocks 12305 | 327m | 38 blk/min
[633/2224] ok Authors/Belloc/Atomized/Six_British_Battles/Chapter_18_THE_TERRAIN/part_02.md | blocks 12320 | 327m | 38 blk/min
[634/2224] ok Authors/Belloc/Atomized/Six_British_Battles/Chapter_19_THE_ACTION/part_01.md | blocks 12332 | 328m | 38 blk/min
[635/2224] ok Authors/Belloc/Atomized/Six_British_Battles/Chapter_19_THE_ACTION/part_02.md | blocks 12343 | 328m | 38 blk/min
[636/2224] ok Authors/Belloc/Atomized/Six_British_Battles/Chapter_19_THE_ACTION/part_03.md | blocks 12353 | 329m | 38 blk/min
[637/2224] ok Authors/Belloc/Atomized/Six_British_Battles/Chapter_19_THE_ACTION/part_04.md | blocks 12365 | 329m | 38 blk/min
[638/2224] ok Authors/Belloc/Atomized/Six_British_Battles/Chapter_19_THE_ACTION/part_05.md | blocks 12373 | 330m | 38 blk/min
[639/2224] ok Authors/Belloc/Atomized/Six_British_Battles/Chapter_20_THE_ASPECT_OF_THESE_BATTLES/part_03.md | blocks 12377 | 330m | 37 blk/min
[640/2224] ok Authors/Belloc/Atomized/Six_British_Battles/Chapter_20_THE_ASPECT_OF_THESE_BATTLES/part_01.md | blocks 12392 | 331m | 37 blk/min
[641/2224] ok Authors/Belloc/Atomized/Sonnets_and_Verse/Story_01_Sonnets.md | blocks 12395 | 331m | 37 blk/min
[642/2224] ok Authors/Belloc/Atomized/Sonnets_and_Verse/Story_02_To_Dives.md | blocks 12399 | 331m | 37 blk/min
[643/2224] ok Authors/Belloc/Atomized/Sonnets_and_Verse/Story_03_The_South_Country.md | blocks 12402 | 331m | 37 blk/min
[644/2224] ok Authors/Belloc/Atomized/Sonnets_and_Verse/Story_04_Our_Lord_And_Our_Lady.md | blocks 12405 | 331m | 37 blk/min
[645/2224] ok Authors/Belloc/Atomized/Sonnets_and_Verse/Story_05_A_Bivouac.md | blocks 12408 | 331m | 37 blk/min
[646/2224] ok Authors/Belloc/Atomized/Sonnets_and_Verse/Story_06_The_Rebel.md | blocks 12412 | 331m | 38 blk/min
[647/2224] ok Authors/Belloc/Atomized/Sonnets_and_Verse/Story_07_An_Oracle.md | blocks 12415 | 331m | 38 blk/min
[648/2224] ok Authors/Belloc/Atomized/Six_British_Battles/Chapter_20_THE_ASPECT_OF_THESE_BATTLES/part_02.md | blocks 12426 | 331m | 38 blk/min
[649/2224] ok Authors/Belloc/Atomized/Six_British_Battles/Chapter_19_THE_ACTION/part_06.md | blocks 12439 | 331m | 38 blk/min
[650/2224] ok Authors/Belloc/Atomized/Sonnets_and_Verse/Story_10_Homage.md | blocks 12442 | 331m | 38 blk/min
[651/2224] ok Authors/Belloc/Atomized/Sonnets_and_Verse/Story_08_The_Death_And_Last_Confession_Of_Wanderi.md | blocks 12445 | 331m | 38 blk/min
[652/2224] ok Authors/Belloc/Atomized/Sonnets_and_Verse/Story_09_Dedication_Of_A_ChildS_Book_Of_Imaginary.md | blocks 12448 | 331m | 38 blk/min
[653/2224] ok Authors/Belloc/Atomized/Sonnets_and_Verse/Story_11_Lines_To_A_Don.md | blocks 12451 | 331m | 38 blk/min
[654/2224] ok Authors/Belloc/Atomized/Sonnets_and_Verse/Story_13_In_A_Boat.md | blocks 12455 | 331m | 38 blk/min
[655/2224] ok Authors/Belloc/Atomized/Sonnets_and_Verse/Story_12_The_Politician_Or_The_Irish_Earldom.md | blocks 12459 | 331m | 38 blk/min
[656/2224] ok Authors/Belloc/Atomized/Sonnets_and_Verse/Story_15_Drinking_Dirge.md | blocks 12462 | 331m | 38 blk/min
[657/2224] ok Authors/Belloc/Atomized/Sonnets_and_Verse/Story_14_Auvergnat.md | blocks 12465 | 331m | 38 blk/min
[658/2224] ok Authors/Belloc/Atomized/Sonnets_and_Verse/Story_17_Tarantella.md | blocks 12469 | 331m | 38 blk/min
[659/2224] ok Authors/Belloc/Atomized/Sonnets_and_Verse/Story_16_A_Ballad_On_Sociological_Economics.md | blocks 12472 | 331m | 38 blk/min
[660/2224] ok Authors/Belloc/Atomized/Sonnets_and_Verse/Story_18_The_Winged_Horse.md | blocks 12475 | 331m | 38 blk/min
[661/2224] ok Authors/Belloc/Atomized/Sonnets_and_Verse/Story_19_Ballade_Of_The_Unanswered_Question.md | blocks 12478 | 331m | 38 blk/min
[662/2224] ok Authors/Belloc/Atomized/Sonnets_and_Verse/Story_20_Ballade_Of_Hell_And_Of_Mrs_Roebeck.md | blocks 12481 | 331m | 38 blk/min
[663/2224] ok Authors/Belloc/Atomized/Sonnets_and_Verse/Story_21_Ballade_Of_The_Heresiarchs.md | blocks 12485 | 331m | 38 blk/min
[664/2224] ok Authors/Belloc/Atomized/Sonnets_and_Verse/Story_22_John_Swinnerton_Phillimore.md | blocks 12496 | 331m | 38 blk/min
[665/2224] ok Authors/Belloc/Atomized/Six_British_Battles/Chapter_21_THE_RESULTS_OF_THE_BATTLE.md | blocks 12507 | 332m | 38 blk/min
[666/2224] ok Authors/Belloc/Atomized/Sonnets_and_Verse/Story_24_Lyrical_Didactic_And_Grotesque.md | blocks 12603 | 333m | 38 blk/min
[667/2224] ok Authors/Belloc/Atomized/Sonnets_and_Verse/Story_23_Sonnets/part_02.md | blocks 12748 | 333m | 38 blk/min
[668/2224] ok Authors/Belloc/Atomized/Sonnets_and_Verse/Story_23_Sonnets/part_01.md | blocks 12889 | 334m | 39 blk/min | 1 links to repair
[669/2224] ok Authors/Belloc/Atomized/Sonnets_and_Verse/Story_27_The_Early_Morning.md | blocks 12896 | 334m | 39 blk/min
[670/2224] ok Authors/Belloc/Atomized/Sonnets_and_Verse/Story_28_Our_Lord_And_Our_Lady.md | blocks 12923 | 334m | 39 blk/min
[671/2224] ok Authors/Belloc/Atomized/Sonnets_and_Verse/Story_25_The_South_Country.md | blocks 12986 | 334m | 39 blk/min
[672/2224] ok Authors/Belloc/Atomized/Sonnets_and_Verse/Story_23_Sonnets/part_03.md | blocks 13162 | 334m | 39 blk/min
[673/2224] ok Authors/Belloc/Atomized/Sonnets_and_Verse/Story_30_The_Night.md | blocks 13181 | 334m | 39 blk/min
[674/2224] ok Authors/Belloc/Atomized/Sonnets_and_Verse/Story_29_Courtesy.md | blocks 13211 | 334m | 40 blk/min
[675/2224] ok Authors/Belloc/Atomized/Sonnets_and_Verse/Story_32_A_Bivouac.md | blocks 13230 | 335m | 40 blk/min
[676/2224] ok Authors/Belloc/Atomized/Sonnets_and_Verse/Story_26_The_Fanatic.md | blocks 13307 | 335m | 40 blk/min
[677/2224] ok Authors/Belloc/Atomized/Sonnets_and_Verse/Story_31_The_Leader.md | blocks 13346 | 335m | 40 blk/min
[678/2224] ok Authors/Belloc/Atomized/Sonnets_and_Verse/Story_34_The_Rebel.md | blocks 13384 | 335m | 40 blk/min
[679/2224] ok Authors/Belloc/Atomized/Sonnets_and_Verse/Story_36_An_Oracle.md | blocks 13404 | 335m | 40 blk/min
[680/2224] ok Authors/Belloc/Atomized/Sonnets_and_Verse/Story_37_The_Death_And_Last_Confession_Of_Wanderi.md | blocks 13447 | 335m | 40 blk/min
[681/2224] ok Authors/Belloc/Atomized/Sonnets_and_Verse/Story_33_To_The_Balliol_Men_Still_In_Africa.md | blocks 13511 | 335m | 40 blk/min
[682/2224] ok Authors/Belloc/Atomized/Sonnets_and_Verse/Story_40_Dedication_Of_A_ChildS_Book_Of_Imaginary.md | blocks 13519 | 335m | 40 blk/min
[683/2224] ok Authors/Belloc/Atomized/Sonnets_and_Verse/Story_35_The_Prophet_Lost_In_The_Hills_At_Evening.md | blocks 13586 | 336m | 40 blk/min
[684/2224] ok Authors/Belloc/Atomized/Sonnets_and_Verse/Story_38_Dedicatory_Ode.md | blocks 13737 | 336m | 41 blk/min
[685/2224] ok Authors/Belloc/Atomized/Sonnets_and_Verse/Story_39_Dedication_On_The_Gift_Of_A_Book_To_A_Ch.md | blocks 13756 | 336m | 41 blk/min
[686/2224] ok Authors/Belloc/Atomized/Sonnets_and_Verse/Story_41_Homage.md | blocks 13771 | 336m | 41 blk/min
[687/2224] ok Authors/Belloc/Atomized/Sonnets_and_Verse/Story_42_The_MoonS_Funeral.md | blocks 13800 | 336m | 41 blk/min
[688/2224] ok Authors/Belloc/Atomized/Sonnets_and_Verse/Story_46_The_Yellow_Mustard.md | blocks 13823 | 336m | 41 blk/min
[689/2224] ok Authors/Belloc/Atomized/Sonnets_and_Verse/Story_43_The_Happy_Journalist.md | blocks 13854 | 336m | 41 blk/min
[690/2224] ok Authors/Belloc/Atomized/Sonnets_and_Verse/Story_45_Newdigate_Poem.md | blocks 13960 | 336m | 42 blk/min
[691/2224] ok Authors/Belloc/Atomized/Sonnets_and_Verse/Story_48_The_Loser.md | blocks 13984 | 336m | 42 blk/min
[692/2224] ok Authors/Belloc/Atomized/Sonnets_and_Verse/Story_44_Lines_To_A_Don.md | blocks 14046 | 337m | 42 blk/min
[693/2224] ok Authors/Belloc/Atomized/Sonnets_and_Verse/Story_50_The_Birds.md | blocks 14059 | 337m | 42 blk/min
[694/2224] ok Authors/Belloc/Atomized/Sonnets_and_Verse/Story_47_The_Politician_Or_The_Irish_Earldom.md | blocks 14106 | 337m | 42 blk/min
[695/2224] ok Authors/Belloc/Atomized/Sonnets_and_Verse/Story_49_Songs.md | blocks 14143 | 337m | 42 blk/min
[696/2224] ok Authors/Belloc/Atomized/Sonnets_and_Verse/Story_53_Cuckoo.md | blocks 14165 | 337m | 42 blk/min
[697/2224] ok Authors/Belloc/Atomized/Sonnets_and_Verse/Story_52_The_Ring.md | blocks 14186 | 337m | 42 blk/min
[698/2224] ok Authors/Belloc/Atomized/Sonnets_and_Verse/Story_55_Auvergnat.md | blocks 14205 | 337m | 42 blk/min
[699/2224] ok Authors/Belloc/Atomized/Sonnets_and_Verse/Story_51_In_A_Boat.md | blocks 14254 | 337m | 42 blk/min
[700/2224] ok Authors/Belloc/Atomized/Sonnets_and_Verse/Story_58_Envoi.md | blocks 14261 | 337m | 42 blk/min
[701/2224] ok Authors/Belloc/Atomized/Sonnets_and_Verse/Story_56_Drinking_Song.md | blocks 14285 | 337m | 42 blk/min
[702/2224] ok Authors/Belloc/Atomized/Sonnets_and_Verse/Story_54_The_Little_Serving_Maid.md | blocks 14337 | 337m | 43 blk/min
[703/2224] ok Authors/Belloc/Atomized/Sonnets_and_Verse/Story_57_Drinking_Dirge.md | blocks 14364 | 337m | 43 blk/min
[704/2224] ok Authors/Belloc/Atomized/Sonnets_and_Verse/Story_59_West_Sussex_Drinking_Song.md | blocks 14397 | 338m | 43 blk/min | 1 links to repair
[705/2224] ok Authors/Belloc/Atomized/Sonnets_and_Verse/Story_61_Heretics_All.md | blocks 14416 | 338m | 43 blk/min
[706/2224] ok Authors/Belloc/Atomized/Sonnets_and_Verse/Story_60_A_Ballad_On_Sociological_Economics.md | blocks 14439 | 338m | 43 blk/min
[707/2224] ok Authors/Belloc/Atomized/Sonnets_and_Verse/Story_62_HaNacker_Mill.md | blocks 14457 | 338m | 43 blk/min
[708/2224] ok Authors/Belloc/Atomized/Sonnets_and_Verse/Story_65_StrephonS_Song.md | blocks 14482 | 338m | 43 blk/min
[709/2224] ok Authors/Belloc/Atomized/Sonnets_and_Verse/Story_64_The_Winged_Horse.md | blocks 14508 | 338m | 43 blk/min
[710/2224] ok Authors/Belloc/Atomized/Sonnets_and_Verse/Story_67_Ballade_Of_The_Unanswered_Question.md | blocks 14541 | 338m | 43 blk/min
[711/2224] ok Authors/Belloc/Atomized/Sonnets_and_Verse/Story_66_Ballades.md | blocks 14594 | 338m | 43 blk/min
[712/2224] ok Authors/Belloc/Atomized/Sonnets_and_Verse/Story_68_Ballade_To_Our_Lady_Of_Czestochowa.md | blocks 14627 | 338m | 43 blk/min
[713/2224] ok Authors/Belloc/Atomized/Sonnets_and_Verse/Story_63_Tarantella.md | blocks 14702 | 339m | 43 blk/min
[714/2224] ok Authors/Belloc/Atomized/Sonnets_and_Verse/Story_69_Ballade_Of_Hell_And_Of_Mrs_Roebeck.md | blocks 14735 | 339m | 44 blk/min
[715/2224] ok Authors/Belloc/Atomized/Sonnets_and_Verse/Story_71_Ballade_Of_The_Heresiarchs.md | blocks 14768 | 339m | 44 blk/min
[716/2224] ok Authors/Belloc/Atomized/Sonnets_and_Verse/Story_70_Ballade_Of_Unsuccessful_Men.md | blocks 14801 | 339m | 44 blk/min
[717/2224] ok Authors/Belloc/Atomized/Sussex/Chapter_01_THE_PHYSICAL_NATURE_OF_THE_COU/part_01.md | blocks 14817 | 341m | 43 blk/min | 2 links to repair
[718/2224] ok Authors/Belloc/Atomized/Sussex/Chapter_01_THE_PHYSICAL_NATURE_OF_THE_COU/part_02.md | blocks 14835 | 341m | 44 blk/min | 1 links to repair
[719/2224] ok Authors/Belloc/Atomized/Sonnets_and_Verse/Story_72_Epigrams/part_01.md | blocks 14997 | 341m | 44 blk/min
[720/2224] ok Authors/Belloc/Atomized/Sonnets_and_Verse/Story_72_Epigrams/part_02.md | blocks 15193 | 341m | 45 blk/min
[721/2224] ok Authors/Belloc/Atomized/Sussex/Chapter_01_THE_PHYSICAL_NATURE_OF_THE_COU/part_04.md | blocks 15211 | 343m | 44 blk/min | 3 links to repair
[722/2224] ok Authors/Belloc/Atomized/Sussex/Chapter_01_THE_PHYSICAL_NATURE_OF_THE_COU/part_03.md | blocks 15228 | 343m | 44 blk/min | 1 links to repair
[723/2224] ok Authors/Belloc/Atomized/Sussex/Chapter_01_THE_PHYSICAL_NATURE_OF_THE_COU/part_06.md | blocks 15243 | 343m | 44 blk/min | 2 links to repair
[724/2224] ok Authors/Belloc/Atomized/Sussex/Chapter_01_THE_PHYSICAL_NATURE_OF_THE_COU/part_05.md | blocks 15261 | 343m | 44 blk/min | 2 links to repair
[725/2224] ok Authors/Belloc/Atomized/Sussex/Chapter_01_THE_PHYSICAL_NATURE_OF_THE_COU/part_07.md | blocks 15275 | 345m | 44 blk/min | 4 links to repair
[726/2224] ok Authors/Belloc/Atomized/Sussex/Chapter_01_THE_PHYSICAL_NATURE_OF_THE_COU/part_09.md | blocks 15293 | 345m | 44 blk/min
[727/2224] ok Authors/Belloc/Atomized/Sussex/Chapter_01_THE_PHYSICAL_NATURE_OF_THE_COU/part_08.md | blocks 15312 | 345m | 44 blk/min | 1 links to repair
[728/2224] ok Authors/Belloc/Atomized/Sussex/Chapter_02_THE_HISTORICAL_DEVELOPMENT_OF/part_01.md | blocks 15328 | 345m | 44 blk/min
[729/2224] ok Authors/Belloc/Atomized/Sussex/Chapter_02_THE_HISTORICAL_DEVELOPMENT_OF/part_02.md | blocks 15345 | 347m | 44 blk/min | 2 links to repair
[730/2224] ok Authors/Belloc/Atomized/Sussex/Chapter_02_THE_HISTORICAL_DEVELOPMENT_OF/part_03.md | blocks 15360 | 347m | 44 blk/min | 1 links to repair
[731/2224] ok Authors/Belloc/Atomized/Sussex/Chapter_02_THE_HISTORICAL_DEVELOPMENT_OF/part_05.md | blocks 15375 | 347m | 44 blk/min | 3 links to repair
[732/2224] ok Authors/Belloc/Atomized/Sussex/Chapter_02_THE_HISTORICAL_DEVELOPMENT_OF/part_04.md | blocks 15393 | 347m | 44 blk/min | 2 links to repair
[733/2224] ok Authors/Belloc/Atomized/Sussex/Chapter_02_THE_HISTORICAL_DEVELOPMENT_OF/part_06.md | blocks 15412 | 349m | 44 blk/min | 1 links to repair
[734/2224] ok Authors/Belloc/Atomized/Sussex/Chapter_02_THE_HISTORICAL_DEVELOPMENT_OF/part_09.md | blocks 15427 | 349m | 44 blk/min | 2 links to repair
[735/2224] ok Authors/Belloc/Atomized/Sussex/Chapter_02_THE_HISTORICAL_DEVELOPMENT_OF/part_08.md | blocks 15448 | 349m | 44 blk/min
[736/2224] ok Authors/Belloc/Atomized/Sussex/Chapter_02_THE_HISTORICAL_DEVELOPMENT_OF/part_07.md | blocks 15465 | 349m | 44 blk/min | 2 links to repair
[737/2224] ok Authors/Belloc/Atomized/Sussex/Chapter_02_THE_HISTORICAL_DEVELOPMENT_OF/part_10.md | blocks 15480 | 351m | 44 blk/min | 1 links to repair
[738/2224] ok Authors/Belloc/Atomized/Sussex/Chapter_02_THE_HISTORICAL_DEVELOPMENT_OF/part_11.md | blocks 15496 | 351m | 44 blk/min
[739/2224] ok Authors/Belloc/Atomized/Sussex/Chapter_02_THE_HISTORICAL_DEVELOPMENT_OF/part_12.md | blocks 15515 | 351m | 44 blk/min | 1 links to repair
[740/2224] ok Authors/Belloc/Atomized/Sussex/Chapter_02_THE_HISTORICAL_DEVELOPMENT_OF/part_13.md | blocks 15531 | 351m | 44 blk/min | 1 links to repair
[741/2224] ok Authors/Belloc/Atomized/Sussex/Chapter_02_THE_HISTORICAL_DEVELOPMENT_OF/part_15.md | blocks 15550 | 352m | 44 blk/min
[742/2224] ok Authors/Belloc/Atomized/Sussex/Chapter_02_THE_HISTORICAL_DEVELOPMENT_OF/part_14.md | blocks 15564 | 352m | 44 blk/min
[743/2224] ok Authors/Belloc/Atomized/Sussex/Chapter_02_THE_HISTORICAL_DEVELOPMENT_OF/part_16.md | blocks 15581 | 353m | 44 blk/min | 1 links to repair
[744/2224] ok Authors/Belloc/Atomized/Sussex/Chapter_02_THE_HISTORICAL_DEVELOPMENT_OF/part_17.md | blocks 15606 | 353m | 44 blk/min
[745/2224] ok Authors/Belloc/Atomized/Sussex/Chapter_02_THE_HISTORICAL_DEVELOPMENT_OF/part_19.md | blocks 15622 | 354m | 44 blk/min
[746/2224] ok Authors/Belloc/Atomized/Sussex/Chapter_02_THE_HISTORICAL_DEVELOPMENT_OF/part_18.md | blocks 15642 | 354m | 44 blk/min
[747/2224] ok Authors/Belloc/Atomized/Sussex/Chapter_03_THE_INDIVIDUAL_CHARACTER_OF_SU/part_02.md | blocks 15662 | 356m | 44 blk/min | 2 links to repair
[748/2224] ok Authors/Belloc/Atomized/Sussex/Chapter_03_THE_INDIVIDUAL_CHARACTER_OF_SU/part_01.md | blocks 15677 | 356m | 44 blk/min | 2 links to repair
[749/2224] ok Authors/Belloc/Atomized/Sussex/Chapter_03_THE_INDIVIDUAL_CHARACTER_OF_SU/part_03.md | blocks 15696 | 356m | 44 blk/min
[750/2224] ok Authors/Belloc/Atomized/Sussex/Chapter_03_THE_INDIVIDUAL_CHARACTER_OF_SU/part_04.md | blocks 15711 | 356m | 44 blk/min | 2 links to repair
[751/2224] ok Authors/Belloc/Atomized/Sussex/Chapter_03_THE_INDIVIDUAL_CHARACTER_OF_SU/part_05.md | blocks 15728 | 358m | 44 blk/min | 3 links to repair
[752/2224] ok Authors/Belloc/Atomized/Sussex/Chapter_03_THE_INDIVIDUAL_CHARACTER_OF_SU/part_06.md | blocks 15745 | 358m | 44 blk/min | 5 links to repair
[753/2224] ok Authors/Belloc/Atomized/The_Bad_Childs_Book_of_Beasts/Story_01_DEDICATION.md | blocks 15752 | 358m | 44 blk/min
[754/2224] ok Authors/Belloc/Atomized/Sussex/Chapter_03_THE_INDIVIDUAL_CHARACTER_OF_SU/part_07.md | blocks 15771 | 358m | 44 blk/min | 4 links to repair
[755/2224] ok Authors/Belloc/Atomized/The_Bad_Childs_Book_of_Beasts/Story_02_INTRODUCTION.md | blocks 15799 | 358m | 44 blk/min
[756/2224] ok Authors/Belloc/Atomized/Sussex/Chapter_03_THE_INDIVIDUAL_CHARACTER_OF_SU/part_08.md | blocks 15816 | 358m | 44 blk/min | 1 links to repair
[757/2224] ok Authors/Belloc/Atomized/The_Bad_Childs_Book_of_Beasts/Story_03_The_Yak.md | blocks 15836 | 358m | 44 blk/min
[758/2224] ok Authors/Belloc/Atomized/The_Bad_Childs_Book_of_Beasts/Story_04_The_Polar_Bear.md | blocks 15843 | 358m | 44 blk/min
[759/2224] ok Authors/Belloc/Atomized/The_Bad_Childs_Book_of_Beasts/Story_07_The_Dromedary.md | blocks 15848 | 358m | 44 blk/min
[760/2224] ok Authors/Belloc/Atomized/The_Bad_Childs_Book_of_Beasts/Story_05_The_Lion.md | blocks 15855 | 358m | 44 blk/min
[761/2224] ok Authors/Belloc/Atomized/The_Bad_Childs_Book_of_Beasts/Story_09_The_Camel.md | blocks 15859 | 358m | 44 blk/min
[762/2224] ok Authors/Belloc/Atomized/The_Bad_Childs_Book_of_Beasts/Story_06_The_Tiger.md | blocks 15867 | 358m | 44 blk/min
[763/2224] ok Authors/Belloc/Atomized/The_Bad_Childs_Book_of_Beasts/Story_11_The_Marmozet.md | blocks 15874 | 358m | 44 blk/min
[764/2224] ok Authors/Belloc/Atomized/The_Bad_Childs_Book_of_Beasts/Story_08_The_Whale.md | blocks 15891 | 359m | 44 blk/min
[765/2224] ok Authors/Belloc/Atomized/The_Bad_Childs_Book_of_Beasts/Story_10_The_Hippopotamus.md | blocks 15909 | 359m | 44 blk/min
[766/2224] ok Authors/Belloc/Atomized/The_Bad_Childs_Book_of_Beasts/Story_13_The_Learned_Fish.md | blocks 15914 | 359m | 44 blk/min
[767/2224] ok Authors/Belloc/Atomized/The_Bad_Childs_Book_of_Beasts/Story_14_The_Elephant.md | blocks 15922 | 359m | 44 blk/min
[768/2224] ok Authors/Belloc/Atomized/The_Bad_Childs_Book_of_Beasts/Story_15_The_Big_Baboon.md | blocks 15935 | 359m | 44 blk/min
[769/2224] ok Authors/Belloc/Atomized/The_Bad_Childs_Book_of_Beasts/Story_12_The_Camelopard.md | blocks 15960 | 359m | 44 blk/min
[770/2224] ok Authors/Belloc/Atomized/The_Bad_Childs_Book_of_Beasts/Story_16_The_Rhinoceros.md | blocks 15967 | 359m | 45 blk/min
[771/2224] ok Authors/Belloc/Atomized/The_Bad_Childs_Book_of_Beasts/Story_17_The_Frog.md | blocks 15984 | 359m | 45 blk/min
[772/2224] ok Authors/Belloc/Atomized/Sussex/Chapter_03_THE_INDIVIDUAL_CHARACTER_OF_SU/part_09.md | blocks 16002 | 360m | 44 blk/min | 3 links to repair
[773/2224] ok Authors/Belloc/Atomized/The_Book_of_the_Bayeux_Tapestry/Story_01_Introduction/part_01.md | blocks 16011 | 361m | 44 blk/min
[774/2224] ok Authors/Belloc/Atomized/The_Book_of_the_Bayeux_Tapestry/Story_01_Introduction/part_02.md | blocks 16025 | 361m | 44 blk/min
[775/2224] ok Authors/Belloc/Atomized/The_Book_of_the_Bayeux_Tapestry/Story_02_Notes/part_01.md | blocks 16039 | 362m | 44 blk/min
[776/2224] ok Authors/Belloc/Atomized/The_Book_of_the_Bayeux_Tapestry/Story_01_Introduction/part_03.md | blocks 16057 | 362m | 44 blk/min | 1 links to repair
[777/2224] ok Authors/Belloc/Atomized/The_Book_of_the_Bayeux_Tapestry/Story_02_Notes/part_02.md | blocks 16067 | 363m | 44 blk/min
[778/2224] ok Authors/Belloc/Atomized/The_Book_of_the_Bayeux_Tapestry/Story_02_Notes/part_03.md | blocks 16080 | 364m | 44 blk/min
[779/2224] ok Authors/Belloc/Atomized/The_Book_of_the_Bayeux_Tapestry/Story_02_Notes/part_05.md | blocks 16091 | 364m | 44 blk/min
[780/2224] ok Authors/Belloc/Atomized/The_Book_of_the_Bayeux_Tapestry/Story_02_Notes/part_06.md | blocks 16101 | 365m | 44 blk/min
[781/2224] ok Authors/Belloc/Atomized/The_Book_of_the_Bayeux_Tapestry/Story_02_Notes/part_04.md | blocks 16110 | 365m | 44 blk/min | 3 links to repair
[782/2224] ok Authors/Belloc/Atomized/The_Cruise_of_the_Nona/part/part_01.md | blocks 16131 | 366m | 44 blk/min
[783/2224] ok Authors/Belloc/Atomized/The_Cruise_of_the_Nona/part/part_02.md | blocks 16144 | 366m | 44 blk/min | 1 links to repair
[784/2224] ok Authors/Belloc/Atomized/The_Cruise_of_the_Nona/part/part_03.md | blocks 16160 | 367m | 44 blk/min | 1 links to repair
REJECT Authors/Belloc/Atomized/The_Cruise_of_the_Nona/part/part_04.md: leftover mask token(s): 1 (e.g. [[L01..)
[786/2224] ok Authors/Belloc/Atomized/The_Cruise_of_the_Nona/part/part_05.md | blocks 16174 | 368m | 44 blk/min | 2 links to repair
[787/2224] ok Authors/Belloc/Atomized/The_Cruise_of_the_Nona/part/part_06.md | blocks 16185 | 368m | 44 blk/min
[788/2224] ok Authors/Belloc/Atomized/The_Cruise_of_the_Nona/part/part_07.md | blocks 16196 | 369m | 44 blk/min
[789/2224] ok Authors/Belloc/Atomized/The_Cruise_of_the_Nona/part/part_08.md | blocks 16207 | 369m | 44 blk/min
[790/2224] ok Authors/Belloc/Atomized/The_Cruise_of_the_Nona/part/part_09.md | blocks 16222 | 370m | 44 blk/min
[791/2224] ok Authors/Belloc/Atomized/The_Cruise_of_the_Nona/part/part_10.md | blocks 16237 | 370m | 44 blk/min
[792/2224] ok Authors/Belloc/Atomized/The_Cruise_of_the_Nona/part/part_12.md | blocks 16247 | 371m | 44 blk/min | 1 links to repair
[793/2224] ok Authors/Belloc/Atomized/The_Cruise_of_the_Nona/part/part_11.md | blocks 16276 | 371m | 44 blk/min
[794/2224] ok Authors/Belloc/Atomized/The_Cruise_of_the_Nona/part/part_13.md | blocks 16298 | 372m | 44 blk/min | 3 links to repair
[795/2224] ok Authors/Belloc/Atomized/The_Cruise_of_the_Nona/part/part_14.md | blocks 16315 | 372m | 44 blk/min
[796/2224] ok Authors/Belloc/Atomized/The_Cruise_of_the_Nona/part/part_15.md | blocks 16327 | 373m | 44 blk/min
[797/2224] ok Authors/Belloc/Atomized/The_Cruise_of_the_Nona/part/part_16.md | blocks 16339 | 373m | 44 blk/min
[798/2224] ok Authors/Belloc/Atomized/The_Cruise_of_the_Nona/part/part_18.md | blocks 16352 | 374m | 44 blk/min
[799/2224] ok Authors/Belloc/Atomized/The_Cruise_of_the_Nona/part/part_17.md | blocks 16362 | 374m | 44 blk/min
[800/2224] ok Authors/Belloc/Atomized/The_Cruise_of_the_Nona/part/part_19.md | blocks 16373 | 375m | 44 blk/min | 2 links to repair
[801/2224] ok Authors/Belloc/Atomized/The_Cruise_of_the_Nona/part/part_20.md | blocks 16382 | 376m | 44 blk/min | 3 links to repair
[802/2224] ok Authors/Belloc/Atomized/The_Cruise_of_the_Nona/part/part_21.md | blocks 16394 | 376m | 44 blk/min
[803/2224] ok Authors/Belloc/Atomized/The_Cruise_of_the_Nona/part/part_22.md | blocks 16407 | 376m | 44 blk/min
[804/2224] ok Authors/Belloc/Atomized/The_Cruise_of_the_Nona/part/part_23.md | blocks 16419 | 377m | 44 blk/min
[805/2224] ok Authors/Belloc/Atomized/The_Cruise_of_the_Nona/part/part_24.md | blocks 16430 | 378m | 44 blk/min | 1 links to repair
[806/2224] ok Authors/Belloc/Atomized/The_Cruise_of_the_Nona/part/part_26.md | blocks 16445 | 378m | 43 blk/min
[807/2224] ok Authors/Belloc/Atomized/The_Cruise_of_the_Nona/part/part_25.md | blocks 16458 | 378m | 43 blk/min | 1 links to repair
[808/2224] ok Authors/Belloc/Atomized/The_Cruise_of_the_Nona/part/part_27.md | blocks 16469 | 379m | 43 blk/min | 1 links to repair
[809/2224] ok Authors/Belloc/Atomized/The_Cruise_of_the_Nona/part/part_28.md | blocks 16481 | 380m | 43 blk/min | 3 links to repair
[810/2224] ok Authors/Belloc/Atomized/The_Cruise_of_the_Nona/part/part_29.md | blocks 16493 | 380m | 43 blk/min | 1 links to repair
[811/2224] ok Authors/Belloc/Atomized/The_Cruise_of_the_Nona/part/part_30.md | blocks 16505 | 380m | 43 blk/min | 1 links to repair
REJECT Authors/Belloc/Atomized/The_Cruise_of_the_Nona/part/part_31.md: leftover mask token(s): 1 (e.g. [[L01..)
[813/2224] ok Authors/Belloc/Atomized/The_Cruise_of_the_Nona/part/part_32.md | blocks 16517 | 382m | 43 blk/min
[814/2224] ok Authors/Belloc/Atomized/The_Cruise_of_the_Nona/part/part_33.md | blocks 16528 | 382m | 43 blk/min | 2 links to repair
[815/2224] ok Authors/Belloc/Atomized/The_Cruise_of_the_Nona/part/part_34.md | blocks 16545 | 383m | 43 blk/min | 2 links to repair
[816/2224] ok Authors/Belloc/Atomized/The_Cruise_of_the_Nona/part/part_35.md | blocks 16557 | 383m | 43 blk/min
[817/2224] ok Authors/Belloc/Atomized/The_Cruise_of_the_Nona/part/part_36.md | blocks 16565 | 384m | 43 blk/min
[818/2224] ok Authors/Belloc/Atomized/The_Cruise_of_the_Nona/part/part_37.md | blocks 16583 | 384m | 43 blk/min
[819/2224] ok Authors/Belloc/Atomized/The_Cruise_of_the_Nona/part/part_38.md | blocks 16598 | 385m | 43 blk/min | 1 links to repair
[820/2224] ok Authors/Belloc/Atomized/The_Cruise_of_the_Nona/part/part_39.md | blocks 16610 | 385m | 43 blk/min | 2 links to repair
[821/2224] ok Authors/Belloc/Atomized/The_Cruise_of_the_Nona/part/part_40.md | blocks 16620 | 386m | 43 blk/min | 1 links to repair
[822/2224] ok Authors/Belloc/Atomized/The_Cruise_of_the_Nona/part/part_41.md | blocks 16632 | 386m | 43 blk/min | 1 links to repair
[823/2224] ok Authors/Belloc/Atomized/The_Cruise_of_the_Nona/part/part_42.md | blocks 16646 | 387m | 43 blk/min
[824/2224] ok Authors/Belloc/Atomized/The_Cruise_of_the_Nona/part/part_43.md | blocks 16658 | 387m | 43 blk/min | 2 links to repair
[825/2224] ok Authors/Belloc/Atomized/The_Cruise_of_the_Nona/part/part_44.md | blocks 16669 | 388m | 43 blk/min
[826/2224] ok Authors/Belloc/Atomized/The_Cruise_of_the_Nona/part/part_45.md | blocks 16681 | 388m | 43 blk/min | 1 links to repair
[827/2224] ok Authors/Belloc/Atomized/The_Cruise_of_the_Nona/part/part_46.md | blocks 16694 | 389m | 43 blk/min
[828/2224] ok Authors/Belloc/Atomized/The_Cruise_of_the_Nona/part/part_47.md | blocks 16705 | 389m | 43 blk/min
[829/2224] ok Authors/Belloc/Atomized/The_Cruise_of_the_Nona/part/part_48.md | blocks 16725 | 390m | 43 blk/min
[830/2224] ok Authors/Belloc/Atomized/The_Cruise_of_the_Nona/part/part_49.md | blocks 16737 | 390m | 43 blk/min
[831/2224] ok Authors/Belloc/Atomized/The_Cruise_of_the_Nona/part/part_50.md | blocks 16751 | 391m | 43 blk/min
[832/2224] ok Authors/Belloc/Atomized/The_Cruise_of_the_Nona/part/part_51.md | blocks 16763 | 391m | 43 blk/min | 1 links to repair
[833/2224] ok Authors/Belloc/Atomized/The_Cruise_of_the_Nona/part/part_52.md | blocks 16775 | 392m | 43 blk/min | 1 links to repair
[834/2224] ok Authors/Belloc/Atomized/The_Cruise_of_the_Nona/part/part_53.md | blocks 16789 | 392m | 43 blk/min | 2 links to repair
[835/2224] ok Authors/Belloc/Atomized/The_Cruise_of_the_Nona/part/part_54.md | blocks 16804 | 393m | 43 blk/min
[836/2224] ok Authors/Belloc/Atomized/The_Cruise_of_the_Nona/part/part_56.md | blocks 16815 | 393m | 43 blk/min | 2 links to repair
[837/2224] ok Authors/Belloc/Atomized/The_Cruise_of_the_Nona/part/part_55.md | blocks 16834 | 394m | 43 blk/min | 1 links to repair
[838/2224] ok Authors/Belloc/Atomized/The_Cruise_of_the_Nona/part/part_57.md | blocks 16849 | 394m | 43 blk/min | 2 links to repair
[839/2224] ok Authors/Belloc/Atomized/The_Cruise_of_the_Nona/part/part_58.md | blocks 16863 | 395m | 43 blk/min | 2 links to repair
[840/2224] ok Authors/Belloc/Atomized/The_Cruise_of_the_Nona/part/part_59.md | blocks 16872 | 395m | 43 blk/min
[841/2224] ok Authors/Belloc/Atomized/The_Cruise_of_the_Nona/part/part_60.md | blocks 16885 | 395m | 43 blk/min
[842/2224] ok Authors/Belloc/Atomized/The_Cruise_of_the_Nona/part/part_61.md | blocks 16896 | 396m | 43 blk/min | 3 links to repair
[843/2224] ok Authors/Belloc/Atomized/The_Cruise_of_the_Nona/part/part_62.md | blocks 16909 | 397m | 43 blk/min | 1 links to repair
[844/2224] ok Authors/Belloc/Atomized/The_Cruise_of_the_Nona/part/part_63.md | blocks 16923 | 397m | 43 blk/min | 2 links to repair
[845/2224] ok Authors/Belloc/Atomized/The_Cruise_of_the_Nona/part/part_64.md | blocks 16933 | 397m | 43 blk/min | 4 links to repair
[846/2224] ok Authors/Belloc/Atomized/The_Cruise_of_the_Nona/part/part_65.md | blocks 16943 | 398m | 43 blk/min
[847/2224] ok Authors/Belloc/Atomized/The_Cruise_of_the_Nona/part/part_68.md | blocks 16960 | 399m | 42 blk/min
[848/2224] ok Authors/Belloc/Atomized/The_Cruise_of_the_Nona/part/part_66.md | blocks 16971 | 400m | 42 blk/min | 2 links to repair
[849/2224] ok Authors/Belloc/Atomized/The_Cruise_of_the_Nona/part/part_67.md | blocks 16987 | 400m | 43 blk/min | 2 links to repair
[850/2224] ok Authors/Belloc/Atomized/The_Cruise_of_the_Nona/part/part_69.md | blocks 17001 | 401m | 42 blk/min | 1 links to repair
[851/2224] ok Authors/Belloc/Atomized/The_Cruise_of_the_Nona/part/part_70.md | blocks 17016 | 401m | 42 blk/min
[852/2224] ok Authors/Belloc/Atomized/The_Cruise_of_the_Nona/part/part_71.md | blocks 17030 | 401m | 42 blk/min
[853/2224] ok Authors/Belloc/Atomized/The_Cruise_of_the_Nona/part/part_72.md | blocks 17045 | 402m | 42 blk/min
[854/2224] ok Authors/Belloc/Atomized/The_Cruise_of_the_Nona/part/part_73.md | blocks 17057 | 403m | 42 blk/min | 3 links to repair
[855/2224] ok Authors/Belloc/Atomized/The_Cruise_of_the_Nona/part/part_74.md | blocks 17070 | 403m | 42 blk/min
[856/2224] ok Authors/Belloc/Atomized/The_Cruise_of_the_Nona/part/part_75.md | blocks 17080 | 403m | 42 blk/min
[857/2224] ok Authors/Belloc/Atomized/The_Cruise_of_the_Nona/part/part_76.md | blocks 17091 | 403m | 42 blk/min
[858/2224] ok Authors/Belloc/Atomized/The_Cruise_of_the_Nona/part/part_77.md | blocks 17102 | 405m | 42 blk/min
[859/2224] ok Authors/Belloc/Atomized/The_Cruise_of_the_Nona/part/part_78.md | blocks 17116 | 405m | 42 blk/min | 1 links to repair
[860/2224] ok Authors/Belloc/Atomized/The_Cruise_of_the_Nona/part/part_79.md | blocks 17129 | 405m | 42 blk/min | 2 links to repair
[861/2224] ok Authors/Belloc/Atomized/The_Cruise_of_the_Nona/part/part_80.md | blocks 17147 | 405m | 42 blk/min
[862/2224] ok Authors/Belloc/Atomized/The_Cruise_of_the_Nona/part/part_81.md | blocks 17162 | 407m | 42 blk/min
[863/2224] ok Authors/Belloc/Atomized/The_Cruise_of_the_Nona/part/part_83.md | blocks 17175 | 407m | 42 blk/min | 1 links to repair
[864/2224] ok Authors/Belloc/Atomized/The_Cruise_of_the_Nona/part/part_82.md | blocks 17187 | 407m | 42 blk/min | 2 links to repair
[865/2224] ok Authors/Belloc/Atomized/The_Cruise_of_the_Nona/part/part_84.md | blocks 17193 | 407m | 42 blk/min
[866/2224] ok Authors/Belloc/Atomized/The_Cruise_of_the_Nona/part/part_85.md | blocks 17202 | 409m | 42 blk/min | 1 links to repair
[867/2224] ok Authors/Belloc/Atomized/The_Cruise_of_the_Nona/part/part_86.md | blocks 17212 | 409m | 42 blk/min | 1 links to repair
[868/2224] ok Authors/Belloc/Atomized/The_Cruise_of_the_Nona/part/part_87.md | blocks 17227 | 409m | 42 blk/min | 4 links to repair
[869/2224] ok Authors/Belloc/Atomized/The_Cruise_of_the_Nona/part/part_88.md | blocks 17236 | 409m | 42 blk/min | 2 links to repair
REJECT Authors/Belloc/Atomized/The_Cruise_of_the_Nona/part/part_89.md: leftover mask token(s): 1 (e.g. [[L01..)
REJECT Authors/Belloc/Atomized/The_Cruise_of_the_Nona/part/part_90.md: leftover mask token(s): 1 (e.g. [[L01..)
[872/2224] ok Authors/Belloc/Atomized/The_Cruise_of_the_Nona/part/part_92.md | blocks 17253 | 411m | 42 blk/min | 2 links to repair
[873/2224] ok Authors/Belloc/Atomized/The_Cruise_of_the_Nona/part/part_91.md | blocks 17272 | 412m | 42 blk/min | 4 links to repair
[874/2224] ok Authors/Belloc/Atomized/The_Cruise_of_the_Nona/part/part_93.md | blocks 17281 | 413m | 42 blk/min
[875/2224] ok Authors/Belloc/Atomized/The_Emerald_of_Catherine_the_Great/Chapter_01_SIXTEEN.md | blocks 17295 | 413m | 42 blk/min | 1 links to repair
[876/2224] ok Authors/Belloc/Atomized/The_Cruise_of_the_Nona/part/part_94.md | blocks 17310 | 413m | 42 blk/min | 2 links to repair
[877/2224] ok Authors/Belloc/Atomized/The_Cruise_of_the_Nona/part/part_95.md | blocks 17325 | 414m | 42 blk/min
[878/2224] ok Authors/Belloc/Atomized/The_Cruise_of_the_Nona/part/part_96.md | blocks 17341 | 414m | 42 blk/min | 1 links to repair
[879/2224] ok Authors/Belloc/Atomized/The_Emerald_of_Catherine_the_Great/Chapter_02/part_01.md | blocks 17356 | 415m | 42 blk/min
[880/2224] ok Authors/Belloc/Atomized/The_Emerald_of_Catherine_the_Great/Chapter_03/part_01.md | blocks 17372 | 416m | 42 blk/min
[881/2224] ok Authors/Belloc/Atomized/The_Emerald_of_Catherine_the_Great/Chapter_02/part_02.md | blocks 17388 | 416m | 42 blk/min
[882/2224] ok Authors/Belloc/Atomized/The_Emerald_of_Catherine_the_Great/Chapter_03/part_02.md | blocks 17411 | 416m | 42 blk/min
[883/2224] ok Authors/Belloc/Atomized/The_Emerald_of_Catherine_the_Great/Chapter_03/part_04.md | blocks 17437 | 417m | 42 blk/min
[884/2224] ok Authors/Belloc/Atomized/The_Emerald_of_Catherine_the_Great/Chapter_03/part_03.md | blocks 17452 | 417m | 42 blk/min
[885/2224] ok Authors/Belloc/Atomized/The_Emerald_of_Catherine_the_Great/Chapter_05/part_01.md | blocks 17469 | 418m | 42 blk/min
[886/2224] ok Authors/Belloc/Atomized/The_Emerald_of_Catherine_the_Great/Chapter_05/part_02.md | blocks 17487 | 419m | 42 blk/min
[887/2224] ok Authors/Belloc/Atomized/The_Emerald_of_Catherine_the_Great/Chapter_04.md | blocks 17528 | 420m | 42 blk/min
[888/2224] ok Authors/Belloc/Atomized/The_Emerald_of_Catherine_the_Great/Chapter_06/part_01.md | blocks 17554 | 420m | 42 blk/min
[889/2224] ok Authors/Belloc/Atomized/The_Emerald_of_Catherine_the_Great/Chapter_05/part_03.md | blocks 17591 | 420m | 42 blk/min
[890/2224] ok Authors/Belloc/Atomized/The_Emerald_of_Catherine_the_Great/Chapter_06/part_05.md | blocks 17600 | 421m | 42 blk/min
[891/2224] ok Authors/Belloc/Atomized/The_Emerald_of_Catherine_the_Great/Chapter_06/part_02.md | blocks 17621 | 421m | 42 blk/min
[892/2224] ok Authors/Belloc/Atomized/The_Emerald_of_Catherine_the_Great/Chapter_06/part_03.md | blocks 17644 | 422m | 42 blk/min
[893/2224] ok Authors/Belloc/Atomized/The_Emerald_of_Catherine_the_Great/Chapter_06/part_04.md | blocks 17661 | 422m | 42 blk/min
[894/2224] ok Authors/Belloc/Atomized/The_Emerald_of_Catherine_the_Great/Chapter_08/part_01.md | blocks 17688 | 423m | 42 blk/min
[895/2224] ok Authors/Belloc/Atomized/The_Emerald_of_Catherine_the_Great/Chapter_08/part_02.md | blocks 17723 | 424m | 42 blk/min
[896/2224] ok Authors/Belloc/Atomized/The_Emerald_of_Catherine_the_Great/Chapter_09/part_01.md | blocks 17758 | 424m | 42 blk/min
[897/2224] ok Authors/Belloc/Atomized/The_Emerald_of_Catherine_the_Great/Chapter_07.md | blocks 17800 | 425m | 42 blk/min
[898/2224] ok Authors/Belloc/Atomized/The_Emerald_of_Catherine_the_Great/Chapter_09/part_02.md | blocks 17831 | 425m | 42 blk/min
[899/2224] ok Authors/Belloc/Atomized/The_Emerald_of_Catherine_the_Great/Chapter_10/part_01.md | blocks 17866 | 426m | 42 blk/min
[900/2224] ok Authors/Belloc/Atomized/The_Emerald_of_Catherine_the_Great/Chapter_10/part_02.md | blocks 17892 | 426m | 42 blk/min
[901/2224] ok Authors/Belloc/Atomized/The_Emerald_of_Catherine_the_Great/Chapter_10/part_03.md | blocks 17921 | 427m | 42 blk/min
[902/2224] ok Authors/Belloc/Atomized/The_Emerald_of_Catherine_the_Great/Chapter_11/part_03.md | blocks 17935 | 427m | 42 blk/min
[903/2224] ok Authors/Belloc/Atomized/The_Emerald_of_Catherine_the_Great/Chapter_11/part_01.md | blocks 17963 | 427m | 42 blk/min
[904/2224] ok Authors/Belloc/Atomized/The_Emerald_of_Catherine_the_Great/Chapter_11/part_02.md | blocks 17998 | 428m | 42 blk/min
[905/2224] ok Authors/Belloc/Atomized/The_Emerald_of_Catherine_the_Great/Chapter_13_TWELVE/part_01.md | blocks 18031 | 429m | 42 blk/min
[906/2224] ok Authors/Belloc/Atomized/The_Emerald_of_Catherine_the_Great/Chapter_13_TWELVE/part_02.md | blocks 18066 | 429m | 42 blk/min
[907/2224] ok Authors/Belloc/Atomized/The_Emerald_of_Catherine_the_Great/Chapter_13_TWELVE/part_03.md | blocks 18091 | 429m | 42 blk/min
[908/2224] ok Authors/Belloc/Atomized/The_Emerald_of_Catherine_the_Great/Chapter_12_ELEVEN.md | blocks 18137 | 430m | 42 blk/min
[909/2224] ok Authors/Belloc/Atomized/The_Emerald_of_Catherine_the_Great/Chapter_15_FOURTEEN/part_01.md | blocks 18187 | 431m | 42 blk/min
[910/2224] ok Authors/Belloc/Atomized/The_Emerald_of_Catherine_the_Great/Chapter_15_FOURTEEN/part_02.md | blocks 18228 | 432m | 42 blk/min
[911/2224] ok Authors/Belloc/Atomized/The_Emerald_of_Catherine_the_Great/Chapter_14_THIRTEEN.md | blocks 18268 | 432m | 42 blk/min
[912/2224] ok Authors/Belloc/Atomized/The_Emerald_of_Catherine_the_Great/Chapter_15_FOURTEEN/part_03.md | blocks 18315 | 432m | 42 blk/min
[913/2224] ok Authors/Belloc/Atomized/The_Emerald_of_Catherine_the_Great/Chapter_16_FIFTEEN/part_03.md | blocks 18334 | 433m | 42 blk/min
[914/2224] ok Authors/Belloc/Atomized/The_Emerald_of_Catherine_the_Great/Chapter_16_FIFTEEN/part_01.md | blocks 18359 | 433m | 42 blk/min
[915/2224] ok Authors/Belloc/Atomized/The_Emerald_of_Catherine_the_Great/Chapter_16_FIFTEEN/part_02.md | blocks 18383 | 433m | 42 blk/min
[916/2224] ok Authors/Belloc/Atomized/The_Emerald_of_Catherine_the_Great/Chapter_17_SIXTEEN/part_01.md | blocks 18416 | 434m | 42 blk/min
[917/2224] ok Authors/Belloc/Atomized/The_Emerald_of_Catherine_the_Great/Chapter_17_SIXTEEN/part_02.md | blocks 18444 | 435m | 42 blk/min
[918/2224] ok Authors/Belloc/Atomized/The_Emerald_of_Catherine_the_Great/Chapter_17_SIXTEEN/part_03.md | blocks 18471 | 435m | 42 blk/min
[919/2224] ok Authors/Belloc/Atomized/The_Emerald_of_Catherine_the_Great/Chapter_17_SIXTEEN/part_04.md | blocks 18493 | 436m | 42 blk/min
[920/2224] ok Authors/Belloc/Atomized/The_Four_Men/part/part_01.md | blocks 18536 | 436m | 42 blk/min | 3 links to repair
[921/2224] ok Authors/Belloc/Atomized/The_Four_Men/part/part_02.md | blocks 18569 | 437m | 42 blk/min | 1 links to repair
[922/2224] ok Authors/Belloc/Atomized/The_Four_Men/part/part_03.md | blocks 18587 | 437m | 43 blk/min
[923/2224] ok Authors/Belloc/Atomized/The_Four_Men/part/part_04.md | blocks 18608 | 438m | 43 blk/min
[924/2224] ok Authors/Belloc/Atomized/The_Four_Men/part/part_05.md | blocks 18632 | 438m | 43 blk/min
[925/2224] ok Authors/Belloc/Atomized/The_Four_Men/part/part_06.md | blocks 18649 | 439m | 42 blk/min
[926/2224] ok Authors/Belloc/Atomized/The_Four_Men/part/part_07.md | blocks 18667 | 439m | 43 blk/min
[927/2224] ok Authors/Belloc/Atomized/The_Four_Men/part/part_08.md | blocks 18689 | 440m | 43 blk/min
[928/2224] ok Authors/Belloc/Atomized/The_Four_Men/part/part_09.md | blocks 18708 | 440m | 42 blk/min
[929/2224] ok Authors/Belloc/Atomized/The_Four_Men/part/part_11.md | blocks 18736 | 441m | 42 blk/min | 2 links to repair
[930/2224] ok Authors/Belloc/Atomized/The_Four_Men/part/part_10.md | blocks 18752 | 441m | 42 blk/min | 2 links to repair
[931/2224] ok Authors/Belloc/Atomized/The_Four_Men/part/part_12.md | blocks 18777 | 442m | 43 blk/min | 1 links to repair
[932/2224] ok Authors/Belloc/Atomized/The_Four_Men/part/part_13.md | blocks 18828 | 442m | 43 blk/min
[933/2224] ok Authors/Belloc/Atomized/The_Four_Men/part/part_14.md | blocks 18880 | 443m | 43 blk/min
[934/2224] ok Authors/Belloc/Atomized/The_Four_Men/part/part_16.md | blocks 18899 | 443m | 43 blk/min
[935/2224] ok Authors/Belloc/Atomized/The_Four_Men/part/part_15.md | blocks 18932 | 444m | 43 blk/min
[936/2224] ok Authors/Belloc/Atomized/The_Four_Men/part/part_17.md | blocks 18993 | 445m | 43 blk/min
[937/2224] ok Authors/Belloc/Atomized/The_Four_Men/part/part_18.md | blocks 19006 | 445m | 43 blk/min
[938/2224] ok Authors/Belloc/Atomized/The_Four_Men/part/part_19.md | blocks 19023 | 446m | 43 blk/min | 1 links to repair
[939/2224] ok Authors/Belloc/Atomized/The_Four_Men/part/part_20.md | blocks 19098 | 446m | 43 blk/min
[940/2224] ok Authors/Belloc/Atomized/The_Four_Men/part/part_21.md | blocks 19118 | 447m | 43 blk/min
[941/2224] ok Authors/Belloc/Atomized/The_Four_Men/part/part_22.md | blocks 19138 | 447m | 43 blk/min
[942/2224] ok Authors/Belloc/Atomized/The_Four_Men/part/part_23.md | blocks 19173 | 448m | 43 blk/min
[943/2224] ok Authors/Belloc/Atomized/The_Four_Men/part/part_24.md | blocks 19202 | 448m | 43 blk/min
[944/2224] ok Authors/Belloc/Atomized/The_Four_Men/part/part_25.md | blocks 19227 | 449m | 43 blk/min
[945/2224] ok Authors/Belloc/Atomized/The_Four_Men/part/part_26.md | blocks 19254 | 449m | 43 blk/min | 1 links to repair
[946/2224] ok Authors/Belloc/Atomized/The_Four_Men/part/part_27.md | blocks 19270 | 450m | 43 blk/min
[947/2224] ok Authors/Belloc/Atomized/The_Four_Men/part/part_28.md | blocks 19282 | 450m | 43 blk/min
[948/2224] ok Authors/Belloc/Atomized/The_Four_Men/part/part_29.md | blocks 19306 | 451m | 43 blk/min
[949/2224] ok Authors/Belloc/Atomized/The_Four_Men/part/part_30.md | blocks 19320 | 451m | 43 blk/min | 2 links to repair
[950/2224] ok Authors/Belloc/Atomized/The_Four_Men/part/part_31.md | blocks 19341 | 452m | 43 blk/min | 3 links to repair
[951/2224] ok Authors/Belloc/Atomized/The_Four_Men/part/part_32.md | blocks 19381 | 452m | 43 blk/min | 2 links to repair
[952/2224] ok Authors/Belloc/Atomized/The_Four_Men/part/part_33.md | blocks 19404 | 453m | 43 blk/min
[953/2224] ok Authors/Belloc/Atomized/The_Four_Men/part/part_34.md | blocks 19425 | 453m | 43 blk/min
[954/2224] ok Authors/Belloc/Atomized/The_Four_Men/part/part_35.md | blocks 19461 | 454m | 43 blk/min
[955/2224] ok Authors/Belloc/Atomized/The_Four_Men/part/part_36.md | blocks 19498 | 455m | 43 blk/min
[956/2224] ok Authors/Belloc/Atomized/The_Four_Men/part/part_37.md | blocks 19558 | 455m | 43 blk/min
[957/2224] ok Authors/Belloc/Atomized/The_Four_Men/part/part_38.md | blocks 19576 | 455m | 43 blk/min
[958/2224] ok Authors/Belloc/Atomized/The_Four_Men/part/part_39.md | blocks 19597 | 456m | 43 blk/min
[959/2224] ok Authors/Belloc/Atomized/The_Four_Men/part/part_40.md | blocks 19655 | 457m | 43 blk/min
[960/2224] ok Authors/Belloc/Atomized/The_Four_Men/part/part_41.md | blocks 19675 | 457m | 43 blk/min
[961/2224] ok Authors/Belloc/Atomized/The_Four_Men/part/part_42.md | blocks 19703 | 457m | 43 blk/min
[962/2224] ok Authors/Belloc/Atomized/The_Four_Men/part/part_43.md | blocks 19731 | 458m | 43 blk/min
[963/2224] ok Authors/Belloc/Atomized/The_Four_Men/part/part_44.md | blocks 19781 | 459m | 43 blk/min
[964/2224] ok Authors/Belloc/Atomized/The_Four_Men/part/part_45.md | blocks 19845 | 459m | 43 blk/min
[965/2224] ok Authors/Belloc/Atomized/The_Four_Men/part/part_46.md | blocks 19864 | 459m | 43 blk/min | 1 links to repair
[966/2224] ok Authors/Belloc/Atomized/The_Four_Men/part/part_47.md | blocks 19913 | 459m | 43 blk/min
[967/2224] ok Authors/Belloc/Atomized/The_Free_Press/part/part_01.md | blocks 19938 | 460m | 43 blk/min
[968/2224] ok Authors/Belloc/Atomized/The_Free_Press/part/part_02.md | blocks 19957 | 461m | 43 blk/min | 2 links to repair
[969/2224] ok Authors/Belloc/Atomized/The_Free_Press/part/part_03.md | blocks 19973 | 461m | 43 blk/min
[970/2224] ok Authors/Belloc/Atomized/The_Free_Press/part/part_04.md | blocks 19990 | 461m | 43 blk/min
[971/2224] ok Authors/Belloc/Atomized/The_Free_Press/part/part_05.md | blocks 20013 | 462m | 43 blk/min
REJECT Authors/Belloc/Atomized/The_Free_Press/part/part_06.md: leftover mask token(s): 1 (e.g. [[L01..)
[973/2224] ok Authors/Belloc/Atomized/The_Free_Press/part/part_08.md | blocks 20029 | 463m | 43 blk/min
[974/2224] ok Authors/Belloc/Atomized/The_Free_Press/part/part_07.md | blocks 20047 | 463m | 43 blk/min | 2 links to repair
[975/2224] ok Authors/Belloc/Atomized/The_Free_Press/part/part_09.md | blocks 20068 | 464m | 43 blk/min
REJECT Authors/Belloc/Atomized/The_Free_Press/part/part_10.md: leftover mask token(s): 1 (e.g. [[L01..)
[977/2224] ok Authors/Belloc/Atomized/The_Free_Press/part/part_11.md | blocks 20094 | 465m | 43 blk/min
[978/2224] ok Authors/Belloc/Atomized/The_Free_Press/part/part_12.md | blocks 20111 | 465m | 43 blk/min | 1 links to repair
[979/2224] ok Authors/Belloc/Atomized/The_Free_Press/part/part_13.md | blocks 20129 | 466m | 43 blk/min
[980/2224] ok Authors/Belloc/Atomized/The_Free_Press/part/part_15.md | blocks 20148 | 467m | 43 blk/min
REJECT Authors/Belloc/Atomized/The_Free_Press/part/part_14.md: leftover mask token(s): 1 (e.g. [[L01..)
[982/2224] ok Authors/Belloc/Atomized/The_Free_Press/part/part_16.md | blocks 20166 | 467m | 43 blk/min
[983/2224] ok Authors/Belloc/Atomized/The_Free_Press/part/part_18.md | blocks 20174 | 468m | 43 blk/min
[984/2224] ok Authors/Belloc/Atomized/The_Free_Press/part/part_17.md | blocks 20192 | 468m | 43 blk/min | 1 links to repair
[985/2224] ok Authors/Belloc/Atomized/The_French_Revolution/Story_01_PREFACE.md | blocks 20210 | 469m | 43 blk/min | 1 links to repair
[986/2224] ok Authors/Belloc/Atomized/The_French_Revolution/Story_02_THE_POLITICAL_THEORY_OF_THE_REVOLUTION/part_01.md | blocks 20224 | 469m | 43 blk/min | 2 links to repair
[987/2224] ok Authors/Belloc/Atomized/The_French_Revolution/Story_02_THE_POLITICAL_THEORY_OF_THE_REVOLUTION/part_04.md | blocks 20234 | 470m | 43 blk/min
[988/2224] ok Authors/Belloc/Atomized/The_French_Revolution/Story_02_THE_POLITICAL_THEORY_OF_THE_REVOLUTION/part_02.md | blocks 20246 | 470m | 43 blk/min
[989/2224] ok Authors/Belloc/Atomized/The_French_Revolution/Story_02_THE_POLITICAL_THEORY_OF_THE_REVOLUTION/part_03.md | blocks 20260 | 470m | 43 blk/min
[990/2224] ok Authors/Belloc/Atomized/The_French_Revolution/Story_05_THE_QUEEN/part_02.md | blocks 20273 | 472m | 43 blk/min
[991/2224] ok Authors/Belloc/Atomized/The_French_Revolution/Story_05_THE_QUEEN/part_01.md | blocks 20287 | 473m | 43 blk/min | 2 links to repair
[992/2224] ok Authors/Belloc/Atomized/The_French_Revolution/Story_04_THE_CHARACTERS_OF_THE_REVOLUTION.md | blocks 20309 | 473m | 43 blk/min | 1 links to repair
[993/2224] ok Authors/Belloc/Atomized/The_French_Revolution/Story_03_ROUSSEAU.md | blocks 20334 | 474m | 43 blk/min | 2 links to repair
[994/2224] ok Authors/Belloc/Atomized/The_French_Revolution/Story_07_LA_FAYETTE.md | blocks 20342 | 474m | 43 blk/min
[995/2224] ok Authors/Belloc/Atomized/The_French_Revolution/Story_08_DUMOURIEZ.md | blocks 20353 | 474m | 43 blk/min | 1 links to repair
[996/2224] ok Authors/Belloc/Atomized/The_French_Revolution/Story_10_CARNOT.md | blocks 20363 | 475m | 43 blk/min | 1 links to repair
[997/2224] ok Authors/Belloc/Atomized/The_French_Revolution/Story_09_DANTON.md | blocks 20376 | 475m | 43 blk/min
[998/2224] ok Authors/Belloc/Atomized/The_French_Revolution/Story_11_MARAT.md | blocks 20388 | 476m | 43 blk/min
[999/2224] ok Authors/Belloc/Atomized/The_French_Revolution/Story_06_MIRABEAU.md | blocks 20406 | 476m | 43 blk/min | 1 links to repair
[1000/2224] ok Authors/Belloc/Atomized/The_French_Revolution/Story_13_THE_PHASES_OF_THE_REVOLUTION/part_02.md | blocks 20415 | 478m | 43 blk/min | 5 links to repair
[1001/2224] ok Authors/Belloc/Atomized/The_French_Revolution/Story_13_THE_PHASES_OF_THE_REVOLUTION/part_01.md | blocks 20428 | 478m | 43 blk/min | 1 links to repair
[1002/2224] ok Authors/Belloc/Atomized/The_French_Revolution/Story_12_ROBESPIERRE.md | blocks 20452 | 478m | 43 blk/min | 1 links to repair
[1003/2224] ok Authors/Belloc/Atomized/The_French_Revolution/Story_13_THE_PHASES_OF_THE_REVOLUTION/part_03.md | blocks 20471 | 479m | 43 blk/min | 1 links to repair
[1004/2224] ok Authors/Belloc/Atomized/The_French_Revolution/Story_15_From_October_1789_to_June_1791.md | blocks 20489 | 481m | 43 blk/min
[1005/2224] ok Authors/Belloc/Atomized/The_French_Revolution/Story_16_From_June_1791_to_September_1792/part_02.md | blocks 20501 | 481m | 43 blk/min
[1006/2224] ok Authors/Belloc/Atomized/The_French_Revolution/Story_16_From_June_1791_to_September_1792/part_01.md | blocks 20516 | 481m | 43 blk/min | 1 links to repair
[1007/2224] ok Authors/Belloc/Atomized/The_French_Revolution/Story_14_From_the_17th_of_July_1789_to_the_6th_of.md | blocks 20527 | 481m | 43 blk/min | 2 links to repair
[1008/2224] ok Authors/Belloc/Atomized/The_French_Revolution/Story_16_From_June_1791_to_September_1792/part_03.md | blocks 20543 | 483m | 43 blk/min
[1009/2224] ok Authors/Belloc/Atomized/The_French_Revolution/Story_16_From_June_1791_to_September_1792/part_05.md | blocks 20556 | 483m | 43 blk/min | 2 links to repair
[1010/2224] ok Authors/Belloc/Atomized/The_French_Revolution/Story_16_From_June_1791_to_September_1792/part_04.md | blocks 20566 | 483m | 43 blk/min
[1011/2224] ok Authors/Belloc/Atomized/The_French_Revolution/Story_16_From_June_1791_to_September_1792/part_06.md | blocks 20581 | 483m | 43 blk/min | 2 links to repair
[1012/2224] ok Authors/Belloc/Atomized/The_French_Revolution/Story_16_From_June_1791_to_September_1792/part_07.md | blocks 20593 | 485m | 42 blk/min
[1013/2224] ok Authors/Belloc/Atomized/The_French_Revolution/Story_16_From_June_1791_to_September_1792/part_09.md | blocks 20609 | 485m | 43 blk/min | 1 links to repair
[1014/2224] ok Authors/Belloc/Atomized/The_French_Revolution/Story_16_From_June_1791_to_September_1792/part_08.md | blocks 20619 | 485m | 42 blk/min | 1 links to repair
[1015/2224] ok Authors/Belloc/Atomized/The_French_Revolution/Story_16_From_June_1791_to_September_1792/part_10.md | blocks 20631 | 486m | 42 blk/min | 2 links to repair
[1016/2224] ok Authors/Belloc/Atomized/The_French_Revolution/Story_16_From_June_1791_to_September_1792/part_12.md | blocks 20642 | 487m | 42 blk/min
[1017/2224] ok Authors/Belloc/Atomized/The_French_Revolution/Story_16_From_June_1791_to_September_1792/part_11.md | blocks 20658 | 487m | 42 blk/min
[1018/2224] ok Authors/Belloc/Atomized/The_French_Revolution/Story_16_From_June_1791_to_September_1792/part_13.md | blocks 20672 | 488m | 42 blk/min | 1 links to repair
[1019/2224] ok Authors/Belloc/Atomized/The_French_Revolution/Story_16_From_June_1791_to_September_1792/part_14.md | blocks 20683 | 488m | 42 blk/min
[1020/2224] ok Authors/Belloc/Atomized/The_French_Revolution/Story_16_From_June_1791_to_September_1792/part_15.md | blocks 20694 | 489m | 42 blk/min | 1 links to repair
[1021/2224] ok Authors/Belloc/Atomized/The_French_Revolution/Story_16_From_June_1791_to_September_1792/part_16.md | blocks 20711 | 489m | 42 blk/min
[1022/2224] ok Authors/Belloc/Atomized/The_French_Revolution/Story_16_From_June_1791_to_September_1792/part_17.md | blocks 20722 | 489m | 42 blk/min | 2 links to repair
[1023/2224] ok Authors/Belloc/Atomized/The_French_Revolution/Story_16_From_June_1791_to_September_1792/part_18.md | blocks 20741 | 490m | 42 blk/min
[1024/2224] ok Authors/Belloc/Atomized/The_French_Revolution/Story_16_From_June_1791_to_September_1792/part_19.md | blocks 20754 | 491m | 42 blk/min
[1025/2224] ok Authors/Belloc/Atomized/The_French_Revolution/Story_16_From_June_1791_to_September_1792/part_20.md | blocks 20769 | 491m | 42 blk/min
[1026/2224] ok Authors/Belloc/Atomized/The_French_Revolution/Story_16_From_June_1791_to_September_1792/part_21.md | blocks 20783 | 491m | 42 blk/min
[1027/2224] ok Authors/Belloc/Atomized/The_French_Revolution/Story_16_From_June_1791_to_September_1792/part_22.md | blocks 20801 | 492m | 42 blk/min
[1028/2224] ok Authors/Belloc/Atomized/The_French_Revolution/Story_16_From_June_1791_to_September_1792/part_24.md | blocks 20817 | 493m | 42 blk/min
[1029/2224] ok Authors/Belloc/Atomized/The_French_Revolution/Story_16_From_June_1791_to_September_1792/part_23.md | blocks 20835 | 493m | 42 blk/min | 1 links to repair
[1030/2224] ok Authors/Belloc/Atomized/The_French_Revolution/Story_16_From_June_1791_to_September_1792/part_25.md | blocks 20848 | 493m | 42 blk/min
[1031/2224] ok Authors/Belloc/Atomized/The_French_Revolution/Story_16_From_June_1791_to_September_1792/part_26.md | blocks 20861 | 494m | 42 blk/min
[1032/2224] ok Authors/Belloc/Atomized/The_French_Revolution/Story_16_From_June_1791_to_September_1792/part_27.md | blocks 20873 | 495m | 42 blk/min
[1033/2224] ok Authors/Belloc/Atomized/The_French_Revolution/Story_16_From_June_1791_to_September_1792/part_28.md | blocks 20883 | 495m | 42 blk/min | 3 links to repair
[1034/2224] ok Authors/Belloc/Atomized/The_French_Revolution/Story_16_From_June_1791_to_September_1792/part_29.md | blocks 20896 | 495m | 42 blk/min | 2 links to repair
[1035/2224] ok Authors/Belloc/Atomized/The_French_Revolution/Story_16_From_June_1791_to_September_1792/part_32.md | blocks 20905 | 496m | 42 blk/min
[1036/2224] ok Authors/Belloc/Atomized/The_French_Revolution/Story_16_From_June_1791_to_September_1792/part_30.md | blocks 20919 | 496m | 42 blk/min | 1 links to repair
[1037/2224] ok Authors/Belloc/Atomized/The_French_Revolution/Story_16_From_June_1791_to_September_1792/part_31.md | blocks 20935 | 497m | 42 blk/min
[1038/2224] ok Authors/Belloc/Atomized/The_Girondin/Chapter_01/part_01.md | blocks 20958 | 497m | 42 blk/min
[1039/2224] ok Authors/Belloc/Atomized/The_Girondin/Chapter_01/part_03.md | blocks 20970 | 497m | 42 blk/min
[1040/2224] ok Authors/Belloc/Atomized/The_Girondin/Chapter_01/part_02.md | blocks 20994 | 498m | 42 blk/min
[1041/2224] ok Authors/Belloc/Atomized/The_Girondin/Chapter_02/part_01.md | blocks 21014 | 498m | 42 blk/min
[1042/2224] ok Authors/Belloc/Atomized/The_Girondin/Chapter_02/part_02.md | blocks 21034 | 499m | 42 blk/min
[1043/2224] ok Authors/Belloc/Atomized/The_Girondin/Chapter_02/part_03.md | blocks 21083 | 500m | 42 blk/min
[1044/2224] ok Authors/Belloc/Atomized/The_Girondin/Chapter_03/part_01.md | blocks 21104 | 500m | 42 blk/min
[1045/2224] ok Authors/Belloc/Atomized/The_Girondin/Chapter_03/part_02.md | blocks 21119 | 500m | 42 blk/min | 2 links to repair
[1046/2224] ok Authors/Belloc/Atomized/The_Girondin/Chapter_03/part_03.md | blocks 21146 | 501m | 42 blk/min
[1047/2224] ok Authors/Belloc/Atomized/The_Girondin/Chapter_03/part_04.md | blocks 21162 | 502m | 42 blk/min
[1048/2224] ok Authors/Belloc/Atomized/The_Girondin/Chapter_04/part_01.md | blocks 21187 | 502m | 42 blk/min
[1049/2224] ok Authors/Belloc/Atomized/The_Girondin/Chapter_04/part_02.md | blocks 21218 | 503m | 42 blk/min
[1050/2224] ok Authors/Belloc/Atomized/The_Girondin/Chapter_04/part_03.md | blocks 21239 | 504m | 42 blk/min
[1051/2224] ok Authors/Belloc/Atomized/The_Girondin/Chapter_04/part_04.md | blocks 21273 | 505m | 42 blk/min
[1052/2224] ok Authors/Belloc/Atomized/The_Girondin/Chapter_05/part_01.md | blocks 21300 | 505m | 42 blk/min
[1053/2224] ok Authors/Belloc/Atomized/The_Girondin/Chapter_05/part_02.md | blocks 21337 | 506m | 42 blk/min
[1054/2224] ok Authors/Belloc/Atomized/The_Girondin/Chapter_05/part_03.md | blocks 21380 | 507m | 42 blk/min
[1055/2224] ok Authors/Belloc/Atomized/The_Girondin/Chapter_06/part_01.md | blocks 21399 | 507m | 42 blk/min
[1056/2224] ok Authors/Belloc/Atomized/The_Girondin/Chapter_05/part_04.md | blocks 21432 | 507m | 42 blk/min
[1057/2224] ok Authors/Belloc/Atomized/The_Girondin/Chapter_06/part_02.md | blocks 21457 | 508m | 42 blk/min
[1058/2224] ok Authors/Belloc/Atomized/The_Girondin/Chapter_07/part_01.md | blocks 21475 | 509m | 42 blk/min
[1059/2224] ok Authors/Belloc/Atomized/The_Girondin/Chapter_07/part_02.md | blocks 21502 | 510m | 42 blk/min
[1060/2224] ok Authors/Belloc/Atomized/The_Girondin/Chapter_06/part_03.md | blocks 21530 | 510m | 42 blk/min
[1061/2224] ok Authors/Belloc/Atomized/The_Girondin/Chapter_07/part_03.md | blocks 21545 | 510m | 42 blk/min
[1062/2224] ok Authors/Belloc/Atomized/The_Girondin/Chapter_08/part_01.md | blocks 21582 | 512m | 42 blk/min
[1063/2224] ok Authors/Belloc/Atomized/The_Girondin/Chapter_09/part_02.md | blocks 21608 | 512m | 42 blk/min
[1064/2224] ok Authors/Belloc/Atomized/The_Girondin/Chapter_09/part_01.md | blocks 21634 | 513m | 42 blk/min
[1065/2224] ok Authors/Belloc/Atomized/The_Girondin/Chapter_08/part_02.md | blocks 21668 | 513m | 42 blk/min
[1066/2224] ok Authors/Belloc/Atomized/The_Girondin/Chapter_09/part_03.md | blocks 21685 | 514m | 42 blk/min
[1067/2224] ok Authors/Belloc/Atomized/The_Girondin/Chapter_10/part_01.md | blocks 21712 | 515m | 42 blk/min
[1068/2224] ok Authors/Belloc/Atomized/The_Girondin/Chapter_10/part_02.md | blocks 21742 | 515m | 42 blk/min
[1069/2224] ok Authors/Belloc/Atomized/The_Girondin/Chapter_10/part_03.md | blocks 21768 | 515m | 42 blk/min
[1070/2224] ok Authors/Belloc/Atomized/The_Girondin/Chapter_11/part_01.md | blocks 21806 | 516m | 42 blk/min
[1071/2224] ok Authors/Belloc/Atomized/The_Girondin/Chapter_11/part_02.md | blocks 21848 | 518m | 42 blk/min
[1072/2224] ok Authors/Belloc/Atomized/The_Girondin/Chapter_11/part_03.md | blocks 21883 | 518m | 42 blk/min
[1073/2224] ok Authors/Belloc/Atomized/The_Girondin/Chapter_11/part_04.md | blocks 21912 | 518m | 42 blk/min
[1074/2224] ok Authors/Belloc/Atomized/The_Girondin/Chapter_12/part_01.md | blocks 21949 | 520m | 42 blk/min
[1075/2224] ok Authors/Belloc/Atomized/The_Girondin/Chapter_12/part_03.md | blocks 21973 | 520m | 42 blk/min
[1076/2224] ok Authors/Belloc/Atomized/The_Girondin/Chapter_12/part_02.md | blocks 22019 | 521m | 42 blk/min
[1077/2224] ok Authors/Belloc/Atomized/The_Girondin/Chapter_13/part_01.md | blocks 22060 | 521m | 42 blk/min
[1078/2224] ok Authors/Belloc/Atomized/The_Girondin/Chapter_13/part_02.md | blocks 22074 | 522m | 42 blk/min
[1079/2224] ok Authors/Belloc/Atomized/The_Girondin/Chapter_13/part_03.md | blocks 22098 | 522m | 42 blk/min
[1080/2224] ok Authors/Belloc/Atomized/The_Girondin/Chapter_13/part_04.md | blocks 22124 | 523m | 42 blk/min
[1081/2224] ok Authors/Belloc/Atomized/The_Girondin/Chapter_14/part_01.md | blocks 22163 | 524m | 42 blk/min
[1082/2224] ok Authors/Belloc/Atomized/The_Girondin/Chapter_14/part_02.md | blocks 22188 | 524m | 42 blk/min
[1083/2224] ok Authors/Belloc/Atomized/The_Girondin/Chapter_14/part_03.md | blocks 22239 | 526m | 42 blk/min
[1084/2224] ok Authors/Belloc/Atomized/The_Girondin/Chapter_16/part_01.md | blocks 22261 | 526m | 42 blk/min
[1085/2224] ok Authors/Belloc/Atomized/The_Girondin/Chapter_15.md | blocks 22328 | 527m | 42 blk/min
[1086/2224] ok Authors/Belloc/Atomized/The_Girondin/Chapter_16/part_02.md | blocks 22370 | 527m | 42 blk/min
[1087/2224] ok Authors/Belloc/Atomized/The_Girondin/Chapter_18/part_01.md | blocks 22412 | 529m | 42 blk/min
[1088/2224] ok Authors/Belloc/Atomized/The_Girondin/Chapter_18/part_03.md | blocks 22446 | 530m | 42 blk/min
[1089/2224] ok Authors/Belloc/Atomized/The_Girondin/Chapter_18/part_02.md | blocks 22498 | 530m | 42 blk/min
[1090/2224] ok Authors/Belloc/Atomized/The_Girondin/Chapter_17.md | blocks 22557 | 531m | 43 blk/min
[1091/2224] ok Authors/Belloc/Atomized/The_Girondin/Chapter_19/part_03.md | blocks 22567 | 531m | 43 blk/min
[1092/2224] ok Authors/Belloc/Atomized/The_Girondin/Chapter_19/part_01.md | blocks 22590 | 531m | 43 blk/min
[1093/2224] ok Authors/Belloc/Atomized/The_Girondin/Chapter_19/part_02.md | blocks 22608 | 532m | 42 blk/min
[1094/2224] ok Authors/Belloc/Atomized/The_Girondin/Chapter_20/part_01.md | blocks 22632 | 533m | 42 blk/min | 1 links to repair
[1095/2224] ok Authors/Belloc/Atomized/The_Girondin/Chapter_20/part_02.md | blocks 22653 | 533m | 42 blk/min
[1096/2224] ok Authors/Belloc/Atomized/The_Girondin/Chapter_21/part_01.md | blocks 22673 | 534m | 42 blk/min
[1097/2224] ok Authors/Belloc/Atomized/The_Girondin/Chapter_21/part_02.md | blocks 22690 | 535m | 42 blk/min
[1098/2224] ok Authors/Belloc/Atomized/The_Girondin/Chapter_21/part_03.md | blocks 22705 | 536m | 42 blk/min
[1099/2224] ok Authors/Belloc/Atomized/The_Great_Inquiry/Story_01_Ballycannon.md | blocks 22709 | 536m | 42 blk/min
[1100/2224] ok Authors/Belloc/Atomized/The_Great_Inquiry/Story_02_And_On_This.md | blocks 22714 | 536m | 42 blk/min
[1101/2224] ok Authors/Belloc/Atomized/The_Great_Inquiry/Story_03_Faithfully_Reported.md | blocks 22718 | 536m | 42 blk/min
[1102/2224] ok Authors/Belloc/Atomized/The_Girondin/Chapter_21/part_04.md | blocks 22743 | 536m | 42 blk/min
[1103/2224] ok Authors/Belloc/Atomized/The_Great_Inquiry/Story_04_And_Ornamented_With_Sharp_Cuts_Drawn_On.md | blocks 22747 | 536m | 42 blk/min
[1104/2224] ok Authors/Belloc/Atomized/The_Girondin/Chapter_22.md | blocks 22791 | 539m | 42 blk/min
[1105/2224] ok Authors/Belloc/Atomized/The_Great_Inquiry/Story_05_3_Henrietta_Street_Covent_Garden_W_C.md | blocks 22840 | 539m | 42 blk/min
[1106/2224] ok Authors/Belloc/Atomized/The_Girondin/Chapter_23.md | blocks 22892 | 539m | 42 blk/min
[1107/2224] ok Authors/Belloc/Atomized/The_Great_Inquiry/Story_06_The_Drain_Of_Gold.md | blocks 22940 | 540m | 42 blk/min
[1108/2224] ok Authors/Belloc/Atomized/The_Great_Inquiry/Story_09_The_Animals/part_01.md | blocks 22975 | 542m | 42 blk/min
[1109/2224] ok Authors/Belloc/Atomized/The_Great_Inquiry/Story_09_The_Animals/part_02.md | blocks 23002 | 542m | 42 blk/min
[1110/2224] ok Authors/Belloc/Atomized/The_Great_Inquiry/Story_10_Report_Of_The_Committee.md | blocks 23005 | 542m | 42 blk/min
[1111/2224] ok Authors/Belloc/Atomized/The_Great_Inquiry/Story_07_Technical_Information.md | blocks 23045 | 543m | 42 blk/min
[1112/2224] ok Authors/Belloc/Atomized/The_Great_Inquiry/Story_11_The_Fiscal_Conditions.md | blocks 23064 | 543m | 42 blk/min
[1113/2224] ok Authors/Belloc/Atomized/The_Great_Inquiry/Story_08_Dumping.md | blocks 23127 | 544m | 43 blk/min
[1114/2224] ok Authors/Belloc/Atomized/The_Great_Inquiry/Story_09_The_Animals/part_03.md | blocks 23149 | 544m | 43 blk/min
[1115/2224] ok Authors/Belloc/Atomized/The_Green_Overcoat/Chapter_01.md | blocks 23168 | 544m | 43 blk/min
[1116/2224] ok Authors/Belloc/Atomized/The_Great_Inquiry/Story_12_Made_In_Poor_Old_Kent.md | blocks 23196 | 544m | 43 blk/min
[1117/2224] ok Authors/Belloc/Atomized/The_Green_Overcoat/Chapter_02/part_01.md | blocks 23217 | 546m | 43 blk/min | 1 links to repair
[1118/2224] ok Authors/Belloc/Atomized/The_Green_Overcoat/Chapter_02/part_02.md | blocks 23242 | 546m | 43 blk/min | 3 links to repair
[1119/2224] ok Authors/Belloc/Atomized/The_Green_Overcoat/Chapter_02/part_03.md | blocks 23271 | 547m | 43 blk/min
[1120/2224] ok Authors/Belloc/Atomized/The_Green_Overcoat/Chapter_03/part_01.md | blocks 23313 | 547m | 43 blk/min
[1121/2224] ok Authors/Belloc/Atomized/The_Green_Overcoat/Chapter_03/part_03.md | blocks 23335 | 548m | 43 blk/min
[1122/2224] ok Authors/Belloc/Atomized/The_Green_Overcoat/Chapter_03/part_02.md | blocks 23361 | 549m | 43 blk/min
[1123/2224] ok Authors/Belloc/Atomized/The_Green_Overcoat/Chapter_04/part_01.md | blocks 23377 | 549m | 43 blk/min
[1124/2224] ok Authors/Belloc/Atomized/The_Green_Overcoat/Chapter_04/part_04.md | blocks 23399 | 550m | 43 blk/min
REJECT Authors/Belloc/Atomized/The_Green_Overcoat/Chapter_04/part_02.md: leftover mask token(s): 1 (e.g. [[L01..)
[1126/2224] ok Authors/Belloc/Atomized/The_Green_Overcoat/Chapter_04/part_03.md | blocks 23445 | 550m | 43 blk/min | 1 links to repair
[1127/2224] ok Authors/Belloc/Atomized/The_Green_Overcoat/Chapter_05/part_01.md | blocks 23469 | 551m | 43 blk/min
[1128/2224] ok Authors/Belloc/Atomized/The_Green_Overcoat/Chapter_05/part_03.md | blocks 23496 | 551m | 43 blk/min
[1129/2224] ok Authors/Belloc/Atomized/The_Green_Overcoat/Chapter_05/part_02.md | blocks 23516 | 552m | 43 blk/min
[1130/2224] ok Authors/Belloc/Atomized/The_Green_Overcoat/Chapter_06/part_01.md | blocks 23539 | 553m | 43 blk/min
[1131/2224] ok Authors/Belloc/Atomized/The_Green_Overcoat/Chapter_06/part_04.md | blocks 23551 | 553m | 43 blk/min
[1132/2224] ok Authors/Belloc/Atomized/The_Green_Overcoat/Chapter_06/part_02.md | blocks 23569 | 553m | 43 blk/min
[1133/2224] ok Authors/Belloc/Atomized/The_Green_Overcoat/Chapter_06/part_03.md | blocks 23589 | 554m | 43 blk/min
[1134/2224] ok Authors/Belloc/Atomized/The_Green_Overcoat/Chapter_07/part_01.md | blocks 23608 | 555m | 43 blk/min
[1135/2224] ok Authors/Belloc/Atomized/The_Green_Overcoat/Chapter_07/part_02.md | blocks 23644 | 555m | 43 blk/min
[1136/2224] ok Authors/Belloc/Atomized/The_Green_Overcoat/Chapter_07/part_03.md | blocks 23682 | 556m | 43 blk/min
[1137/2224] ok Authors/Belloc/Atomized/The_Green_Overcoat/Chapter_07/part_04.md | blocks 23713 | 556m | 43 blk/min
[1138/2224] ok Authors/Belloc/Atomized/The_Green_Overcoat/Chapter_07/part_05.md | blocks 23744 | 557m | 43 blk/min
[1139/2224] ok Authors/Belloc/Atomized/The_Green_Overcoat/Chapter_08/part_01.md | blocks 23780 | 558m | 43 blk/min
[1140/2224] ok Authors/Belloc/Atomized/The_Green_Overcoat/Chapter_08/part_02.md | blocks 23814 | 558m | 43 blk/min
[1141/2224] ok Authors/Belloc/Atomized/The_Green_Overcoat/Chapter_08/part_03.md | blocks 23850 | 559m | 43 blk/min
[1142/2224] ok Authors/Belloc/Atomized/The_Green_Overcoat/Chapter_08/part_04.md | blocks 23879 | 559m | 43 blk/min | 1 links to repair
[1143/2224] ok Authors/Belloc/Atomized/The_Green_Overcoat/Chapter_09/part_01.md | blocks 23907 | 560m | 43 blk/min
[1144/2224] ok Authors/Belloc/Atomized/The_Green_Overcoat/Chapter_09/part_03.md | blocks 23938 | 560m | 43 blk/min
[1145/2224] ok Authors/Belloc/Atomized/The_Green_Overcoat/Chapter_09/part_02.md | blocks 23990 | 561m | 43 blk/min
[1146/2224] ok Authors/Belloc/Atomized/The_Green_Overcoat/Chapter_11/part_01.md | blocks 24030 | 563m | 43 blk/min
[1147/2224] ok Authors/Belloc/Atomized/The_Green_Overcoat/Chapter_11/part_03.md | blocks 24050 | 563m | 43 blk/min
[1148/2224] ok Authors/Belloc/Atomized/The_Green_Overcoat/Chapter_11/part_02.md | blocks 24077 | 563m | 43 blk/min
[1149/2224] ok Authors/Belloc/Atomized/The_Green_Overcoat/Chapter_10.md | blocks 24123 | 563m | 43 blk/min | 1 links to repair
[1150/2224] ok Authors/Belloc/Atomized/The_Green_Overcoat/Chapter_13/part_01.md | blocks 24150 | 565m | 43 blk/min
[1151/2224] ok Authors/Belloc/Atomized/The_Green_Overcoat/Chapter_13/part_02.md | blocks 24188 | 565m | 43 blk/min | 1 links to repair
[1152/2224] ok Authors/Belloc/Atomized/The_Green_Overcoat/Chapter_13/part_03.md | blocks 24226 | 565m | 43 blk/min
[1153/2224] ok Authors/Belloc/Atomized/The_Green_Overcoat/Chapter_12.md | blocks 24259 | 566m | 43 blk/min
[1154/2224] ok Authors/Belloc/Atomized/The_Green_Overcoat/Chapter_13/part_05.md | blocks 24298 | 566m | 43 blk/min
[1155/2224] ok Authors/Belloc/Atomized/The_Green_Overcoat/Chapter_13/part_04.md | blocks 24349 | 567m | 43 blk/min
[1156/2224] ok Authors/Belloc/Atomized/The_Green_Overcoat/Chapter_14/part_01.md | blocks 24381 | 567m | 43 blk/min
[1157/2224] ok Authors/Belloc/Atomized/The_Green_Overcoat/Chapter_14/part_04.md | blocks 24397 | 568m | 43 blk/min
[1158/2224] ok Authors/Belloc/Atomized/The_Green_Overcoat/Chapter_14/part_02.md | blocks 24431 | 568m | 43 blk/min
[1159/2224] ok Authors/Belloc/Atomized/The_Green_Overcoat/Chapter_14/part_03.md | blocks 24461 | 569m | 43 blk/min
[1160/2224] ok Authors/Belloc/Atomized/The_Green_Overcoat/Chapter_15.md | blocks 24507 | 571m | 43 blk/min
[1161/2224] ok Authors/Belloc/Atomized/The_Green_Overcoat/Chapter_18/part_01.md | blocks 24533 | 571m | 43 blk/min
[1162/2224] ok Authors/Belloc/Atomized/The_Green_Overcoat/Chapter_16.md | blocks 24612 | 573m | 43 blk/min
[1163/2224] ok Authors/Belloc/Atomized/The_Green_Overcoat/Chapter_18/part_02.md | blocks 24632 | 573m | 43 blk/min
[1164/2224] ok Authors/Belloc/Atomized/The_Green_Overcoat/Chapter_17.md | blocks 24706 | 573m | 43 blk/min
[1165/2224] ok Authors/Belloc/Atomized/The_Green_Overcoat/Chapter_18/part_03.md | blocks 24741 | 573m | 43 blk/min
[1166/2224] ok Authors/Belloc/Atomized/The_Green_Overcoat/Chapter_18/part_04.md | blocks 24764 | 574m | 43 blk/min
[1167/2224] ok Authors/Belloc/Atomized/The_Haunted_House/Chapter_01/part_01.md | blocks 24779 | 576m | 43 blk/min
[1168/2224] ok Authors/Belloc/Atomized/The_Green_Overcoat/Chapter_19/part_01.md | blocks 24821 | 576m | 43 blk/min
[1169/2224] ok Authors/Belloc/Atomized/The_Green_Overcoat/Chapter_19/part_02.md | blocks 24859 | 576m | 43 blk/min
[1170/2224] ok Authors/Belloc/Atomized/The_Haunted_House/Chapter_01/part_02.md | blocks 24875 | 576m | 43 blk/min
[1171/2224] ok Authors/Belloc/Atomized/The_Haunted_House/Chapter_01/part_05.md | blocks 24896 | 578m | 43 blk/min
[1172/2224] ok Authors/Belloc/Atomized/The_Haunted_House/Chapter_01/part_04.md | blocks 24921 | 578m | 43 blk/min
[1173/2224] ok Authors/Belloc/Atomized/The_Haunted_House/Chapter_01/part_03.md | blocks 24946 | 578m | 43 blk/min
[1174/2224] ok Authors/Belloc/Atomized/The_Haunted_House/Chapter_02/part_01.md | blocks 24961 | 578m | 43 blk/min
[1175/2224] ok Authors/Belloc/Atomized/The_Haunted_House/Chapter_02/part_02.md | blocks 24979 | 580m | 43 blk/min
[1176/2224] ok Authors/Belloc/Atomized/The_Haunted_House/Chapter_02/part_04.md | blocks 25003 | 580m | 43 blk/min | 1 links to repair
[1177/2224] ok Authors/Belloc/Atomized/The_Haunted_House/Chapter_02/part_05.md | blocks 25028 | 581m | 43 blk/min
[1178/2224] ok Authors/Belloc/Atomized/The_Haunted_House/Chapter_02/part_03.md | blocks 25068 | 581m | 43 blk/min
[1179/2224] ok Authors/Belloc/Atomized/The_Haunted_House/Chapter_03/part_01.md | blocks 25082 | 583m | 43 blk/min | 1 links to repair
[1180/2224] ok Authors/Belloc/Atomized/The_Haunted_House/Chapter_03/part_03.md | blocks 25091 | 583m | 43 blk/min
[1181/2224] ok Authors/Belloc/Atomized/The_Haunted_House/Chapter_03/part_02.md | blocks 25108 | 583m | 43 blk/min
[1182/2224] ok Authors/Belloc/Atomized/The_Haunted_House/Chapter_03/part_04.md | blocks 25127 | 583m | 43 blk/min
[1183/2224] ok Authors/Belloc/Atomized/The_Haunted_House/Chapter_04/part_02.md | blocks 25140 | 585m | 43 blk/min
[1184/2224] ok Authors/Belloc/Atomized/The_Haunted_House/Chapter_04/part_01.md | blocks 25164 | 585m | 43 blk/min
[1185/2224] ok Authors/Belloc/Atomized/The_Haunted_House/Chapter_04/part_03 (DESKTOP-L2KS9QK's conflicted copy 2026-07-31).md | blocks 25183 | 586m | 43 blk/min
[1186/2224] ok Authors/Belloc/Atomized/The_Haunted_House/Chapter_04/part_03.md | blocks 25202 | 586m | 43 blk/min
[1187/2224] ok Authors/Belloc/Atomized/The_Haunted_House/Chapter_04/part_04.md | blocks 25214 | 587m | 43 blk/min
[1188/2224] ok Authors/Belloc/Atomized/The_Haunted_House/Chapter_05/part_01.md | blocks 25274 | 589m | 43 blk/min
[1189/2224] ok Authors/Belloc/Atomized/The_Haunted_House/Chapter_05/part_03.md | blocks 25303 | 589m | 43 blk/min
[1190/2224] ok Authors/Belloc/Atomized/The_Haunted_House/Chapter_06/part_01.md | blocks 25319 | 589m | 43 blk/min
[1191/2224] ok Authors/Belloc/Atomized/The_Haunted_House/Chapter_05/part_02.md | blocks 25368 | 589m | 43 blk/min
[1192/2224] ok Authors/Belloc/Atomized/The_Haunted_House/Chapter_06/part_03.md | blocks 25380 | 590m | 43 blk/min
[1193/2224] ok Authors/Belloc/Atomized/The_Haunted_House/Chapter_06/part_02.md | blocks 25395 | 591m | 43 blk/min
[1194/2224] ok Authors/Belloc/Atomized/The_Haunted_House/Chapter_07/part_01.md | blocks 25414 | 591m | 43 blk/min
[1195/2224] ok Authors/Belloc/Atomized/The_Haunted_House/Chapter_07/part_02.md | blocks 25454 | 592m | 43 blk/min
[1196/2224] ok Authors/Belloc/Atomized/The_Haunted_House/Chapter_07/part_03.md | blocks 25491 | 593m | 43 blk/min
[1197/2224] ok Authors/Belloc/Atomized/The_Haunted_House/Chapter_08/part_02.md | blocks 25506 | 593m | 43 blk/min
[1198/2224] ok Authors/Belloc/Atomized/The_Haunted_House/Chapter_08/part_01.md | blocks 25524 | 593m | 43 blk/min | 1 links to repair
[1199/2224] ok Authors/Belloc/Atomized/The_Haunted_House/Chapter_08/part_04.md | blocks 25533 | 594m | 43 blk/min
[1200/2224] ok Authors/Belloc/Atomized/The_Haunted_House/Chapter_08/part_03.md | blocks 25553 | 594m | 43 blk/min
[1201/2224] ok Authors/Belloc/Atomized/The_Haunted_House/Chapter_09/part_01.md | blocks 25580 | 595m | 43 blk/min
[1202/2224] ok Authors/Belloc/Atomized/The_Haunted_House/Chapter_09/part_02.md | blocks 25616 | 596m | 43 blk/min
[1203/2224] ok Authors/Belloc/Atomized/The_Haunted_House/Chapter_09/part_03.md | blocks 25639 | 597m | 43 blk/min
[1204/2224] ok Authors/Belloc/Atomized/The_Haunted_House/Chapter_09/part_04.md | blocks 25684 | 597m | 43 blk/min
[1205/2224] ok Authors/Belloc/Atomized/The_Haunted_House/Chapter_10/part_01.md | blocks 25703 | 598m | 43 blk/min
[1206/2224] ok Authors/Belloc/Atomized/The_Haunted_House/Chapter_10/part_02.md | blocks 25726 | 598m | 43 blk/min
[1207/2224] ok Authors/Belloc/Atomized/The_Haunted_House/Chapter_10/part_03.md | blocks 25744 | 599m | 43 blk/min
[1208/2224] ok Authors/Belloc/Atomized/The_Haunted_House/Chapter_11/part_01.md | blocks 25780 | 600m | 43 blk/min
[1209/2224] ok Authors/Belloc/Atomized/The_Haunted_House/Chapter_11/part_02.md | blocks 25821 | 600m | 43 blk/min
[1210/2224] ok Authors/Belloc/Atomized/The_Haunted_House/Chapter_11/part_03.md | blocks 25847 | 601m | 43 blk/min
[1211/2224] ok Authors/Belloc/Atomized/The_Haunted_House/Chapter_11/part_05.md | blocks 25878 | 601m | 43 blk/min
[1212/2224] ok Authors/Belloc/Atomized/The_Haunted_House/Chapter_11/part_04.md | blocks 25917 | 601m | 43 blk/min
[1213/2224] ok Authors/Belloc/Atomized/The_Haunted_House/Chapter_12/part_01.md | blocks 25951 | 603m | 43 blk/min
[1214/2224] ok Authors/Belloc/Atomized/The_Haunted_House/Chapter_12/part_02 (DESKTOP-L2KS9QK's conflicted copy 2026-07-31).md | blocks 25990 | 604m | 43 blk/min
[1215/2224] ok Authors/Belloc/Atomized/The_Haunted_House/Chapter_12/part_02.md | blocks 26029 | 604m | 43 blk/min
[1216/2224] ok Authors/Belloc/Atomized/The_Haunted_House/Chapter_13/part_01.md | blocks 26058 | 604m | 43 blk/min
[1217/2224] ok Authors/Belloc/Atomized/The_Haunted_House/Chapter_13/part_02.md | blocks 26104 | 605m | 43 blk/min
[1218/2224] ok Authors/Belloc/Atomized/The_Haunted_House/Chapter_14.md | blocks 26129 | 606m | 43 blk/min
[1219/2224] ok Authors/Belloc/Atomized/The_Haunted_House/Chapter_13/part_04.md | blocks 26162 | 606m | 43 blk/min
[1220/2224] ok Authors/Belloc/Atomized/The_Haunted_House/Chapter_13/part_03.md | blocks 26211 | 606m | 43 blk/min
[1221/2224] ok Authors/Belloc/Atomized/The_Haunted_House/Chapter_15/part_01.md | blocks 26234 | 608m | 43 blk/min
[1222/2224] ok Authors/Belloc/Atomized/The_Haunted_House/Chapter_15/part_02.md | blocks 26252 | 608m | 43 blk/min
[1223/2224] ok Authors/Belloc/Atomized/The_Haunted_House/Chapter_15/part_04.md | blocks 26274 | 608m | 43 blk/min
[1224/2224] ok Authors/Belloc/Atomized/The_Haunted_House/Chapter_15/part_03.md | blocks 26296 | 609m | 43 blk/min
[1225/2224] ok Authors/Belloc/Atomized/The_Haunted_House/Chapter_16/part_03.md | blocks 26313 | 609m | 43 blk/min
[1226/2224] ok Authors/Belloc/Atomized/The_Haunted_House/Chapter_16/part_01.md | blocks 26356 | 610m | 43 blk/min
[1227/2224] ok Authors/Belloc/Atomized/The_Haunted_House/Chapter_16/part_02.md | blocks 26394 | 610m | 43 blk/min
[1228/2224] ok Authors/Belloc/Atomized/The_Hedge_and_the_Horse/Story_01_M_H/part_01.md | blocks 26418 | 611m | 43 blk/min
[1229/2224] ok Authors/Belloc/Atomized/The_Hedge_and_the_Horse/Story_01_M_H/part_02.md | blocks 26434 | 611m | 43 blk/min
[1230/2224] ok Authors/Belloc/Atomized/The_Hedge_and_the_Horse/Story_01_M_H/part_03.md | blocks 26446 | 612m | 43 blk/min
[1231/2224] ok Authors/Belloc/Atomized/The_Hedge_and_the_Horse/Story_01_M_H/part_04.md | blocks 26469 | 613m | 43 blk/min
[1232/2224] ok Authors/Belloc/Atomized/The_Hedge_and_the_Horse/Story_01_M_H/part_05.md | blocks 26487 | 613m | 43 blk/min
[1233/2224] ok Authors/Belloc/Atomized/The_Hedge_and_the_Horse/Story_01_M_H/part_06.md | blocks 26530 | 614m | 43 blk/min
[1234/2224] ok Authors/Belloc/Atomized/The_Hedge_and_the_Horse/Story_01_M_H/part_07.md | blocks 26558 | 615m | 43 blk/min
[1235/2224] ok Authors/Belloc/Atomized/The_Hedge_and_the_Horse/Story_01_M_H/part_08.md | blocks 26571 | 615m | 43 blk/min
[1236/2224] ok Authors/Belloc/Atomized/The_Hedge_and_the_Horse/Story_01_M_H/part_09.md | blocks 26609 | 616m | 43 blk/min
[1237/2224] ok Authors/Belloc/Atomized/The_Hedge_and_the_Horse/Story_01_M_H/part_10.md | blocks 26626 | 617m | 43 blk/min
[1238/2224] ok Authors/Belloc/Atomized/The_Hedge_and_the_Horse/Story_01_M_H/part_11.md | blocks 26642 | 617m | 43 blk/min
[1239/2224] ok Authors/Belloc/Atomized/The_Hedge_and_the_Horse/Story_01_M_H/part_12.md | blocks 26663 | 617m | 43 blk/min
[1240/2224] ok Authors/Belloc/Atomized/The_Hedge_and_the_Horse/Story_01_M_H/part_14.md | blocks 26688 | 618m | 43 blk/min
[1241/2224] ok Authors/Belloc/Atomized/The_Hedge_and_the_Horse/Story_01_M_H/part_13.md | blocks 26708 | 619m | 43 blk/min
2026-08-01 11:32:22 [orch] up | pid=96581 | dickens_pid=none | authors=Belloc Conan_Doyle Bronte Austen
2026-08-01 11:32:22 [orch] Dickens run finished -> starting authors
2026-08-01 11:32:22 [orch] === START Belloc ===
### author run: Belloc
### HY Dickens run | model=hy-mt1.5-7b host=http://localhost:1234 | workers=4 | pending atoms=984
cache warm with 102590 blocks
REJECT Authors/Belloc/Atomized/The_Green_Overcoat/Chapter_04/part_02.md: leftover mask token(s): 1 (e.g. [[L01..)
[2/984] ok Authors/Belloc/Atomized/The_Hedge_and_the_Horse/Story_02_John_ScottS_Baby_Passes_Night_In_Cells/part_01.md | blocks 27 | 0m | 335 blk/min
[3/984] ok Authors/Belloc/Atomized/The_Hedge_and_the_Horse/Story_02_John_ScottS_Baby_Passes_Night_In_Cells/part_02.md | blocks 56 | 0m | 128 blk/min
[4/984] ok Authors/Belloc/Atomized/The_Hedge_and_the_Horse/Story_02_John_ScottS_Baby_Passes_Night_In_Cells/part_03.md | blocks 93 | 2m | 61 blk/min
[5/984] ok Authors/Belloc/Atomized/The_Hedge_and_the_Horse/Story_02_John_ScottS_Baby_Passes_Night_In_Cells/part_03 (DESKTOP-L2KS9QK's conflicted copy 2026-07-31).md | blocks 130 | 2m | 84 blk/min
[6/984] ok Authors/Belloc/Atomized/The_Hedge_and_the_Horse/Story_02_John_ScottS_Baby_Passes_Night_In_Cells/part_04.md | blocks 154 | 2m | 62 blk/min
[7/984] ok Authors/Belloc/Atomized/The_Hedge_and_the_Horse/Story_02_John_ScottS_Baby_Passes_Night_In_Cells/part_05.md | blocks 201 | 3m | 60 blk/min
[8/984] ok Authors/Belloc/Atomized/The_Hedge_and_the_Horse/Story_02_John_ScottS_Baby_Passes_Night_In_Cells/part_07.md | blocks 221 | 4m | 57 blk/min
[9/984] ok Authors/Belloc/Atomized/The_Hedge_and_the_Horse/Story_02_John_ScottS_Baby_Passes_Night_In_Cells/part_06.md | blocks 250 | 4m | 63 blk/min
[10/984] ok Authors/Belloc/Atomized/The_Hedge_and_the_Horse/Story_02_John_ScottS_Baby_Passes_Night_In_Cells/part_08.md | blocks 265 | 5m | 55 blk/min
[11/984] ok Authors/Belloc/Atomized/The_Hedge_and_the_Horse/Story_02_John_ScottS_Baby_Passes_Night_In_Cells/part_09.md | blocks 290 | 6m | 50 blk/min
[12/984] ok Authors/Belloc/Atomized/The_Hedge_and_the_Horse/Story_02_John_ScottS_Baby_Passes_Night_In_Cells/part_11.md | blocks 310 | 6m | 48 blk/min
[13/984] ok Authors/Belloc/Atomized/The_Hedge_and_the_Horse/Story_02_John_ScottS_Baby_Passes_Night_In_Cells/part_10.md | blocks 351 | 7m | 48 blk/min | 1 links to repair
[14/984] ok Authors/Belloc/Atomized/The_Hedge_and_the_Horse/Story_02_John_ScottS_Baby_Passes_Night_In_Cells/part_12.md | blocks 392 | 7m | 52 blk/min
[15/984] ok Authors/Belloc/Atomized/The_Hedge_and_the_Horse/Story_02_John_ScottS_Baby_Passes_Night_In_Cells/part_13.md | blocks 422 | 8m | 52 blk/min
[16/984] ok Authors/Belloc/Atomized/The_Hedge_and_the_Horse/Story_02_John_ScottS_Baby_Passes_Night_In_Cells/part_14.md | blocks 463 | 9m | 53 blk/min
[17/984] ok Authors/Belloc/Atomized/The_Hedge_and_the_Horse/Story_02_John_ScottS_Baby_Passes_Night_In_Cells/part_16.md | blocks 500 | 9m | 53 blk/min
[18/984] ok Authors/Belloc/Atomized/The_Hedge_and_the_Horse/Story_02_John_ScottS_Baby_Passes_Night_In_Cells/part_15.md | blocks 541 | 9m | 57 blk/min
[19/984] ok Authors/Belloc/Atomized/The_Hedge_and_the_Horse/Story_02_John_ScottS_Baby_Passes_Night_In_Cells/part_17.md | blocks 571 | 10m | 56 blk/min
[20/984] ok Authors/Belloc/Atomized/The_Hedge_and_the_Horse/Story_02_John_ScottS_Baby_Passes_Night_In_Cells/part_18.md | blocks 611 | 11m | 56 blk/min
[21/984] ok Authors/Belloc/Atomized/The_Hedge_and_the_Horse/Story_02_John_ScottS_Baby_Passes_Night_In_Cells/part_19.md | blocks 647 | 12m | 56 blk/min
[22/984] ok Authors/Belloc/Atomized/The_Hedge_and_the_Horse/Story_02_John_ScottS_Baby_Passes_Night_In_Cells/part_20.md | blocks 674 | 12m | 57 blk/min
[23/984] ok Authors/Belloc/Atomized/The_Hedge_and_the_Horse/Story_02_John_ScottS_Baby_Passes_Night_In_Cells/part_21.md | blocks 702 | 12m | 57 blk/min
[24/984] ok Authors/Belloc/Atomized/The_Hedge_and_the_Horse/Story_02_John_ScottS_Baby_Passes_Night_In_Cells/part_22.md | blocks 729 | 13m | 56 blk/min
[25/984] ok Authors/Belloc/Atomized/The_Hedge_and_the_Horse/Story_02_John_ScottS_Baby_Passes_Night_In_Cells/part_23.md | blocks 751 | 14m | 54 blk/min
[26/984] ok Authors/Belloc/Atomized/The_Hedge_and_the_Horse/Story_02_John_ScottS_Baby_Passes_Night_In_Cells/part_24.md | blocks 773 | 14m | 56 blk/min
[27/984] ok Authors/Belloc/Atomized/The_Hedge_and_the_Horse/Story_02_John_ScottS_Baby_Passes_Night_In_Cells/part_25.md | blocks 793 | 15m | 55 blk/min
[28/984] ok Authors/Belloc/Atomized/The_Hedge_and_the_Horse/Story_02_John_ScottS_Baby_Passes_Night_In_Cells/part_26.md | blocks 818 | 15m | 54 blk/min
[29/984] ok Authors/Belloc/Atomized/The_Hedge_and_the_Horse/Story_02_John_ScottS_Baby_Passes_Night_In_Cells/part_27.md | blocks 835 | 16m | 52 blk/min
[30/984] ok Authors/Belloc/Atomized/The_Hedge_and_the_Horse/Story_02_John_ScottS_Baby_Passes_Night_In_Cells/part_28.md | blocks 868 | 16m | 54 blk/min
[31/984] ok Authors/Belloc/Atomized/The_Hedge_and_the_Horse/Story_02_John_ScottS_Baby_Passes_Night_In_Cells/part_29.md | blocks 899 | 17m | 54 blk/min
[32/984] ok Authors/Belloc/Atomized/The_Hedge_and_the_Horse/Story_02_John_ScottS_Baby_Passes_Night_In_Cells/part_30.md | blocks 923 | 17m | 53 blk/min
[33/984] ok Authors/Belloc/Atomized/The_Hedge_and_the_Horse/Story_02_John_ScottS_Baby_Passes_Night_In_Cells/part_31.md | blocks 944 | 18m | 52 blk/min
[34/984] ok Authors/Belloc/Atomized/The_Hedge_and_the_Horse/Story_02_John_ScottS_Baby_Passes_Night_In_Cells/part_32.md | blocks 963 | 18m | 53 blk/min
[35/984] ok Authors/Belloc/Atomized/The_Hedge_and_the_Horse/Story_02_John_ScottS_Baby_Passes_Night_In_Cells/part_33.md | blocks 993 | 19m | 53 blk/min
[36/984] ok Authors/Belloc/Atomized/The_Hedge_and_the_Horse/Story_02_John_ScottS_Baby_Passes_Night_In_Cells/part_34.md | blocks 1017 | 19m | 52 blk/min
[37/984] ok Authors/Belloc/Atomized/The_Hedge_and_the_Horse/Story_02_John_ScottS_Baby_Passes_Night_In_Cells/part_35.md | blocks 1067 | 20m | 52 blk/min
[38/984] ok Authors/Belloc/Atomized/The_Historic_Thames/part/part_01.md | blocks 1085 | 21m | 51 blk/min | 2 links to repair
[39/984] ok Authors/Belloc/Atomized/The_Hedge_and_the_Horse/Story_02_John_ScottS_Baby_Passes_Night_In_Cells/part_36.md | blocks 1123 | 21m | 53 blk/min
[40/984] ok Authors/Belloc/Atomized/The_Historic_Thames/part/part_02.md | blocks 1138 | 22m | 52 blk/min | 1 links to repair
[41/984] ok Authors/Belloc/Atomized/The_Historic_Thames/part/part_03.md | blocks 1152 | 22m | 52 blk/min | 7 links to repair
[42/984] ok Authors/Belloc/Atomized/The_Historic_Thames/part/part_04.md | blocks 1167 | 24m | 49 blk/min | 4 links to repair
[43/984] ok Authors/Belloc/Atomized/The_Historic_Thames/part/part_05.md | blocks 1179 | 24m | 49 blk/min | 2 links to repair
[44/984] ok Authors/Belloc/Atomized/The_Historic_Thames/part/part_07.md | blocks 1192 | 24m | 49 blk/min | 2 links to repair
[45/984] ok Authors/Belloc/Atomized/The_Historic_Thames/part/part_06.md | blocks 1208 | 25m | 49 blk/min | 3 links to repair
[46/984] ok Authors/Belloc/Atomized/The_Historic_Thames/part/part_09.md | blocks 1225 | 26m | 47 blk/min | 1 links to repair
[47/984] ok Authors/Belloc/Atomized/The_Historic_Thames/part/part_10.md | blocks 1238 | 26m | 47 blk/min | 5 links to repair
[48/984] ok Authors/Belloc/Atomized/The_Historic_Thames/part/part_11.md | blocks 1256 | 27m | 47 blk/min | 1 links to repair
[49/984] ok Authors/Belloc/Atomized/The_Historic_Thames/part/part_08.md | blocks 1270 | 27m | 46 blk/min | 3 links to repair
[50/984] ok Authors/Belloc/Atomized/The_Historic_Thames/part/part_13.md | blocks 1281 | 28m | 45 blk/min | 1 links to repair
REJECT Authors/Belloc/Atomized/The_Historic_Thames/part/part_12.md: leftover mask token(s): 1 (e.g. [[L02..)
[52/984] ok Authors/Belloc/Atomized/The_Historic_Thames/part/part_14.md | blocks 1293 | 29m | 45 blk/min | 1 links to repair
[53/984] ok Authors/Belloc/Atomized/The_Historic_Thames/part/part_15.md | blocks 1302 | 31m | 42 blk/min | 2 links to repair
[54/984] ok Authors/Belloc/Atomized/The_Historic_Thames/part/part_16.md | blocks 1316 | 31m | 42 blk/min | 1 links to repair
[55/984] ok Authors/Belloc/Atomized/The_Historic_Thames/part/part_18.md | blocks 1329 | 32m | 42 blk/min | 3 links to repair
[56/984] ok Authors/Belloc/Atomized/The_Historic_Thames/part/part_17.md | blocks 1341 | 32m | 42 blk/min | 2 links to repair
[57/984] ok Authors/Belloc/Atomized/The_Historic_Thames/part/part_19.md | blocks 1360 | 33m | 42 blk/min | 4 links to repair
[58/984] ok Authors/Belloc/Atomized/The_Historic_Thames/part/part_22.md | blocks 1369 | 34m | 41 blk/min
[59/984] ok Authors/Belloc/Atomized/The_Historic_Thames/part/part_21.md | blocks 1382 | 34m | 41 blk/min
[60/984] ok Authors/Belloc/Atomized/The_Historic_Thames/part/part_20.md | blocks 1390 | 34m | 40 blk/min | 2 links to repair
[61/984] ok Authors/Belloc/Atomized/The_Historic_Thames/part/part_25.md | blocks 1402 | 36m | 39 blk/min
[62/984] ok Authors/Belloc/Atomized/The_Historic_Thames/part/part_23.md | blocks 1411 | 37m | 38 blk/min | 3 links to repair
[63/984] ok Authors/Belloc/Atomized/The_Historic_Thames/part/part_24.md | blocks 1421 | 37m | 39 blk/min | 1 links to repair
[64/984] ok Authors/Belloc/Atomized/The_Historic_Thames/part/part_26.md | blocks 1432 | 38m | 37 blk/min | 1 links to repair
[65/984] ok Authors/Belloc/Atomized/The_Historic_Thames/part/part_27.md | blocks 1445 | 39m | 37 blk/min | 1 links to repair
[66/984] ok Authors/Belloc/Atomized/The_Historic_Thames/part/part_28.md | blocks 1461 | 39m | 37 blk/min
[67/984] ok Authors/Belloc/Atomized/The_Historic_Thames/part/part_29.md | blocks 1474 | 41m | 36 blk/min | 5 links to repair
[68/984] ok Authors/Belloc/Atomized/The_Historic_Thames/part/part_31.md | blocks 1488 | 41m | 36 blk/min
[69/984] ok Authors/Belloc/Atomized/The_Historic_Thames/part/part_30.md | blocks 1501 | 42m | 36 blk/min | 1 links to repair
[70/984] ok Authors/Belloc/Atomized/The_Historic_Thames/part/part_32.md | blocks 1517 | 42m | 36 blk/min | 1 links to repair
[71/984] ok Authors/Belloc/Atomized/The_Historic_Thames/part/part_33.md | blocks 1529 | 43m | 36 blk/min
[72/984] ok Authors/Belloc/Atomized/The_Historic_Thames/part/part_34.md | blocks 1543 | 43m | 36 blk/min
[73/984] ok Authors/Belloc/Atomized/The_Historic_Thames/part/part_35.md | blocks 1558 | 44m | 36 blk/min
[74/984] ok Authors/Belloc/Atomized/The_Historic_Thames/part/part_36.md | blocks 1569 | 44m | 36 blk/min
[75/984] ok Authors/Belloc/Atomized/The_Historic_Thames/part/part_37.md | blocks 1582 | 45m | 35 blk/min
[76/984] ok Authors/Belloc/Atomized/The_Historic_Thames/part/part_38.md | blocks 1597 | 45m | 35 blk/min
[77/984] ok Authors/Belloc/Atomized/The_Historic_Thames/part/part_39.md | blocks 1605 | 46m | 35 blk/min
[78/984] ok Authors/Belloc/Atomized/The_Historic_Thames/part/part_40.md | blocks 1620 | 46m | 35 blk/min
[79/984] ok Authors/Belloc/Atomized/The_Historic_Thames/part/part_41.md | blocks 1632 | 47m | 35 blk/min
[80/984] ok Authors/Belloc/Atomized/The_Historic_Thames/part/part_42.md | blocks 1646 | 48m | 34 blk/min | 1 links to repair
[81/984] ok Authors/Belloc/Atomized/The_Historic_Thames/part/part_43.md | blocks 1658 | 48m | 34 blk/min
[82/984] ok Authors/Belloc/Atomized/The_Historic_Thames/part/part_44.md | blocks 1670 | 48m | 34 blk/min
[83/984] ok Authors/Belloc/Atomized/The_Historic_Thames/part/part_45.md | blocks 1687 | 50m | 34 blk/min | 1 links to repair
[84/984] ok Authors/Belloc/Atomized/The_Jews/Chapter_01_HABIT_OR_LAW.md | blocks 1704 | 50m | 34 blk/min
[85/984] ok Authors/Belloc/Atomized/The_Historic_Thames/part/part_47.md | blocks 1713 | 51m | 34 blk/min | 2 links to repair
[86/984] ok Authors/Belloc/Atomized/The_Historic_Thames/part/part_46.md | blocks 1727 | 51m | 34 blk/min | 1 links to repair
[87/984] ok Authors/Belloc/Atomized/The_Jews/Chapter_02_THE_THESIS_OF_THIS_BOOK/part_01.md | blocks 1746 | 52m | 34 blk/min
[88/984] ok Authors/Belloc/Atomized/The_Jews/Chapter_02_THE_THESIS_OF_THIS_BOOK/part_02.md | blocks 1759 | 52m | 34 blk/min
[89/984] ok Authors/Belloc/Atomized/The_Jews/Chapter_02_THE_THESIS_OF_THIS_BOOK/part_03.md | blocks 1772 | 53m | 34 blk/min
[90/984] ok Authors/Belloc/Atomized/The_Jews/Chapter_03_THE_DENIAL_OF_THE_PROBLEM/part_01.md | blocks 1786 | 54m | 33 blk/min
[91/984] ok Authors/Belloc/Atomized/The_Jews/Chapter_03_THE_DENIAL_OF_THE_PROBLEM/part_02.md | blocks 1797 | 54m | 33 blk/min | 2 links to repair
[92/984] ok Authors/Belloc/Atomized/The_Jews/Chapter_03_THE_DENIAL_OF_THE_PROBLEM/part_03.md | blocks 1808 | 54m | 33 blk/min
[93/984] ok Authors/Belloc/Atomized/The_Jews/Chapter_03_THE_DENIAL_OF_THE_PROBLEM/part_04.md | blocks 1820 | 55m | 33 blk/min
[94/984] ok Authors/Belloc/Atomized/The_Jews/Chapter_03_THE_DENIAL_OF_THE_PROBLEM/part_05.md | blocks 1834 | 56m | 33 blk/min
[95/984] ok Authors/Belloc/Atomized/The_Jews/Chapter_04_THE_PRESENT_PHASE_OF_THE_PROBL/part_01.md | blocks 1849 | 56m | 33 blk/min
[96/984] ok Authors/Belloc/Atomized/The_Jews/Chapter_03_THE_DENIAL_OF_THE_PROBLEM/part_06.md | blocks 1861 | 56m | 33 blk/min
[97/984] ok Authors/Belloc/Atomized/The_Jews/Chapter_04_THE_PRESENT_PHASE_OF_THE_PROBL/part_02.md | blocks 1874 | 56m | 33 blk/min
[98/984] ok Authors/Belloc/Atomized/The_Jews/Chapter_04_THE_PRESENT_PHASE_OF_THE_PROBL/part_06.md | blocks 1881 | 58m | 33 blk/min | 1 links to repair
[99/984] ok Authors/Belloc/Atomized/The_Jews/Chapter_04_THE_PRESENT_PHASE_OF_THE_PROBL/part_04.md | blocks 1897 | 58m | 33 blk/min
[100/984] ok Authors/Belloc/Atomized/The_Jews/Chapter_04_THE_PRESENT_PHASE_OF_THE_PROBL/part_05.md | blocks 1908 | 58m | 33 blk/min
[101/984] ok Authors/Belloc/Atomized/The_Jews/Chapter_04_THE_PRESENT_PHASE_OF_THE_PROBL/part_03.md | blocks 1920 | 58m | 33 blk/min | 1 links to repair
[102/984] ok Authors/Belloc/Atomized/The_Jews/Chapter_05_THE_GENERAL_CAUSE_OF_FRICTION/part_01.md | blocks 1935 | 60m | 32 blk/min
[103/984] ok Authors/Belloc/Atomized/The_Jews/Chapter_05_THE_GENERAL_CAUSE_OF_FRICTION/part_02.md | blocks 1947 | 60m | 33 blk/min
[104/984] ok Authors/Belloc/Atomized/The_Jews/Chapter_05_THE_GENERAL_CAUSE_OF_FRICTION/part_03.md | blocks 1957 | 60m | 33 blk/min
[105/984] ok Authors/Belloc/Atomized/The_Jews/Chapter_05_THE_GENERAL_CAUSE_OF_FRICTION/part_04.md | blocks 1971 | 60m | 33 blk/min
[106/984] ok Authors/Belloc/Atomized/The_Jews/Chapter_05_THE_GENERAL_CAUSE_OF_FRICTION/part_05.md | blocks 1985 | 62m | 32 blk/min
[107/984] ok Authors/Belloc/Atomized/The_Jews/Chapter_05_THE_GENERAL_CAUSE_OF_FRICTION/part_06.md | blocks 1998 | 62m | 32 blk/min
[108/984] ok Authors/Belloc/Atomized/The_Jews/Chapter_05_THE_GENERAL_CAUSE_OF_FRICTION/part_07.md | blocks 2015 | 62m | 33 blk/min
[109/984] ok Authors/Belloc/Atomized/The_Jews/Chapter_06_THE_SPECIAL_CAUSES_OF_FRICTION/part_01.md | blocks 2030 | 62m | 33 blk/min
[110/984] ok Authors/Belloc/Atomized/The_Jews/Chapter_06_THE_SPECIAL_CAUSES_OF_FRICTION/part_02.md | blocks 2040 | 63m | 32 blk/min
[111/984] ok Authors/Belloc/Atomized/The_Jews/Chapter_06_THE_SPECIAL_CAUSES_OF_FRICTION/part_03.md | blocks 2061 | 64m | 32 blk/min | 1 links to repair
[112/984] ok Authors/Belloc/Atomized/The_Jews/Chapter_06_THE_SPECIAL_CAUSES_OF_FRICTION/part_04.md | blocks 2074 | 64m | 32 blk/min
[113/984] ok Authors/Belloc/Atomized/The_Jews/Chapter_06_THE_SPECIAL_CAUSES_OF_FRICTION/part_05.md | blocks 2087 | 64m | 33 blk/min
[114/984] ok Authors/Belloc/Atomized/The_Jews/Chapter_07_THE_CAUSE_OF_FRICTION_UPON_OUR/part_01.md | blocks 2104 | 65m | 32 blk/min
[115/984] ok Authors/Belloc/Atomized/The_Jews/Chapter_07_THE_CAUSE_OF_FRICTION_UPON_OUR/part_02.md | blocks 2115 | 66m | 32 blk/min
[116/984] ok Authors/Belloc/Atomized/The_Jews/Chapter_07_THE_CAUSE_OF_FRICTION_UPON_OUR/part_03.md | blocks 2127 | 66m | 32 blk/min
[117/984] ok Authors/Belloc/Atomized/The_Jews/Chapter_07_THE_CAUSE_OF_FRICTION_UPON_OUR/part_04.md | blocks 2137 | 66m | 32 blk/min
[118/984] ok Authors/Belloc/Atomized/The_Jews/Chapter_07_THE_CAUSE_OF_FRICTION_UPON_OUR/part_05.md | blocks 2150 | 67m | 32 blk/min
[119/984] ok Authors/Belloc/Atomized/The_Jews/Chapter_08_THE_ANTI_SEMITE/part_02.md | blocks 2161 | 67m | 32 blk/min
[120/984] ok Authors/Belloc/Atomized/The_Jews/Chapter_08_THE_ANTI_SEMITE/part_01.md | blocks 2178 | 68m | 32 blk/min | 1 links to repair
[121/984] ok Authors/Belloc/Atomized/The_Jews/Chapter_08_THE_ANTI_SEMITE/part_03.md | blocks 2188 | 68m | 32 blk/min
[122/984] ok Authors/Belloc/Atomized/The_Jews/Chapter_08_THE_ANTI_SEMITE/part_04.md | blocks 2203 | 69m | 32 blk/min
[123/984] ok Authors/Belloc/Atomized/The_Jews/Chapter_08_THE_ANTI_SEMITE/part_05.md | blocks 2212 | 69m | 32 blk/min
[124/984] ok Authors/Belloc/Atomized/The_Jews/Chapter_09_BOLSHEVISM/part_02.md | blocks 2228 | 70m | 32 blk/min
[125/984] ok Authors/Belloc/Atomized/The_Jews/Chapter_09_BOLSHEVISM/part_01.md | blocks 2241 | 70m | 32 blk/min | 2 links to repair
[126/984] ok Authors/Belloc/Atomized/The_Jews/Chapter_09_BOLSHEVISM/part_05.md | blocks 2249 | 71m | 32 blk/min
[127/984] ok Authors/Belloc/Atomized/The_Jews/Chapter_09_BOLSHEVISM/part_03.md | blocks 2262 | 71m | 32 blk/min
[128/984] ok Authors/Belloc/Atomized/The_Jews/Chapter_09_BOLSHEVISM/part_04.md | blocks 2277 | 71m | 32 blk/min
[129/984] ok Authors/Belloc/Atomized/The_Jews/Chapter_10_THE_POSITION_IN_THE_WORLD_AS_A/part_01.md | blocks 2299 | 72m | 32 blk/min
[130/984] ok Authors/Belloc/Atomized/The_Jews/Chapter_10_THE_POSITION_IN_THE_WORLD_AS_A/part_02.md | blocks 2311 | 73m | 32 blk/min
[131/984] ok Authors/Belloc/Atomized/The_Jews/Chapter_10_THE_POSITION_IN_THE_WORLD_AS_A/part_03.md | blocks 2321 | 73m | 32 blk/min
[132/984] ok Authors/Belloc/Atomized/The_Jews/Chapter_10_THE_POSITION_IN_THE_WORLD_AS_A/part_04.md | blocks 2331 | 73m | 32 blk/min
[133/984] ok Authors/Belloc/Atomized/The_Jews/Chapter_10_THE_POSITION_IN_THE_WORLD_AS_A/part_05.md | blocks 2344 | 74m | 32 blk/min | 1 links to repair
[134/984] ok Authors/Belloc/Atomized/The_Jews/Chapter_11_THE_PRESENT_RELATION_BETWEEN_T/part_01.md | blocks 2357 | 75m | 31 blk/min
[135/984] ok Authors/Belloc/Atomized/The_Jews/Chapter_11_THE_PRESENT_RELATION_BETWEEN_T/part_02.md | blocks 2368 | 75m | 32 blk/min
[136/984] ok Authors/Belloc/Atomized/The_Jews/Chapter_10_THE_POSITION_IN_THE_WORLD_AS_A/part_06.md | blocks 2387 | 75m | 32 blk/min | 1 links to repair
[137/984] ok Authors/Belloc/Atomized/The_Jews/Chapter_11_THE_PRESENT_RELATION_BETWEEN_T/part_04.md | blocks 2394 | 76m | 31 blk/min
[138/984] ok Authors/Belloc/Atomized/The_Jews/Chapter_11_THE_PRESENT_RELATION_BETWEEN_T/part_03.md | blocks 2409 | 76m | 32 blk/min
[139/984] ok Authors/Belloc/Atomized/The_Jews/Chapter_12_ZIONISM/part_01.md | blocks 2429 | 77m | 31 blk/min
[140/984] ok Authors/Belloc/Atomized/The_Jews/Chapter_12_ZIONISM/part_04.md | blocks 2439 | 78m | 31 blk/min
[141/984] ok Authors/Belloc/Atomized/The_Jews/Chapter_12_ZIONISM/part_02.md | blocks 2450 | 78m | 31 blk/min | 1 links to repair
[142/984] ok Authors/Belloc/Atomized/The_Jews/Chapter_12_ZIONISM/part_03.md | blocks 2462 | 78m | 31 blk/min
[143/984] ok Authors/Belloc/Atomized/The_Jews/Chapter_13_OUR_DUTY/part_01.md | blocks 2476 | 80m | 31 blk/min
[144/984] ok Authors/Belloc/Atomized/The_Jews/Chapter_13_OUR_DUTY/part_02.md | blocks 2491 | 80m | 31 blk/min
[145/984] ok Authors/Belloc/Atomized/The_Jews/Chapter_13_OUR_DUTY/part_04.md | blocks 2503 | 80m | 31 blk/min
[146/984] ok Authors/Belloc/Atomized/The_Jews/Chapter_13_OUR_DUTY/part_03.md | blocks 2517 | 80m | 31 blk/min
[147/984] ok Authors/Belloc/Atomized/The_Jews/Chapter_13_OUR_DUTY/part_05.md | blocks 2530 | 81m | 31 blk/min
[148/984] ok Authors/Belloc/Atomized/The_Jews/Chapter_14_THEIR_DUTY.md | blocks 2542 | 82m | 31 blk/min
[149/984] ok Authors/Belloc/Atomized/The_Jews/Chapter_15_VARIOUS_THEORIES/part_01.md | blocks 2557 | 83m | 31 blk/min
[150/984] ok Authors/Belloc/Atomized/The_Jews/Chapter_15_VARIOUS_THEORIES/part_02.md | blocks 2566 | 83m | 31 blk/min
[151/984] ok Authors/Belloc/Atomized/The_Jews/Chapter_15_VARIOUS_THEORIES/part_06.md | blocks 2575 | 84m | 31 blk/min | 1 links to repair
[152/984] ok Authors/Belloc/Atomized/The_Jews/Chapter_15_VARIOUS_THEORIES/part_03.md | blocks 2585 | 84m | 31 blk/min
[153/984] ok Authors/Belloc/Atomized/The_Jews/Chapter_15_VARIOUS_THEORIES/part_04.md | blocks 2596 | 84m | 31 blk/min
[154/984] ok Authors/Belloc/Atomized/The_Jews/Chapter_15_VARIOUS_THEORIES/part_05.md | blocks 2607 | 85m | 31 blk/min
[155/984] ok Authors/Belloc/Atomized/The_Man_Who_Made_Gold/Chapter_02/part_01.md | blocks 2621 | 86m | 30 blk/min
[156/984] ok Authors/Belloc/Atomized/The_Man_Who_Made_Gold/Chapter_01.md | blocks 2648 | 87m | 31 blk/min
[157/984] ok Authors/Belloc/Atomized/The_Man_Who_Made_Gold/Chapter_02/part_02.md | blocks 2666 | 87m | 31 blk/min
REJECT Authors/Belloc/Atomized/The_Jews/Chapter_16_HABIT_OR_LAW.md: leftover mask token(s): 1 (e.g. [[L01..)
[159/984] ok Authors/Belloc/Atomized/The_Man_Who_Made_Gold/Chapter_03/part_01.md | blocks 2687 | 88m | 30 blk/min
[160/984] ok Authors/Belloc/Atomized/The_Man_Who_Made_Gold/Chapter_03/part_04.md | blocks 2697 | 88m | 30 blk/min
[161/984] ok Authors/Belloc/Atomized/The_Man_Who_Made_Gold/Chapter_03/part_02.md | blocks 2719 | 89m | 31 blk/min
[162/984] ok Authors/Belloc/Atomized/The_Man_Who_Made_Gold/Chapter_03/part_03.md | blocks 2749 | 89m | 31 blk/min
[163/984] ok Authors/Belloc/Atomized/The_Man_Who_Made_Gold/Chapter_04/part_01.md | blocks 2768 | 90m | 31 blk/min
[164/984] ok Authors/Belloc/Atomized/The_Man_Who_Made_Gold/Chapter_05/part_01.md | blocks 2786 | 91m | 31 blk/min
[165/984] ok Authors/Belloc/Atomized/The_Man_Who_Made_Gold/Chapter_05/part_02.md | blocks 2824 | 91m | 31 blk/min
[166/984] ok Authors/Belloc/Atomized/The_Man_Who_Made_Gold/Chapter_04/part_02.md | blocks 2865 | 91m | 31 blk/min
[167/984] ok Authors/Belloc/Atomized/The_Man_Who_Made_Gold/Chapter_05/part_03.md | blocks 2898 | 93m | 31 blk/min
[168/984] ok Authors/Belloc/Atomized/The_Man_Who_Made_Gold/Chapter_05/part_04.md | blocks 2924 | 93m | 31 blk/min
[169/984] ok Authors/Belloc/Atomized/The_Man_Who_Made_Gold/Chapter_06/part_01.md | blocks 2956 | 94m | 32 blk/min
[170/984] ok Authors/Belloc/Atomized/The_Man_Who_Made_Gold/Chapter_06/part_02.md | blocks 2975 | 94m | 32 blk/min
[171/984] ok Authors/Belloc/Atomized/The_Man_Who_Made_Gold/Chapter_06/part_04.md | blocks 2993 | 95m | 32 blk/min
[172/984] ok Authors/Belloc/Atomized/The_Man_Who_Made_Gold/Chapter_06/part_03.md | blocks 3021 | 95m | 32 blk/min
[173/984] ok Authors/Belloc/Atomized/The_Man_Who_Made_Gold/Chapter_07/part_02.md | blocks 3056 | 97m | 32 blk/min
[174/984] ok Authors/Belloc/Atomized/The_Man_Who_Made_Gold/Chapter_07/part_01.md | blocks 3098 | 97m | 32 blk/min
[175/984] ok Authors/Belloc/Atomized/The_Man_Who_Made_Gold/Chapter_07/part_04.md | blocks 3122 | 97m | 32 blk/min
[176/984] ok Authors/Belloc/Atomized/The_Man_Who_Made_Gold/Chapter_07/part_03.md | blocks 3157 | 97m | 32 blk/min
[177/984] ok Authors/Belloc/Atomized/The_Man_Who_Made_Gold/Chapter_08/part_03.md | blocks 3169 | 98m | 32 blk/min
[178/984] ok Authors/Belloc/Atomized/The_Man_Who_Made_Gold/Chapter_08/part_01.md | blocks 3188 | 99m | 32 blk/min
[179/984] ok Authors/Belloc/Atomized/The_Man_Who_Made_Gold/Chapter_08/part_02.md | blocks 3207 | 99m | 32 blk/min
[180/984] ok Authors/Belloc/Atomized/The_Man_Who_Made_Gold/Chapter_09/part_01.md | blocks 3240 | 100m | 32 blk/min
[181/984] ok Authors/Belloc/Atomized/The_Man_Who_Made_Gold/Chapter_09/part_04.md | blocks 3259 | 100m | 32 blk/min
[182/984] ok Authors/Belloc/Atomized/The_Man_Who_Made_Gold/Chapter_09/part_02.md | blocks 3290 | 101m | 33 blk/min
[183/984] ok Authors/Belloc/Atomized/The_Man_Who_Made_Gold/Chapter_09/part_03.md | blocks 3324 | 101m | 33 blk/min
[184/984] ok Authors/Belloc/Atomized/The_Man_Who_Made_Gold/Chapter_10/part_01.md | blocks 3343 | 102m | 33 blk/min
[185/984] ok Authors/Belloc/Atomized/The_Man_Who_Made_Gold/Chapter_10/part_02.md | blocks 3372 | 103m | 33 blk/min
[186/984] ok Authors/Belloc/Atomized/The_Man_Who_Made_Gold/Chapter_10/part_03.md | blocks 3401 | 103m | 33 blk/min
[187/984] ok Authors/Belloc/Atomized/The_Man_Who_Made_Gold/Chapter_10/part_04.md | blocks 3464 | 104m | 33 blk/min
[188/984] ok Authors/Belloc/Atomized/The_Man_Who_Made_Gold/Chapter_11/part_01.md | blocks 3489 | 105m | 33 blk/min
[189/984] ok Authors/Belloc/Atomized/The_Man_Who_Made_Gold/Chapter_11/part_02.md | blocks 3508 | 105m | 33 blk/min
[190/984] ok Authors/Belloc/Atomized/The_Man_Who_Made_Gold/Chapter_11/part_03.md | blocks 3538 | 106m | 33 blk/min
[191/984] ok Authors/Belloc/Atomized/The_Man_Who_Made_Gold/Chapter_12/part_01.md | blocks 3564 | 106m | 33 blk/min
[192/984] ok Authors/Belloc/Atomized/The_Man_Who_Made_Gold/Chapter_12/part_02.md | blocks 3583 | 107m | 34 blk/min
[193/984] ok Authors/Belloc/Atomized/The_Man_Who_Made_Gold/Chapter_12/part_03.md | blocks 3605 | 108m | 33 blk/min
[194/984] ok Authors/Belloc/Atomized/The_Man_Who_Made_Gold/Chapter_13/part_01.md | blocks 3623 | 108m | 34 blk/min
[195/984] ok Authors/Belloc/Atomized/The_Man_Who_Made_Gold/Chapter_13/part_02.md | blocks 3640 | 109m | 34 blk/min
[196/984] ok Authors/Belloc/Atomized/The_Man_Who_Made_Gold/Chapter_13/part_03.md | blocks 3662 | 109m | 34 blk/min
[197/984] ok Authors/Belloc/Atomized/The_Man_Who_Made_Gold/Chapter_13/part_04.md | blocks 3676 | 109m | 34 blk/min
[198/984] ok Authors/Belloc/Atomized/The_Man_Who_Made_Gold/Chapter_14/part_01.md | blocks 3695 | 110m | 34 blk/min
[199/984] ok Authors/Belloc/Atomized/The_Man_Who_Made_Gold/Chapter_14/part_02.md | blocks 3709 | 111m | 33 blk/min
[200/984] ok Authors/Belloc/Atomized/The_Man_Who_Made_Gold/Chapter_15/part_01.md | blocks 3734 | 111m | 34 blk/min
[201/984] ok Authors/Belloc/Atomized/The_Man_Who_Made_Gold/Chapter_14/part_03.md | blocks 3754 | 112m | 34 blk/min
[202/984] ok Authors/Belloc/Atomized/The_Man_Who_Made_Gold/Chapter_15/part_02.md | blocks 3769 | 112m | 34 blk/min | 1 links to repair
[203/984] ok Authors/Belloc/Atomized/The_Man_Who_Made_Gold/Chapter_16/part_01.md | blocks 3789 | 113m | 33 blk/min
[204/984] ok Authors/Belloc/Atomized/The_Man_Who_Made_Gold/Chapter_15/part_03.md | blocks 3810 | 114m | 33 blk/min
[205/984] ok Authors/Belloc/Atomized/The_Man_Who_Made_Gold/Chapter_16/part_02.md | blocks 3853 | 114m | 34 blk/min
[206/984] ok Authors/Belloc/Atomized/The_Man_Who_Made_Gold/Chapter_16/part_03.md | blocks 3877 | 114m | 34 blk/min
[207/984] ok Authors/Belloc/Atomized/The_Man_Who_Made_Gold/Chapter_16/part_05.md | blocks 3896 | 115m | 34 blk/min
[208/984] ok Authors/Belloc/Atomized/The_Man_Who_Made_Gold/Chapter_16/part_04.md | blocks 3928 | 116m | 34 blk/min
[209/984] ok Authors/Belloc/Atomized/The_Mercy_of_Allah/Chapter_01_ENTITLED_AL_RAFSAT_OR_THE_KICK/part_01.md | blocks 3945 | 116m | 34 blk/min
[210/984] ok Authors/Belloc/Atomized/The_Mercy_of_Allah/Chapter_01_ENTITLED_AL_RAFSAT_OR_THE_KICK/part_02.md | blocks 3963 | 116m | 34 blk/min | 1 links to repair
[211/984] ok Authors/Belloc/Atomized/The_Mercy_of_Allah/Chapter_01_ENTITLED_AL_RAFSAT_OR_THE_KICK/part_05.md | blocks 3976 | 117m | 34 blk/min
[212/984] ok Authors/Belloc/Atomized/The_Mercy_of_Allah/Chapter_01_ENTITLED_AL_RAFSAT_OR_THE_KICK/part_03.md | blocks 3996 | 118m | 34 blk/min
[213/984] ok Authors/Belloc/Atomized/The_Mercy_of_Allah/Chapter_01_ENTITLED_AL_RAFSAT_OR_THE_KICK/part_04.md | blocks 4010 | 118m | 34 blk/min
[214/984] ok Authors/Belloc/Atomized/The_Mercy_of_Allah/Chapter_02_ENTITLED_AL_DURAR_OR_THE_PEARL/part_01.md | blocks 4029 | 118m | 34 blk/min
[215/984] ok Authors/Belloc/Atomized/The_Mercy_of_Allah/Chapter_02_ENTITLED_AL_DURAR_OR_THE_PEARL/part_02.md | blocks 4047 | 119m | 34 blk/min | 1 links to repair
[216/984] ok Authors/Belloc/Atomized/The_Mercy_of_Allah/Chapter_03_ENTITLED_AL_TAWAJIN_OR_THE_PIP/part_01.md | blocks 4065 | 120m | 34 blk/min
[217/984] ok Authors/Belloc/Atomized/The_Mercy_of_Allah/Chapter_02_ENTITLED_AL_DURAR_OR_THE_PEARL/part_03.md | blocks 4091 | 120m | 34 blk/min
[218/984] ok Authors/Belloc/Atomized/The_Mercy_of_Allah/Chapter_03_ENTITLED_AL_TAWAJIN_OR_THE_PIP/part_02.md | blocks 4108 | 120m | 34 blk/min
[219/984] ok Authors/Belloc/Atomized/The_Mercy_of_Allah/Chapter_03_ENTITLED_AL_TAWAJIN_OR_THE_PIP/part_04.md | blocks 4125 | 121m | 34 blk/min
[220/984] ok Authors/Belloc/Atomized/The_Mercy_of_Allah/Chapter_03_ENTITLED_AL_TAWAJIN_OR_THE_PIP/part_03.md | blocks 4145 | 121m | 34 blk/min
[221/984] ok Authors/Belloc/Atomized/The_Mercy_of_Allah/Chapter_04_ENTITLED_AL_KANTARA_OR_THE_BRI/part_01.md | blocks 4159 | 122m | 34 blk/min
[222/984] ok Authors/Belloc/Atomized/The_Mercy_of_Allah/Chapter_04_ENTITLED_AL_KANTARA_OR_THE_BRI/part_02.md | blocks 4181 | 122m | 34 blk/min
[223/984] ok Authors/Belloc/Atomized/The_Mercy_of_Allah/Chapter_04_ENTITLED_AL_KANTARA_OR_THE_BRI/part_04.md | blocks 4196 | 123m | 34 blk/min
[224/984] ok Authors/Belloc/Atomized/The_Mercy_of_Allah/Chapter_04_ENTITLED_AL_KANTARA_OR_THE_BRI/part_03.md | blocks 4213 | 123m | 34 blk/min
[225/984] ok Authors/Belloc/Atomized/The_Mercy_of_Allah/Chapter_04_ENTITLED_AL_KANTARA_OR_THE_BRI/part_05.md | blocks 4225 | 124m | 34 blk/min
[226/984] ok Authors/Belloc/Atomized/The_Mercy_of_Allah/Chapter_04_ENTITLED_AL_KANTARA_OR_THE_BRI/part_06.md | blocks 4252 | 124m | 34 blk/min
[227/984] ok Authors/Belloc/Atomized/The_Mercy_of_Allah/Chapter_05_ENTITLED_MILH_OR_SALT/part_01.md | blocks 4268 | 125m | 34 blk/min
[228/984] ok Authors/Belloc/Atomized/The_Mercy_of_Allah/Chapter_05_ENTITLED_MILH_OR_SALT/part_02.md | blocks 4285 | 125m | 34 blk/min
[229/984] ok Authors/Belloc/Atomized/The_Mercy_of_Allah/Chapter_05_ENTITLED_MILH_OR_SALT/part_03.md | blocks 4300 | 126m | 34 blk/min
[230/984] ok Authors/Belloc/Atomized/The_Mercy_of_Allah/Chapter_05_ENTITLED_MILH_OR_SALT/part_04.md | blocks 4313 | 126m | 34 blk/min
[231/984] ok Authors/Belloc/Atomized/The_Mercy_of_Allah/Chapter_05_ENTITLED_MILH_OR_SALT/part_06.md | blocks 4326 | 126m | 34 blk/min
[232/984] ok Authors/Belloc/Atomized/The_Mercy_of_Allah/Chapter_05_ENTITLED_MILH_OR_SALT/part_05.md | blocks 4339 | 127m | 34 blk/min
[233/984] ok Authors/Belloc/Atomized/The_Mercy_of_Allah/Chapter_06_ENTITLED_AL_WUKALA_OR_THE_LAWY/part_01.md | blocks 4358 | 128m | 34 blk/min
[234/984] ok Authors/Belloc/Atomized/The_Mercy_of_Allah/Chapter_06_ENTITLED_AL_WUKALA_OR_THE_LAWY/part_02.md | blocks 4401 | 128m | 34 blk/min
[235/984] ok Authors/Belloc/Atomized/The_Mercy_of_Allah/Chapter_06_ENTITLED_AL_WUKALA_OR_THE_LAWY/part_03.md | blocks 4435 | 129m | 34 blk/min
[236/984] ok Authors/Belloc/Atomized/The_Mercy_of_Allah/Chapter_06_ENTITLED_AL_WUKALA_OR_THE_LAWY/part_04.md | blocks 4447 | 129m | 35 blk/min
[237/984] ok Authors/Belloc/Atomized/The_Mercy_of_Allah/Chapter_06_ENTITLED_AL_WUKALA_OR_THE_LAWY/part_05.md | blocks 4482 | 130m | 35 blk/min
[238/984] ok Authors/Belloc/Atomized/The_Mercy_of_Allah/Chapter_06_ENTITLED_AL_WUKALA_OR_THE_LAWY/part_06.md | blocks 4523 | 131m | 35 blk/min
[239/984] ok Authors/Belloc/Atomized/The_Mercy_of_Allah/Chapter_06_ENTITLED_AL_WUKALA_OR_THE_LAWY/part_07.md | blocks 4549 | 131m | 35 blk/min
[240/984] ok Authors/Belloc/Atomized/The_Mercy_of_Allah/Chapter_06_ENTITLED_AL_WUKALA_OR_THE_LAWY/part_08.md | blocks 4578 | 131m | 35 blk/min
[241/984] ok Authors/Belloc/Atomized/The_Mercy_of_Allah/Chapter_07_ENTITLED_AL_GHANAMAT_OR_THE_SH/part_01.md | blocks 4592 | 132m | 35 blk/min | 1 links to repair
[242/984] ok Authors/Belloc/Atomized/The_Mercy_of_Allah/Chapter_07_ENTITLED_AL_GHANAMAT_OR_THE_SH/part_02.md | blocks 4608 | 132m | 35 blk/min | 1 links to repair
[243/984] ok Authors/Belloc/Atomized/The_Mercy_of_Allah/Chapter_07_ENTITLED_AL_GHANAMAT_OR_THE_SH/part_03.md | blocks 4626 | 133m | 35 blk/min
[244/984] ok Authors/Belloc/Atomized/The_Mercy_of_Allah/Chapter_07_ENTITLED_AL_GHANAMAT_OR_THE_SH/part_04.md | blocks 4650 | 133m | 35 blk/min
[245/984] ok Authors/Belloc/Atomized/The_Mercy_of_Allah/Chapter_08_ENTITLED_AL_BUSTAN_OR_THE_ORCH/part_01.md | blocks 4668 | 134m | 35 blk/min
[246/984] ok Authors/Belloc/Atomized/The_Mercy_of_Allah/Chapter_08_ENTITLED_AL_BUSTAN_OR_THE_ORCH/part_02.md | blocks 4679 | 134m | 35 blk/min
[247/984] ok Authors/Belloc/Atomized/The_Mercy_of_Allah/Chapter_08_ENTITLED_AL_BUSTAN_OR_THE_ORCH/part_03.md | blocks 4693 | 134m | 35 blk/min | 1 links to repair
[248/984] ok Authors/Belloc/Atomized/The_Mercy_of_Allah/Chapter_08_ENTITLED_AL_BUSTAN_OR_THE_ORCH/part_04.md | blocks 4706 | 135m | 35 blk/min
[249/984] ok Authors/Belloc/Atomized/The_Mercy_of_Allah/Chapter_08_ENTITLED_AL_BUSTAN_OR_THE_ORCH/part_05.md | blocks 4721 | 136m | 35 blk/min
[250/984] ok Authors/Belloc/Atomized/The_Mercy_of_Allah/Chapter_08_ENTITLED_AL_BUSTAN_OR_THE_ORCH/part_07.md | blocks 4741 | 136m | 35 blk/min | 1 links to repair
[251/984] ok Authors/Belloc/Atomized/The_Mercy_of_Allah/Chapter_08_ENTITLED_AL_BUSTAN_OR_THE_ORCH/part_06.md | blocks 4756 | 136m | 35 blk/min
[252/984] ok Authors/Belloc/Atomized/The_Mercy_of_Allah/Chapter_09_ENTITLED_AL_JAMAL_WAL_NAKHL_OR/part_01.md | blocks 4775 | 137m | 35 blk/min
[253/984] ok Authors/Belloc/Atomized/The_Mercy_of_Allah/Chapter_09_ENTITLED_AL_JAMAL_WAL_NAKHL_OR/part_02.md | blocks 4795 | 138m | 35 blk/min
[254/984] ok Authors/Belloc/Atomized/The_Mercy_of_Allah/Chapter_09_ENTITLED_AL_JAMAL_WAL_NAKHL_OR/part_04.md | blocks 4818 | 138m | 35 blk/min
[255/984] ok Authors/Belloc/Atomized/The_Mercy_of_Allah/Chapter_09_ENTITLED_AL_JAMAL_WAL_NAKHL_OR/part_03.md | blocks 4843 | 139m | 35 blk/min | 1 links to repair
[256/984] ok Authors/Belloc/Atomized/The_Mercy_of_Allah/Chapter_10_ENTITLED_AL_HISAN_OR_THE_HORSE/part_01.md | blocks 4861 | 139m | 35 blk/min
[257/984] ok Authors/Belloc/Atomized/The_Mercy_of_Allah/Chapter_10_ENTITLED_AL_HISAN_OR_THE_HORSE/part_02.md | blocks 4879 | 140m | 35 blk/min
[258/984] ok Authors/Belloc/Atomized/The_Mercy_of_Allah/Chapter_10_ENTITLED_AL_HISAN_OR_THE_HORSE/part_04.md | blocks 4896 | 140m | 35 blk/min
[259/984] ok Authors/Belloc/Atomized/The_Mercy_of_Allah/Chapter_10_ENTITLED_AL_HISAN_OR_THE_HORSE/part_03.md | blocks 4911 | 140m | 35 blk/min
[260/984] ok Authors/Belloc/Atomized/The_Mercy_of_Allah/Chapter_11_ENTITLED_AL_WALI_OR_THE_HOLY_O/part_04.md | blocks 4922 | 141m | 35 blk/min
[261/984] ok Authors/Belloc/Atomized/The_Mercy_of_Allah/Chapter_11_ENTITLED_AL_WALI_OR_THE_HOLY_O/part_01.md | blocks 4940 | 141m | 35 blk/min
[262/984] ok Authors/Belloc/Atomized/The_Mercy_of_Allah/Chapter_11_ENTITLED_AL_WALI_OR_THE_HOLY_O/part_02.md | blocks 4959 | 142m | 35 blk/min
[263/984] ok Authors/Belloc/Atomized/The_Mercy_of_Allah/Chapter_11_ENTITLED_AL_WALI_OR_THE_HOLY_O/part_03.md | blocks 4979 | 142m | 35 blk/min
[264/984] ok Authors/Belloc/Atomized/The_Mercy_of_Allah/Chapter_12_ENTITLED_AL_MAHALLAT_AL_JADIDA/part_01.md | blocks 4995 | 143m | 35 blk/min
[265/984] ok Authors/Belloc/Atomized/The_Mercy_of_Allah/Chapter_12_ENTITLED_AL_MAHALLAT_AL_JADIDA/part_02.md | blocks 5011 | 144m | 35 blk/min
[266/984] ok Authors/Belloc/Atomized/The_Mercy_of_Allah/Chapter_12_ENTITLED_AL_MAHALLAT_AL_JADIDA/part_03.md | blocks 5026 | 144m | 35 blk/min
[267/984] ok Authors/Belloc/Atomized/The_Mercy_of_Allah/Chapter_12_ENTITLED_AL_MAHALLAT_AL_JADIDA/part_04.md | blocks 5042 | 144m | 35 blk/min
[268/984] ok Authors/Belloc/Atomized/The_Mercy_of_Allah/Chapter_12_ENTITLED_AL_MAHALLAT_AL_JADIDA/part_05.md | blocks 5055 | 145m | 35 blk/min
[269/984] ok Authors/Belloc/Atomized/The_Mercy_of_Allah/Chapter_12_ENTITLED_AL_MAHALLAT_AL_JADIDA/part_06.md | blocks 5071 | 145m | 35 blk/min
[270/984] ok Authors/Belloc/Atomized/The_Mercy_of_Allah/Chapter_12_ENTITLED_AL_MAHALLAT_AL_JADIDA/part_07.md | blocks 5084 | 146m | 35 blk/min
[271/984] ok Authors/Belloc/Atomized/The_Mercy_of_Allah/Chapter_12_ENTITLED_AL_MAHALLAT_AL_JADIDA/part_08.md | blocks 5109 | 146m | 35 blk/min
[272/984] ok Authors/Belloc/Atomized/The_Mercy_of_Allah/Chapter_12_ENTITLED_AL_MAHALLAT_AL_JADIDA/part_10.md | blocks 5128 | 147m | 35 blk/min
[273/984] ok Authors/Belloc/Atomized/The_Mercy_of_Allah/Chapter_12_ENTITLED_AL_MAHALLAT_AL_JADIDA/part_09.md | blocks 5149 | 148m | 35 blk/min | 3 links to repair
[274/984] ok Authors/Belloc/Atomized/The_Mercy_of_Allah/Chapter_12_ENTITLED_AL_MAHALLAT_AL_JADIDA/part_11.md | blocks 5167 | 148m | 35 blk/min
[275/984] ok Authors/Belloc/Atomized/The_Mercy_of_Allah/Chapter_12_ENTITLED_AL_MAHALLAT_AL_JADIDA/part_12.md | blocks 5185 | 148m | 35 blk/min
[276/984] ok Authors/Belloc/Atomized/The_Mercy_of_Allah/Chapter_12_ENTITLED_AL_MAHALLAT_AL_JADIDA/part_14.md | blocks 5198 | 149m | 35 blk/min
[277/984] ok Authors/Belloc/Atomized/The_Mercy_of_Allah/Chapter_12_ENTITLED_AL_MAHALLAT_AL_JADIDA/part_13.md | blocks 5218 | 149m | 35 blk/min
[278/984] ok Authors/Belloc/Atomized/The_Mercy_of_Allah/Chapter_13_ENTITLED_ITMINAN_AL_NAFS_OR_TH/part_01.md | blocks 5237 | 150m | 35 blk/min
[279/984] ok Authors/Belloc/Atomized/The_Mercy_of_Allah/Chapter_13_ENTITLED_ITMINAN_AL_NAFS_OR_TH/part_02.md | blocks 5254 | 150m | 35 blk/min
[280/984] ok Authors/Belloc/Atomized/The_Mercy_of_Allah/Chapter_13_ENTITLED_ITMINAN_AL_NAFS_OR_TH/part_04.md | blocks 5265 | 151m | 35 blk/min | 1 links to repair
[281/984] ok Authors/Belloc/Atomized/The_Mercy_of_Allah/Chapter_13_ENTITLED_ITMINAN_AL_NAFS_OR_TH/part_03.md | blocks 5284 | 151m | 35 blk/min | 1 links to repair
[282/984] ok Authors/Belloc/Atomized/The_Missing_Masterpiece/Chapter_01/part_01.md | blocks 5300 | 152m | 35 blk/min | 1 links to repair
[283/984] ok Authors/Belloc/Atomized/The_Missing_Masterpiece/Chapter_01/part_02.md | blocks 5316 | 152m | 35 blk/min
[284/984] ok Authors/Belloc/Atomized/The_Missing_Masterpiece/Chapter_01/part_03.md | blocks 5340 | 153m | 35 blk/min
[285/984] ok Authors/Belloc/Atomized/The_Missing_Masterpiece/Chapter_02.md | blocks 5358 | 154m | 35 blk/min
[286/984] ok Authors/Belloc/Atomized/The_Missing_Masterpiece/Chapter_04/part_01.md | blocks 5380 | 154m | 35 blk/min
[287/984] ok Authors/Belloc/Atomized/The_Missing_Masterpiece/Chapter_04/part_02.md | blocks 5406 | 155m | 35 blk/min | 1 links to repair
[288/984] ok Authors/Belloc/Atomized/The_Missing_Masterpiece/Chapter_03.md | blocks 5434 | 155m | 35 blk/min | 1 links to repair
[289/984] ok Authors/Belloc/Atomized/The_Missing_Masterpiece/Chapter_04/part_03.md | blocks 5457 | 156m | 35 blk/min
[290/984] ok Authors/Belloc/Atomized/The_Missing_Masterpiece/Chapter_04/part_04.md | blocks 5474 | 156m | 35 blk/min
[291/984] ok Authors/Belloc/Atomized/The_Missing_Masterpiece/Chapter_05/part_04.md | blocks 5483 | 156m | 35 blk/min
[292/984] ok Authors/Belloc/Atomized/The_Missing_Masterpiece/Chapter_05/part_01.md | blocks 5499 | 157m | 35 blk/min
[293/984] ok Authors/Belloc/Atomized/The_Missing_Masterpiece/Chapter_05/part_02.md | blocks 5514 | 157m | 35 blk/min
[294/984] ok Authors/Belloc/Atomized/The_Missing_Masterpiece/Chapter_05/part_03.md | blocks 5531 | 158m | 35 blk/min
[295/984] ok Authors/Belloc/Atomized/The_Missing_Masterpiece/Chapter_07/part_01.md | blocks 5556 | 158m | 35 blk/min
[296/984] ok Authors/Belloc/Atomized/The_Missing_Masterpiece/Chapter_07/part_02.md | blocks 5574 | 159m | 35 blk/min
[297/984] ok Authors/Belloc/Atomized/The_Missing_Masterpiece/Chapter_07/part_02 (DESKTOP-L2KS9QK's conflicted copy 2026-07-31).md | blocks 5592 | 160m | 35 blk/min
[298/984] ok Authors/Belloc/Atomized/The_Missing_Masterpiece/Chapter_06.md | blocks 5616 | 160m | 35 blk/min | 1 links to repair
[299/984] ok Authors/Belloc/Atomized/The_Missing_Masterpiece/Chapter_07/part_03.md | blocks 5654 | 160m | 35 blk/min
[300/984] ok Authors/Belloc/Atomized/The_Missing_Masterpiece/Chapter_08/part_02.md | blocks 5687 | 162m | 35 blk/min
[301/984] ok Authors/Belloc/Atomized/The_Missing_Masterpiece/Chapter_08/part_01.md | blocks 5724 | 162m | 35 blk/min
[302/984] ok Authors/Belloc/Atomized/The_Missing_Masterpiece/Chapter_08/part_03 (DESKTOP-L2KS9QK's conflicted copy 2026-07-31).md | blocks 5756 | 162m | 36 blk/min
[303/984] ok Authors/Belloc/Atomized/The_Missing_Masterpiece/Chapter_08/part_03.md | blocks 5788 | 162m | 36 blk/min
[304/984] ok Authors/Belloc/Atomized/The_Missing_Masterpiece/Chapter_11/part_01.md | blocks 5804 | 164m | 35 blk/min
[305/984] ok Authors/Belloc/Atomized/The_Missing_Masterpiece/Chapter_11/part_02.md | blocks 5819 | 164m | 36 blk/min
[306/984] ok Authors/Belloc/Atomized/The_Missing_Masterpiece/Chapter_10.md | blocks 5857 | 164m | 36 blk/min
[307/984] ok Authors/Belloc/Atomized/The_Missing_Masterpiece/Chapter_09.md | blocks 5896 | 165m | 36 blk/min
[308/984] ok Authors/Belloc/Atomized/The_Missing_Masterpiece/Chapter_11/part_03.md | blocks 5924 | 166m | 36 blk/min
[309/984] ok Authors/Belloc/Atomized/The_Missing_Masterpiece/Chapter_12/part_01.md | blocks 5950 | 166m | 36 blk/min
[310/984] ok Authors/Belloc/Atomized/The_Missing_Masterpiece/Chapter_11/part_04.md | blocks 5987 | 167m | 36 blk/min
[311/984] ok Authors/Belloc/Atomized/The_Missing_Masterpiece/Chapter_12/part_02.md | blocks 6010 | 167m | 36 blk/min
[312/984] ok Authors/Belloc/Atomized/The_Missing_Masterpiece/Chapter_12/part_03.md | blocks 6032 | 168m | 36 blk/min
[313/984] ok Authors/Belloc/Atomized/The_Missing_Masterpiece/Chapter_12/part_04.md | blocks 6059 | 168m | 36 blk/min
[314/984] ok Authors/Belloc/Atomized/The_Missing_Masterpiece/Chapter_13/part_01.md | blocks 6090 | 169m | 36 blk/min
[315/984] ok Authors/Belloc/Atomized/The_Missing_Masterpiece/Chapter_13/part_03.md | blocks 6107 | 169m | 36 blk/min
[316/984] ok Authors/Belloc/Atomized/The_Missing_Masterpiece/Chapter_13/part_02.md | blocks 6135 | 169m | 36 blk/min
[317/984] ok Authors/Belloc/Atomized/The_Missing_Masterpiece/Chapter_14/part_01.md | blocks 6152 | 170m | 36 blk/min
[318/984] ok Authors/Belloc/Atomized/The_Missing_Masterpiece/Chapter_14/part_02.md | blocks 6188 | 171m | 36 blk/min
[319/984] ok Authors/Belloc/Atomized/The_Missing_Masterpiece/Chapter_14/part_03.md | blocks 6211 | 171m | 36 blk/min
[320/984] ok Authors/Belloc/Atomized/The_Missing_Masterpiece/Chapter_14/part_05.md | blocks 6230 | 171m | 36 blk/min
[321/984] ok Authors/Belloc/Atomized/The_Missing_Masterpiece/Chapter_14/part_04.md | blocks 6254 | 171m | 36 blk/min
[322/984] ok Authors/Belloc/Atomized/The_Missing_Masterpiece/Chapter_15/part_01.md | blocks 6287 | 173m | 36 blk/min
[323/984] ok Authors/Belloc/Atomized/The_Missing_Masterpiece/Chapter_15/part_02.md | blocks 6322 | 173m | 36 blk/min
[324/984] ok Authors/Belloc/Atomized/The_Missing_Masterpiece/Chapter_17/part_01.md | blocks 6337 | 174m | 37 blk/min
[325/984] ok Authors/Belloc/Atomized/The_Missing_Masterpiece/Chapter_17/part_02.md | blocks 6351 | 175m | 36 blk/min
[326/984] ok Authors/Belloc/Atomized/The_Missing_Masterpiece/Chapter_16.md | blocks 6393 | 175m | 37 blk/min
[327/984] ok Authors/Belloc/Atomized/The_Missing_Masterpiece/Chapter_17/part_04.md | blocks 6423 | 175m | 37 blk/min
[328/984] ok Authors/Belloc/Atomized/The_Missing_Masterpiece/Chapter_17/part_03.md | blocks 6453 | 175m | 37 blk/min
[329/984] ok Authors/Belloc/Atomized/The_Missing_Masterpiece/Chapter_18/part_04.md | blocks 6482 | 177m | 37 blk/min
[330/984] ok Authors/Belloc/Atomized/The_Missing_Masterpiece/Chapter_18/part_01.md | blocks 6509 | 177m | 37 blk/min
[331/984] ok Authors/Belloc/Atomized/The_Missing_Masterpiece/Chapter_18/part_02.md | blocks 6523 | 177m | 37 blk/min
[332/984] ok Authors/Belloc/Atomized/The_Missing_Masterpiece/Chapter_18/part_03.md | blocks 6554 | 177m | 37 blk/min
[333/984] ok Authors/Belloc/Atomized/The_Missing_Masterpiece/Chapter_19/part_03.md | blocks 6573 | 178m | 37 blk/min
[334/984] ok Authors/Belloc/Atomized/The_Missing_Masterpiece/Chapter_19/part_01.md | blocks 6594 | 179m | 37 blk/min
[335/984] ok Authors/Belloc/Atomized/The_Missing_Masterpiece/Chapter_19/part_02.md | blocks 6615 | 179m | 37 blk/min
[336/984] ok Authors/Belloc/Atomized/The_Missing_Masterpiece/Chapter_20/part_01.md | blocks 6647 | 180m | 37 blk/min
[337/984] ok Authors/Belloc/Atomized/The_Missing_Masterpiece/Chapter_20/part_02.md | blocks 6662 | 181m | 37 blk/min
[338/984] ok Authors/Belloc/Atomized/The_Missing_Masterpiece/Chapter_20/part_03.md | blocks 6692 | 181m | 37 blk/min
[339/984] ok Authors/Belloc/Atomized/The_Missing_Masterpiece/Chapter_20/part_04.md | blocks 6730 | 181m | 37 blk/min
[340/984] ok Authors/Belloc/Atomized/The_Modern_Traveller/part/part_01.md | blocks 6925 | 182m | 38 blk/min
[341/984] ok Authors/Belloc/Atomized/The_Modern_Traveller/part/part_02.md | blocks 7118 | 183m | 39 blk/min | 1 links to repair
[342/984] ok Authors/Belloc/Atomized/The_Modern_Traveller/part/part_03.md | blocks 7309 | 184m | 40 blk/min
[343/984] ok Authors/Belloc/Atomized/The_Modern_Traveller/part/part_04.md | blocks 7505 | 184m | 41 blk/min
[344/984] ok Authors/Belloc/Atomized/The_Modern_Traveller/part/part_05.md | blocks 7694 | 185m | 42 blk/min
FAIL Authors/Belloc/Atomized/The_Modern_Traveller/part/part_07.md: fabricated output: 32 chars EN -> 230 chars IT
[346/984] ok Authors/Belloc/Atomized/The_Modern_Traveller/part/part_06.md | blocks 7884 | 186m | 42 blk/min
[347/984] ok Authors/Belloc/Atomized/The_Old_Road_from_Canterbury_to_Winchester/Story_02_THE_THEORY_OF_THE_OLD_ROAD/part_01.md | blocks 7903 | 188m | 42 blk/min
[348/984] ok Authors/Belloc/Atomized/The_Old_Road_from_Canterbury_to_Winchester/Story_02_THE_THEORY_OF_THE_OLD_ROAD/part_02.md | blocks 7920 | 188m | 42 blk/min | 3 links to repair
[349/984] ok Authors/Belloc/Atomized/The_Old_Road_from_Canterbury_to_Winchester/Story_02_THE_THEORY_OF_THE_OLD_ROAD/part_03.md | blocks 7938 | 189m | 42 blk/min
[350/984] ok Authors/Belloc/Atomized/The_Old_Road_from_Canterbury_to_Winchester/Story_01_ON_THE_ROAD_AND_THE_FASCINATION_OF_ANTIQ.md | blocks 7954 | 189m | 42 blk/min | 2 links to repair
[351/984] ok Authors/Belloc/Atomized/The_Old_Road_from_Canterbury_to_Winchester/Story_02_THE_THEORY_OF_THE_OLD_ROAD/part_04.md | blocks 7969 | 190m | 42 blk/min
[352/984] ok Authors/Belloc/Atomized/The_Old_Road_from_Canterbury_to_Winchester/Story_02_THE_THEORY_OF_THE_OLD_ROAD/part_05.md | blocks 7983 | 190m | 42 blk/min
[353/984] ok Authors/Belloc/Atomized/The_Old_Road_from_Canterbury_to_Winchester/Story_02_THE_THEORY_OF_THE_OLD_ROAD/part_06.md | blocks 7996 | 191m | 42 blk/min | 3 links to repair
[354/984] ok Authors/Belloc/Atomized/The_Old_Road_from_Canterbury_to_Winchester/Story_02_THE_THEORY_OF_THE_OLD_ROAD/part_07.md | blocks 8010 | 191m | 42 blk/min
[355/984] ok Authors/Belloc/Atomized/The_Old_Road_from_Canterbury_to_Winchester/Story_02_THE_THEORY_OF_THE_OLD_ROAD/part_08.md | blocks 8027 | 192m | 42 blk/min | 1 links to repair
[356/984] ok Authors/Belloc/Atomized/The_Old_Road_from_Canterbury_to_Winchester/Story_02_THE_THEORY_OF_THE_OLD_ROAD/part_09.md | blocks 8040 | 193m | 42 blk/min | 3 links to repair
[357/984] ok Authors/Belloc/Atomized/The_Old_Road_from_Canterbury_to_Winchester/Story_02_THE_THEORY_OF_THE_OLD_ROAD/part_11.md | blocks 8055 | 194m | 42 blk/min | 3 links to repair
[358/984] ok Authors/Belloc/Atomized/The_Old_Road_from_Canterbury_to_Winchester/Story_02_THE_THEORY_OF_THE_OLD_ROAD/part_10.md | blocks 8076 | 194m | 42 blk/min
[359/984] ok Authors/Belloc/Atomized/The_Old_Road_from_Canterbury_to_Winchester/Story_02_THE_THEORY_OF_THE_OLD_ROAD/part_12.md | blocks 8087 | 195m | 42 blk/min | 1 links to repair
[360/984] ok Authors/Belloc/Atomized/The_Old_Road_from_Canterbury_to_Winchester/Story_02_THE_THEORY_OF_THE_OLD_ROAD/part_13.md | blocks 8101 | 196m | 41 blk/min | 3 links to repair
[361/984] ok Authors/Belloc/Atomized/The_Old_Road_from_Canterbury_to_Winchester/Story_02_THE_THEORY_OF_THE_OLD_ROAD/part_14.md | blocks 8121 | 196m | 41 blk/min
[362/984] ok Authors/Belloc/Atomized/The_Old_Road_from_Canterbury_to_Winchester/Story_02_THE_THEORY_OF_THE_OLD_ROAD/part_15.md | blocks 8136 | 196m | 42 blk/min | 2 links to repair
[363/984] ok Authors/Belloc/Atomized/The_Old_Road_from_Canterbury_to_Winchester/Story_02_THE_THEORY_OF_THE_OLD_ROAD/part_16.md | blocks 8149 | 196m | 41 blk/min | 1 links to repair
[364/984] ok Authors/Belloc/Atomized/The_Old_Road_from_Canterbury_to_Winchester/Story_03_THE_EXPLORATION_OF_THE_ROAD/part_01.md | blocks 8167 | 198m | 41 blk/min
[365/984] ok Authors/Belloc/Atomized/The_Old_Road_from_Canterbury_to_Winchester/Story_03_THE_EXPLORATION_OF_THE_ROAD/part_02.md | blocks 8184 | 199m | 41 blk/min | 1 links to repair
[366/984] ok Authors/Belloc/Atomized/The_Old_Road_from_Canterbury_to_Winchester/Story_03_THE_EXPLORATION_OF_THE_ROAD/part_03.md | blocks 8200 | 199m | 41 blk/min | 1 links to repair
[367/984] ok Authors/Belloc/Atomized/The_Old_Road_from_Canterbury_to_Winchester/Story_03_THE_EXPLORATION_OF_THE_ROAD/part_04.md | blocks 8218 | 199m | 41 blk/min | 3 links to repair
[368/984] ok Authors/Belloc/Atomized/The_Old_Road_from_Canterbury_to_Winchester/Story_03_THE_EXPLORATION_OF_THE_ROAD/part_05.md | blocks 8237 | 200m | 41 blk/min | 1 links to repair
[369/984] ok Authors/Belloc/Atomized/The_Old_Road_from_Canterbury_to_Winchester/Story_03_THE_EXPLORATION_OF_THE_ROAD/part_06.md | blocks 8253 | 201m | 41 blk/min | 1 links to repair
[370/984] ok Authors/Belloc/Atomized/The_Old_Road_from_Canterbury_to_Winchester/Story_03_THE_EXPLORATION_OF_THE_ROAD/part_07.md | blocks 8278 | 201m | 41 blk/min | 1 links to repair
[371/984] ok Authors/Belloc/Atomized/The_Old_Road_from_Canterbury_to_Winchester/Story_03_THE_EXPLORATION_OF_THE_ROAD/part_08.md | blocks 8296 | 201m | 41 blk/min | 2 links to repair
REJECT Authors/Belloc/Atomized/The_Old_Road_from_Canterbury_to_Winchester/Story_03_THE_EXPLORATION_OF_THE_ROAD/part_09.md: leftover mask token(s): 1 (e.g. [[L01..)
[373/984] ok Authors/Belloc/Atomized/The_Old_Road_from_Canterbury_to_Winchester/Story_03_THE_EXPLORATION_OF_THE_ROAD/part_11.md | blocks 8312 | 203m | 41 blk/min | 1 links to repair
[374/984] ok Authors/Belloc/Atomized/The_Old_Road_from_Canterbury_to_Winchester/Story_03_THE_EXPLORATION_OF_THE_ROAD/part_10.md | blocks 8327 | 203m | 41 blk/min | 3 links to repair
[375/984] ok Authors/Belloc/Atomized/The_Old_Road_from_Canterbury_to_Winchester/Story_03_THE_EXPLORATION_OF_THE_ROAD/part_12.md | blocks 8341 | 204m | 41 blk/min | 3 links to repair
[376/984] ok Authors/Belloc/Atomized/The_Old_Road_from_Canterbury_to_Winchester/Story_03_THE_EXPLORATION_OF_THE_ROAD/part_13.md | blocks 8358 | 204m | 41 blk/min | 4 links to repair
[377/984] ok Authors/Belloc/Atomized/The_Old_Road_from_Canterbury_to_Winchester/Story_03_THE_EXPLORATION_OF_THE_ROAD/part_14.md | blocks 8373 | 205m | 41 blk/min | 2 links to repair
[378/984] ok Authors/Belloc/Atomized/The_Old_Road_from_Canterbury_to_Winchester/Story_03_THE_EXPLORATION_OF_THE_ROAD/part_16.md | blocks 8387 | 205m | 41 blk/min | 1 links to repair
[379/984] ok Authors/Belloc/Atomized/The_Old_Road_from_Canterbury_to_Winchester/Story_03_THE_EXPLORATION_OF_THE_ROAD/part_15.md | blocks 8404 | 206m | 41 blk/min | 2 links to repair
[380/984] ok Authors/Belloc/Atomized/The_Old_Road_from_Canterbury_to_Winchester/Story_03_THE_EXPLORATION_OF_THE_ROAD/part_17.md | blocks 8420 | 207m | 41 blk/min
[381/984] ok Authors/Belloc/Atomized/The_Old_Road_from_Canterbury_to_Winchester/Story_03_THE_EXPLORATION_OF_THE_ROAD/part_18.md | blocks 8438 | 208m | 41 blk/min
[382/984] ok Authors/Belloc/Atomized/The_Old_Road_from_Canterbury_to_Winchester/Story_03_THE_EXPLORATION_OF_THE_ROAD/part_19.md | blocks 8456 | 209m | 41 blk/min | 1 links to repair
[383/984] ok Authors/Belloc/Atomized/The_Old_Road_from_Canterbury_to_Winchester/Story_03_THE_EXPLORATION_OF_THE_ROAD/part_21.md | blocks 8472 | 209m | 41 blk/min
[384/984] ok Authors/Belloc/Atomized/The_Old_Road_from_Canterbury_to_Winchester/Story_03_THE_EXPLORATION_OF_THE_ROAD/part_20.md | blocks 8497 | 210m | 41 blk/min | 2 links to repair
[385/984] ok Authors/Belloc/Atomized/The_Old_Road_from_Canterbury_to_Winchester/Story_03_THE_EXPLORATION_OF_THE_ROAD/part_22.md | blocks 8516 | 210m | 40 blk/min | 1 links to repair
[386/984] ok Authors/Belloc/Atomized/The_Path_to_Rome/Story_01_Praise_Of_This_Book.md | blocks 8519 | 211m | 40 blk/min
[387/984] ok Authors/Belloc/Atomized/The_Path_to_Rome/Story_02_Praise_Of_This_Book.md | blocks 8522 | 211m | 40 blk/min
[388/984] ok Authors/Belloc/Atomized/The_Path_to_Rome/Story_03_The_Grand_Climacteric.md | blocks 8525 | 211m | 40 blk/min
[389/984] ok Authors/Belloc/Atomized/The_Path_to_Rome/Story_04_The_Valley_Of_The_Moselle.md | blocks 8528 | 211m | 40 blk/min
[390/984] ok Authors/Belloc/Atomized/The_Path_to_Rome/Story_05_Story_Of_The_Great_Barrel.md | blocks 8531 | 211m | 40 blk/min
[391/984] ok Authors/Belloc/Atomized/The_Path_to_Rome/Story_06_The_Night_In_The_Forest.md | blocks 8534 | 211m | 41 blk/min
[392/984] ok Authors/Belloc/Atomized/The_Path_to_Rome/Story_07_The_Full_Curse.md | blocks 8537 | 211m | 41 blk/min
[393/984] ok Authors/Belloc/Atomized/The_Path_to_Rome/Story_08_How_To_Write_Rhymes.md | blocks 8540 | 211m | 41 blk/min
[394/984] ok Authors/Belloc/Atomized/The_Path_to_Rome/Story_09_Charmes.md | blocks 8543 | 211m | 41 blk/min
[395/984] ok Authors/Belloc/Atomized/The_Old_Road_from_Canterbury_to_Winchester/Story_03_THE_EXPLORATION_OF_THE_ROAD/part_23.md | blocks 8564 | 211m | 41 blk/min | 2 links to repair
[396/984] ok Authors/Belloc/Atomized/The_Old_Road_from_Canterbury_to_Winchester/Story_03_THE_EXPLORATION_OF_THE_ROAD/part_24.md | blocks 8580 | 212m | 41 blk/min
[397/984] ok Authors/Belloc/Atomized/The_Path_to_Rome/Story_100_The_Pious_Woman.md | blocks 8593 | 212m | 41 blk/min | 1 links to repair
[398/984] ok Authors/Belloc/Atomized/The_Path_to_Rome/Story_101_The_Jews_In_The_Hills.md | blocks 8601 | 212m | 41 blk/min
[399/984] ok Authors/Belloc/Atomized/The_Path_to_Rome/Story_102_The_Ballon_DAlsace.md | blocks 8608 | 212m | 41 blk/min | 1 links to repair
[400/984] ok Authors/Belloc/Atomized/The_Path_to_Rome/Story_104_The_Knot_Of_Europe.md | blocks 8617 | 213m | 41 blk/min
[401/984] ok Authors/Belloc/Atomized/The_Path_to_Rome/Story_103_The_Inner_Darkness.md | blocks 8623 | 213m | 41 blk/min | 1 links to repair
[402/984] ok Authors/Belloc/Atomized/The_Old_Road_from_Canterbury_to_Winchester/Story_03_THE_EXPLORATION_OF_THE_ROAD/part_25.md | blocks 8646 | 213m | 41 blk/min | 1 links to repair
[403/984] ok Authors/Belloc/Atomized/The_Path_to_Rome/Story_105_The_Common_Faith.md | blocks 8657 | 213m | 41 blk/min | 1 links to repair
[404/984] ok Authors/Belloc/Atomized/The_Path_to_Rome/Story_106_The_Single_Beverage.md | blocks 8675 | 213m | 41 blk/min
[405/984] ok Authors/Belloc/Atomized/The_Path_to_Rome/Story_10_Epinal_Church.md | blocks 8678 | 214m | 41 blk/min
[406/984] ok Authors/Belloc/Atomized/The_Path_to_Rome/Story_108_The_Secluded_Valley.md | blocks 8685 | 214m | 41 blk/min
[407/984] ok Authors/Belloc/Atomized/The_Path_to_Rome/Story_109_The_Many_Priests.md | blocks 8695 | 214m | 41 blk/min
[408/984] ok Authors/Belloc/Atomized/The_Path_to_Rome/Story_107_The_Track_To_Switzerland.md | blocks 8704 | 214m | 41 blk/min | 2 links to repair
[409/984] ok Authors/Belloc/Atomized/The_Path_to_Rome/Story_110_The_Great_Garrisons.md | blocks 8716 | 214m | 41 blk/min
[410/984] ok Authors/Belloc/Atomized/The_Path_to_Rome/Story_111_On_Building_Bridges.md | blocks 8728 | 215m | 41 blk/min
[411/984] ok Authors/Belloc/Atomized/The_Path_to_Rome/Story_114_The_Last_Of_The_Vosges.md | blocks 8736 | 215m | 41 blk/min
[412/984] ok Authors/Belloc/Atomized/The_Path_to_Rome/Story_112_The_Sad_Economists.md | blocks 8744 | 215m | 41 blk/min | 1 links to repair
[413/984] ok Authors/Belloc/Atomized/The_Path_to_Rome/Story_113_The_Powder_Magazine.md | blocks 8755 | 215m | 41 blk/min
[414/984] ok Authors/Belloc/Atomized/The_Path_to_Rome/Story_115_What_Is_The_Soul.md | blocks 8762 | 216m | 41 blk/min
[415/984] ok Authors/Belloc/Atomized/The_Path_to_Rome/Story_116_Disaster_Of_The_Wine.md | blocks 8773 | 216m | 41 blk/min
[416/984] ok Authors/Belloc/Atomized/The_Path_to_Rome/Story_11_The_False.md | blocks 8776 | 216m | 41 blk/min
[417/984] ok Authors/Belloc/Atomized/The_Path_to_Rome/Story_117_The_Phocean.md | blocks 8787 | 216m | 41 blk/min
[418/984] ok Authors/Belloc/Atomized/The_Path_to_Rome/Story_118_The_New_Country.md | blocks 8797 | 216m | 41 blk/min
[419/984] ok Authors/Belloc/Atomized/The_Path_to_Rome/Story_122_The_Mount_Terrible.md | blocks 8804 | 217m | 41 blk/min
[420/984] ok Authors/Belloc/Atomized/The_Path_to_Rome/Story_120_The_Astounding_Wine.md | blocks 8814 | 217m | 41 blk/min
[421/984] ok Authors/Belloc/Atomized/The_Path_to_Rome/Story_119_De_Germania.md | blocks 8821 | 217m | 41 blk/min | 1 links to repair
[422/984] ok Authors/Belloc/Atomized/The_Path_to_Rome/Story_124_Praise_Of_Windows.md | blocks 8828 | 218m | 41 blk/min
[423/984] ok Authors/Belloc/Atomized/The_Path_to_Rome/Story_121_The_Erroneous_Anarchist.md | blocks 8837 | 218m | 41 blk/min | 1 links to repair
[424/984] ok Authors/Belloc/Atomized/The_Path_to_Rome/Story_123_The_Bent_Windows.md | blocks 8846 | 218m | 41 blk/min
[425/984] ok Authors/Belloc/Atomized/The_Path_to_Rome/Story_125_Gorge_Of_The_Doubs.md | blocks 8854 | 218m | 41 blk/min
[426/984] ok Authors/Belloc/Atomized/The_Path_to_Rome/Story_126_The_Tempting_Bridge.md | blocks 8862 | 218m | 41 blk/min
[427/984] ok Authors/Belloc/Atomized/The_Path_to_Rome/Story_12_Of_Dormitory_Trees.md | blocks 8865 | 218m | 41 blk/min
[428/984] ok Authors/Belloc/Atomized/The_Path_to_Rome/Story_128_Safety_Beyond.md | blocks 8873 | 218m | 41 blk/min
[429/984] ok Authors/Belloc/Atomized/The_Path_to_Rome/Story_129_The_Common_Field.md | blocks 8881 | 219m | 41 blk/min
[430/984] ok Authors/Belloc/Atomized/The_Path_to_Rome/Story_127_The_Dreadful_Bridge.md | blocks 8888 | 219m | 41 blk/min
[431/984] ok Authors/Belloc/Atomized/The_Path_to_Rome/Story_130_The_Human_Tide.md | blocks 8898 | 219m | 41 blk/min
[432/984] ok Authors/Belloc/Atomized/The_Path_to_Rome/Story_131_Theory_Of_Blessings.md | blocks 8909 | 219m | 41 blk/min
[433/984] ok Authors/Belloc/Atomized/The_Path_to_Rome/Story_133_Literal_Vow.md | blocks 8918 | 220m | 41 blk/min
[434/984] ok Authors/Belloc/Atomized/The_Path_to_Rome/Story_132_The_Rude_Peasants.md | blocks 8934 | 220m | 41 blk/min
[435/984] ok Authors/Belloc/Atomized/The_Path_to_Rome/Story_134_On_The_Faith.md | blocks 8942 | 220m | 41 blk/min
[436/984] ok Authors/Belloc/Atomized/The_Path_to_Rome/Story_135_Still_On_Faith.md | blocks 8952 | 220m | 41 blk/min
[437/984] ok Authors/Belloc/Atomized/The_Path_to_Rome/Story_136_On_Style.md | blocks 8962 | 221m | 41 blk/min
[438/984] ok Authors/Belloc/Atomized/The_Path_to_Rome/Story_13_On_Local_Names.md | blocks 8965 | 221m | 41 blk/min
[439/984] ok Authors/Belloc/Atomized/The_Path_to_Rome/Story_137_The_German.md | blocks 8978 | 221m | 41 blk/min
[440/984] ok Authors/Belloc/Atomized/The_Path_to_Rome/Story_138_Heretics.md | blocks 8992 | 221m | 41 blk/min
[441/984] ok Authors/Belloc/Atomized/The_Path_to_Rome/Story_140_Plays_Without_Words.md | blocks 9005 | 221m | 41 blk/min
[442/984] ok Authors/Belloc/Atomized/The_Path_to_Rome/Story_139_Everyday_Life_Horrors_Thereof.md | blocks 9022 | 221m | 41 blk/min
[443/984] ok Authors/Belloc/Atomized/The_Path_to_Rome/Story_143_Between_The_Trees.md | blocks 9032 | 222m | 41 blk/min
[444/984] ok Authors/Belloc/Atomized/The_Path_to_Rome/Story_141_The_Acolyte_Of_Rheims.md | blocks 9042 | 222m | 41 blk/min
[445/984] ok Authors/Belloc/Atomized/The_Path_to_Rome/Story_142_The_Mills_Of_God.md | blocks 9053 | 222m | 41 blk/min
[446/984] ok Authors/Belloc/Atomized/The_Path_to_Rome/Story_144_The_Vision_Of_The_Alps.md | blocks 9062 | 222m | 41 blk/min
[447/984] ok Authors/Belloc/Atomized/The_Path_to_Rome/Story_146_The_Cliff.md | blocks 9068 | 222m | 41 blk/min
[448/984] ok Authors/Belloc/Atomized/The_Path_to_Rome/Story_145_The_Alps_Their_Picture.md | blocks 9076 | 222m | 41 blk/min
[449/984] ok Authors/Belloc/Atomized/The_Path_to_Rome/Story_14_The_Jews_In_The_Hills.md | blocks 9079 | 223m | 41 blk/min
[450/984] ok Authors/Belloc/Atomized/The_Path_to_Rome/Story_148_The_Remote_Inn.md | blocks 9084 | 223m | 41 blk/min
[451/984] ok Authors/Belloc/Atomized/The_Path_to_Rome/Story_147_Soleure.md | blocks 9093 | 223m | 41 blk/min | 1 links to repair
[452/984] ok Authors/Belloc/Atomized/The_Path_to_Rome/Story_151_Desolation.md | blocks 9101 | 223m | 41 blk/min
[453/984] ok Authors/Belloc/Atomized/The_Path_to_Rome/Story_149_The_Good_Savages.md | blocks 9110 | 223m | 41 blk/min
[454/984] ok Authors/Belloc/Atomized/The_Path_to_Rome/Story_150_Isolation.md | blocks 9118 | 224m | 41 blk/min
[455/984] ok Authors/Belloc/Atomized/The_Path_to_Rome/Story_153_In_All_These_Circumstances.md | blocks 9127 | 224m | 41 blk/min
[456/984] ok Authors/Belloc/Atomized/The_Path_to_Rome/Story_152_A_Day_Without_Salt.md | blocks 9138 | 224m | 41 blk/min
[457/984] ok Authors/Belloc/Atomized/The_Path_to_Rome/Story_154_The_Hungry_Student_Fails_To_Appear.md | blocks 9148 | 224m | 41 blk/min
[458/984] ok Authors/Belloc/Atomized/The_Path_to_Rome/Story_155_Story_Of_The_Horse.md | blocks 9157 | 224m | 41 blk/min
[459/984] ok Authors/Belloc/Atomized/The_Path_to_Rome/Story_156_The_Upper_Emmen.md | blocks 9166 | 225m | 41 blk/min
[460/984] ok Authors/Belloc/Atomized/The_Path_to_Rome/Story_15_The_Common_Faith.md | blocks 9169 | 225m | 41 blk/min
[461/984] ok Authors/Belloc/Atomized/The_Path_to_Rome/Story_158_The_Fog.md | blocks 9175 | 225m | 41 blk/min
[462/984] ok Authors/Belloc/Atomized/The_Path_to_Rome/Story_157_The_Brienzer_Grat_How_It_Lies.md | blocks 9183 | 225m | 41 blk/min | 1 links to repair
[463/984] ok Authors/Belloc/Atomized/The_Path_to_Rome/Story_161_The_Steep.md | blocks 9188 | 225m | 41 blk/min
[464/984] ok Authors/Belloc/Atomized/The_Path_to_Rome/Story_159_The_Halt_In_The_Fog.md | blocks 9198 | 226m | 41 blk/min
[465/984] ok Authors/Belloc/Atomized/The_Path_to_Rome/Story_160_The_Life_Qualm.md | blocks 9206 | 226m | 41 blk/min
[466/984] ok Authors/Belloc/Atomized/The_Path_to_Rome/Story_163_A_Doubtful_Map.md | blocks 9214 | 226m | 41 blk/min
[467/984] ok Authors/Belloc/Atomized/The_Path_to_Rome/Story_162_Bad_Geography.md | blocks 9222 | 226m | 41 blk/min | 3 links to repair
[468/984] ok Authors/Belloc/Atomized/The_Path_to_Rome/Story_164_More_Geography.md | blocks 9229 | 227m | 41 blk/min
[469/984] ok Authors/Belloc/Atomized/The_Path_to_Rome/Story_165_The_Grimsel_Begins.md | blocks 9238 | 227m | 41 blk/min
[470/984] ok Authors/Belloc/Atomized/The_Path_to_Rome/Story_166_The_Loud_Noise.md | blocks 9247 | 227m | 41 blk/min
[471/984] ok Authors/Belloc/Atomized/The_Path_to_Rome/Story_16_The_Secluded_Valley.md | blocks 9250 | 227m | 41 blk/min
[472/984] ok Authors/Belloc/Atomized/The_Path_to_Rome/Story_167_The_Snow_Blink.md | blocks 9258 | 227m | 41 blk/min
[473/984] ok Authors/Belloc/Atomized/The_Path_to_Rome/Story_170_Interlude.md | blocks 9267 | 227m | 41 blk/min
[474/984] ok Authors/Belloc/Atomized/The_Path_to_Rome/Story_169_Digression.md | blocks 9276 | 227m | 41 blk/min
[475/984] ok Authors/Belloc/Atomized/The_Path_to_Rome/Story_168_Head_Of_The_Pass.md | blocks 9284 | 228m | 41 blk/min
[476/984] ok Authors/Belloc/Atomized/The_Path_to_Rome/Story_171_The_Second_Good_Woman.md | blocks 9291 | 228m | 41 blk/min
[477/984] ok Authors/Belloc/Atomized/The_Path_to_Rome/Story_172_On_The_Mania_Of_Universities.md | blocks 9303 | 229m | 41 blk/min
[478/984] ok Authors/Belloc/Atomized/The_Path_to_Rome/Story_173_The_Impassable_Hills.md | blocks 9310 | 229m | 41 blk/min
[479/984] ok Authors/Belloc/Atomized/The_Path_to_Rome/Story_174_The_Start.md | blocks 9317 | 229m | 41 blk/min | 2 links to repair
[480/984] ok Authors/Belloc/Atomized/The_Path_to_Rome/Story_176_The_Tourmente.md | blocks 9322 | 229m | 41 blk/min
[481/984] ok Authors/Belloc/Atomized/The_Path_to_Rome/Story_175_All_Snow.md | blocks 9330 | 229m | 41 blk/min
[482/984] ok Authors/Belloc/Atomized/The_Path_to_Rome/Story_17_On_Building_Bridges.md | blocks 9333 | 229m | 41 blk/min
[483/984] ok Authors/Belloc/Atomized/The_Path_to_Rome/Story_177_Defeat.md | blocks 9342 | 230m | 41 blk/min
[484/984] ok Authors/Belloc/Atomized/The_Path_to_Rome/Story_178_The_Retreat.md | blocks 9351 | 230m | 41 blk/min
[485/984] ok Authors/Belloc/Atomized/The_Path_to_Rome/Story_181_The_New_World.md | blocks 9356 | 230m | 41 blk/min
[486/984] ok Authors/Belloc/Atomized/The_Path_to_Rome/Story_179_The_Sullen_Hours.md | blocks 9368 | 230m | 41 blk/min
[487/984] ok Authors/Belloc/Atomized/The_Path_to_Rome/Story_180_Italy.md | blocks 9379 | 230m | 41 blk/min
[488/984] ok Authors/Belloc/Atomized/The_Path_to_Rome/Story_182_The_Many_Churches.md | blocks 9384 | 230m | 41 blk/min
[489/984] ok Authors/Belloc/Atomized/The_Path_to_Rome/Story_183_Faido.md | blocks 9390 | 230m | 41 blk/min
[490/984] ok Authors/Belloc/Atomized/The_Path_to_Rome/Story_184_8_Francs_Io_Centimes.md | blocks 9400 | 231m | 41 blk/min
[491/984] ok Authors/Belloc/Atomized/The_Path_to_Rome/Story_185_Forced_Marches.md | blocks 9412 | 231m | 41 blk/min
[492/984] ok Authors/Belloc/Atomized/The_Path_to_Rome/Story_186_Story_Of_The_Old_Sailor.md | blocks 9428 | 231m | 41 blk/min
[493/984] ok Authors/Belloc/Atomized/The_Path_to_Rome/Story_18_What_Is_The_Soul.md | blocks 9431 | 231m | 41 blk/min
[494/984] ok Authors/Belloc/Atomized/The_Path_to_Rome/Story_187_Bodio.md | blocks 9442 | 231m | 41 blk/min
[495/984] ok Authors/Belloc/Atomized/The_Path_to_Rome/Story_189_Bellinzona.md | blocks 9448 | 231m | 41 blk/min
[496/984] ok Authors/Belloc/Atomized/The_Path_to_Rome/Story_190_The_Proud_Stationer.md | blocks 9460 | 231m | 41 blk/min
[497/984] ok Authors/Belloc/Atomized/The_Path_to_Rome/Story_192_The_Italian_Lakes.md | blocks 9465 | 232m | 41 blk/min
[498/984] ok Authors/Belloc/Atomized/The_Path_to_Rome/Story_191_The_Afternoon.md | blocks 9473 | 232m | 41 blk/min
[499/984] ok Authors/Belloc/Atomized/The_Path_to_Rome/Story_188_Lake_Major.md | blocks 9480 | 232m | 41 blk/min | 2 links to repair
[500/984] ok Authors/Belloc/Atomized/The_Path_to_Rome/Story_194_The_Honest_Man.md | blocks 9490 | 232m | 41 blk/min | 1 links to repair
[501/984] ok Authors/Belloc/Atomized/The_Path_to_Rome/Story_196_The_House_In_The_Night.md | blocks 9500 | 232m | 41 blk/min | 1 links to repair
[502/984] ok Authors/Belloc/Atomized/The_Path_to_Rome/Story_193_The_Dishonest_Man.md | blocks 9508 | 232m | 41 blk/min
[503/984] ok Authors/Belloc/Atomized/The_Path_to_Rome/Story_195_The_Dream.md | blocks 9516 | 232m | 41 blk/min
[504/984] ok Authors/Belloc/Atomized/The_Path_to_Rome/Story_19_The_Astounding_Wine.md | blocks 9519 | 232m | 41 blk/min
[505/984] ok Authors/Belloc/Atomized/The_Path_to_Rome/Story_198_The_Oracle.md | blocks 9525 | 233m | 41 blk/min
[506/984] ok Authors/Belloc/Atomized/The_Path_to_Rome/Story_197_The_Waggon_Boats.md | blocks 9532 | 233m | 41 blk/min
[507/984] ok Authors/Belloc/Atomized/The_Path_to_Rome/Story_200_Estimate_Of_Consuls.md | blocks 9543 | 233m | 41 blk/min
[508/984] ok Authors/Belloc/Atomized/The_Path_to_Rome/Story_201_Ordeal_Of_The_Candals.md | blocks 9552 | 234m | 41 blk/min | 1 links to repair
[509/984] ok Authors/Belloc/Atomized/The_Path_to_Rome/Story_202_Milan.md | blocks 9559 | 234m | 41 blk/min
[510/984] ok Authors/Belloc/Atomized/The_Path_to_Rome/Story_199_The_English_Of_It.md | blocks 9579 | 234m | 41 blk/min
[511/984] ok Authors/Belloc/Atomized/The_Path_to_Rome/Story_203_Lombardy.md | blocks 9589 | 234m | 41 blk/min
[512/984] ok Authors/Belloc/Atomized/The_Path_to_Rome/Story_204_NapoleonS_Road.md | blocks 9598 | 234m | 41 blk/min
[513/984] ok Authors/Belloc/Atomized/The_Path_to_Rome/Story_205_Old_Lodi_Its_Ugly_Church.md | blocks 9604 | 234m | 41 blk/min
[514/984] ok Authors/Belloc/Atomized/The_Path_to_Rome/Story_206_Nothing_Much.md | blocks 9623 | 235m | 41 blk/min
[515/984] ok Authors/Belloc/Atomized/The_Path_to_Rome/Story_20_The_Bent_Windows.md | blocks 9626 | 235m | 41 blk/min
[516/984] ok Authors/Belloc/Atomized/The_Path_to_Rome/Story_208_Story_Of_The_Devil.md | blocks 9638 | 235m | 41 blk/min
[517/984] ok Authors/Belloc/Atomized/The_Path_to_Rome/Story_207_Story_Of_Charles_Blake.md | blocks 9653 | 235m | 41 blk/min
[518/984] ok Authors/Belloc/Atomized/The_Path_to_Rome/Story_209_And_The_Learned_Man.md | blocks 9664 | 235m | 41 blk/min
[519/984] ok Authors/Belloc/Atomized/The_Path_to_Rome/Story_210_Apparition_Of_St_Charles_Borromeo.md | blocks 9683 | 236m | 41 blk/min
[520/984] ok Authors/Belloc/Atomized/The_Path_to_Rome/Story_213_On_Perfect_Things.md | blocks 9690 | 236m | 41 blk/min
[521/984] ok Authors/Belloc/Atomized/The_Path_to_Rome/Story_211_On_The_Germans.md | blocks 9700 | 236m | 41 blk/min
[522/984] ok Authors/Belloc/Atomized/The_Path_to_Rome/Story_212_The_Moor_S_Head.md | blocks 9710 | 236m | 41 blk/min
[523/984] ok Authors/Belloc/Atomized/The_Path_to_Rome/Story_215_Unimportant_Topography.md | blocks 9716 | 236m | 41 blk/min
[524/984] ok Authors/Belloc/Atomized/The_Path_to_Rome/Story_214_Fugue.md | blocks 9725 | 236m | 41 blk/min
[525/984] ok Authors/Belloc/Atomized/The_Path_to_Rome/Story_216_The_Red_Inn.md | blocks 9733 | 237m | 41 blk/min | 1 links to repair
[526/984] ok Authors/Belloc/Atomized/The_Path_to_Rome/Story_21_The_Tempting_Bridge.md | blocks 9736 | 237m | 41 blk/min
[527/984] ok Authors/Belloc/Atomized/The_Path_to_Rome/Story_217_The_Tavern_Brawl.md | blocks 9745 | 237m | 41 blk/min
[528/984] ok Authors/Belloc/Atomized/The_Path_to_Rome/Story_218_The_Clouds.md | blocks 9758 | 237m | 41 blk/min
[529/984] ok Authors/Belloc/Atomized/The_Path_to_Rome/Story_219_The_Impassable_River.md | blocks 9767 | 237m | 41 blk/min
[530/984] ok Authors/Belloc/Atomized/The_Path_to_Rome/Story_222_The_Great_View.md | blocks 9776 | 238m | 41 blk/min
[531/984] ok Authors/Belloc/Atomized/The_Path_to_Rome/Story_221_St_Christopher.md | blocks 9788 | 238m | 41 blk/min
[532/984] ok Authors/Belloc/Atomized/The_Path_to_Rome/Story_220_The_Crossing_Of_The_Taro.md | blocks 9798 | 238m | 41 blk/min
[533/984] ok Authors/Belloc/Atomized/The_Path_to_Rome/Story_223_On_Prisons.md | blocks 9809 | 238m | 41 blk/min
[534/984] ok Authors/Belloc/Atomized/The_Path_to_Rome/Story_224_The_PolicemanS_Lie.md | blocks 9821 | 239m | 41 blk/min
[535/984] ok Authors/Belloc/Atomized/The_Path_to_Rome/Story_225_The_Bilingual_Mayor.md | blocks 9831 | 239m | 41 blk/min
[536/984] ok Authors/Belloc/Atomized/The_Path_to_Rome/Story_227_Andiamo.md | blocks 9839 | 239m | 41 blk/min
[537/984] ok Authors/Belloc/Atomized/The_Path_to_Rome/Story_22_The_Common_Field.md | blocks 9842 | 239m | 41 blk/min
[538/984] ok Authors/Belloc/Atomized/The_Path_to_Rome/Story_226_The_Peasant.md | blocks 9861 | 240m | 41 blk/min
[539/984] ok Authors/Belloc/Atomized/The_Path_to_Rome/Story_228_The_Many_Beasts.md | blocks 9872 | 240m | 41 blk/min
[540/984] ok Authors/Belloc/Atomized/The_Path_to_Rome/Story_230_Tizzano.md | blocks 9881 | 240m | 41 blk/min
[541/984] ok Authors/Belloc/Atomized/The_Path_to_Rome/Story_229_The_Bargain.md | blocks 9891 | 240m | 41 blk/min
[542/984] ok Authors/Belloc/Atomized/The_Path_to_Rome/Story_231_Ceregio.md | blocks 9898 | 240m | 41 blk/min
[543/984] ok Authors/Belloc/Atomized/The_Path_to_Rome/Story_233_The_Last_Hours.md | blocks 9907 | 241m | 41 blk/min
[544/984] ok Authors/Belloc/Atomized/The_Path_to_Rome/Story_234_The_Sun.md | blocks 9917 | 241m | 41 blk/min
[545/984] ok Authors/Belloc/Atomized/The_Path_to_Rome/Story_235_The_Pass_Into_Tuscany.md | blocks 9926 | 241m | 41 blk/min
[546/984] ok Authors/Belloc/Atomized/The_Path_to_Rome/Story_232_The_Crossing_Of_The_Enza.md | blocks 9940 | 241m | 41 blk/min
[547/984] ok Authors/Belloc/Atomized/The_Path_to_Rome/Story_236_The_Further_Side.md | blocks 9947 | 241m | 41 blk/min
[548/984] ok Authors/Belloc/Atomized/The_Path_to_Rome/Story_23_The_Rude_Peasants.md | blocks 9950 | 241m | 41 blk/min
[549/984] ok Authors/Belloc/Atomized/The_Path_to_Rome/Story_240_The_Bridges_Of_Castel_Nuovo.md | blocks 9957 | 242m | 41 blk/min
[550/984] ok Authors/Belloc/Atomized/The_Path_to_Rome/Story_237_Sillano.md | blocks 9969 | 242m | 41 blk/min
[551/984] ok Authors/Belloc/Atomized/The_Path_to_Rome/Story_242_Lector.md | blocks 9973 | 242m | 41 blk/min
[552/984] ok Authors/Belloc/Atomized/The_Path_to_Rome/Story_239_The_Garfagnana.md | blocks 9980 | 242m | 41 blk/min
[553/984] ok Authors/Belloc/Atomized/The_Path_to_Rome/Story_238_On_Anything.md | blocks 9988 | 242m | 41 blk/min | 1 links to repair
[554/984] ok Authors/Belloc/Atomized/The_Path_to_Rome/Story_243_Because_Of_This.md | blocks 9996 | 243m | 41 blk/min | 1 links to repair
[555/984] ok Authors/Belloc/Atomized/The_Path_to_Rome/Story_244_The_Banquet.md | blocks 10006 | 243m | 41 blk/min
[556/984] ok Authors/Belloc/Atomized/The_Path_to_Rome/Story_241_The_Bridge_God.md | blocks 10025 | 243m | 41 blk/min | 1 links to repair
[557/984] ok Authors/Belloc/Atomized/The_Path_to_Rome/Story_245_Nothing_Particular.md | blocks 10034 | 243m | 41 blk/min
[558/984] ok Authors/Belloc/Atomized/The_Path_to_Rome/Story_246_The_Temptation.md | blocks 10044 | 243m | 41 blk/min
[559/984] ok Authors/Belloc/Atomized/The_Path_to_Rome/Story_24_The_German.md | blocks 10047 | 244m | 41 blk/min
[560/984] ok Authors/Belloc/Atomized/The_Path_to_Rome/Story_247_The_Fall.md | blocks 10054 | 244m | 41 blk/min
[561/984] ok Authors/Belloc/Atomized/The_Path_to_Rome/Story_248_A_Reference.md | blocks 10068 | 244m | 41 blk/min
[562/984] ok Authors/Belloc/Atomized/The_Path_to_Rome/Story_249_Story_Of_The_Duke_Of_Sussex.md | blocks 10080 | 244m | 41 blk/min
[563/984] ok Authors/Belloc/Atomized/The_Path_to_Rome/Story_252_San_Quirico.md | blocks 10088 | 244m | 41 blk/min
[564/984] ok Authors/Belloc/Atomized/The_Path_to_Rome/Story_253_The_Valley_Like_A_Wave.md | blocks 10095 | 244m | 41 blk/min
[565/984] ok Authors/Belloc/Atomized/The_Path_to_Rome/Story_250_Story_Of_The_Duke_Of_Sussex.md | blocks 10105 | 244m | 41 blk/min
[566/984] ok Authors/Belloc/Atomized/The_Path_to_Rome/Story_251_St_Augustine_Censured.md | blocks 10114 | 244m | 41 blk/min
[567/984] ok Authors/Belloc/Atomized/The_Path_to_Rome/Story_254_The_Silhouette.md | blocks 10120 | 245m | 41 blk/min
[568/984] ok Authors/Belloc/Atomized/The_Path_to_Rome/Story_255_The_Horn_Song.md | blocks 10131 | 245m | 41 blk/min
[569/984] ok Authors/Belloc/Atomized/The_Path_to_Rome/Story_256_Radicofani.md | blocks 10141 | 245m | 41 blk/min | 1 links to repair
[570/984] ok Authors/Belloc/Atomized/The_Path_to_Rome/Story_25_Plays_Without_Words.md | blocks 10144 | 245m | 41 blk/min
[571/984] ok Authors/Belloc/Atomized/The_Path_to_Rome/Story_257_Second_Fall.md | blocks 10154 | 245m | 41 blk/min
[572/984] ok Authors/Belloc/Atomized/The_Path_to_Rome/Story_258_How_To_Write.md | blocks 10167 | 246m | 41 blk/min
[573/984] ok Authors/Belloc/Atomized/The_Path_to_Rome/Story_259_Story_Of_Mr_Hard.md | blocks 10180 | 246m | 41 blk/min
[574/984] ok Authors/Belloc/Atomized/The_Path_to_Rome/Story_260_Story_Of_Mr_Hard.md | blocks 10198 | 246m | 41 blk/min
[575/984] ok Authors/Belloc/Atomized/The_Path_to_Rome/Story_263_The_Great_Walls.md | blocks 10204 | 246m | 41 blk/min
[576/984] ok Authors/Belloc/Atomized/The_Path_to_Rome/Story_261_The_Mighty_Drive.md | blocks 10212 | 246m | 41 blk/min
[577/984] ok Authors/Belloc/Atomized/The_Path_to_Rome/Story_262_Montefiascone.md | blocks 10222 | 246m | 41 blk/min | 1 links to repair
[578/984] ok Authors/Belloc/Atomized/The_Path_to_Rome/Story_264_I_Enter_Viterbo.md | blocks 10231 | 247m | 41 blk/min
[579/984] ok Authors/Belloc/Atomized/The_Path_to_Rome/Story_265_The_Silent_Old_Man.md | blocks 10240 | 247m | 41 blk/min
[580/984] ok Authors/Belloc/Atomized/The_Path_to_Rome/Story_267_The_Arena.md | blocks 10249 | 247m | 41 blk/min
[581/984] ok Authors/Belloc/Atomized/The_Path_to_Rome/Story_26_Between_The_Trees.md | blocks 10252 | 247m | 41 blk/min
[582/984] ok Authors/Belloc/Atomized/The_Path_to_Rome/Story_266_The_Pond_Of_Venus.md | blocks 10263 | 247m | 41 blk/min
[583/984] ok Authors/Belloc/Atomized/The_Path_to_Rome/Story_269_Rome_Calls_Me.md | blocks 10271 | 248m | 41 blk/min
[584/984] ok Authors/Belloc/Atomized/The_Path_to_Rome/Story_272_Loud_And_Final_Song.md | blocks 10311 | 248m | 42 blk/min
[585/984] ok Authors/Belloc/Atomized/The_Path_to_Rome/Story_27_The_Cliff.md | blocks 10314 | 248m | 42 blk/min
[586/984] ok Authors/Belloc/Atomized/The_Path_to_Rome/Story_28_Isolation.md | blocks 10317 | 248m | 42 blk/min
[587/984] ok Authors/Belloc/Atomized/The_Path_to_Rome/Story_29_The_Hungry_Student_Fails_To_Appear.md | blocks 10320 | 248m | 42 blk/min
[588/984] ok Authors/Belloc/Atomized/The_Path_to_Rome/Story_268_Too_Many_Peasants.md | blocks 10330 | 248m | 42 blk/min
[589/984] ok Authors/Belloc/Atomized/The_Path_to_Rome/Story_30_The_Brienzer_Grat_How_It_Lies.md | blocks 10333 | 248m | 42 blk/min
[590/984] ok Authors/Belloc/Atomized/The_Path_to_Rome/Story_32_More_Geography.md | blocks 10336 | 248m | 42 blk/min
[591/984] ok Authors/Belloc/Atomized/The_Path_to_Rome/Story_31_The_Life_Qualm.md | blocks 10339 | 248m | 42 blk/min
[592/984] ok Authors/Belloc/Atomized/The_Path_to_Rome/Story_34_The_Second_Good_Woman.md | blocks 10342 | 248m | 42 blk/min
[593/984] ok Authors/Belloc/Atomized/The_Path_to_Rome/Story_33_The_Snow_Blink.md | blocks 10345 | 248m | 42 blk/min
[594/984] ok Authors/Belloc/Atomized/The_Path_to_Rome/Story_36_Defeat.md | blocks 10348 | 248m | 42 blk/min
[595/984] ok Authors/Belloc/Atomized/The_Path_to_Rome/Story_35_The_Impassable_Hills.md | blocks 10351 | 248m | 42 blk/min
[596/984] ok Authors/Belloc/Atomized/The_Path_to_Rome/Story_37_The_New_World.md | blocks 10354 | 248m | 42 blk/min
[597/984] ok Authors/Belloc/Atomized/The_Path_to_Rome/Story_38_Bodio.md | blocks 10357 | 248m | 42 blk/min
[598/984] ok Authors/Belloc/Atomized/The_Path_to_Rome/Story_39_The_Honest_Man.md | blocks 10360 | 248m | 42 blk/min
[599/984] ok Authors/Belloc/Atomized/The_Path_to_Rome/Story_40_The_Oracle.md | blocks 10363 | 248m | 42 blk/min
[600/984] ok Authors/Belloc/Atomized/The_Path_to_Rome/Story_41_Ordeal_Of_The_Candals.md | blocks 10366 | 248m | 42 blk/min
[601/984] ok Authors/Belloc/Atomized/The_Path_to_Rome/Story_42_Nothing_Much.md | blocks 10369 | 248m | 42 blk/min
[602/984] ok Authors/Belloc/Atomized/The_Path_to_Rome/Story_43_And_The_Learned_Man.md | blocks 10372 | 248m | 42 blk/min
[603/984] ok Authors/Belloc/Atomized/The_Path_to_Rome/Story_44_On_The_Germans.md | blocks 10375 | 248m | 42 blk/min
[604/984] ok Authors/Belloc/Atomized/The_Path_to_Rome/Story_45_Fugue.md | blocks 10378 | 248m | 42 blk/min
[605/984] ok Authors/Belloc/Atomized/The_Path_to_Rome/Story_46_The_Clouds.md | blocks 10381 | 248m | 42 blk/min
[606/984] ok Authors/Belloc/Atomized/The_Path_to_Rome/Story_47_The_Great_View.md | blocks 10384 | 248m | 42 blk/min
[607/984] ok Authors/Belloc/Atomized/The_Path_to_Rome/Story_48_Andiamo.md | blocks 10387 | 248m | 42 blk/min
[608/984] ok Authors/Belloc/Atomized/The_Path_to_Rome/Story_50_Sillano.md | blocks 10390 | 248m | 42 blk/min
[609/984] ok Authors/Belloc/Atomized/The_Path_to_Rome/Story_49_The_Sun.md | blocks 10393 | 248m | 42 blk/min
[610/984] ok Authors/Belloc/Atomized/The_Path_to_Rome/Story_52_Nothing_Particular.md | blocks 10396 | 248m | 42 blk/min
[611/984] ok Authors/Belloc/Atomized/The_Path_to_Rome/Story_51_The_Bridges_Of_Castel_Nuovo.md | blocks 10399 | 248m | 42 blk/min
[612/984] ok Authors/Belloc/Atomized/The_Path_to_Rome/Story_53_The_Valley_Like_A_Wave.md | blocks 10402 | 248m | 42 blk/min
[613/984] ok Authors/Belloc/Atomized/The_Path_to_Rome/Story_54_Radicofani.md | blocks 10405 | 248m | 42 blk/min
[614/984] ok Authors/Belloc/Atomized/The_Path_to_Rome/Story_55_Story_Of_Mr_Hard.md | blocks 10408 | 248m | 42 blk/min
[615/984] ok Authors/Belloc/Atomized/The_Path_to_Rome/Story_56_I_Enter_Viterbo.md | blocks 10411 | 248m | 42 blk/min
[616/984] ok Authors/Belloc/Atomized/The_Path_to_Rome/Story_57_Rome_Calls_Me.md | blocks 10418 | 248m | 42 blk/min
[617/984] ok Authors/Belloc/Atomized/The_Path_to_Rome/Story_270_Farewell_To_All_Men.md | blocks 10437 | 248m | 42 blk/min
[618/984] ok Authors/Belloc/Atomized/The_Path_to_Rome/Story_58_Praise_Of_This_Book.md | blocks 10444 | 249m | 42 blk/min | 1 links to repair
[619/984] ok Authors/Belloc/Atomized/The_Path_to_Rome/Story_271_Continuez.md | blocks 10472 | 249m | 42 blk/min
[620/984] ok Authors/Belloc/Atomized/The_Path_to_Rome/Story_59_Praise_Of_This_Book.md | blocks 10483 | 249m | 42 blk/min
[621/984] ok Authors/Belloc/Atomized/The_Path_to_Rome/Story_60_Praise_Of_This_Book.md | blocks 10495 | 249m | 42 blk/min
[622/984] ok Authors/Belloc/Atomized/The_Path_to_Rome/Story_61_Praise_Of_This_Book.md | blocks 10504 | 249m | 42 blk/min
[623/984] ok Authors/Belloc/Atomized/The_Path_to_Rome/Story_62_Praise_Of_This_Book.md | blocks 10514 | 250m | 42 blk/min | 1 links to repair
[624/984] ok Authors/Belloc/Atomized/The_Path_to_Rome/Story_64_The_Grand_Climacteric.md | blocks 10524 | 250m | 42 blk/min
[625/984] ok Authors/Belloc/Atomized/The_Path_to_Rome/Story_63_Character_Of_Proverb_Maker.md | blocks 10530 | 250m | 42 blk/min | 1 links to repair
[626/984] ok Authors/Belloc/Atomized/The_Path_to_Rome/Story_66_The_Valley_Of_The_Moselle.md | blocks 10536 | 250m | 42 blk/min
[627/984] ok Authors/Belloc/Atomized/The_Path_to_Rome/Story_65_Difficulty_Of_Ending_A_Book.md | blocks 10549 | 250m | 42 blk/min | 1 links to repair
[628/984] ok Authors/Belloc/Atomized/The_Path_to_Rome/Story_68_On_Justice_In_Armies.md | blocks 10555 | 251m | 42 blk/min
[629/984] ok Authors/Belloc/Atomized/The_Path_to_Rome/Story_67_The_First_Garrison.md | blocks 10561 | 251m | 42 blk/min | 1 links to repair
[630/984] ok Authors/Belloc/Atomized/The_Path_to_Rome/Story_69_Charming_Village_Of_Brule.md | blocks 10566 | 251m | 42 blk/min
[631/984] ok Authors/Belloc/Atomized/The_Path_to_Rome/Story_70_Story_Of_The_Great_Barrel.md | blocks 10575 | 251m | 42 blk/min
[632/984] ok Authors/Belloc/Atomized/The_Path_to_Rome/Story_71_The_Lake_Of_The_Moselle.md | blocks 10583 | 252m | 42 blk/min | 1 links to repair
[633/984] ok Authors/Belloc/Atomized/The_Path_to_Rome/Story_72_The_Coming_Of_Evening.md | blocks 10589 | 252m | 42 blk/min
[634/984] ok Authors/Belloc/Atomized/The_Path_to_Rome/Story_73_The_Night_In_The_Forest.md | blocks 10595 | 252m | 42 blk/min
[635/984] ok Authors/Belloc/Atomized/The_Path_to_Rome/Story_74_The_Unhappy_Village.md | blocks 10604 | 252m | 42 blk/min
[636/984] ok Authors/Belloc/Atomized/The_Path_to_Rome/Story_75_The_Cry_For_A_Bed.md | blocks 10611 | 253m | 42 blk/min
[637/984] ok Authors/Belloc/Atomized/The_Path_to_Rome/Story_76_The_Full_Curse.md | blocks 10618 | 253m | 42 blk/min
[638/984] ok Authors/Belloc/Atomized/The_Path_to_Rome/Story_78_The_Further_Valley.md | blocks 10625 | 253m | 42 blk/min
[639/984] ok Authors/Belloc/Atomized/The_Path_to_Rome/Story_77_On_Breakfasts.md | blocks 10632 | 253m | 42 blk/min
[640/984] ok Authors/Belloc/Atomized/The_Path_to_Rome/Story_79_How_To_Write_Rhymes.md | blocks 10643 | 253m | 42 blk/min
[641/984] ok Authors/Belloc/Atomized/The_Path_to_Rome/Story_80_The_Hay_Making_Nuns.md | blocks 10650 | 254m | 42 blk/min
[642/984] ok Authors/Belloc/Atomized/The_Path_to_Rome/Story_82_The_Heat_Of_Morning.md | blocks 10659 | 254m | 42 blk/min
[643/984] ok Authors/Belloc/Atomized/The_Path_to_Rome/Story_81_The_Value_Of_Bakers.md | blocks 10666 | 254m | 42 blk/min
[644/984] ok Authors/Belloc/Atomized/The_Path_to_Rome/Story_83_The_Morning_Mass.md | blocks 10677 | 254m | 42 blk/min
[645/984] ok Authors/Belloc/Atomized/The_Path_to_Rome/Story_84_The_Sensible_Squire.md | blocks 10684 | 254m | 42 blk/min
[646/984] ok Authors/Belloc/Atomized/The_Path_to_Rome/Story_85_The_Last_Mile.md | blocks 10691 | 254m | 42 blk/min
[647/984] ok Authors/Belloc/Atomized/The_Path_to_Rome/Story_86_Charmes.md | blocks 10698 | 255m | 42 blk/min | 1 links to repair
[648/984] ok Authors/Belloc/Atomized/The_Path_to_Rome/Story_89_Epinal_Church.md | blocks 10705 | 255m | 42 blk/min
[649/984] ok Authors/Belloc/Atomized/The_Path_to_Rome/Story_88_Of_Mountain_Towns.md | blocks 10711 | 255m | 42 blk/min
[650/984] ok Authors/Belloc/Atomized/The_Path_to_Rome/Story_90_The_Apple_Man.md | blocks 10722 | 256m | 42 blk/min
[651/984] ok Authors/Belloc/Atomized/The_Path_to_Rome/Story_91_The_Little_Runnel.md | blocks 10732 | 256m | 42 blk/min
[652/984] ok Authors/Belloc/Atomized/The_Path_to_Rome/Story_92_The_False.md | blocks 10739 | 256m | 42 blk/min | 1 links to repair
[653/984] ok Authors/Belloc/Atomized/The_Path_to_Rome/Story_87_Nature_Of_Tempting_Devils.md | blocks 10751 | 256m | 42 blk/min
[654/984] ok Authors/Belloc/Atomized/The_Path_to_Rome/Story_93_The_Great_View.md | blocks 10761 | 256m | 42 blk/min
[655/984] ok Authors/Belloc/Atomized/The_Path_to_Rome/Story_94_Apology_For_The_Middle_Class.md | blocks 10771 | 256m | 42 blk/min
[656/984] ok Authors/Belloc/Atomized/The_Path_to_Rome/Story_95_Of_Dormitory_Trees.md | blocks 10784 | 257m | 42 blk/min
[657/984] ok Authors/Belloc/Atomized/The_Path_to_Rome/Story_96_The_Dawn.md | blocks 10792 | 257m | 42 blk/min
[658/984] ok Authors/Belloc/Atomized/The_Path_to_Rome/Story_97_The_Special_Chapels.md | blocks 10798 | 257m | 42 blk/min | 1 links to repair
[659/984] ok Authors/Belloc/Atomized/The_Path_to_Rome/Story_99_The_Youth_Of_Rivers.md | blocks 10804 | 257m | 42 blk/min | 1 links to repair
[660/984] ok Authors/Belloc/Atomized/The_Path_to_Rome/Story_98_On_Local_Names.md | blocks 10815 | 257m | 42 blk/min
[661/984] ok Authors/Belloc/Atomized/The_Postmaster_General/part/part_01.md | blocks 10841 | 259m | 42 blk/min
[662/984] ok Authors/Belloc/Atomized/The_Postmaster_General/part/part_02.md | blocks 10859 | 259m | 42 blk/min
[663/984] ok Authors/Belloc/Atomized/The_Postmaster_General/part/part_03.md | blocks 10898 | 259m | 42 blk/min
[664/984] ok Authors/Belloc/Atomized/The_Postmaster_General/part/part_04.md | blocks 10930 | 259m | 42 blk/min
[665/984] ok Authors/Belloc/Atomized/The_Postmaster_General/part/part_06.md | blocks 10950 | 261m | 42 blk/min
[666/984] ok Authors/Belloc/Atomized/The_Postmaster_General/part/part_05.md | blocks 10965 | 261m | 42 blk/min | 2 links to repair
[667/984] ok Authors/Belloc/Atomized/The_Postmaster_General/part/part_07.md | blocks 10985 | 261m | 42 blk/min
[668/984] ok Authors/Belloc/Atomized/The_Postmaster_General/part/part_08.md | blocks 11012 | 261m | 42 blk/min
[669/984] ok Authors/Belloc/Atomized/The_Postmaster_General/part/part_09.md | blocks 11033 | 263m | 42 blk/min
[670/984] ok Authors/Belloc/Atomized/The_Postmaster_General/part/part_10.md | blocks 11060 | 263m | 42 blk/min | 1 links to repair
[671/984] ok Authors/Belloc/Atomized/The_Postmaster_General/part/part_12.md | blocks 11087 | 263m | 42 blk/min
[672/984] ok Authors/Belloc/Atomized/The_Postmaster_General/part/part_11.md | blocks 11107 | 263m | 42 blk/min
[673/984] ok Authors/Belloc/Atomized/The_Postmaster_General/part/part_13.md | blocks 11131 | 265m | 42 blk/min
[674/984] ok Authors/Belloc/Atomized/The_Postmaster_General/part/part_14.md | blocks 11173 | 265m | 42 blk/min
[675/984] ok Authors/Belloc/Atomized/The_Postmaster_General/part/part_15.md | blocks 11218 | 265m | 42 blk/min
[676/984] ok Authors/Belloc/Atomized/The_Postmaster_General/part/part_16.md | blocks 11254 | 265m | 42 blk/min
[677/984] ok Authors/Belloc/Atomized/The_Postmaster_General/part/part_17.md | blocks 11267 | 267m | 42 blk/min
[678/984] ok Authors/Belloc/Atomized/The_Postmaster_General/part/part_19.md | blocks 11284 | 267m | 42 blk/min
[679/984] ok Authors/Belloc/Atomized/The_Postmaster_General/part/part_18.md | blocks 11303 | 267m | 42 blk/min
[680/984] ok Authors/Belloc/Atomized/The_Postmaster_General/part/part_20.md | blocks 11327 | 267m | 42 blk/min
[681/984] ok Authors/Belloc/Atomized/The_Postmaster_General/part/part_21.md | blocks 11348 | 269m | 42 blk/min
[682/984] ok Authors/Belloc/Atomized/The_Postmaster_General/part/part_22.md | blocks 11364 | 269m | 42 blk/min
[683/984] ok Authors/Belloc/Atomized/The_Postmaster_General/part/part_23.md | blocks 11387 | 269m | 42 blk/min
[684/984] ok Authors/Belloc/Atomized/The_Postmaster_General/part/part_24.md | blocks 11406 | 269m | 42 blk/min
[685/984] ok Authors/Belloc/Atomized/The_Postmaster_General/part/part_25.md | blocks 11424 | 271m | 42 blk/min
[686/984] ok Authors/Belloc/Atomized/The_Postmaster_General/part/part_26.md | blocks 11441 | 272m | 42 blk/min
[687/984] ok Authors/Belloc/Atomized/The_Postmaster_General/part/part_27.md | blocks 11462 | 272m | 42 blk/min
[688/984] ok Authors/Belloc/Atomized/The_Postmaster_General/part/part_28.md | blocks 11482 | 272m | 42 blk/min
[689/984] ok Authors/Belloc/Atomized/The_Postmaster_General/part/part_29.md | blocks 11500 | 273m | 42 blk/min
[690/984] ok Authors/Belloc/Atomized/The_Postmaster_General/part/part_30.md | blocks 11519 | 273m | 42 blk/min
[691/984] ok Authors/Belloc/Atomized/The_Postmaster_General/part/part_31.md | blocks 11530 | 274m | 42 blk/min
[692/984] ok Authors/Belloc/Atomized/The_Postmaster_General/part/part_32.md | blocks 11547 | 274m | 42 blk/min
[693/984] ok Authors/Belloc/Atomized/The_Postmaster_General/part/part_33.md | blocks 11570 | 275m | 42 blk/min
[694/984] ok Authors/Belloc/Atomized/The_Postmaster_General/part/part_34.md | blocks 11607 | 275m | 42 blk/min
[695/984] ok Authors/Belloc/Atomized/The_Postmaster_General/part/part_35.md | blocks 11624 | 276m | 42 blk/min
[696/984] ok Authors/Belloc/Atomized/The_Postmaster_General/part/part_36.md | blocks 11641 | 276m | 42 blk/min
[697/984] ok Authors/Belloc/Atomized/The_Postmaster_General/part/part_37.md | blocks 11654 | 277m | 42 blk/min
[698/984] ok Authors/Belloc/Atomized/The_Postmaster_General/part/part_38.md | blocks 11670 | 278m | 42 blk/min
[699/984] ok Authors/Belloc/Atomized/The_Postmaster_General/part/part_39.md | blocks 11684 | 278m | 42 blk/min
[700/984] ok Authors/Belloc/Atomized/The_Postmaster_General/part/part_40.md | blocks 11704 | 278m | 42 blk/min | 1 links to repair
[701/984] ok Authors/Belloc/Atomized/The_Postmaster_General/part/part_41.md | blocks 11730 | 279m | 42 blk/min
[702/984] ok Authors/Belloc/Atomized/The_Postmaster_General/part/part_42.md | blocks 11751 | 279m | 42 blk/min
[703/984] ok Authors/Belloc/Atomized/The_Postmaster_General/part/part_43.md | blocks 11768 | 279m | 42 blk/min
[704/984] ok Authors/Belloc/Atomized/The_Postmaster_General/part/part_44.md | blocks 11797 | 280m | 42 blk/min
[705/984] ok Authors/Belloc/Atomized/The_Postmaster_General/part/part_45.md | blocks 11813 | 282m | 42 blk/min
[706/984] ok Authors/Belloc/Atomized/The_Postmaster_General/part/part_46.md | blocks 11829 | 282m | 42 blk/min
[707/984] ok Authors/Belloc/Atomized/The_Postmaster_General/part/part_47.md | blocks 11851 | 282m | 42 blk/min
[708/984] ok Authors/Belloc/Atomized/The_Postmaster_General/part/part_48.md | blocks 11870 | 282m | 42 blk/min
[709/984] ok Authors/Belloc/Atomized/The_Postmaster_General/part/part_49.md | blocks 11893 | 284m | 42 blk/min
[710/984] ok Authors/Belloc/Atomized/The_Postmaster_General/part/part_50.md | blocks 11912 | 284m | 42 blk/min
[711/984] ok Authors/Belloc/Atomized/The_Postmaster_General/part/part_52.md | blocks 11937 | 284m | 42 blk/min
[712/984] ok Authors/Belloc/Atomized/The_Postmaster_General/part/part_51.md | blocks 11980 | 284m | 42 blk/min
[713/984] ok Authors/Belloc/Atomized/The_Postmaster_General/part/part_53.md | blocks 12005 | 286m | 42 blk/min
[714/984] ok Authors/Belloc/Atomized/The_Postmaster_General/part/part_54.md | blocks 12033 | 286m | 42 blk/min
[715/984] ok Authors/Belloc/Atomized/The_Postmaster_General/part/part_56.md | blocks 12055 | 286m | 42 blk/min
[716/984] ok Authors/Belloc/Atomized/The_Postmaster_General/part/part_55.md | blocks 12094 | 286m | 42 blk/min
[717/984] ok Authors/Belloc/Atomized/The_Postmaster_General/part/part_57.md | blocks 12125 | 288m | 42 blk/min
[718/984] ok Authors/Belloc/Atomized/The_River_of_London/Story_02_THE_APPROACH_UP_RIVER/part_02.md | blocks 12136 | 289m | 42 blk/min | 3 links to repair
[719/984] ok Authors/Belloc/Atomized/The_River_of_London/Story_01_INTRODUCTION.md | blocks 12153 | 289m | 42 blk/min | 6 links to repair
[720/984] ok Authors/Belloc/Atomized/The_River_of_London/Story_02_THE_APPROACH_UP_RIVER/part_01.md | blocks 12165 | 290m | 42 blk/min | 3 links to repair
[721/984] ok Authors/Belloc/Atomized/The_River_of_London/Story_03_LONDON_THE_FIRST_CROSSING_OF_THE_THAMES/part_01.md | blocks 12177 | 291m | 42 blk/min | 2 links to repair
[722/984] ok Authors/Belloc/Atomized/The_River_of_London/Story_02_THE_APPROACH_UP_RIVER/part_03.md | blocks 12186 | 291m | 42 blk/min | 2 links to repair
[723/984] ok Authors/Belloc/Atomized/The_River_of_London/Story_03_LONDON_THE_FIRST_CROSSING_OF_THE_THAMES/part_03.md | blocks 12199 | 292m | 42 blk/min | 4 links to repair
[724/984] ok Authors/Belloc/Atomized/The_River_of_London/Story_03_LONDON_THE_FIRST_CROSSING_OF_THE_THAMES/part_02.md | blocks 12209 | 293m | 42 blk/min | 5 links to repair
[725/984] ok Authors/Belloc/Atomized/The_River_of_London/Story_03_LONDON_THE_FIRST_CROSSING_OF_THE_THAMES/part_05.md | blocks 12228 | 294m | 42 blk/min | 1 links to repair
[726/984] ok Authors/Belloc/Atomized/The_River_of_London/Story_04_ENDNOTES/part_01.md | blocks 12242 | 294m | 42 blk/min
[727/984] ok Authors/Belloc/Atomized/The_River_of_London/Story_03_LONDON_THE_FIRST_CROSSING_OF_THE_THAMES/part_04.md | blocks 12253 | 295m | 42 blk/min | 4 links to repair
[728/984] ok Authors/Belloc/Atomized/The_River_of_London/Story_04_ENDNOTES/part_02.md | blocks 12268 | 295m | 42 blk/min
[729/984] ok Authors/Belloc/Atomized/The_River_of_London/Story_04_ENDNOTES/part_05.md | blocks 12279 | 296m | 41 blk/min | 4 links to repair
[730/984] ok Authors/Belloc/Atomized/The_River_of_London/Story_04_ENDNOTES/part_04.md | blocks 12298 | 297m | 41 blk/min | 3 links to repair
[731/984] ok Authors/Belloc/Atomized/The_River_of_London/Story_04_ENDNOTES/part_03.md | blocks 12314 | 297m | 41 blk/min | 3 links to repair
[732/984] ok Authors/Belloc/Atomized/The_River_of_London/Story_04_ENDNOTES/part_07.md | blocks 12334 | 299m | 41 blk/min
[733/984] ok Authors/Belloc/Atomized/The_River_of_London/Story_04_ENDNOTES/part_06.md | blocks 12346 | 299m | 41 blk/min | 3 links to repair
[734/984] ok Authors/Belloc/Atomized/The_River_of_London/Story_04_ENDNOTES/part_08.md | blocks 12361 | 299m | 41 blk/min | 2 links to repair
[735/984] ok Authors/Belloc/Atomized/The_River_of_London/Story_04_ENDNOTES/part_11.md | blocks 12371 | 301m | 41 blk/min | 1 links to repair
[736/984] ok Authors/Belloc/Atomized/The_Road/Chapter_01_THE_FUTURE.md | blocks 12384 | 301m | 41 blk/min
[737/984] ok Authors/Belloc/Atomized/The_River_of_London/Story_04_ENDNOTES/part_10.md | blocks 12397 | 301m | 41 blk/min | 2 links to repair
[738/984] ok Authors/Belloc/Atomized/The_River_of_London/Story_04_ENDNOTES/part_09.md | blocks 12404 | 301m | 41 blk/min | 2 links to repair
[739/984] ok Authors/Belloc/Atomized/The_Road/Chapter_03_THE_CROSSING_OF_MARSH_AND_WATE/part_01.md | blocks 12420 | 303m | 41 blk/min | 2 links to repair
[740/984] ok Authors/Belloc/Atomized/The_Road/Chapter_03_THE_CROSSING_OF_MARSH_AND_WATE/part_03.md | blocks 12433 | 304m | 41 blk/min | 1 links to repair
[741/984] ok Authors/Belloc/Atomized/The_Road/Chapter_03_THE_CROSSING_OF_MARSH_AND_WATE/part_02.md | blocks 12442 | 304m | 41 blk/min | 1 links to repair
[742/984] ok Authors/Belloc/Atomized/The_Road/Chapter_02_THE_ORIGIN_OF_ROADS.md | blocks 12467 | 305m | 41 blk/min
[743/984] ok Authors/Belloc/Atomized/The_Road/Chapter_04_PASSABILITY/part_01.md | blocks 12479 | 305m | 41 blk/min
[744/984] ok Authors/Belloc/Atomized/The_Road/Chapter_04_PASSABILITY/part_03.md | blocks 12488 | 306m | 41 blk/min
[745/984] ok Authors/Belloc/Atomized/The_Road/Chapter_04_PASSABILITY/part_02.md | blocks 12501 | 306m | 41 blk/min
[746/984] ok Authors/Belloc/Atomized/The_Road/Chapter_07_THE_REACTION_OF_THE_ROAD/part_01.md | blocks 12518 | 308m | 41 blk/min | 1 links to repair
[747/984] ok Authors/Belloc/Atomized/The_Road/Chapter_05_THE_OBSTACLE_OF_VEGETATION.md | blocks 12532 | 309m | 41 blk/min | 2 links to repair
[748/984] ok Authors/Belloc/Atomized/The_Road/Chapter_06_POLITICAL_INFLUENCES.md | blocks 12549 | 309m | 41 blk/min
[749/984] ok Authors/Belloc/Atomized/The_Road/Chapter_07_THE_REACTION_OF_THE_ROAD/part_02.md | blocks 12562 | 309m | 41 blk/min
[750/984] ok Authors/Belloc/Atomized/The_Road/Chapter_07_THE_REACTION_OF_THE_ROAD/part_03.md | blocks 12569 | 310m | 41 blk/min | 1 links to repair
[751/984] ok Authors/Belloc/Atomized/The_Road/Chapter_09_THE_BLINDNESS_OF_ENGLISH_ROADS.md | blocks 12582 | 311m | 41 blk/min | 1 links to repair
[752/984] ok Authors/Belloc/Atomized/The_Road/Chapter_10_Sketch_II/part_01.md | blocks 12595 | 311m | 40 blk/min | 2 links to repair
[753/984] ok Authors/Belloc/Atomized/The_Road/Chapter_08_THE_ROAD_IN_HISTORY.md | blocks 12621 | 312m | 40 blk/min
[754/984] ok Authors/Belloc/Atomized/The_Road/Chapter_10_Sketch_II/part_02.md | blocks 12634 | 313m | 40 blk/min
[755/984] ok Authors/Belloc/Atomized/The_Road/Chapter_12_THE_TRACKWAYS/part_01.md | blocks 12655 | 313m | 40 blk/min
[756/984] ok Authors/Belloc/Atomized/The_Road/Chapter_11_FIVE_STAGES.md | blocks 12676 | 314m | 40 blk/min | 2 links to repair
[757/984] ok Authors/Belloc/Atomized/The_Road/Chapter_13_THE_MAKING_OF_THE_ROMAN_ROAD.md | blocks 12682 | 314m | 40 blk/min
[758/984] ok Authors/Belloc/Atomized/The_Road/Chapter_12_THE_TRACKWAYS/part_02.md | blocks 12692 | 314m | 40 blk/min
[759/984] ok Authors/Belloc/Atomized/The_Road/Chapter_15_Sketch_V_Part_II_Sketch_VI.md | blocks 12696 | 315m | 40 blk/min
[760/984] ok Authors/Belloc/Atomized/The_Road/Chapter_12_THE_TRACKWAYS/part_03.md | blocks 12704 | 315m | 40 blk/min | 1 links to repair
[761/984] ok Authors/Belloc/Atomized/The_Road/Chapter_16_Sketch_VII_Part_II_Sketch_VIII.md | blocks 12711 | 315m | 40 blk/min
[762/984] ok Authors/Belloc/Atomized/The_Road/Chapter_18_Sketch_IX.md | blocks 12717 | 316m | 40 blk/min
[763/984] ok Authors/Belloc/Atomized/The_Road/Chapter_14_Sketch_IV_The_ROMAN_ROAD_SCHEM.md | blocks 12733 | 317m | 40 blk/min | 1 links to repair
[764/984] ok Authors/Belloc/Atomized/The_Road/Chapter_17_THE_DARK_AGES.md | blocks 12747 | 318m | 40 blk/min
[765/984] ok Authors/Belloc/Atomized/The_Road/Chapter_21_WHEELED_TRAFFIC_AND_THE_MODERN/part_01.md | blocks 12766 | 319m | 40 blk/min
[766/984] ok Authors/Belloc/Atomized/The_Road/Chapter_19_Sketch_X.md | blocks 12788 | 319m | 40 blk/min
[767/984] ok Authors/Belloc/Atomized/The_Road/Chapter_21_WHEELED_TRAFFIC_AND_THE_MODERN/part_02.md | blocks 12799 | 320m | 40 blk/min
[768/984] ok Authors/Belloc/Atomized/The_Road/Chapter_20_Sketch_XI.md | blocks 12822 | 320m | 40 blk/min
[769/984] ok Authors/Belloc/Atomized/The_Road/Chapter_21_WHEELED_TRAFFIC_AND_THE_MODERN/part_03.md | blocks 12829 | 320m | 40 blk/min
[770/984] ok Authors/Belloc/Atomized/The_Road/Chapter_22_THE_FUTURE/part_01.md | blocks 12851 | 321m | 40 blk/min
[771/984] ok Authors/Belloc/Atomized/The_Romance_of_Tristan_and_Iseult/Chapter_01/part_02.md | blocks 12882 | 322m | 40 blk/min | 2 links to repair
[772/984] ok Authors/Belloc/Atomized/The_Road/Chapter_22_THE_FUTURE/part_02.md | blocks 12901 | 322m | 40 blk/min | 1 links to repair
[773/984] ok Authors/Belloc/Atomized/The_Romance_of_Tristan_and_Iseult/Chapter_01/part_01.md | blocks 12922 | 323m | 40 blk/min | 3 links to repair
[774/984] ok Authors/Belloc/Atomized/The_Romance_of_Tristan_and_Iseult/Chapter_01/part_03.md | blocks 12944 | 323m | 40 blk/min | 3 links to repair
[775/984] ok Authors/Belloc/Atomized/The_Romance_of_Tristan_and_Iseult/Chapter_01/part_05.md | blocks 12969 | 325m | 40 blk/min
[776/984] ok Authors/Belloc/Atomized/The_Romance_of_Tristan_and_Iseult/Chapter_01/part_06.md | blocks 12997 | 325m | 40 blk/min | 1 links to repair
[777/984] ok Authors/Belloc/Atomized/The_Romance_of_Tristan_and_Iseult/Chapter_01/part_04.md | blocks 13027 | 325m | 40 blk/min | 2 links to repair
[778/984] ok Authors/Belloc/Atomized/The_Romance_of_Tristan_and_Iseult/Chapter_01/part_07.md | blocks 13048 | 326m | 40 blk/min | 1 links to repair
[779/984] ok Authors/Belloc/Atomized/The_Romance_of_Tristan_and_Iseult/Chapter_01/part_08.md | blocks 13078 | 327m | 40 blk/min
REJECT Authors/Belloc/Atomized/The_Romance_of_Tristan_and_Iseult/Chapter_01/part_09.md: leftover mask token(s): 1 (e.g. [[L01..)
[781/984] ok Authors/Belloc/Atomized/The_Romance_of_Tristan_and_Iseult/Chapter_02/part_01.md | blocks 13102 | 328m | 40 blk/min
REJECT Authors/Belloc/Atomized/The_Romance_of_Tristan_and_Iseult/Chapter_01/part_10.md: leftover mask token(s): 1 (e.g. [[L01..)
[783/984] ok Authors/Belloc/Atomized/The_Romance_of_Tristan_and_Iseult/Chapter_02/part_02.md | blocks 13134 | 329m | 40 blk/min | 2 links to repair
REJECT Authors/Belloc/Atomized/The_Romance_of_Tristan_and_Iseult/Chapter_02/part_03.md: leftover mask token(s): 2 (e.g. [[L01..)
[785/984] ok Authors/Belloc/Atomized/The_Romance_of_Tristan_and_Iseult/Chapter_02/part_04.md | blocks 13171 | 330m | 40 blk/min
[786/984] ok Authors/Belloc/Atomized/The_Romance_of_Tristan_and_Iseult/Chapter_02/part_05.md | blocks 13216 | 331m | 40 blk/min
[787/984] ok Authors/Belloc/Atomized/The_Romance_of_Tristan_and_Iseult/Chapter_03/part_01.md | blocks 13243 | 332m | 40 blk/min | 1 links to repair
[788/984] ok Authors/Belloc/Atomized/The_Romance_of_Tristan_and_Iseult/Chapter_03/part_02.md | blocks 13284 | 332m | 40 blk/min
[789/984] ok Authors/Belloc/Atomized/The_Romance_of_Tristan_and_Iseult/Chapter_03/part_03.md | blocks 13325 | 333m | 40 blk/min
[790/984] ok Authors/Belloc/Atomized/The_Romance_of_Tristan_and_Iseult/Chapter_03/part_04.md | blocks 13384 | 334m | 40 blk/min | 2 links to repair
[791/984] ok Authors/Belloc/Atomized/The_Romance_of_Tristan_and_Iseult/Chapter_03/part_05.md | blocks 13414 | 334m | 40 blk/min | 3 links to repair
REJECT Authors/Belloc/Atomized/The_Romance_of_Tristan_and_Iseult/Chapter_03/part_06.md: leftover mask token(s): 1 (e.g. [[L01..)
[793/984] ok Authors/Belloc/Atomized/The_Servile_State/Story_01_Synopsis_of_the_Servile_State.md | blocks 13441 | 335m | 40 blk/min | 1 links to repair
[794/984] ok Authors/Belloc/Atomized/The_Servile_State/Story_02_Introduction_The_Subject_of_This_Book.md | blocks 13468 | 336m | 40 blk/min
[795/984] ok Authors/Belloc/Atomized/The_Servile_State/Story_03_Section_One_Definitions/part_01.md | blocks 13487 | 336m | 40 blk/min
[796/984] ok Authors/Belloc/Atomized/The_Servile_State/Story_03_Section_One_Definitions/part_02.md | blocks 13503 | 338m | 40 blk/min
[797/984] ok Authors/Belloc/Atomized/The_Servile_State/Story_03_Section_One_Definitions/part_03.md | blocks 13518 | 338m | 40 blk/min
[798/984] ok Authors/Belloc/Atomized/The_Servile_State/Story_03_Section_One_Definitions/part_04.md | blocks 13534 | 338m | 40 blk/min
[799/984] ok Authors/Belloc/Atomized/The_Servile_State/Story_05_Section_Three_How_the_Servile_Institutio/part_01.md | blocks 13551 | 340m | 40 blk/min | 1 links to repair
[800/984] ok Authors/Belloc/Atomized/The_Servile_State/Story_05_Section_Three_How_the_Servile_Institutio/part_02.md | blocks 13564 | 340m | 40 blk/min | 1 links to repair
[801/984] ok Authors/Belloc/Atomized/The_Servile_State/Story_04_Section_Two_Our_Civilisation_Was_Origina.md | blocks 13594 | 340m | 40 blk/min
[802/984] ok Authors/Belloc/Atomized/The_Servile_State/Story_05_Section_Three_How_the_Servile_Institutio/part_03.md | blocks 13608 | 340m | 40 blk/min | 1 links to repair
[803/984] ok Authors/Belloc/Atomized/The_Servile_State/Story_06_Section_Four_How_the_Distributive_State/part_01.md | blocks 13623 | 342m | 40 blk/min
[804/984] ok Authors/Belloc/Atomized/The_Servile_State/Story_06_Section_Four_How_the_Distributive_State/part_02.md | blocks 13636 | 342m | 40 blk/min
[805/984] ok Authors/Belloc/Atomized/The_Servile_State/Story_06_Section_Four_How_the_Distributive_State/part_04.md | blocks 13645 | 342m | 40 blk/min
[806/984] ok Authors/Belloc/Atomized/The_Servile_State/Story_06_Section_Four_How_the_Distributive_State/part_03.md | blocks 13660 | 343m | 40 blk/min
[807/984] ok Authors/Belloc/Atomized/The_Servile_State/Story_06_Section_Four_How_the_Distributive_State/part_05.md | blocks 13676 | 344m | 40 blk/min | 1 links to repair
[808/984] ok Authors/Belloc/Atomized/The_Servile_State/Story_06_Section_Four_How_the_Distributive_State/part_07.md | blocks 13688 | 345m | 40 blk/min
[809/984] ok Authors/Belloc/Atomized/The_Servile_State/Story_06_Section_Four_How_the_Distributive_State/part_06.md | blocks 13703 | 345m | 40 blk/min
[810/984] ok Authors/Belloc/Atomized/The_Servile_State/Story_06_Section_Four_How_the_Distributive_State/part_08.md | blocks 13720 | 346m | 40 blk/min | 1 links to repair
[811/984] ok Authors/Belloc/Atomized/The_Servile_State/Story_06_Section_Four_How_the_Distributive_State/part_10.md | blocks 13731 | 347m | 40 blk/min
[812/984] ok Authors/Belloc/Atomized/The_Servile_State/Story_06_Section_Four_How_the_Distributive_State/part_09.md | blocks 13751 | 347m | 40 blk/min | 1 links to repair
[813/984] ok Authors/Belloc/Atomized/The_Servile_State/Story_06_Section_Four_How_the_Distributive_State/part_11.md | blocks 13767 | 347m | 40 blk/min
[814/984] ok Authors/Belloc/Atomized/The_Servile_State/Story_06_Section_Four_How_the_Distributive_State/part_12.md | blocks 13782 | 349m | 40 blk/min
[815/984] ok Authors/Belloc/Atomized/The_Servile_State/Story_06_Section_Four_How_the_Distributive_State/part_13.md | blocks 13801 | 349m | 40 blk/min
[816/984] ok Authors/Belloc/Atomized/The_Servile_State/Story_06_Section_Four_How_the_Distributive_State/part_15.md | blocks 13813 | 350m | 40 blk/min
[817/984] ok Authors/Belloc/Atomized/The_Servile_State/Story_06_Section_Four_How_the_Distributive_State/part_14.md | blocks 13828 | 350m | 40 blk/min | 1 links to repair
[818/984] ok Authors/Belloc/Atomized/The_Servile_State/Story_06_Section_Four_How_the_Distributive_State/part_16.md | blocks 13844 | 351m | 39 blk/min | 1 links to repair
[819/984] ok Authors/Belloc/Atomized/The_Servile_State/Story_06_Section_Four_How_the_Distributive_State/part_17.md | blocks 13865 | 352m | 39 blk/min
[820/984] ok Authors/Belloc/Atomized/The_Servile_State/Story_06_Section_Four_How_the_Distributive_State/part_18.md | blocks 13885 | 352m | 39 blk/min
[821/984] ok Authors/Belloc/Atomized/The_Servile_State/Story_06_Section_Four_How_the_Distributive_State/part_19.md | blocks 13904 | 353m | 39 blk/min
[822/984] ok Authors/Belloc/Atomized/The_Servile_State/Story_06_Section_Four_How_the_Distributive_State/part_20.md | blocks 13923 | 353m | 39 blk/min
[823/984] ok Authors/Belloc/Atomized/The_Servile_State/Story_06_Section_Four_How_the_Distributive_State/part_21.md | blocks 13943 | 354m | 39 blk/min | 1 links to repair
[824/984] ok Authors/Belloc/Atomized/The_Servile_State/Story_06_Section_Four_How_the_Distributive_State/part_22.md | blocks 13960 | 354m | 39 blk/min
[825/984] ok Authors/Belloc/Atomized/The_Two_Maps_of_Europe/Story_01_FOREWORD.md | blocks 13964 | 354m | 39 blk/min
[826/984] ok Authors/Belloc/Atomized/The_Servile_State/Story_06_Section_Four_How_the_Distributive_State/part_23.md | blocks 13975 | 355m | 39 blk/min
[827/984] ok Authors/Belloc/Atomized/The_Servile_State/Story_06_Section_Four_How_the_Distributive_State/part_24.md | blocks 13990 | 355m | 39 blk/min
[828/984] ok Authors/Belloc/Atomized/The_Two_Maps_of_Europe/Story_02_THE_TWO_MAPS_OF_EUROPE/part_01.md | blocks 14019 | 357m | 39 blk/min
[829/984] ok Authors/Belloc/Atomized/The_Servile_State/Story_06_Section_Four_How_the_Distributive_State/part_25.md | blocks 14049 | 357m | 39 blk/min
[830/984] ok Authors/Belloc/Atomized/The_Two_Maps_of_Europe/Story_02_THE_TWO_MAPS_OF_EUROPE/part_02.md | blocks 14064 | 357m | 39 blk/min
[831/984] ok Authors/Belloc/Atomized/The_Two_Maps_of_Europe/Story_02_THE_TWO_MAPS_OF_EUROPE/part_03.md | blocks 14101 | 358m | 39 blk/min
[832/984] ok Authors/Belloc/Atomized/The_Two_Maps_of_Europe/Story_02_THE_TWO_MAPS_OF_EUROPE/part_05.md | blocks 14118 | 358m | 39 blk/min
[833/984] ok Authors/Belloc/Atomized/The_Two_Maps_of_Europe/Story_02_THE_TWO_MAPS_OF_EUROPE/part_04.md | blocks 14145 | 359m | 39 blk/min
[834/984] ok Authors/Belloc/Atomized/The_Two_Maps_of_Europe/Story_03_NUMBERS_IN_WAR/part_01.md | blocks 14166 | 360m | 39 blk/min
[835/984] ok Authors/Belloc/Atomized/The_Two_Maps_of_Europe/Story_03_NUMBERS_IN_WAR/part_02.md | blocks 14184 | 360m | 39 blk/min
[836/984] ok Authors/Belloc/Atomized/The_Two_Maps_of_Europe/Story_03_NUMBERS_IN_WAR/part_03.md | blocks 14205 | 361m | 39 blk/min
[837/984] ok Authors/Belloc/Atomized/The_Two_Maps_of_Europe/Story_03_NUMBERS_IN_WAR/part_05.md | blocks 14214 | 361m | 39 blk/min
[838/984] ok Authors/Belloc/Atomized/The_Two_Maps_of_Europe/Story_03_NUMBERS_IN_WAR/part_04.md | blocks 14238 | 362m | 39 blk/min
[839/984] ok Authors/Belloc/Atomized/The_Two_Maps_of_Europe/Story_04_SUPPLY/part_01.md | blocks 14259 | 363m | 39 blk/min
[840/984] ok Authors/Belloc/Atomized/The_Two_Maps_of_Europe/Story_04_SUPPLY/part_02.md | blocks 14272 | 363m | 39 blk/min
[841/984] ok Authors/Belloc/Atomized/The_Two_Maps_of_Europe/Story_04_SUPPLY/part_04.md | blocks 14280 | 363m | 39 blk/min
[842/984] ok Authors/Belloc/Atomized/The_Two_Maps_of_Europe/Story_04_SUPPLY/part_03.md | blocks 14296 | 363m | 39 blk/min
[843/984] ok Authors/Belloc/Atomized/The_Two_Maps_of_Europe/Story_05_WAR_TO_DAY_AND_YESTERDAY/part_02.md | blocks 14310 | 365m | 39 blk/min
[844/984] ok Authors/Belloc/Atomized/The_Two_Maps_of_Europe/Story_05_WAR_TO_DAY_AND_YESTERDAY/part_01.md | blocks 14333 | 366m | 39 blk/min
[845/984] ok Authors/Belloc/Atomized/The_Two_Maps_of_Europe/Story_05_WAR_TO_DAY_AND_YESTERDAY/part_04.md | blocks 14348 | 366m | 39 blk/min
[846/984] ok Authors/Belloc/Atomized/The_Two_Maps_of_Europe/Story_05_WAR_TO_DAY_AND_YESTERDAY/part_03.md | blocks 14368 | 366m | 39 blk/min
[847/984] ok Authors/Belloc/Atomized/The_Two_Maps_of_Europe/Story_07_WHAT_THE_WAR_HAS_TAUGHT_US.md | blocks 14373 | 366m | 39 blk/min
[848/984] ok Authors/Belloc/Atomized/The_Two_Maps_of_Europe/Story_06_WHAT_TO_BELIEVE_IN_WAR_NEWS/part_01.md | blocks 14395 | 368m | 39 blk/min
[849/984] ok Authors/Belloc/Atomized/The_Two_Maps_of_Europe/Story_08_THE_POINTS_AT_ISSUE.md | blocks 14422 | 368m | 39 blk/min
[850/984] ok Authors/Belloc/Atomized/The_Two_Maps_of_Europe/Story_06_WHAT_TO_BELIEVE_IN_WAR_NEWS/part_03.md | blocks 14436 | 368m | 39 blk/min
[851/984] ok Authors/Belloc/Atomized/The_Two_Maps_of_Europe/Story_06_WHAT_TO_BELIEVE_IN_WAR_NEWS/part_02.md | blocks 14451 | 368m | 39 blk/min
[852/984] ok Authors/Belloc/Atomized/This_and_That_and_the_Other/Story_01_PREFACE_TO_THE_READER.md | blocks 14460 | 369m | 39 blk/min
[853/984] ok Authors/Belloc/Atomized/The_Two_Maps_of_Europe/Story_10_THE_POLITICAL_RESULTS.md | blocks 14472 | 369m | 39 blk/min
[854/984] ok Authors/Belloc/Atomized/The_Two_Maps_of_Europe/Story_09_LESSONS_WE_HAVE_LEARNT.md | blocks 14501 | 371m | 39 blk/min
[855/984] ok Authors/Belloc/Atomized/This_and_That_and_the_Other/Story_02_AN_OPEN_LETTER_TO_A_YOUNG_DIPLOMATIST.md | blocks 14526 | 371m | 39 blk/min
[856/984] ok Authors/Belloc/Atomized/This_and_That_and_the_Other/Story_03_ON_PEDANTS.md | blocks 14545 | 372m | 39 blk/min | 1 links to repair
REJECT Authors/Belloc/Atomized/This_and_That_and_the_Other/Story_04_ON_ATHEISM.md: leftover mask token(s): 2 (e.g. [[L02..)
[858/984] ok Authors/Belloc/Atomized/This_and_That_and_the_Other/Story_05_ON_FAME.md | blocks 14557 | 373m | 39 blk/min
[859/984] ok Authors/Belloc/Atomized/This_and_That_and_the_Other/Story_06_ON_REST.md | blocks 14570 | 373m | 39 blk/min
REJECT Authors/Belloc/Atomized/This_and_That_and_the_Other/Story_07_ON_DISCOVERY.md: leftover mask token(s): 1 (e.g. [[L01..)
[861/984] ok Authors/Belloc/Atomized/This_and_That_and_the_Other/Story_09_ON_ROWS.md | blocks 14587 | 375m | 39 blk/min
[862/984] ok Authors/Belloc/Atomized/This_and_That_and_the_Other/Story_10_THE_PLEASANT_PLACE/part_01.md | blocks 14608 | 376m | 39 blk/min
[863/984] ok Authors/Belloc/Atomized/This_and_That_and_the_Other/Story_08_ON_INNS.md | blocks 14638 | 376m | 39 blk/min
[864/984] ok Authors/Belloc/Atomized/This_and_That_and_the_Other/Story_10_THE_PLEASANT_PLACE/part_02.md | blocks 14669 | 377m | 39 blk/min | 1 links to repair
[865/984] ok Authors/Belloc/Atomized/This_and_That_and_the_Other/Story_10_THE_PLEASANT_PLACE/part_03.md | blocks 14694 | 378m | 39 blk/min
[866/984] ok Authors/Belloc/Atomized/This_and_That_and_the_Other/Story_11_ON_OMENS.md | blocks 14711 | 378m | 39 blk/min
[867/984] ok Authors/Belloc/Atomized/This_and_That_and_the_Other/Story_12_THE_BOOK/part_01.md | blocks 14727 | 379m | 39 blk/min
[868/984] ok Authors/Belloc/Atomized/This_and_That_and_the_Other/Story_13_THE_SERVANTS_OF_THE_RICH.md | blocks 14746 | 381m | 39 blk/min
[869/984] ok Authors/Belloc/Atomized/This_and_That_and_the_Other/Story_12_THE_BOOK/part_02.md | blocks 14779 | 381m | 39 blk/min
[870/984] ok Authors/Belloc/Atomized/This_and_That_and_the_Other/Story_15_THE_SPY.md | blocks 14810 | 381m | 39 blk/min
[871/984] ok Authors/Belloc/Atomized/This_and_That_and_the_Other/Story_16_THE_YOUNG_PEOPLE.md | blocks 14827 | 383m | 39 blk/min
[872/984] ok Authors/Belloc/Atomized/This_and_That_and_the_Other/Story_17_ETHANDUNE.md | blocks 14849 | 383m | 39 blk/min
REJECT Authors/Belloc/Atomized/This_and_That_and_the_Other/Story_14_THE_JOKE.md: leftover mask token(s): 1 (e.g. [[L02..)
[874/984] ok Authors/Belloc/Atomized/This_and_That_and_the_Other/Story_18_THE_DEATH_OF_ROBERT_THE_STRONG.md | blocks 14869 | 385m | 39 blk/min
[875/984] ok Authors/Belloc/Atomized/This_and_That_and_the_Other/Story_19_THE_CROOKED_STREETS.md | blocks 14889 | 386m | 39 blk/min | 1 links to repair
[876/984] ok Authors/Belloc/Atomized/This_and_That_and_the_Other/Story_20_THE_PLACE_APART.md | blocks 14910 | 386m | 39 blk/min
[877/984] ok Authors/Belloc/Atomized/This_and_That_and_the_Other/Story_21_THE_EBRO_PLAIN.md | blocks 14924 | 386m | 39 blk/min
[878/984] ok Authors/Belloc/Atomized/This_and_That_and_the_Other/Story_22_THE_LITTLE_RIVER.md | blocks 14939 | 388m | 38 blk/min | 1 links to repair
[879/984] ok Authors/Belloc/Atomized/This_and_That_and_the_Other/Story_25_ON_LYING.md | blocks 14953 | 388m | 38 blk/min | 1 links to repair
[880/984] ok Authors/Belloc/Atomized/This_and_That_and_the_Other/Story_24_ON_ACQUAINTANCE_WITH_THE_GREAT.md | blocks 14977 | 389m | 39 blk/min
[881/984] ok Authors/Belloc/Atomized/This_and_That_and_the_Other/Story_23_SOME_LETTERS_OF_SHAKESPEARES_TIME.md | blocks 15040 | 390m | 39 blk/min
[882/984] ok Authors/Belloc/Atomized/This_and_That_and_the_Other/Story_27_THE_LOVE_OF_ENGLAND.md | blocks 15051 | 390m | 39 blk/min | 1 links to repair
[883/984] ok Authors/Belloc/Atomized/This_and_That_and_the_Other/Story_26_THE_DUPE.md | blocks 15065 | 391m | 39 blk/min | 1 links to repair
[884/984] ok Authors/Belloc/Atomized/This_and_That_and_the_Other/Story_28_THE_STORM.md | blocks 15080 | 392m | 39 blk/min | 1 links to repair
[885/984] ok Authors/Belloc/Atomized/This_and_That_and_the_Other/Story_29_THE_VALLEY.md | blocks 15105 | 393m | 38 blk/min
[886/984] ok Authors/Belloc/Atomized/This_and_That_and_the_Other/Story_31_PARIS_AND_THE_EAST.md | blocks 15126 | 393m | 38 blk/min | 1 links to repair
[887/984] ok Authors/Belloc/Atomized/This_and_That_and_the_Other/Story_30_A_CONVERSATION_IN_ANDORRA.md | blocks 15196 | 395m | 39 blk/min
[888/984] ok Authors/Belloc/Atomized/This_and_That_and_the_Other/Story_32_THE_HUMAN_CHARLATAN.md | blocks 15219 | 395m | 39 blk/min
[889/984] ok Authors/Belloc/Atomized/This_and_That_and_the_Other/Story_33_THE_BARBARIANS.md | blocks 15252 | 396m | 38 blk/min | 1 links to repair
[890/984] ok Authors/Belloc/Atomized/This_and_That_and_the_Other/Story_34_ON_KNOWING_THE_PAST.md | blocks 15275 | 397m | 38 blk/min
REJECT Authors/Belloc/Atomized/This_and_That_and_the_Other/Story_36_THE_FANATIC.md: leftover mask token(s): 1 (e.g. [[L02..)
[892/984] ok Authors/Belloc/Atomized/This_and_That_and_the_Other/Story_37_A_LEADING_ARTICLE.md | blocks 15285 | 399m | 38 blk/min
[893/984] ok Authors/Belloc/Atomized/This_and_That_and_the_Other/Story_35_THE_HIGHER_CRITICISM.md | blocks 15324 | 400m | 38 blk/min
[894/984] ok Authors/Belloc/Atomized/This_and_That_and_the_Other/Story_38_THE_OBITUARY_NOTICE.md | blocks 15342 | 400m | 38 blk/min
[895/984] ok Authors/Belloc/Atomized/This_and_That_and_the_Other/Story_39_THE_MERRY_ROME_COLUMN.md | blocks 15356 | 400m | 38 blk/min
[896/984] ok Authors/Belloc/Atomized/Verses/Story_01_A_DEDICATION_WITH_THIS_BOOK_OF_VERSE.md | blocks 15367 | 400m | 38 blk/min
[897/984] ok Authors/Belloc/Atomized/This_and_That_and_the_Other/Story_40_OPEN_LETTER_TO_A_YOUNG_PARASITE.md | blocks 15387 | 402m | 38 blk/min
[898/984] ok Authors/Belloc/Atomized/Verses/Story_02_INTRODUCTION_by_Joyce_Kilmer/part_02.md | blocks 15408 | 402m | 38 blk/min
[899/984] ok Authors/Belloc/Atomized/Verses/Story_03_TO_DIVES.md | blocks 15459 | 402m | 38 blk/min
[900/984] ok Authors/Belloc/Atomized/Verses/Story_02_INTRODUCTION_by_Joyce_Kilmer/part_01.md | blocks 15476 | 403m | 38 blk/min
[901/984] ok Authors/Belloc/Atomized/Verses/Story_05_THE_SOUTH_COUNTRY.md | blocks 15539 | 403m | 39 blk/min
[902/984] ok Authors/Belloc/Atomized/Verses/Story_04_STANZAS_WRITTEN_ON_BATTERSEA_BRIDGE_DURI.md | blocks 15586 | 403m | 39 blk/min
[903/984] ok Authors/Belloc/Atomized/Verses/Story_06_THE_FANATIC.md | blocks 15663 | 403m | 39 blk/min
[904/984] ok Authors/Belloc/Atomized/Verses/Story_08_THE_EARLY_MORNING.md | blocks 15670 | 403m | 39 blk/min
[905/984] ok Authors/Belloc/Atomized/Verses/Story_09_THE_BIRDS.md | blocks 15683 | 403m | 39 blk/min
[906/984] ok Authors/Belloc/Atomized/Verses/Story_07_NOEL.md | blocks 15719 | 403m | 39 blk/min | 2 links to repair
[907/984] ok Authors/Belloc/Atomized/Verses/Story_10_OUR_LORD_AND_OUR_LADY.md | blocks 15746 | 403m | 39 blk/min
[908/984] ok Authors/Belloc/Atomized/Verses/Story_11_IN_A_BOAT.md | blocks 15777 | 403m | 39 blk/min
[909/984] ok Authors/Belloc/Atomized/Verses/Story_12_COURTESY.md | blocks 15807 | 403m | 39 blk/min
[910/984] ok Authors/Belloc/Atomized/This_and_That_and_the_Other/Story_41_ON_DROPPING_ANCHOR.md | blocks 15833 | 403m | 39 blk/min | 1 links to repair
[911/984] ok Authors/Belloc/Atomized/Verses/Story_14_THE_LEADER.md | blocks 15872 | 403m | 39 blk/min
[912/984] ok Authors/Belloc/Atomized/Verses/Story_15_A_BIVOUAC.md | blocks 15891 | 403m | 39 blk/min
REJECT Authors/Belloc/Atomized/Verses/Story_13_THE_NIGHT.md: leftover mask token(s): 1 (e.g. [[L01..)
[914/984] ok Authors/Belloc/Atomized/Verses/Story_16_TO_THE_BALLIOL_MEN_STILL_IN_AFRICA.md | blocks 15930 | 403m | 40 blk/min
[915/984] ok Authors/Belloc/Atomized/Verses/Story_18_THE_REBEL.md | blocks 15968 | 403m | 40 blk/min
[916/984] ok Authors/Belloc/Atomized/Verses/Story_20_SONG.md | blocks 15988 | 403m | 40 blk/min
[917/984] ok Authors/Belloc/Atomized/Verses/Story_21_THE_RING.md | blocks 16009 | 403m | 40 blk/min
[918/984] ok Authors/Belloc/Atomized/Verses/Story_19_THE_PROPHET_LOST_IN_THE_HILLS_AT_EVENING.md | blocks 16041 | 403m | 40 blk/min
[919/984] ok Authors/Belloc/Atomized/Verses/Story_22_CUCKOO.md | blocks 16063 | 403m | 40 blk/min
[920/984] ok Authors/Belloc/Atomized/Verses/Story_17_VERSES_TO_A_LORD.md | blocks 16092 | 403m | 40 blk/min
[921/984] ok Authors/Belloc/Atomized/Verses/Story_24_THE_LITTLE_SERVING_MAID.md | blocks 16144 | 403m | 40 blk/min
[922/984] ok Authors/Belloc/Atomized/Verses/Story_25_THE_END_OF_THE_ROAD.md | blocks 16181 | 403m | 40 blk/min
[923/984] ok Authors/Belloc/Atomized/Verses/Story_26_AUVERGNAT.md | blocks 16200 | 403m | 40 blk/min
[924/984] ok Authors/Belloc/Atomized/Verses/Story_27_DRINKING_SONG.md | blocks 16225 | 403m | 40 blk/min
[925/984] ok Authors/Belloc/Atomized/Verses/Story_29_ENVOI.md | blocks 16232 | 403m | 40 blk/min
[926/984] ok Authors/Belloc/Atomized/Verses/Story_23_THE_MIRROR.md | blocks 16243 | 403m | 40 blk/min
[927/984] ok Authors/Belloc/Atomized/Verses/Story_28_DRINKING_DIRGE.md | blocks 16270 | 403m | 40 blk/min
[928/984] ok Authors/Belloc/Atomized/Verses/Story_31_A_BALLAD_ON_SOCIOLOGICAL_ECONOMICS.md | blocks 16293 | 403m | 40 blk/min
[929/984] ok Authors/Belloc/Atomized/Verses/Story_32_AN_ORACLE.md | blocks 16314 | 403m | 40 blk/min
[930/984] ok Authors/Belloc/Atomized/Verses/Story_33_HERETICS_ALL.md | blocks 16333 | 403m | 41 blk/min
[931/984] ok Authors/Belloc/Atomized/Verses/Story_30_WEST_SUSSEX_DRINKING_SONG.md | blocks 16366 | 403m | 41 blk/min
[932/984] ok Authors/Belloc/Atomized/Verses/Story_36_DEDICATION_ON_THE_GIFT_OF_A_BOOK_TO_A_CH.md | blocks 16385 | 403m | 41 blk/min
[933/984] ok Authors/Belloc/Atomized/Verses/Story_34_THE_DEATH_AND_LAST_CONFESSION_OF_WANDERI.md | blocks 16428 | 403m | 41 blk/min
[934/984] ok Authors/Belloc/Atomized/Verses/Story_38_HOMAGE.md | blocks 16443 | 403m | 41 blk/min
[935/984] ok Authors/Belloc/Atomized/Verses/Story_37_DEDICATION_OF_A_CHILDS_BOOK_OF_IMAGINARY.md | blocks 16452 | 403m | 41 blk/min
[936/984] ok Authors/Belloc/Atomized/Verses/Story_40_THE_MOONS_FUNERAL.md | blocks 16481 | 403m | 41 blk/min
[937/984] ok Authors/Belloc/Atomized/Verses/Story_35_DEDICATORY_ODE.md | blocks 16632 | 403m | 41 blk/min
[938/984] ok Authors/Belloc/Atomized/Verses/Story_41_THE_HAPPY_JOURNALIST.md | blocks 16663 | 403m | 41 blk/min | 1 links to repair
[939/984] ok Authors/Belloc/Atomized/Verses/Story_42_LINES_TO_A_DON.md | blocks 16725 | 403m | 41 blk/min
[940/984] ok Authors/Belloc/Atomized/Verses/Story_44_THE_YELLOW_MUSTARD.md | blocks 16748 | 403m | 42 blk/min
[941/984] ok Authors/Belloc/Atomized/Verses/Story_45_ON_HYGIENE.md | blocks 16755 | 404m | 42 blk/min
[942/984] ok Authors/Belloc/Atomized/Verses/Story_39_FILLE_LA_HAINE.md | blocks 16776 | 404m | 42 blk/min
[943/984] ok Authors/Belloc/Atomized/Verses/Story_46_THE_FALSE_HEART.md | blocks 16785 | 404m | 42 blk/min
[944/984] ok Authors/Belloc/Atomized/Verses/Story_43_NEWDIGATE_POEM.md | blocks 16891 | 404m | 42 blk/min
[945/984] ok Authors/Belloc/Atomized/Verses/Story_48_THE_POLITICIAN_OR_THE_IRISH_EARLDOM.md | blocks 16938 | 404m | 42 blk/min
[946/984] ok Authors/Belloc/Atomized/Verses/Story_49_SHORT_BALLAD_AND_POSTSCRIPT_ON_CONSOLS.md | blocks 16986 | 404m | 42 blk/min
[947/984] ok Authors/Belloc/Atomized/Verses_and_Sonnets/Story_02_HOMAGE.md | blocks 17001 | 404m | 42 blk/min
[948/984] ok Authors/Belloc/Atomized/Verses_and_Sonnets/Story_03_CUCKOO.md | blocks 17023 | 404m | 42 blk/min
[949/984] ok Authors/Belloc/Atomized/Verses/Story_02_INTRODUCTION_by_Joyce_Kilmer/part_03.md | blocks 17042 | 404m | 42 blk/min
REJECT Authors/Belloc/Atomized/Verses_and_Sonnets/Story_01_VERSES.md: leftover mask token(s): 1 (e.g. [[L01..)
[951/984] ok Authors/Belloc/Atomized/Verses/Story_47_SONNET_UPON_GOD_THE_WINE_GIVER.md | blocks 17060 | 404m | 42 blk/min
[952/984] ok Authors/Belloc/Atomized/Verses_and_Sonnets/Story_04_SONNETS.md | blocks 17077 | 404m | 42 blk/min | 1 links to repair
[953/984] ok Authors/Belloc/Atomized/Verses_and_Sonnets/Story_06_LOVE_AND_HONOUR.md | blocks 17094 | 404m | 42 blk/min
[954/984] ok Authors/Belloc/Atomized/Verses_and_Sonnets/Story_05_HER_YOUTH.md | blocks 17111 | 404m | 42 blk/min
[955/984] ok Authors/Belloc/Atomized/Verses_and_Sonnets/Story_07_HER_MUSIC.md | blocks 17128 | 404m | 42 blk/min
[956/984] ok Authors/Belloc/Atomized/Verses_and_Sonnets/Story_08_HER_FAITH.md | blocks 17145 | 404m | 42 blk/min | 1 links to repair
[957/984] ok Authors/Belloc/Atomized/Verses_and_Sonnets/Story_09_HER_GIFT_IN_A_GARDEN.md | blocks 17162 | 404m | 42 blk/min
[958/984] ok Authors/Belloc/Atomized/Verses_and_Sonnets/Story_12_GROTESQUES.md | blocks 17198 | 404m | 43 blk/min | 1 links to repair
[959/984] ok Authors/Belloc/Atomized/Verses_and_Sonnets/Story_10_THE_CHECK.md | blocks 17215 | 404m | 43 blk/min
[960/984] ok Authors/Belloc/Atomized/Verses_and_Sonnets/Story_11_THE_POOR_OF_LONDON.md | blocks 17232 | 405m | 43 blk/min
[961/984] ok Authors/Belloc/Atomized/Verses_and_Sonnets/Story_16_FILLE_LA_HAINE.md | blocks 17253 | 405m | 43 blk/min
[962/984] ok Authors/Belloc/Atomized/Verses_and_Sonnets/Story_14_AUVERGNAT.md | blocks 17272 | 405m | 43 blk/min
[963/984] ok Authors/Belloc/Atomized/Verses_and_Sonnets/Story_13_THE_EARLY_MORNING.md | blocks 17279 | 405m | 43 blk/min | 1 links to repair
[964/984] ok Authors/Belloc/Atomized/Verses_and_Sonnets/Story_17_THE_MOONS_FUNERAL.md | blocks 17308 | 405m | 43 blk/min
[965/984] ok Authors/Belloc/Atomized/Verses_and_Sonnets/Story_15_THE_WORLDS_END.md | blocks 17331 | 405m | 43 blk/min
[966/984] ok Authors/Belloc/Atomized/Verses_and_Sonnets/Story_20_ON_SLOP_A_POET.md | blocks 17338 | 405m | 43 blk/min
[967/984] ok Authors/Belloc/Atomized/Verses_and_Sonnets/Story_19_EPIGRAMS.md | blocks 17347 | 405m | 43 blk/min
[968/984] ok Authors/Belloc/Atomized/Verses_and_Sonnets/Story_21_ON_TORTURE_A_SINGER.md | blocks 17354 | 405m | 43 blk/min
[969/984] ok Authors/Belloc/Atomized/Verses_and_Sonnets/Story_23_ON_PAUNCH_A_PARASITE.md | blocks 17361 | 405m | 43 blk/min
[970/984] ok Authors/Belloc/Atomized/Verses_and_Sonnets/Story_24_ON_PUGLEY_A_DON.md | blocks 17366 | 405m | 43 blk/min
[971/984] ok Authors/Belloc/Atomized/Verses_and_Sonnets/Story_18_THE_JUSTICE_OF_THE_PEACE.md | blocks 17387 | 405m | 43 blk/min
Exception in thread Thread-3:
Traceback (most recent call last):
  File "/Library/Developer/CommandLineTools/Library/Frameworks/Python3.framework/Versions/3.9/lib/python3.9/threading.py", line 973, in _bootstrap_inner
    self.run()
  File "/Library/Developer/CommandLineTools/Library/Frameworks/Python3.framework/Versions/3.9/lib/python3.9/threading.py", line 910, in run
    self._target(*self._args, **self._kwargs)
  File "/Users/g.borghi/Library/CloudStorage/Dropbox/insegnamento/Wiligelmo/SubjectBrain/English/quartz-eng-lit/scripts/translate/run_dickens_hy.py", line 208, in worker
    q.task_done()
  File "/Library/Developer/CommandLineTools/Library/Frameworks/Python3.framework/Versions/3.9/lib/python3.9/queue.py", line 75, in task_done
    raise ValueError('task_done() called too many times')
ValueError: task_done() called too many times
[972/984] ok Authors/Belloc/Atomized/Verses_and_Sonnets/Story_22_ON_SUBTLE_A_REVIEWER.md | blocks 17396 | 405m | 43 blk/min
Exception in thread Thread-1:
Traceback (most recent call last):
  File "/Library/Developer/CommandLineTools/Library/Frameworks/Python3.framework/Versions/3.9/lib/python3.9/threading.py", line 973, in _bootstrap_inner
    self.run()
  File "/Library/Developer/CommandLineTools/Library/Frameworks/Python3.framework/Versions/3.9/lib/python3.9/threading.py", line 910, in run
    self._target(*self._args, **self._kwargs)
  File "/Users/g.borghi/Library/CloudStorage/Dropbox/insegnamento/Wiligelmo/SubjectBrain/English/quartz-eng-lit/scripts/translate/run_dickens_hy.py", line 208, in worker
    q.task_done()
  File "/Library/Developer/CommandLineTools/Library/Frameworks/Python3.framework/Versions/3.9/lib/python3.9/queue.py", line 75, in task_done
    raise ValueError('task_done() called too many times')
ValueError: task_done() called too many times
[973/984] ok Authors/Belloc/Atomized/Verses_and_Sonnets/Story_25_SONNETS_OF_THE_TWELVE_MONTHS.md | blocks 17413 | 405m | 43 blk/min
Exception in thread Thread-2:
Traceback (most recent call last):
  File "/Library/Developer/CommandLineTools/Library/Frameworks/Python3.framework/Versions/3.9/lib/python3.9/threading.py", line 973, in _bootstrap_inner
    self.run()
  File "/Library/Developer/CommandLineTools/Library/Frameworks/Python3.framework/Versions/3.9/lib/python3.9/threading.py", line 910, in run
    self._target(*self._args, **self._kwargs)
  File "/Users/g.borghi/Library/CloudStorage/Dropbox/insegnamento/Wiligelmo/SubjectBrain/English/quartz-eng-lit/scripts/translate/run_dickens_hy.py", line 208, in worker
    q.task_done()
  File "/Library/Developer/CommandLineTools/Library/Frameworks/Python3.framework/Versions/3.9/lib/python3.9/queue.py", line 75, in task_done
    raise ValueError('task_done() called too many times')
ValueError: task_done() called too many times
[974/984] ok Authors/Belloc/Atomized/Verses_and_Sonnets/Story_26_FEBRUARY.md | blocks 17430 | 405m | 43 blk/min | 1 links to repair
Exception in thread Thread-4:
Traceback (most recent call last):
  File "/Library/Developer/CommandLineTools/Library/Frameworks/Python3.framework/Versions/3.9/lib/python3.9/threading.py", line 973, in _bootstrap_inner
    self.run()
  File "/Library/Developer/CommandLineTools/Library/Frameworks/Python3.framework/Versions/3.9/lib/python3.9/threading.py", line 910, in run
    self._target(*self._args, **self._kwargs)
  File "/Users/g.borghi/Library/CloudStorage/Dropbox/insegnamento/Wiligelmo/SubjectBrain/English/quartz-eng-lit/scripts/translate/run_dickens_hy.py", line 208, in worker
    q.task_done()
  File "/Library/Developer/CommandLineTools/Library/Frameworks/Python3.framework/Versions/3.9/lib/python3.9/queue.py", line 75, in task_done
    raise ValueError('task_done() called too many times')
ValueError: task_done() called too many times

DONE: 959 written, 15 failed, cache 117541 blocks, 405m
2026-08-01 18:17:29 [orch] === END Belloc (rc=0) ===
2026-08-01 18:17:29 [orch] === START Conan_Doyle ===
### author run: Conan_Doyle
### HY Dickens run | model=hy-mt1.5-7b host=http://localhost:1234 | workers=4 | pending atoms=1030
cache warm with 117541 blocks
FAIL Authors/Conan_Doyle/Atomized/A_DUET/Chapter_04_THE_OVERTURE_CONCLUDED.md: HY call failed: <HTTPError 400: 'Bad Request'>
FAIL Authors/Conan_Doyle/Atomized/A_DUET/Chapter_03_THE_OVERTURE_CONTINUED_IN_A_MI.md: HY call failed: <HTTPError 400: 'Bad Request'>
FAIL Authors/Conan_Doyle/Atomized/A_DUET/Chapter_02_THE_OVERTURE_ABOUT_THAT_DATE.md: HY call failed: <HTTPError 400: 'Bad Request'>
FAIL Authors/Conan_Doyle/Atomized/A_DUET/Chapter_01_THE_TRIO.md: HY call failed: <HTTPError 400: 'Bad Request'>
FAIL Authors/Conan_Doyle/Atomized/A_DUET/Chapter_05_THE_TWO_SOLOS.md: HY call failed: <HTTPError 400: 'Bad Request'>
FAIL Authors/Conan_Doyle/Atomized/A_DUET/Chapter_07_TWO_SOLOS_AND_A_DUET.md: HY call failed: <HTTPError 400: 'Bad Request'>
FAIL Authors/Conan_Doyle/Atomized/A_DUET/Chapter_06_IN_BRITAINS_VALHALLA.md: HY call failed: <HTTPError 400: 'Bad Request'>
FAIL Authors/Conan_Doyle/Atomized/A_DUET/Chapter_08_KEEPING_UP_APPEARANCES.md: HY call failed: <HTTPError 400: 'Bad Request'>
FAIL Authors/Conan_Doyle/Atomized/A_DUET/Chapter_09_THE_HOME_COMING.md: HY call failed: <HTTPError 400: 'Bad Request'>
FAIL Authors/Conan_Doyle/Atomized/A_DUET/Chapter_11_CONFESSIONS.md: HY call failed: <HTTPError 400: 'Bad Request'>
FAIL Authors/Conan_Doyle/Atomized/A_DUET/Chapter_10_LAYING_A_COURSE.md: HY call failed: <HTTPError 400: 'Bad Request'>
FAIL Authors/Conan_Doyle/Atomized/A_DUET/Chapter_12_CONCERNING_MRS_BEETON.md: HY call failed: <HTTPError 400: 'Bad Request'>
FAIL Authors/Conan_Doyle/Atomized/A_DUET/Chapter_14_A_VISIT_TO_MR_SAMUEL_PEPYS.md: tower failed after 3 tries: <HTTPError 400: 'Bad Request'>
FAIL Authors/Conan_Doyle/Atomized/A_DUET/Chapter_15_TROUBLE.md: HY call failed: <HTTPError 400: 'Bad Request'>
[15/1030] ok Authors/Conan_Doyle/Atomized/A_DUET/Chapter_13_MR_SAMUEL_PEPYS.md | blocks 3 | 6m | 1 blk/min
FAIL Authors/Conan_Doyle/Atomized/A_DUET/Chapter_16_A_RESCUE.md: HY call failed: <HTTPError 400: 'Bad Request'>
FAIL Authors/Conan_Doyle/Atomized/A_DUET/Chapter_18_AN_INVESTMENT.md: tower failed after 3 tries: <HTTPError 400: 'Bad Request'>
FAIL Authors/Conan_Doyle/Atomized/A_DUET/Chapter_17_THE_BROWNING_SOCIETY.md: HY call failed: <HTTPError 400: 'Bad Request'>
FAIL Authors/Conan_Doyle/Atomized/A_DUET/Chapter_19_A_THUNDERCLOUD.md: HY call failed: <HTTPError 400: 'Bad Request'>
FAIL Authors/Conan_Doyle/Atomized/A_DUET/Chapter_22_THE_LAST_NOTE_OF_THE_DUET.md: tower failed after 3 tries: <HTTPError 400: 'Bad Request'>
FAIL Authors/Conan_Doyle/Atomized/A_DUET/Chapter_20_DANGER.md: HY call failed: <HTTPError 400: 'Bad Request'>
FAIL Authors/Conan_Doyle/Atomized/A_DUET/Chapter_23_THE_TRIO.md: HY call failed: <HTTPError 400: 'Bad Request'>
FAIL Authors/Conan_Doyle/Atomized/A_DUET/Chapter_21_NO_5_CHEYNE_ROW.md: HY call failed: <HTTPError 400: 'Bad Request'>
FAIL Authors/Conan_Doyle/Atomized/A_STUDY_IN_SCARLET/Chapter_02_THE_SCIENCE_OF_DEDUCTION.md: HY call failed: <HTTPError 400: 'Bad Request'>
FAIL Authors/Conan_Doyle/Atomized/A_STUDY_IN_SCARLET/Chapter_04_WHAT_JOHN_RANCE_HAD_TO_TELL.md: tower failed after 3 tries: <HTTPError 400: 'Bad Request'>
FAIL Authors/Conan_Doyle/Atomized/A_STUDY_IN_SCARLET/Chapter_01.md: HY call failed: <HTTPError 400: 'Bad Request'>
FAIL Authors/Conan_Doyle/Atomized/A_STUDY_IN_SCARLET/Chapter_03_THE_LAURISTON_GARDEN_MYSTERY.md: tower failed after 3 tries: <HTTPError 400: 'Bad Request'>
FAIL Authors/Conan_Doyle/Atomized/A_STUDY_IN_SCARLET/Chapter_08.md: HY call failed: <HTTPError 400: 'Bad Request'>
FAIL Authors/Conan_Doyle/Atomized/A_STUDY_IN_SCARLET/Chapter_07_LIGHT_IN_THE_DARKNESS.md: HY call failed: <HTTPError 400: 'Bad Request'>
FAIL Authors/Conan_Doyle/Atomized/A_STUDY_IN_SCARLET/Chapter_06_TOBIAS_GREGSON_SHOWS_WHAT_HE_C.md: HY call failed: <HTTPError 400: 'Bad Request'>
FAIL Authors/Conan_Doyle/Atomized/A_STUDY_IN_SCARLET/Chapter_05_OUR_ADVERTISEMENT_BRINGS_A_VIS.md: HY call failed: <HTTPError 400: 'Bad Request'>
FAIL Authors/Conan_Doyle/Atomized/A_STUDY_IN_SCARLET/Chapter_10_THE_FLOWER_OF_UTAH.md: HY call failed: <HTTPError 400: 'Bad Request'>
FAIL Authors/Conan_Doyle/Atomized/A_STUDY_IN_SCARLET/Chapter_12_A_FLIGHT_FOR_LIFE.md: HY call failed: <HTTPError 400: 'Bad Request'>
FAIL Authors/Conan_Doyle/Atomized/A_STUDY_IN_SCARLET/Chapter_11_JOHN_FERRIER_TALKS_WITH_THE_PR.md: HY call failed: <HTTPError 400: 'Bad Request'>
FAIL Authors/Conan_Doyle/Atomized/A_STUDY_IN_SCARLET/Chapter_09_ON_THE_GREAT_ALKALI_PLAIN.md: HY call failed: <HTTPError 400: 'Bad Request'>
FAIL Authors/Conan_Doyle/Atomized/A_VISIT_TO_THREE_FRONTS_JUNE_1916/Story_01_PREFACE.md: HY call failed: <HTTPError 400: 'Bad Request'>
FAIL Authors/Conan_Doyle/Atomized/A_STUDY_IN_SCARLET/Chapter_13_THE_AVENGING_ANGELS.md: HY call failed: <HTTPError 400: 'Bad Request'>
FAIL Authors/Conan_Doyle/Atomized/A_STUDY_IN_SCARLET/Chapter_14_A_CONTINUATION_OF_THE_REMINISC.md: HY call failed: <HTTPError 400: 'Bad Request'>
FAIL Authors/Conan_Doyle/Atomized/A_STUDY_IN_SCARLET/Chapter_15_THE_CONCLUSION.md: HY call failed: <HTTPError 400: 'Bad Request'>
FAIL Authors/Conan_Doyle/Atomized/A_VISIT_TO_THREE_FRONTS_JUNE_1916/Story_02_A_GLIMPSE_OF_THE_BRITISH_ARMY.md: HY call failed: <HTTPError 400: 'Bad Request'>
FAIL Authors/Conan_Doyle/Atomized/A_VISIT_TO_THREE_FRONTS_JUNE_1916/Story_03_A_GLIMPSE_OF_THE_ITALIAN_ARMY.md: HY call failed: <HTTPError 400: 'Bad Request'>
FAIL Authors/Conan_Doyle/Atomized/A_VISIT_TO_THREE_FRONTS_JUNE_1916/Story_04_A_GLIMPSE_OF_THE_FRENCH_LINE/part_01.md: HY call failed: <HTTPError 400: 'Bad Request'>
FAIL Authors/Conan_Doyle/Atomized/A_VISIT_TO_THREE_FRONTS_JUNE_1916/Story_04_A_GLIMPSE_OF_THE_FRENCH_LINE/part_02.md: HY call failed: <HTTPError 400: 'Bad Request'>
[44/1030] ok Authors/Conan_Doyle/Atomized/BEYOND_THE_CITY/Chapter_02_BREAKING_THE_ICE.md | blocks 6 | 18m | 0 blk/min
FAIL Authors/Conan_Doyle/Atomized/BEYOND_THE_CITY/Chapter_01.md: HY call failed: <HTTPError 400: 'Bad Request'>
FAIL Authors/Conan_Doyle/Atomized/BEYOND_THE_CITY/Chapter_03_DWELLERS_IN_THE_WILDERNESS.md: HY call failed: <HTTPError 400: 'Bad Request'>
FAIL Authors/Conan_Doyle/Atomized/BEYOND_THE_CITY/Chapter_04_A_SISTERS_SECRET.md: HY call failed: <HTTPError 400: 'Bad Request'>
FAIL Authors/Conan_Doyle/Atomized/BEYOND_THE_CITY/Chapter_06_AN_OLD_STORY.md: HY call failed: <HTTPError 400: 'Bad Request'>
FAIL Authors/Conan_Doyle/Atomized/BEYOND_THE_CITY/Chapter_05_A_NAVAL_CONQUEST.md: HY call failed: <HTTPError 400: 'Bad Request'>
FAIL Authors/Conan_Doyle/Atomized/BEYOND_THE_CITY/Chapter_07_VENIT_TANDEM_FELICITAS.md: HY call failed: <HTTPError 400: 'Bad Request'>
FAIL Authors/Conan_Doyle/Atomized/BEYOND_THE_CITY/Chapter_08_SHADOWS_BEFORE.md: HY call failed: <HTTPError 400: 'Bad Request'>
FAIL Authors/Conan_Doyle/Atomized/BEYOND_THE_CITY/Chapter_09_A_FAMILY_PLOT.md: HY call failed: <HTTPError 400: 'Bad Request'>
FAIL Authors/Conan_Doyle/Atomized/BEYOND_THE_CITY/Chapter_10_WOMEN_OF_THE_FUTURE.md: HY call failed: <HTTPError 400: 'Bad Request'>
FAIL Authors/Conan_Doyle/Atomized/BEYOND_THE_CITY/Chapter_11_A_BLOT_FROM_THE_BLUE.md: HY call failed: <HTTPError 400: 'Bad Request'>
FAIL Authors/Conan_Doyle/Atomized/BEYOND_THE_CITY/Chapter_12_FRIENDS_IN_NEED.md: tower failed after 3 tries: <HTTPError 400: 'Bad Request'>
FAIL Authors/Conan_Doyle/Atomized/BEYOND_THE_CITY/Chapter_14_EASTWARD_HO.md: HY call failed: <HTTPError 400: 'Bad Request'>
FAIL Authors/Conan_Doyle/Atomized/BEYOND_THE_CITY/Chapter_16_A_MIDNIGHT_VISITOR.md: tower failed after 3 tries: <HTTPError 400: 'Bad Request'>
FAIL Authors/Conan_Doyle/Atomized/BEYOND_THE_CITY/Chapter_13_IN_STRANGE_WATERS.md: HY call failed: <HTTPError 400: 'Bad Request'>
FAIL Authors/Conan_Doyle/Atomized/BEYOND_THE_CITY/Chapter_15_STILL_AMONG_SHOALS.md: HY call failed: <HTTPError 400: 'Bad Request'>
FAIL Authors/Conan_Doyle/Atomized/DANGER_AND_OTHER_STORIES/Story_01_DANGER_BEING_THE_LOG_OF_CAPTAIN_JOHN_SIR.md: HY call failed: <HTTPError 400: 'Bad Request'>
FAIL Authors/Conan_Doyle/Atomized/BEYOND_THE_CITY/Chapter_17_IN_PORT_AT_LAST.md: HY call failed: <HTTPError 400: 'Bad Request'>
FAIL Authors/Conan_Doyle/Atomized/DANGER_AND_OTHER_STORIES/Story_03_DANGER_STORY_III_A_POINT_OF_VIEW.md: HY call failed: <HTTPError 400: 'Bad Request'>
FAIL Authors/Conan_Doyle/Atomized/DANGER_AND_OTHER_STORIES/Story_02_DANGER_STORY_II_ONE_CROWDED_HOUR.md: HY call failed: <HTTPError 400: 'Bad Request'>
FAIL Authors/Conan_Doyle/Atomized/DANGER_AND_OTHER_STORIES/Story_04_DANGER_STORY_IV_THE_FALL_OF_LORD_BARRYMO/part_01.md: HY call failed: <HTTPError 400: 'Bad Request'>
FAIL Authors/Conan_Doyle/Atomized/DANGER_AND_OTHER_STORIES/Story_04_DANGER_STORY_IV_THE_FALL_OF_LORD_BARRYMO/part_02.md: HY call failed: <HTTPError 400: 'Bad Request'>
FAIL Authors/Conan_Doyle/Atomized/DANGER_AND_OTHER_STORIES/Story_04_DANGER_STORY_IV_THE_FALL_OF_LORD_BARRYMO/part_03.md: HY call failed: <HTTPError 400: 'Bad Request'>
FAIL Authors/Conan_Doyle/Atomized/DANGER_AND_OTHER_STORIES/Story_04_DANGER_STORY_IV_THE_FALL_OF_LORD_BARRYMO/part_04.md: HY call failed: <HTTPError 400: 'Bad Request'>
FAIL Authors/Conan_Doyle/Atomized/DANGER_AND_OTHER_STORIES/Story_04_DANGER_STORY_IV_THE_FALL_OF_LORD_BARRYMO/part_06 (DESKTOP-L2KS9QK's conflicted copy 2026-07-31).md: HY call failed: <HTTPError 400: 'Bad Request'>
[69/1030] ok Authors/Conan_Doyle/Atomized/DANGER_AND_OTHER_STORIES/Story_04_DANGER_STORY_IV_THE_FALL_OF_LORD_BARRYMO/part_06.md | blocks 9 | 26m | 0 blk/min
FAIL Authors/Conan_Doyle/Atomized/DANGER_AND_OTHER_STORIES/Story_04_DANGER_STORY_IV_THE_FALL_OF_LORD_BARRYMO/part_05.md: HY call failed: <HTTPError 400: 'Bad Request'>
FAIL Authors/Conan_Doyle/Atomized/DANGER_AND_OTHER_STORIES/Story_04_DANGER_STORY_IV_THE_FALL_OF_LORD_BARRYMO/part_10.md: tower failed after 3 tries: <HTTPError 400: 'Bad Request'>
FAIL Authors/Conan_Doyle/Atomized/DANGER_AND_OTHER_STORIES/Story_04_DANGER_STORY_IV_THE_FALL_OF_LORD_BARRYMO/part_07.md: HY call failed: <HTTPError 400: 'Bad Request'>
FAIL Authors/Conan_Doyle/Atomized/DANGER_AND_OTHER_STORIES/Story_04_DANGER_STORY_IV_THE_FALL_OF_LORD_BARRYMO/part_08.md: HY call failed: <HTTPError 400: 'Bad Request'>
FAIL Authors/Conan_Doyle/Atomized/DANGER_AND_OTHER_STORIES/Story_04_DANGER_STORY_IV_THE_FALL_OF_LORD_BARRYMO/part_09.md: HY call failed: <HTTPError 400: 'Bad Request'>
FAIL Authors/Conan_Doyle/Atomized/DANGER_AND_OTHER_STORIES/Story_04_DANGER_STORY_IV_THE_FALL_OF_LORD_BARRYMO/part_11.md: HY call failed: <HTTPError 400: 'Bad Request'>
FAIL Authors/Conan_Doyle/Atomized/GREAT_BRITAIN_AND_THE_NEXT_WAR/part/part_01.md: HY call failed: <HTTPError 400: 'Bad Request'>
FAIL Authors/Conan_Doyle/Atomized/DANGER_AND_OTHER_STORIES/Story_04_DANGER_STORY_IV_THE_FALL_OF_LORD_BARRYMO/part_12.md: HY call failed: <HTTPError 400: 'Bad Request'>
FAIL Authors/Conan_Doyle/Atomized/DANGER_AND_OTHER_STORIES/Story_04_DANGER_STORY_IV_THE_FALL_OF_LORD_BARRYMO/part_13.md: HY call failed: <HTTPError 400: 'Bad Request'>
FAIL Authors/Conan_Doyle/Atomized/HIS_LAST_BOW/Story_02_The_Adventure_of_the_Cardboard_Box.md: HY call failed: <HTTPError 400: 'Bad Request'>
FAIL Authors/Conan_Doyle/Atomized/HIS_LAST_BOW/Story_01_The_Adventure_of_Wisteria_Lodge/part_02.md: HY call failed: <HTTPError 400: 'Bad Request'>
[81/1030] ok Authors/Conan_Doyle/Atomized/HIS_LAST_BOW/Story_04_The_Adventure_of_the_Bruce_Partington_Pl.md | blocks 12 | 32m | 0 blk/min
FAIL Authors/Conan_Doyle/Atomized/HIS_LAST_BOW/Story_01_The_Adventure_of_Wisteria_Lodge/part_01.md: HY call failed: <HTTPError 400: 'Bad Request'>
FAIL Authors/Conan_Doyle/Atomized/GREAT_BRITAIN_AND_THE_NEXT_WAR/part/part_02.md: HY call failed: <HTTPError 400: 'Bad Request'>
FAIL Authors/Conan_Doyle/Atomized/HIS_LAST_BOW/Story_03_The_Adventure_of_the_Red_Circle.md: HY call failed: <HTTPError 400: 'Bad Request'>
FAIL Authors/Conan_Doyle/Atomized/HIS_LAST_BOW/Story_06_The_Disappearance_of_Lady_Frances_Carfax.md: HY call failed: <HTTPError 400: 'Bad Request'>
FAIL Authors/Conan_Doyle/Atomized/HIS_LAST_BOW/Story_05_The_Adventure_of_the_Dying_Detective.md: HY call failed: <HTTPError 400: 'Bad Request'>
FAIL Authors/Conan_Doyle/Atomized/HIS_LAST_BOW/Story_07_The_Adventure_of_the_Devils_Foot.md: HY call failed: <HTTPError 400: 'Bad Request'>
FAIL Authors/Conan_Doyle/Atomized/HIS_LAST_BOW/Story_08_His_Last_Bow_The_War_Service_of_Sherlock.md: HY call failed: <HTTPError 400: 'Bad Request'>
FAIL Authors/Conan_Doyle/Atomized/MEMORIES_AND_ADVENTURES/Chapter_01_THE_PSYCHIC_QUEST.md: HY call failed: <HTTPError 400: 'Bad Request'>
FAIL Authors/Conan_Doyle/Atomized/MEMORIES_AND_ADVENTURES/Chapter_02_EARLY_RECOLLECTIONS.md: HY call failed: <HTTPError 400: 'Bad Request'>
FAIL Authors/Conan_Doyle/Atomized/MEMORIES_AND_ADVENTURES/Chapter_03_UNDER_THE_JESUITS.md: HY call failed: <HTTPError 400: 'Bad Request'>
FAIL Authors/Conan_Doyle/Atomized/MEMORIES_AND_ADVENTURES/Chapter_04_RECOLLECTIONS_OF_A_STUDENT.md: HY call failed: <HTTPError 400: 'Bad Request'>
FAIL Authors/Conan_Doyle/Atomized/MEMORIES_AND_ADVENTURES/Chapter_05_WHALING_IN_THE_ARCTIC_OCEAN.md: HY call failed: <HTTPError 400: 'Bad Request'>
FAIL Authors/Conan_Doyle/Atomized/MEMORIES_AND_ADVENTURES/Chapter_06_THE_VOYAGE_TO_WEST_AFRICA.md: tower failed after 3 tries: <HTTPError 400: 'Bad Request'>
FAIL Authors/Conan_Doyle/Atomized/MEMORIES_AND_ADVENTURES/Chapter_07_MY_FIRST_EXPERIENCES_IN_PRACTI.md: HY call failed: <HTTPError 400: 'Bad Request'>
FAIL Authors/Conan_Doyle/Atomized/MEMORIES_AND_ADVENTURES/Chapter_09_MY_FIRST_LITERARY_SUCCESS.md: HY call failed: <HTTPError 400: 'Bad Request'>
FAIL Authors/Conan_Doyle/Atomized/MEMORIES_AND_ADVENTURES/Chapter_10_PULLING_UP_THE_ANCHOR.md: HY call failed: <HTTPError 400: 'Bad Request'>
FAIL Authors/Conan_Doyle/Atomized/MEMORIES_AND_ADVENTURES/Chapter_08_MY_START_AT_SOUTHSEA.md: HY call failed: <HTTPError 400: 'Bad Request'>
FAIL Authors/Conan_Doyle/Atomized/MEMORIES_AND_ADVENTURES/Chapter_12_SIDELIGHTS_ON_SHERLOCK_HOLMES.md: tower failed after 3 tries: <HTTPError 400: 'Bad Request'>
FAIL Authors/Conan_Doyle/Atomized/MEMORIES_AND_ADVENTURES/Chapter_11_THE_GREAT_BREAK.md: HY call failed: <HTTPError 400: 'Bad Request'>
FAIL Authors/Conan_Doyle/Atomized/MEMORIES_AND_ADVENTURES/Chapter_14_EGYPT_IN_1896.md: HY call failed: <HTTPError 400: 'Bad Request'>
FAIL Authors/Conan_Doyle/Atomized/MEMORIES_AND_ADVENTURES/Chapter_13_NORWOOD_AND_SWITZERLAND.md: HY call failed: <HTTPError 400: 'Bad Request'>
FAIL Authors/Conan_Doyle/Atomized/MEMORIES_AND_ADVENTURES/Chapter_15_ON_THE_EDGE_OF_A_STORM.md: tower failed after 3 tries: <HTTPError 400: 'Bad Request'>
FAIL Authors/Conan_Doyle/Atomized/MEMORIES_AND_ADVENTURES/Chapter_16_AN_INTERLUDE_OF_PEACE.md: HY call failed: <HTTPError 400: 'Bad Request'>
[105/1030] ok Authors/Conan_Doyle/Atomized/MEMORIES_AND_ADVENTURES/Chapter_20_AN_APPEAL_TO_THE_WORLDS_OPINIO.md | blocks 15 | 42m | 0 blk/min
FAIL Authors/Conan_Doyle/Atomized/MEMORIES_AND_ADVENTURES/Chapter_17_THE_START_FOR_SOUTH_AFRICA.md: HY call failed: <HTTPError 400: 'Bad Request'>
FAIL Authors/Conan_Doyle/Atomized/MEMORIES_AND_ADVENTURES/Chapter_19_FINAL_EXPERIENCES_IN_SOUTH_AFR.md: tower failed after 3 tries: <HTTPError 400: 'Bad Request'>
FAIL Authors/Conan_Doyle/Atomized/MEMORIES_AND_ADVENTURES/Chapter_18_DAYS_WITH_THE_ARMY.md: HY call failed: <HTTPError 400: 'Bad Request'>
FAIL Authors/Conan_Doyle/Atomized/MEMORIES_AND_ADVENTURES/Chapter_22_THE_YEARS_BETWEEN_THE_WARS.md: HY call failed: <HTTPError 400: 'Bad Request'>
FAIL Authors/Conan_Doyle/Atomized/MEMORIES_AND_ADVENTURES/Chapter_21_MY_POLITICAL_ADVENTURES.md: HY call failed: <HTTPError 400: 'Bad Request'>
[111/1030] ok Authors/Conan_Doyle/Atomized/MEMORIES_AND_ADVENTURES/Chapter_23_THE_YEARS_BETWEEN_THE_WARS.md | blocks 18 | 44m | 0 blk/min | 6 links to repair
FAIL Authors/Conan_Doyle/Atomized/MEMORIES_AND_ADVENTURES/Chapter_24_SOME_NOTABLE_PEOPLE.md: HY call failed: <HTTPError 400: 'Bad Request'>
FAIL Authors/Conan_Doyle/Atomized/MEMORIES_AND_ADVENTURES/Chapter_25_SOME_RECOLLECTIONS_OF_SPORT.md: HY call failed: <HTTPError 400: 'Bad Request'>
FAIL Authors/Conan_Doyle/Atomized/MEMORIES_AND_ADVENTURES/Chapter_26_TO_THE_ROCKY_MOUNTAINS_IN_1914.md: HY call failed: <HTTPError 400: 'Bad Request'>
FAIL Authors/Conan_Doyle/Atomized/MEMORIES_AND_ADVENTURES/Chapter_27_THE_EVE_OF_WAR.md: HY call failed: <HTTPError 400: 'Bad Request'>
FAIL Authors/Conan_Doyle/Atomized/MEMORIES_AND_ADVENTURES/Chapter_29_EXPERIENCES_ON_THE_BRITISH_FRO.md: HY call failed: <HTTPError 400: 'Bad Request'>
FAIL Authors/Conan_Doyle/Atomized/MEMORIES_AND_ADVENTURES/Chapter_31_EXPERIENCES_ON_THE_FRENCH_FRON.md: tower failed after 3 tries: <HTTPError 400: 'Bad Request'>
FAIL Authors/Conan_Doyle/Atomized/MEMORIES_AND_ADVENTURES/Chapter_30_EXPERIENCES_ON_THE_ITALIAN_FRO.md: HY call failed: <HTTPError 400: 'Bad Request'>
FAIL Authors/Conan_Doyle/Atomized/MEMORIES_AND_ADVENTURES/Chapter_28_A_REMEMBRANCE_OF_THE_DARK_YEAR.md: HY call failed: <HTTPError 400: 'Bad Request'>
FAIL Authors/Conan_Doyle/Atomized/MICAH_CLARKE/Chapter_01_Of_Cornet_Joseph_Clarke_of_the.md: tower failed after 3 tries: <HTTPError 400: 'Bad Request'>
FAIL Authors/Conan_Doyle/Atomized/MEMORIES_AND_ADVENTURES/Chapter_33_THE_PSYCHIC_QUEST.md: HY call failed: <HTTPError 400: 'Bad Request'>
FAIL Authors/Conan_Doyle/Atomized/MICAH_CLARKE/Chapter_02_Of_my_going_to_school_and_of_m.md: tower failed after 3 tries: <HTTPError 400: 'Bad Request'>
FAIL Authors/Conan_Doyle/Atomized/MEMORIES_AND_ADVENTURES/Chapter_32_BREAKING_THE_HINDENBURG_LINE.md: HY call failed: <HTTPError 400: 'Bad Request'>
FAIL Authors/Conan_Doyle/Atomized/MICAH_CLARKE/Chapter_03_Of_Two_Friends_of_my_Youth.md: HY call failed: <HTTPError 400: 'Bad Request'>
FAIL Authors/Conan_Doyle/Atomized/MICAH_CLARKE/Chapter_05_Of_the_Man_with_the_Drooping_L.md: HY call failed: <HTTPError 400: 'Bad Request'>
FAIL Authors/Conan_Doyle/Atomized/MICAH_CLARKE/Chapter_04_Of_the_Strange_Fish_that_we_Ca.md: HY call failed: <HTTPError 400: 'Bad Request'>
FAIL Authors/Conan_Doyle/Atomized/MICAH_CLARKE/Chapter_06_Of_the_Letter_that_came_from_t.md: HY call failed: <HTTPError 400: 'Bad Request'>
FAIL Authors/Conan_Doyle/Atomized/MICAH_CLARKE/Chapter_07_Of_the_Horseman_who_rode_from.md: HY call failed: <HTTPError 400: 'Bad Request'>
FAIL Authors/Conan_Doyle/Atomized/MICAH_CLARKE/Chapter_10_Of_our_Perilous_Adventure_on_t.md: tower failed after 3 tries: <HTTPError 400: 'Bad Request'>
FAIL Authors/Conan_Doyle/Atomized/MICAH_CLARKE/Chapter_09_Of_a_Passage_of_Arms_at_the_Bl.md: HY call failed: <HTTPError 400: 'Bad Request'>
FAIL Authors/Conan_Doyle/Atomized/MICAH_CLARKE/Chapter_08_Of_our_Start_for_the_Wars.md: HY call failed: <HTTPError 400: 'Bad Request'>
FAIL Authors/Conan_Doyle/Atomized/MICAH_CLARKE/Chapter_11_Of_the_Lonely_Man_and_the_Gold.md: tower failed after 3 tries: <HTTPError 400: 'Bad Request'>
FAIL Authors/Conan_Doyle/Atomized/MICAH_CLARKE/Chapter_14_Of_the_Stiff_legged_Parson_and.md: tower failed after 3 tries: <HTTPError 400: 'Bad Request'>
FAIL Authors/Conan_Doyle/Atomized/MICAH_CLARKE/Chapter_12_Of_certain_Passages_upon_the_M.md: HY call failed: <HTTPError 400: 'Bad Request'>
FAIL Authors/Conan_Doyle/Atomized/MICAH_CLARKE/Chapter_13_Of_Sir_Gervas_Jerome_Knight_Ba.md: HY call failed: <HTTPError 400: 'Bad Request'>
FAIL Authors/Conan_Doyle/Atomized/MICAH_CLARKE/Chapter_18_Of_Master_Stephen_Timewell_May.md: tower failed after 3 tries: <HTTPError 400: 'Bad Request'>
FAIL Authors/Conan_Doyle/Atomized/MICAH_CLARKE/Chapter_15_Of_our_Brush_with_the_Kings_Dr.md: HY call failed: <HTTPError 400: 'Bad Request'>
FAIL Authors/Conan_Doyle/Atomized/MICAH_CLARKE/Chapter_17_Of_the_Gathering_in_the_Market.md: HY call failed: <HTTPError 400: 'Bad Request'>
FAIL Authors/Conan_Doyle/Atomized/MICAH_CLARKE/Chapter_16_Of_our_Coming_to_Taunton.md: HY call failed: <HTTPError 400: 'Bad Request'>
FAIL Authors/Conan_Doyle/Atomized/MICAH_CLARKE/Chapter_19_Of_a_Brawl_in_the_Night.md: HY call failed: <HTTPError 400: 'Bad Request'>
FAIL Authors/Conan_Doyle/Atomized/MICAH_CLARKE/Chapter_22_Of_the_News_from_Havant.md: HY call failed: <HTTPError 400: 'Bad Request'>
FAIL Authors/Conan_Doyle/Atomized/MICAH_CLARKE/Chapter_21_Of_my_Hand_grips_with_the_Bran.md: HY call failed: <HTTPError 400: 'Bad Request'>
FAIL Authors/Conan_Doyle/Atomized/MICAH_CLARKE/Chapter_20_Of_the_Muster_of_the_Men_of_th.md: HY call failed: <HTTPError 400: 'Bad Request'>
FAIL Authors/Conan_Doyle/Atomized/MICAH_CLARKE/Chapter_23_Of_the_Snare_on_the_Weston_Roa.md: HY call failed: <HTTPError 400: 'Bad Request'>
FAIL Authors/Conan_Doyle/Atomized/MICAH_CLARKE/Chapter_25_Of_Strange_Doings_in_the_Botel.md: HY call failed: <HTTPError 400: 'Bad Request'>
FAIL Authors/Conan_Doyle/Atomized/MICAH_CLARKE/Chapter_24_Of_the_Welcome_that_met_me_at.md: HY call failed: <HTTPError 400: 'Bad Request'>
FAIL Authors/Conan_Doyle/Atomized/MICAH_CLARKE/Chapter_26_Of_the_Strife_in_the_Council.md: HY call failed: <HTTPError 400: 'Bad Request'>
FAIL Authors/Conan_Doyle/Atomized/MICAH_CLARKE/Chapter_27_Of_the_Affair_near_Keynsham_Br.md: HY call failed: <HTTPError 400: 'Bad Request'>
FAIL Authors/Conan_Doyle/Atomized/MICAH_CLARKE/Chapter_29_Of_the_Great_Cry_from_the_Lone.md: tower failed after 3 tries: <HTTPError 400: 'Bad Request'>
FAIL Authors/Conan_Doyle/Atomized/MICAH_CLARKE/Chapter_31_Of_the_Onfall_at_Sedgemoor.md: HY call failed: <HTTPError 400: 'Bad Request'>
FAIL Authors/Conan_Doyle/Atomized/MICAH_CLARKE/Chapter_28_Of_the_Fight_in_Wells_Cathedra.md: HY call failed: <HTTPError 400: 'Bad Request'>
FAIL Authors/Conan_Doyle/Atomized/MICAH_CLARKE/Chapter_30_Of_the_Swordsman_with_the_Brow/part_01.md: tower failed after 3 tries: <HTTPError 400: 'Bad Request'>
FAIL Authors/Conan_Doyle/Atomized/MICAH_CLARKE/Chapter_30_Of_the_Swordsman_with_the_Brow/part_02.md: tower failed after 3 tries: <HTTPError 400: 'Bad Request'>
FAIL Authors/Conan_Doyle/Atomized/MICAH_CLARKE/Chapter_32_Of_my_Perilous_Adventure_at_th.md: HY call failed: <HTTPError 400: 'Bad Request'>
FAIL Authors/Conan_Doyle/Atomized/MICAH_CLARKE/Chapter_33_Of_the_Coming_of_Solomon_Spren.md: tower failed after 3 tries: <HTTPError 400: 'Bad Request'>
FAIL Authors/Conan_Doyle/Atomized/MICAH_CLARKE/Chapter_34_Of_the_Devil_in_Wig_and_Gown.md: tower failed after 3 tries: <HTTPError 400: 'Bad Request'>
FAIL Authors/Conan_Doyle/Atomized/MICAH_CLARKE/Chapter_35_Of_the_End_of_it_All.md: HY call failed: <HTTPError 400: 'Bad Request'>
[158/1030] ok Authors/Conan_Doyle/Atomized/MY_FRIEND_THE_MURDERER_AND_OTHER_MYSTERIES_AND_ADV/Story_01_ELIAS_B_HOPKINS_THE_PARSON_OF_JACKMANS_G.md | blocks 21 | 63m | 0 blk/min
[159/1030] ok Authors/Conan_Doyle/Atomized/MY_FRIEND_THE_MURDERER_AND_OTHER_MYSTERIES_AND_ADV/Story_05_THE_AMERICANS_TALE.md | blocks 24 | 63m | 0 blk/min
FAIL Authors/Conan_Doyle/Atomized/MY_FRIEND_THE_MURDERER_AND_OTHER_MYSTERIES_AND_ADV/Story_02_MY_FRIEND_THE_MURDERER.md: HY call failed: <HTTPError 400: 'Bad Request'>
FAIL Authors/Conan_Doyle/Atomized/MY_FRIEND_THE_MURDERER_AND_OTHER_MYSTERIES_AND_ADV/Story_03_THE_MAN_FROM_ARCHANGEL.md: HY call failed: <HTTPError 400: 'Bad Request'>
FAIL Authors/Conan_Doyle/Atomized/MY_FRIEND_THE_MURDERER_AND_OTHER_MYSTERIES_AND_ADV/Story_04_THAT_LITTLE_SQUARE_BOX.md: HY call failed: <HTTPError 400: 'Bad Request'>
[163/1030] ok Authors/Conan_Doyle/Atomized/MY_FRIEND_THE_MURDERER_AND_OTHER_MYSTERIES_AND_ADV/Story_07_THE_MYSTERY_OF_SASASSA_VALLEY.md | blocks 27 | 64m | 0 blk/min
[164/1030] ok Authors/Conan_Doyle/Atomized/RODNEY_STONE/Chapter_01_THE_END.md | blocks 31 | 64m | 0 blk/min | 1 links to repair
FAIL Authors/Conan_Doyle/Atomized/MY_FRIEND_THE_MURDERER_AND_OTHER_MYSTERIES_AND_ADV/Story_06_BONES_THE_APRIL_FOOL_OF_HARVEYS_SLUICE.md: HY call failed: <HTTPError 400: 'Bad Request'>
FAIL Authors/Conan_Doyle/Atomized/MY_FRIEND_THE_MURDERER_AND_OTHER_MYSTERIES_AND_ADV/Story_08_OUR_DERBY_SWEEPSTAKES.md: HY call failed: <HTTPError 400: 'Bad Request'>
FAIL Authors/Conan_Doyle/Atomized/MY_FRIEND_THE_MURDERER_AND_OTHER_MYSTERIES_AND_ADV/Story_09_SELECTING_A_GHOST_THE_GHOSTS_OF_GORESTHO.md: HY call failed: <HTTPError 400: 'Bad Request'>
FAIL Authors/Conan_Doyle/Atomized/RODNEY_STONE/Chapter_03_THE_WALKER_OF_CLIFFE_ROYAL.md: HY call failed: <HTTPError 400: 'Bad Request'>
FAIL Authors/Conan_Doyle/Atomized/RODNEY_STONE/Chapter_02_FRIARS_OAK.md: HY call failed: <HTTPError 400: 'Bad Request'>
FAIL Authors/Conan_Doyle/Atomized/RODNEY_STONE/Chapter_04_THE_PLAY_ACTRESS_OF_ANSTEY_CRO.md: HY call failed: <HTTPError 400: 'Bad Request'>
FAIL Authors/Conan_Doyle/Atomized/RODNEY_STONE/Chapter_05_THE_PEACE_OF_AMIENS.md: HY call failed: <HTTPError 400: 'Bad Request'>
FAIL Authors/Conan_Doyle/Atomized/RODNEY_STONE/Chapter_06_BUCK_TREGELLIS.md: tower failed after 3 tries: <HTTPError 400: 'Bad Request'>
FAIL Authors/Conan_Doyle/Atomized/RODNEY_STONE/Chapter_07_ON_THE_THRESHOLD.md: HY call failed: <HTTPError 400: 'Bad Request'>
FAIL Authors/Conan_Doyle/Atomized/RODNEY_STONE/Chapter_08_THE_HOPE_OF_ENGLAND.md: HY call failed: <HTTPError 400: 'Bad Request'>
FAIL Authors/Conan_Doyle/Atomized/RODNEY_STONE/Chapter_10_WATIERS.md: HY call failed: <HTTPError 400: 'Bad Request'>
FAIL Authors/Conan_Doyle/Atomized/RODNEY_STONE/Chapter_11_THE_MEN_OF_THE_RING.md: tower failed after 3 tries: <HTTPError 400: 'Bad Request'>
FAIL Authors/Conan_Doyle/Atomized/RODNEY_STONE/Chapter_09_THE_BRIGHTON_ROAD.md: HY call failed: <HTTPError 400: 'Bad Request'>
FAIL Authors/Conan_Doyle/Atomized/RODNEY_STONE/Chapter_12_THE_FIGHT_IN_THE_COACH_HOUSE.md: HY call failed: <HTTPError 400: 'Bad Request'>
FAIL Authors/Conan_Doyle/Atomized/RODNEY_STONE/Chapter_13_THE_COFFEE_ROOM_OF_FLADONGS.md: tower failed after 3 tries: <HTTPError 400: 'Bad Request'>
FAIL Authors/Conan_Doyle/Atomized/RODNEY_STONE/Chapter_14_LORD_NELSON.md: HY call failed: <HTTPError 400: 'Bad Request'>
FAIL Authors/Conan_Doyle/Atomized/RODNEY_STONE/Chapter_15_ON_THE_ROAD.md: HY call failed: <HTTPError 400: 'Bad Request'>
FAIL Authors/Conan_Doyle/Atomized/RODNEY_STONE/Chapter_19_THE_SMITHS_LAST_BATTLE.md: tower failed after 3 tries: <HTTPError 400: 'Bad Request'>
FAIL Authors/Conan_Doyle/Atomized/RODNEY_STONE/Chapter_16_FOUL_PLAY.md: HY call failed: <HTTPError 400: 'Bad Request'>
FAIL Authors/Conan_Doyle/Atomized/RODNEY_STONE/Chapter_18_THE_RING_SIDE.md: HY call failed: <HTTPError 400: 'Bad Request'>
FAIL Authors/Conan_Doyle/Atomized/RODNEY_STONE/Chapter_17_CRAWLEY_DOWNS.md: HY call failed: <HTTPError 400: 'Bad Request'>
FAIL Authors/Conan_Doyle/Atomized/RODNEY_STONE/Chapter_23_THE_END.md: HY call failed: <HTTPError 400: 'Bad Request'>
FAIL Authors/Conan_Doyle/Atomized/RODNEY_STONE/Chapter_20_CLIFFE_ROYAL.md: HY call failed: <HTTPError 400: 'Bad Request'>
FAIL Authors/Conan_Doyle/Atomized/RODNEY_STONE/Chapter_22_THE_VALETS_STORY.md: HY call failed: <HTTPError 400: 'Bad Request'>
FAIL Authors/Conan_Doyle/Atomized/RODNEY_STONE/Chapter_21_LORD_AVON.md: HY call failed: <HTTPError 400: 'Bad Request'>
FAIL Authors/Conan_Doyle/Atomized/ROUND_THE_FIRE_STORIES/Story_02_THE_BLACK_DOCTOR.md: HY call failed: <HTTPError 400: 'Bad Request'>
FAIL Authors/Conan_Doyle/Atomized/ROUND_THE_FIRE_STORIES/Story_01_THE_MAN_WITH_THE_WATCHES.md: HY call failed: <HTTPError 400: 'Bad Request'>
FAIL Authors/Conan_Doyle/Atomized/ROUND_THE_FIRE_STORIES/Story_04_THE_LOST_SPECIAL.md: HY call failed: <HTTPError 400: 'Bad Request'>
FAIL Authors/Conan_Doyle/Atomized/ROUND_THE_FIRE_STORIES/Story_03_THE_JEWS_BREASTPLATE.md: HY call failed: <HTTPError 400: 'Bad Request'>
FAIL Authors/Conan_Doyle/Atomized/ROUND_THE_FIRE_STORIES/Story_05_THE_CLUB_FOOTED_GROCER.md: HY call failed: <HTTPError 400: 'Bad Request'>
FAIL Authors/Conan_Doyle/Atomized/ROUND_THE_FIRE_STORIES/Story_07_THE_BRAZILIAN_CAT.md: HY call failed: <HTTPError 400: 'Bad Request'>
FAIL Authors/Conan_Doyle/Atomized/ROUND_THE_FIRE_STORIES/Story_06_THE_SEALED_ROOM.md: HY call failed: <HTTPError 400: 'Bad Request'>
FAIL Authors/Conan_Doyle/Atomized/ROUND_THE_RED_LAMP/Story_01_BEHIND_THE_TIMES.md: HY call failed: <HTTPError 400: 'Bad Request'>
FAIL Authors/Conan_Doyle/Atomized/ROUND_THE_RED_LAMP/Story_02_HIS_FIRST_OPERATION.md: HY call failed: <HTTPError 400: 'Bad Request'>
FAIL Authors/Conan_Doyle/Atomized/ROUND_THE_RED_LAMP/Story_04_THE_THIRD_GENERATION.md: HY call failed: <HTTPError 400: 'Bad Request'>
FAIL Authors/Conan_Doyle/Atomized/ROUND_THE_RED_LAMP/Story_03_A_STRAGGLER_OF_15.md: HY call failed: <HTTPError 400: 'Bad Request'>
FAIL Authors/Conan_Doyle/Atomized/ROUND_THE_RED_LAMP/Story_05_A_FALSE_START.md: HY call failed: <HTTPError 400: 'Bad Request'>
FAIL Authors/Conan_Doyle/Atomized/ROUND_THE_RED_LAMP/Story_06_THE_CURSE_OF_EVE.md: HY call failed: <HTTPError 400: 'Bad Request'>
FAIL Authors/Conan_Doyle/Atomized/ROUND_THE_RED_LAMP/Story_08_A_PHYSIOLOGISTS_WIFE.md: HY call failed: <HTTPError 400: 'Bad Request'>
FAIL Authors/Conan_Doyle/Atomized/ROUND_THE_RED_LAMP/Story_07_SWEETHEARTS.md: HY call failed: <HTTPError 400: 'Bad Request'>
FAIL Authors/Conan_Doyle/Atomized/ROUND_THE_RED_LAMP/Story_09_THE_CASE_OF_LADY_SANNOX.md: HY call failed: <HTTPError 400: 'Bad Request'>
FAIL Authors/Conan_Doyle/Atomized/ROUND_THE_RED_LAMP/Story_12_LOT_NO_249.md: HY call failed: <HTTPError 400: 'Bad Request'>
FAIL Authors/Conan_Doyle/Atomized/ROUND_THE_RED_LAMP/Story_13_THE_LOS_AMIGOS_FIASCO.md: HY call failed: <HTTPError 400: 'Bad Request'>
FAIL Authors/Conan_Doyle/Atomized/ROUND_THE_RED_LAMP/Story_11_A_MEDICAL_DOCUMENT.md: HY call failed: <HTTPError 400: 'Bad Request'>
FAIL Authors/Conan_Doyle/Atomized/ROUND_THE_RED_LAMP/Story_10_A_QUESTION_OF_DIPLOMACY.md: HY call failed: <HTTPError 400: 'Bad Request'>
FAIL Authors/Conan_Doyle/Atomized/ROUND_THE_RED_LAMP/Story_14_THE_DOCTORS_OF_HOYLAND.md: HY call failed: <HTTPError 400: 'Bad Request'>
FAIL Authors/Conan_Doyle/Atomized/SIR_NIGEL/Story_01_INTRODUCTION.md: tower failed after 3 tries: <HTTPError 400: 'Bad Request'>
FAIL Authors/Conan_Doyle/Atomized/SIR_NIGEL/Story_02_THE_HOUSE_OF_LORING.md: HY call failed: <HTTPError 400: 'Bad Request'>
FAIL Authors/Conan_Doyle/Atomized/SIR_NIGEL/Story_03_HOW_THE_DEVIL_CAME_TO_WAVERLEY.md: HY call failed: <HTTPError 400: 'Bad Request'>
FAIL Authors/Conan_Doyle/Atomized/ROUND_THE_RED_LAMP/Story_15_THE_SURGEON_TALKS.md: HY call failed: <HTTPError 400: 'Bad Request'>
FAIL Authors/Conan_Doyle/Atomized/SIR_NIGEL/Story_04_THE_YELLOW_HORSE_OF_CROOKSBURY.md: HY call failed: <HTTPError 400: 'Bad Request'>
FAIL Authors/Conan_Doyle/Atomized/SIR_NIGEL/Story_05_HOW_THE_SUMMONER_CAME_TO_THE_MANOR_HOUSE.md: HY call failed: <HTTPError 400: 'Bad Request'>
FAIL Authors/Conan_Doyle/Atomized/SIR_NIGEL/Story_06_HOW_NIGEL_WAS_TRIED_BY_THE_ABBOT_OF_WAVE.md: tower failed after 3 tries: <HTTPError 400: 'Bad Request'>
FAIL Authors/Conan_Doyle/Atomized/SIR_NIGEL/Story_07_IN_WHICH_LADY_ERMYNTRUDE_OPENS_THE_IRON.md: HY call failed: <HTTPError 400: 'Bad Request'>
FAIL Authors/Conan_Doyle/Atomized/SIR_NIGEL/Story_08_HOW_NIGEL_WENT_MARKETING_TO_GUILDFORD.md: HY call failed: <HTTPError 400: 'Bad Request'>
FAIL Authors/Conan_Doyle/Atomized/SIR_NIGEL/Story_09_HOW_THE_KING_HAWKED_ON_CROOKSBURY_HEATH.md: tower failed after 3 tries: <HTTPError 400: 'Bad Request'>
FAIL Authors/Conan_Doyle/Atomized/SIR_NIGEL/Story_10_HOW_NIGEL_HELD_THE_BRIDGE_AT_TILFORD.md: HY call failed: <HTTPError 400: 'Bad Request'>
FAIL Authors/Conan_Doyle/Atomized/SIR_NIGEL/Story_13_HOW_NIGEL_FOUGHT_THE_TWISTED_MAN_OF_SHAL.md: tower failed after 3 tries: <HTTPError 400: 'Bad Request'>
FAIL Authors/Conan_Doyle/Atomized/SIR_NIGEL/Story_11_HOW_THE_KING_GREETED_HIS_SENESCHAL_OF_CA.md: HY call failed: <HTTPError 400: 'Bad Request'>
FAIL Authors/Conan_Doyle/Atomized/SIR_NIGEL/Story_12_IN_THE_HALL_OF_THE_KNIGHT_OF_DUPLIN.md: HY call failed: <HTTPError 400: 'Bad Request'>
FAIL Authors/Conan_Doyle/Atomized/SIR_NIGEL/Story_15_HOW_NIGEL_CHASED_THE_RED_FERRET.md: HY call failed: <HTTPError 400: 'Bad Request'>
FAIL Authors/Conan_Doyle/Atomized/SIR_NIGEL/Story_14_HOW_THE_COMRADES_JOURNEYED_DOWN_THE_OLD.md: HY call failed: <HTTPError 400: 'Bad Request'>
FAIL Authors/Conan_Doyle/Atomized/SIR_NIGEL/Story_16_HOW_THE_RED_FERRET_CAME_TO_COSFORD.md: HY call failed: <HTTPError 400: 'Bad Request'>
FAIL Authors/Conan_Doyle/Atomized/SIR_NIGEL/Story_17_HOW_THE_KINGS_COURT_FEASTED_IN_CALAIS_CA.md: HY call failed: <HTTPError 400: 'Bad Request'>
FAIL Authors/Conan_Doyle/Atomized/SIR_NIGEL/Story_18_THE_SPANIARDS_ON_THE_SEA.md: tower failed after 3 tries: <HTTPError 400: 'Bad Request'>
FAIL Authors/Conan_Doyle/Atomized/SIR_NIGEL/Story_20_HOW_A_SQUIRE_OF_ENGLAND_MET_A_SQUIRE_OF.md: tower failed after 3 tries: <HTTPError 400: 'Bad Request'>
FAIL Authors/Conan_Doyle/Atomized/SIR_NIGEL/Story_19_HOW_BLACK_SIMON_CLAIMED_FORFEIT_FROM_THE.md: HY call failed: <HTTPError 400: 'Bad Request'>
FAIL Authors/Conan_Doyle/Atomized/SIR_NIGEL/Story_21_HOW_THE_ENGLISH_ATTEMPTED_THE_CASTLE_OF.md: tower failed after 3 tries: <HTTPError 400: 'Bad Request'>
FAIL Authors/Conan_Doyle/Atomized/SIR_NIGEL/Story_22_HOW_THE_SECOND_MESSENGER_WENT_TO_COSFORD.md: HY call failed: <HTTPError 400: 'Bad Request'>
FAIL Authors/Conan_Doyle/Atomized/SIR_NIGEL/Story_24_HOW_THIRTY_OF_JOSSELIN_ENCOUNTERED_THIRT.md: tower failed after 3 tries: <HTTPError 400: 'Bad Request'>
FAIL Authors/Conan_Doyle/Atomized/SIR_NIGEL/Story_23_HOW_ROBERT_OF_BEAUMANOIR_CAME_TO_PLOERME.md: HY call failed: <HTTPError 400: 'Bad Request'>
FAIL Authors/Conan_Doyle/Atomized/SIR_NIGEL/Story_25_HOW_NIGEL_WAS_CALLED_TO_HIS_MASTER.md: HY call failed: <HTTPError 400: 'Bad Request'>
FAIL Authors/Conan_Doyle/Atomized/SIR_NIGEL/Story_26_HOW_THE_KING_OF_FRANCE_HELD_COUNSEL_AT_M.md: HY call failed: <HTTPError 400: 'Bad Request'>
FAIL Authors/Conan_Doyle/Atomized/SIR_NIGEL/Story_27_HOW_NIGEL_FOUND_HIS_THIRD_DEED.md: HY call failed: <HTTPError 400: 'Bad Request'>
FAIL Authors/Conan_Doyle/Atomized/SIR_NIGEL/Story_28_HOW_THE_THIRD_MESSENGER_CAME_TO_COSFORD.md: HY call failed: <HTTPError 400: 'Bad Request'>
FAIL Authors/Conan_Doyle/Atomized/TALES_OF_TERROR_AND_MYSTERY/Story_01_The_Leather_Funnel.md: HY call failed: <HTTPError 400: 'Bad Request'>
[241/1030] ok Authors/Conan_Doyle/Atomized/TALES_OF_TERROR_AND_MYSTERY/Story_03_The_Case_of_Lady_Sannox.md | blocks 34 | 90m | 0 blk/min
FAIL Authors/Conan_Doyle/Atomized/TALES_OF_TERROR_AND_MYSTERY/Story_04_Tales_of_Mystery.md: HY call failed: <HTTPError 400: 'Bad Request'>
FAIL Authors/Conan_Doyle/Atomized/TALES_OF_TERROR_AND_MYSTERY/Story_02_The_New_Catacomb.md: HY call failed: <HTTPError 400: 'Bad Request'>
FAIL Authors/Conan_Doyle/Atomized/TALES_OF_TERROR_AND_MYSTERY/Story_06_The_Man_with_the_Watches.md: HY call failed: <HTTPError 400: 'Bad Request'>
FAIL Authors/Conan_Doyle/Atomized/TALES_OF_TERROR_AND_MYSTERY/Story_05_The_Beetle_Hunter.md: tower failed after 3 tries: <HTTPError 400: 'Bad Request'>
FAIL Authors/Conan_Doyle/Atomized/TALES_OF_TERROR_AND_MYSTERY/Story_08_The_Black_Doctor.md: HY call failed: <HTTPError 400: 'Bad Request'>
FAIL Authors/Conan_Doyle/Atomized/THE_ADVENTURES_OF_GERARD/Story_01_How_Brigadier_Gerard_Lost_His_Ear.md: tower failed after 3 tries: <HTTPError 400: 'Bad Request'>
FAIL Authors/Conan_Doyle/Atomized/TALES_OF_TERROR_AND_MYSTERY/Story_07_The_Japanned_Box.md: HY call failed: <HTTPError 400: 'Bad Request'>
FAIL Authors/Conan_Doyle/Atomized/TALES_OF_TERROR_AND_MYSTERY/Story_09_The_Jews_Breastplate.md: HY call failed: <HTTPError 400: 'Bad Request'>
[250/1030] ok Authors/Conan_Doyle/Atomized/THE_ADVENTURES_OF_GERARD/Story_03_How_the_Brigadier_Slew_the_Fox.md | blocks 37 | 93m | 0 blk/min | 3 links to repair
FAIL Authors/Conan_Doyle/Atomized/THE_ADVENTURES_OF_GERARD/Story_02_How_the_Brigadier_Captured_Saragossa.md: HY call failed: <HTTPError 400: 'Bad Request'>
FAIL Authors/Conan_Doyle/Atomized/THE_ADVENTURES_OF_GERARD/Story_04_How_the_Brigadier_Saved_the_Army.md: HY call failed: <HTTPError 400: 'Bad Request'>
FAIL Authors/Conan_Doyle/Atomized/THE_ADVENTURES_OF_GERARD/Story_05_How_the_Brigadier_Triumphed_in_England.md: HY call failed: <HTTPError 400: 'Bad Request'>
FAIL Authors/Conan_Doyle/Atomized/THE_ADVENTURES_OF_GERARD/Story_06_How_the_Brigadier_Rode_to_Minsk.md: HY call failed: <HTTPError 400: 'Bad Request'>
[255/1030] ok Authors/Conan_Doyle/Atomized/THE_ADVENTURES_OF_SHERLOCK_HOLMES/Story_02_THE_RED_HEADED_LEAGUE.md | blocks 40 | 94m | 0 blk/min
[256/1030] ok Authors/Conan_Doyle/Atomized/THE_ADVENTURES_OF_GERARD/Story_08_The_Last_Adventure_of_the_Brigadier.md | blocks 44 | 94m | 0 blk/min | 8 links to repair
FAIL Authors/Conan_Doyle/Atomized/THE_ADVENTURES_OF_GERARD/Story_07_How_the_Brigadier_Bore_Himself_at_Waterl.md: HY call failed: <HTTPError 400: 'Bad Request'>
FAIL Authors/Conan_Doyle/Atomized/THE_ADVENTURES_OF_SHERLOCK_HOLMES/Story_01_A_SCANDAL_IN_BOHEMIA.md: HY call failed: <HTTPError 400: 'Bad Request'>
FAIL Authors/Conan_Doyle/Atomized/THE_ADVENTURES_OF_SHERLOCK_HOLMES/Story_03_A_CASE_OF_IDENTITY.md: HY call failed: <HTTPError 400: 'Bad Request'>
FAIL Authors/Conan_Doyle/Atomized/THE_ADVENTURES_OF_SHERLOCK_HOLMES/Story_04_THE_BOSCOMBE_VALLEY_MYSTERY.md: HY call failed: <HTTPError 400: 'Bad Request'>
FAIL Authors/Conan_Doyle/Atomized/THE_ADVENTURES_OF_SHERLOCK_HOLMES/Story_05_THE_FIVE_ORANGE_PIPS.md: HY call failed: <HTTPError 400: 'Bad Request'>
FAIL Authors/Conan_Doyle/Atomized/THE_ADVENTURES_OF_SHERLOCK_HOLMES/Story_06_THE_MAN_WITH_THE_TWISTED_LIP.md: HY call failed: <HTTPError 400: 'Bad Request'>
FAIL Authors/Conan_Doyle/Atomized/THE_ADVENTURES_OF_SHERLOCK_HOLMES/Story_07_THE_ADVENTURE_OF_THE_BLUE_CARBUNCLE.md: HY call failed: <HTTPError 400: 'Bad Request'>
FAIL Authors/Conan_Doyle/Atomized/THE_ADVENTURES_OF_SHERLOCK_HOLMES/Story_08_THE_ADVENTURE_OF_THE_SPECKLED_BAND.md: HY call failed: <HTTPError 400: 'Bad Request'>
FAIL Authors/Conan_Doyle/Atomized/THE_ADVENTURES_OF_SHERLOCK_HOLMES/Story_09_THE_ADVENTURE_OF_THE_ENGINEERS_THUMB.md: HY call failed: <HTTPError 400: 'Bad Request'>
[266/1030] ok Authors/Conan_Doyle/Atomized/THE_BRAVOES_OF_MARKET_DRAYTON/part/part_01.md | blocks 47 | 95m | 0 blk/min
FAIL Authors/Conan_Doyle/Atomized/THE_ADVENTURES_OF_SHERLOCK_HOLMES/Story_10_THE_ADVENTURE_OF_THE_NOBLE_BACHELOR.md: HY call failed: <HTTPError 400: 'Bad Request'>
FAIL Authors/Conan_Doyle/Atomized/THE_ADVENTURES_OF_SHERLOCK_HOLMES/Story_11_THE_ADVENTURE_OF_THE_BERYL_CORONET.md: HY call failed: <HTTPError 400: 'Bad Request'>
FAIL Authors/Conan_Doyle/Atomized/THE_ADVENTURES_OF_SHERLOCK_HOLMES/Story_12_THE_ADVENTURE_OF_THE_COPPER_BEECHES.md: HY call failed: <HTTPError 400: 'Bad Request'>
FAIL Authors/Conan_Doyle/Atomized/THE_BRAVOES_OF_MARKET_DRAYTON/part/part_02 (DESKTOP-L2KS9QK's conflicted copy 2026-07-31).md: HY call failed: <HTTPError 400: 'Bad Request'>
FAIL Authors/Conan_Doyle/Atomized/THE_BRAVOES_OF_MARKET_DRAYTON/part/part_02.md: HY call failed: <HTTPError 400: 'Bad Request'>
FAIL Authors/Conan_Doyle/Atomized/THE_BRAVOES_OF_MARKET_DRAYTON/part/part_03.md: HY call failed: <HTTPError 400: 'Bad Request'>
[273/1030] ok Authors/Conan_Doyle/Atomized/THE_BRITISH_CAMPAIGN_IN_FRANCE_AND_FLANDERS_VOLUME/Chapter_01.md | blocks 50 | 97m | 1 blk/min
[274/1030] ok Authors/Conan_Doyle/Atomized/THE_BRITISH_CAMPAIGN_IN_FRANCE_AND_FLANDERS_VOLUME/Chapter_02.md | blocks 53 | 97m | 1 blk/min
[275/1030] ok Authors/Conan_Doyle/Atomized/THE_BRITISH_CAMPAIGN_IN_FRANCE_AND_FLANDERS_VOLUME/Chapter_04.md | blocks 56 | 97m | 1 blk/min
[276/1030] ok Authors/Conan_Doyle/Atomized/THE_BRITISH_CAMPAIGN_IN_FRANCE_AND_FLANDERS_VOLUME/Chapter_03.md | blocks 59 | 97m | 1 blk/min
FAIL Authors/Conan_Doyle/Atomized/THE_BRITISH_CAMPAIGN_IN_FRANCE_AND_FLANDERS_VOLUME/Chapter_07/part_02.md: HY call failed: <HTTPError 400: 'Bad Request'>
FAIL Authors/Conan_Doyle/Atomized/THE_BRITISH_CAMPAIGN_IN_FRANCE_AND_FLANDERS_VOLUME/Chapter_05.md: HY call failed: <HTTPError 400: 'Bad Request'>
FAIL Authors/Conan_Doyle/Atomized/THE_BRITISH_CAMPAIGN_IN_FRANCE_AND_FLANDERS_VOLUME/Chapter_06.md: HY call failed: <HTTPError 400: 'Bad Request'>
FAIL Authors/Conan_Doyle/Atomized/THE_BRITISH_CAMPAIGN_IN_FRANCE_AND_FLANDERS_VOLUME/Chapter_07/part_01.md: HY call failed: <HTTPError 400: 'Bad Request'>
FAIL Authors/Conan_Doyle/Atomized/THE_BRITISH_CAMPAIGN_IN_FRANCE_AND_FLANDERS_VOLUME/Chapter_07/part_05.md: HY call failed: <HTTPError 400: 'Bad Request'>
FAIL Authors/Conan_Doyle/Atomized/THE_BRITISH_CAMPAIGN_IN_FRANCE_AND_FLANDERS_VOLUME/Chapter_07/part_03.md: HY call failed: <HTTPError 400: 'Bad Request'>
FAIL Authors/Conan_Doyle/Atomized/THE_BRITISH_CAMPAIGN_IN_FRANCE_AND_FLANDERS_VOLUME/Chapter_07/part_04 (DESKTOP-L2KS9QK's conflicted copy 2026-07-31).md: HY call failed: <HTTPError 400: 'Bad Request'>
FAIL Authors/Conan_Doyle/Atomized/THE_BRITISH_CAMPAIGN_IN_FRANCE_AND_FLANDERS_VOLUME/Chapter_07/part_04.md: HY call failed: <HTTPError 400: 'Bad Request'>
[285/1030] ok Authors/Conan_Doyle/Atomized/THE_BRITISH_CAMPAIGN_IN_FRANCE_AND_FLANDERS_VOLUME/Chapter_07/part_07.md | blocks 62 | 101m | 1 blk/min
FAIL Authors/Conan_Doyle/Atomized/THE_BRITISH_CAMPAIGN_IN_FRANCE_AND_FLANDERS_VOLUME/Chapter_07/part_09.md: HY call failed: <HTTPError 400: 'Bad Request'>
FAIL Authors/Conan_Doyle/Atomized/THE_BRITISH_CAMPAIGN_IN_FRANCE_AND_FLANDERS_VOLUME/Chapter_07/part_11.md: tower failed after 3 tries: <HTTPError 400: 'Bad Request'>
FAIL Authors/Conan_Doyle/Atomized/THE_BRITISH_CAMPAIGN_IN_FRANCE_AND_FLANDERS_VOLUME/Chapter_07/part_06.md: tower failed after 3 tries: <HTTPError 400: 'Bad Request'>
FAIL Authors/Conan_Doyle/Atomized/THE_BRITISH_CAMPAIGN_IN_FRANCE_AND_FLANDERS_VOLUME/Chapter_07/part_10.md: HY call failed: <HTTPError 400: 'Bad Request'>
FAIL Authors/Conan_Doyle/Atomized/THE_BRITISH_CAMPAIGN_IN_FRANCE_AND_FLANDERS_VOLUME/Chapter_07/part_08.md: HY call failed: <HTTPError 400: 'Bad Request'>
FAIL Authors/Conan_Doyle/Atomized/THE_BRITISH_CAMPAIGN_IN_FRANCE_AND_FLANDERS_VOLUME/Chapter_07/part_12.md: HY call failed: <HTTPError 400: 'Bad Request'>
FAIL Authors/Conan_Doyle/Atomized/THE_BRITISH_CAMPAIGN_IN_FRANCE_AND_FLANDERS_VOLUME/Chapter_07/part_13 (DESKTOP-L2KS9QK's conflicted copy 2026-07-31).md: HY call failed: <HTTPError 400: 'Bad Request'>
FAIL Authors/Conan_Doyle/Atomized/THE_BRITISH_CAMPAIGN_IN_FRANCE_AND_FLANDERS_VOLUME/Chapter_07/part_13.md: HY call failed: <HTTPError 400: 'Bad Request'>
FAIL Authors/Conan_Doyle/Atomized/THE_BRITISH_CAMPAIGN_IN_FRANCE_AND_FLANDERS_VOLUME/Chapter_08/part_02.md: HY call failed: <HTTPError 400: 'Bad Request'>
FAIL Authors/Conan_Doyle/Atomized/THE_BRITISH_CAMPAIGN_IN_FRANCE_AND_FLANDERS_VOLUME/Chapter_08/part_03.md: HY call failed: <HTTPError 400: 'Bad Request'>
FAIL Authors/Conan_Doyle/Atomized/THE_BRITISH_CAMPAIGN_IN_FRANCE_AND_FLANDERS_VOLUME/Chapter_08/part_04.md: HY call failed: <HTTPError 400: 'Bad Request'>
FAIL Authors/Conan_Doyle/Atomized/THE_BRITISH_CAMPAIGN_IN_FRANCE_AND_FLANDERS_VOLUME/Chapter_08/part_05.md: HY call failed: <HTTPError 400: 'Bad Request'>
[298/1030] ok Authors/Conan_Doyle/Atomized/THE_BRITISH_CAMPAIGN_IN_FRANCE_AND_FLANDERS_VOLUME/Chapter_07/part_12 (DESKTOP-L2KS9QK's conflicted copy 2026-07-31).md | blocks 92 | 106m | 1 blk/min
FAIL Authors/Conan_Doyle/Atomized/THE_BRITISH_CAMPAIGN_IN_FRANCE_AND_FLANDERS_VOLUME/Chapter_08/part_06.md: HY call failed: <HTTPError 400: 'Bad Request'>
FAIL Authors/Conan_Doyle/Atomized/THE_BRITISH_CAMPAIGN_IN_FRANCE_AND_FLANDERS_VOLUME/Chapter_08/part_07.md: HY call failed: <HTTPError 400: 'Bad Request'>
FAIL Authors/Conan_Doyle/Atomized/THE_BRITISH_CAMPAIGN_IN_FRANCE_AND_FLANDERS_VOLUME/Chapter_08/part_08.md: HY call failed: <HTTPError 400: 'Bad Request'>
FAIL Authors/Conan_Doyle/Atomized/THE_BRITISH_CAMPAIGN_IN_FRANCE_AND_FLANDERS_VOLUME/Chapter_08/part_01.md: HY call failed: <HTTPError 400: 'Bad Request'>
FAIL Authors/Conan_Doyle/Atomized/THE_BRITISH_CAMPAIGN_IN_FRANCE_AND_FLANDERS_VOLUME/Chapter_08/part_09.md: HY call failed: <HTTPError 400: 'Bad Request'>
FAIL Authors/Conan_Doyle/Atomized/THE_BRITISH_CAMPAIGN_IN_FRANCE_AND_FLANDERS_VOLUME/Chapter_09/part_02.md: HY call failed: <HTTPError 400: 'Bad Request'>
FAIL Authors/Conan_Doyle/Atomized/THE_BRITISH_CAMPAIGN_IN_FRANCE_AND_FLANDERS_VOLUME/Chapter_09/part_01.md: HY call failed: <HTTPError 400: 'Bad Request'>
FAIL Authors/Conan_Doyle/Atomized/THE_BRITISH_CAMPAIGN_IN_FRANCE_AND_FLANDERS_VOLUME/Chapter_09/part_03.md: HY call failed: <HTTPError 400: 'Bad Request'>
FAIL Authors/Conan_Doyle/Atomized/THE_BRITISH_CAMPAIGN_IN_FRANCE_AND_FLANDERS_VOLUME/Chapter_09/part_04.md: HY call failed: <HTTPError 400: 'Bad Request'>
FAIL Authors/Conan_Doyle/Atomized/THE_BRITISH_CAMPAIGN_IN_FRANCE_AND_FLANDERS_VOLUME/Chapter_09/part_05.md: HY call failed: <HTTPError 400: 'Bad Request'>
FAIL Authors/Conan_Doyle/Atomized/THE_BRITISH_CAMPAIGN_IN_FRANCE_AND_FLANDERS_VOLUME/Chapter_09/part_07.md: HY call failed: <HTTPError 400: 'Bad Request'>
FAIL Authors/Conan_Doyle/Atomized/THE_BRITISH_CAMPAIGN_IN_FRANCE_AND_FLANDERS_VOLUME/Chapter_09/part_06.md: HY call failed: <HTTPError 400: 'Bad Request'>
FAIL Authors/Conan_Doyle/Atomized/THE_BRITISH_CAMPAIGN_IN_FRANCE_AND_FLANDERS_VOLUME/Chapter_09/part_08 (DESKTOP-L2KS9QK's conflicted copy 2026-07-31).md: HY call failed: <HTTPError 400: 'Bad Request'>
FAIL Authors/Conan_Doyle/Atomized/THE_BRITISH_CAMPAIGN_IN_FRANCE_AND_FLANDERS_VOLUME/Chapter_09/part_08.md: HY call failed: <HTTPError 400: 'Bad Request'>
FAIL Authors/Conan_Doyle/Atomized/THE_BRITISH_CAMPAIGN_IN_FRANCE_AND_FLANDERS_VOLUME/Chapter_09/part_09.md: HY call failed: <HTTPError 400: 'Bad Request'>
[314/1030] ok Authors/Conan_Doyle/Atomized/THE_BRITISH_CAMPAIGN_IN_FRANCE_AND_FLANDERS_VOLUME/Chapter_09/part_13 (DESKTOP-L2KS9QK's conflicted copy 2026-07-31).md | blocks 95 | 112m | 1 blk/min
[315/1030] ok Authors/Conan_Doyle/Atomized/THE_BRITISH_CAMPAIGN_IN_FRANCE_AND_FLANDERS_VOLUME/Chapter_09/part_13.md | blocks 98 | 112m | 1 blk/min
[316/1030] ok Authors/Conan_Doyle/Atomized/THE_BRITISH_CAMPAIGN_IN_FRANCE_AND_FLANDERS_VOLUME/Chapter_09/part_11.md | blocks 101 | 112m | 1 blk/min
FAIL Authors/Conan_Doyle/Atomized/THE_BRITISH_CAMPAIGN_IN_FRANCE_AND_FLANDERS_VOLUME/Chapter_09/part_10.md: HY call failed: <HTTPError 400: 'Bad Request'>
FAIL Authors/Conan_Doyle/Atomized/THE_BRITISH_CAMPAIGN_IN_FRANCE_AND_FLANDERS_VOLUME/Chapter_09/part_12.md: HY call failed: <HTTPError 400: 'Bad Request'>
FAIL Authors/Conan_Doyle/Atomized/THE_BRITISH_CAMPAIGN_IN_FRANCE_AND_FLANDERS_VOLUME/Chapter_10/part_02.md: HY call failed: <HTTPError 400: 'Bad Request'>
FAIL Authors/Conan_Doyle/Atomized/THE_BRITISH_CAMPAIGN_IN_FRANCE_AND_FLANDERS_VOLUME/Chapter_10/part_03.md: HY call failed: <HTTPError 400: 'Bad Request'>
FAIL Authors/Conan_Doyle/Atomized/THE_BRITISH_CAMPAIGN_IN_FRANCE_AND_FLANDERS_VOLUME/Chapter_10/part_01.md: HY call failed: <HTTPError 400: 'Bad Request'>
FAIL Authors/Conan_Doyle/Atomized/THE_BRITISH_CAMPAIGN_IN_FRANCE_AND_FLANDERS_VOLUME/Chapter_10/part_01 (DESKTOP-L2KS9QK's conflicted copy 2026-07-31).md: HY call failed: <HTTPError 400: 'Bad Request'>
FAIL Authors/Conan_Doyle/Atomized/THE_BRITISH_CAMPAIGN_IN_FRANCE_AND_FLANDERS_VOLUME/Chapter_10/part_04 (DESKTOP-L2KS9QK's conflicted copy 2026-07-31).md: HY call failed: <HTTPError 400: 'Bad Request'>
FAIL Authors/Conan_Doyle/Atomized/THE_BRITISH_CAMPAIGN_IN_FRANCE_AND_FLANDERS_VOLUME/Chapter_10/part_04.md: HY call failed: <HTTPError 400: 'Bad Request'>
FAIL Authors/Conan_Doyle/Atomized/THE_BRITISH_CAMPAIGN_IN_FRANCE_AND_FLANDERS_VOLUME/Chapter_10/part_05 (DESKTOP-L2KS9QK's conflicted copy 2026-07-31).md: HY call failed: <HTTPError 400: 'Bad Request'>
FAIL Authors/Conan_Doyle/Atomized/THE_BRITISH_CAMPAIGN_IN_FRANCE_AND_FLANDERS_VOLUME/Chapter_10/part_06.md: HY call failed: <HTTPError 400: 'Bad Request'>
FAIL Authors/Conan_Doyle/Atomized/THE_BRITISH_CAMPAIGN_IN_FRANCE_AND_FLANDERS_VOLUME/Chapter_10/part_05.md: HY call failed: <HTTPError 400: 'Bad Request'>
FAIL Authors/Conan_Doyle/Atomized/THE_BRITISH_CAMPAIGN_IN_FRANCE_AND_FLANDERS_VOLUME/Chapter_10/part_08.md: tower failed after 3 tries: <HTTPError 400: 'Bad Request'>
FAIL Authors/Conan_Doyle/Atomized/THE_BRITISH_CAMPAIGN_IN_FRANCE_AND_FLANDERS_VOLUME/Chapter_10/part_07.md: HY call failed: <HTTPError 400: 'Bad Request'>
FAIL Authors/Conan_Doyle/Atomized/THE_BRITISH_CAMPAIGN_IN_FRANCE_AND_FLANDERS_VOLUME/Chapter_10/part_07 (DESKTOP-L2KS9QK's conflicted copy 2026-07-31).md: HY call failed: <HTTPError 400: 'Bad Request'>
FAIL Authors/Conan_Doyle/Atomized/THE_BRITISH_CAMPAIGN_IN_FRANCE_AND_FLANDERS_VOLUME/Chapter_10/part_09.md: HY call failed: <HTTPError 400: 'Bad Request'>
FAIL Authors/Conan_Doyle/Atomized/THE_BRITISH_CAMPAIGN_IN_FRANCE_AND_FLANDERS_VOLUME/Chapter_10/part_10.md: HY call failed: <HTTPError 400: 'Bad Request'>
FAIL Authors/Conan_Doyle/Atomized/THE_BRITISH_CAMPAIGN_IN_FRANCE_AND_FLANDERS_VOLUME/Chapter_10/part_11.md: HY call failed: <HTTPError 400: 'Bad Request'>
FAIL Authors/Conan_Doyle/Atomized/THE_BRITISH_CAMPAIGN_IN_FRANCE_AND_FLANDERS_VOLUME/Chapter_11/part_02.md: HY call failed: <HTTPError 400: 'Bad Request'>
FAIL Authors/Conan_Doyle/Atomized/THE_BRITISH_CAMPAIGN_IN_FRANCE_AND_FLANDERS_VOLUME/Chapter_11/part_03.md: HY call failed: <HTTPError 400: 'Bad Request'>
FAIL Authors/Conan_Doyle/Atomized/THE_BRITISH_CAMPAIGN_IN_FRANCE_AND_FLANDERS_VOLUME/Chapter_11/part_04.md: HY call failed: <HTTPError 400: 'Bad Request'>
FAIL Authors/Conan_Doyle/Atomized/THE_BRITISH_CAMPAIGN_IN_FRANCE_AND_FLANDERS_VOLUME/Chapter_11/part_05.md: HY call failed: <HTTPError 400: 'Bad Request'>
FAIL Authors/Conan_Doyle/Atomized/THE_BRITISH_CAMPAIGN_IN_FRANCE_AND_FLANDERS_VOLUME/Chapter_11/part_07.md: HY call failed: <HTTPError 400: 'Bad Request'>
FAIL Authors/Conan_Doyle/Atomized/THE_BRITISH_CAMPAIGN_IN_FRANCE_AND_FLANDERS_VOLUME/Chapter_11/part_06.md: HY call failed: <HTTPError 400: 'Bad Request'>
FAIL Authors/Conan_Doyle/Atomized/THE_BRITISH_CAMPAIGN_IN_FRANCE_AND_FLANDERS_VOLUME/Chapter_11/part_08 (DESKTOP-L2KS9QK's conflicted copy 2026-07-31).md: tower failed after 3 tries: <HTTPError 400: 'Bad Request'>
FAIL Authors/Conan_Doyle/Atomized/THE_BRITISH_CAMPAIGN_IN_FRANCE_AND_FLANDERS_VOLUME/Chapter_11/part_01.md: HY call failed: <HTTPError 400: 'Bad Request'>
FAIL Authors/Conan_Doyle/Atomized/THE_BRITISH_CAMPAIGN_IN_FRANCE_AND_FLANDERS_VOLUME/Chapter_11/part_08.md: HY call failed: <HTTPError 400: 'Bad Request'>
FAIL Authors/Conan_Doyle/Atomized/THE_BRITISH_CAMPAIGN_IN_FRANCE_AND_FLANDERS_VOLUME/Chapter_11/part_09.md: HY call failed: <HTTPError 400: 'Bad Request'>
FAIL Authors/Conan_Doyle/Atomized/THE_BRITISH_CAMPAIGN_IN_FRANCE_AND_FLANDERS_VOLUME/Chapter_11/part_11.md: tower failed after 3 tries: <HTTPError 400: 'Bad Request'>
FAIL Authors/Conan_Doyle/Atomized/THE_BRITISH_CAMPAIGN_IN_FRANCE_AND_FLANDERS_VOLUME/Chapter_11/part_10.md: HY call failed: <HTTPError 400: 'Bad Request'>
FAIL Authors/Conan_Doyle/Atomized/THE_BRITISH_CAMPAIGN_IN_FRANCE_AND_FLANDERS_VOLUME/Chapter_12/part_03.md: HY call failed: <HTTPError 400: 'Bad Request'>
FAIL Authors/Conan_Doyle/Atomized/THE_BRITISH_CAMPAIGN_IN_FRANCE_AND_FLANDERS_VOLUME/Chapter_12/part_02.md: HY call failed: <HTTPError 400: 'Bad Request'>
FAIL Authors/Conan_Doyle/Atomized/THE_BRITISH_CAMPAIGN_IN_FRANCE_AND_FLANDERS_VOLUME/Chapter_12/part_02 (DESKTOP-L2KS9QK's conflicted copy 2026-07-31).md: HY call failed: <HTTPError 400: 'Bad Request'>
FAIL Authors/Conan_Doyle/Atomized/THE_BRITISH_CAMPAIGN_IN_FRANCE_AND_FLANDERS_VOLUME/Chapter_12/part_01.md: HY call failed: <HTTPError 400: 'Bad Request'>
[350/1030] ok Authors/Conan_Doyle/Atomized/THE_BRITISH_CAMPAIGN_IN_FRANCE_AND_FLANDERS_VOLUME/Chapter_12/part_05 (DESKTOP-L2KS9QK's conflicted copy 2026-07-31).md | blocks 104 | 123m | 1 blk/min
[351/1030] ok Authors/Conan_Doyle/Atomized/THE_BRITISH_CAMPAIGN_IN_FRANCE_AND_FLANDERS_VOLUME/Chapter_12/part_05.md | blocks 107 | 123m | 1 blk/min
FAIL Authors/Conan_Doyle/Atomized/THE_BRITISH_CAMPAIGN_IN_FRANCE_AND_FLANDERS_VOLUME/Chapter_12/part_04.md: HY call failed: <HTTPError 400: 'Bad Request'>
FAIL Authors/Conan_Doyle/Atomized/THE_BRITISH_CAMPAIGN_IN_FRANCE_AND_FLANDERS_VOLUME/Chapter_12/part_06.md: HY call failed: <HTTPError 400: 'Bad Request'>
FAIL Authors/Conan_Doyle/Atomized/THE_BRITISH_CAMPAIGN_IN_FRANCE_AND_FLANDERS_VOLUME/Chapter_12/part_08.md: HY call failed: <HTTPError 400: 'Bad Request'>
FAIL Authors/Conan_Doyle/Atomized/THE_BRITISH_CAMPAIGN_IN_FRANCE_AND_FLANDERS_VOLUME/Chapter_12/part_07.md: HY call failed: <HTTPError 400: 'Bad Request'>
FAIL Authors/Conan_Doyle/Atomized/THE_BRITISH_CAMPAIGN_IN_FRANCE_AND_FLANDERS_VOLUME/Chapter_12/part_09.md: HY call failed: <HTTPError 400: 'Bad Request'>
FAIL Authors/Conan_Doyle/Atomized/THE_BRITISH_CAMPAIGN_IN_FRANCE_AND_FLANDERS_VOLUME/Chapter_12/part_10.md: HY call failed: <HTTPError 400: 'Bad Request'>
FAIL Authors/Conan_Doyle/Atomized/THE_BRITISH_CAMPAIGN_IN_FRANCE_AND_FLANDERS_VOLUME/Chapter_12/part_11.md: HY call failed: <HTTPError 400: 'Bad Request'>
FAIL Authors/Conan_Doyle/Atomized/THE_BRITISH_CAMPAIGN_IN_FRANCE_AND_FLANDERS_VOLUME/Chapter_12/part_12.md: HY call failed: <HTTPError 400: 'Bad Request'>
FAIL Authors/Conan_Doyle/Atomized/THE_BRITISH_CAMPAIGN_IN_FRANCE_AND_FLANDERS_VOLUME/Chapter_12/part_12 (DESKTOP-L2KS9QK's conflicted copy 2026-07-31).md: HY call failed: <HTTPError 400: 'Bad Request'>
[361/1030] ok Authors/Conan_Doyle/Atomized/THE_BRITISH_CAMPAIGN_IN_FRANCE_AND_FLANDERS_VOLUME/Chapter_12/part_13.md | blocks 111 | 126m | 1 blk/min
FAIL Authors/Conan_Doyle/Atomized/THE_CAPTAIN_OF_THE_POLESTAR_AND_OTHER_TALES/Story_01_THE_CAPTAIN_OF_THE_POLE_STAR.md: HY call failed: <HTTPError 400: 'Bad Request'>
FAIL Authors/Conan_Doyle/Atomized/THE_CAPTAIN_OF_THE_POLESTAR_AND_OTHER_TALES/Story_02_F_HABAKUK_JEPHSONS_STATEMENT.md: HY call failed: <HTTPError 400: 'Bad Request'>
FAIL Authors/Conan_Doyle/Atomized/THE_CAPTAIN_OF_THE_POLESTAR_AND_OTHER_TALES/Story_03_THE_GREAT_KEINPLATZ_EXPERIMENT.md: HY call failed: <HTTPError 400: 'Bad Request'>
FAIL Authors/Conan_Doyle/Atomized/THE_CAPTAIN_OF_THE_POLESTAR_AND_OTHER_TALES/Story_04_THE_MAN_FROM_ARCHANGEL.md: HY call failed: <HTTPError 400: 'Bad Request'>
FAIL Authors/Conan_Doyle/Atomized/THE_CAPTAIN_OF_THE_POLESTAR_AND_OTHER_TALES/Story_06_JOHN_HUXFORDS_HIATUS.md: HY call failed: <HTTPError 400: 'Bad Request'>
FAIL Authors/Conan_Doyle/Atomized/THE_CAPTAIN_OF_THE_POLESTAR_AND_OTHER_TALES/Story_05_THAT_LITTLE_SQUARE_BOX.md: HY call failed: <HTTPError 400: 'Bad Request'>
FAIL Authors/Conan_Doyle/Atomized/THE_CAPTAIN_OF_THE_POLESTAR_AND_OTHER_TALES/Story_08_JOHN_BARRINGTON_COWLES.md: HY call failed: <HTTPError 400: 'Bad Request'>
FAIL Authors/Conan_Doyle/Atomized/THE_CAPTAIN_OF_THE_POLESTAR_AND_OTHER_TALES/Story_07_CYPRIAN_OVERBECK_WELLS_A_LITERARY_MOSAIC.md: HY call failed: <HTTPError 400: 'Bad Request'>
FAIL Authors/Conan_Doyle/Atomized/THE_CAPTAIN_OF_THE_POLESTAR_AND_OTHER_TALES/Story_09_ELIAS_B_HOPKINS_THE_PARSON_OF_JACKMANS_G.md: HY call failed: <HTTPError 400: 'Bad Request'>
FAIL Authors/Conan_Doyle/Atomized/THE_CASE_BOOK_OF_SHERLOCK_HOLMES/Story_02_ADVENTURE_II_THE_PROBLEM_OF_THOR_BRIDGE.md: HY call failed: <HTTPError 400: 'Bad Request'>
FAIL Authors/Conan_Doyle/Atomized/THE_CASE_BOOK_OF_SHERLOCK_HOLMES/Story_01_ADVENTURE_I_THE_ADVENTURE_OF_THE_MAZARIN.md: HY call failed: <HTTPError 400: 'Bad Request'>
FAIL Authors/Conan_Doyle/Atomized/THE_CASE_BOOK_OF_SHERLOCK_HOLMES/Story_05_ADVENTURE_V_THE_ADVENTURE_OF_THE_THREE_G.md: tower failed after 3 tries: <HTTPError 400: 'Bad Request'>
FAIL Authors/Conan_Doyle/Atomized/THE_CASE_BOOK_OF_SHERLOCK_HOLMES/Story_06_ADVENTURE_VI_THE_ADVENTURE_OF_THE_ILLUST.md: HY call failed: <HTTPError 400: 'Bad Request'>
FAIL Authors/Conan_Doyle/Atomized/THE_CASE_BOOK_OF_SHERLOCK_HOLMES/Story_03_ADVENTURE_III_THE_ADVENTURE_OF_THE_CREEP.md: HY call failed: <HTTPError 400: 'Bad Request'>
FAIL Authors/Conan_Doyle/Atomized/THE_CASE_BOOK_OF_SHERLOCK_HOLMES/Story_04_ADVENTURE_IV_THE_ADVENTURE_OF_THE_SUSSEX.md: HY call failed: <HTTPError 400: 'Bad Request'>
FAIL Authors/Conan_Doyle/Atomized/THE_CASE_BOOK_OF_SHERLOCK_HOLMES/Story_07_ADVENTURE_VII_THE_ADVENTURE_OF_THE_BLANC.md: HY call failed: <HTTPError 400: 'Bad Request'>
FAIL Authors/Conan_Doyle/Atomized/THE_CASE_BOOK_OF_SHERLOCK_HOLMES/Story_09_ADVENTURE_IX_THE_ADVENTURE_OF_THE_THREE.md: HY call failed: <HTTPError 400: 'Bad Request'>
FAIL Authors/Conan_Doyle/Atomized/THE_CASE_BOOK_OF_SHERLOCK_HOLMES/Story_08_ADVENTURE_VIII_THE_ADVENTURE_OF_THE_RETI.md: HY call failed: <HTTPError 400: 'Bad Request'>
FAIL Authors/Conan_Doyle/Atomized/THE_CASE_BOOK_OF_SHERLOCK_HOLMES/Story_10_ADVENTURE_X_THE_ADVENTURE_OF_THE_LIONS_M.md: tower failed after 3 tries: <HTTPError 400: 'Bad Request'>
FAIL Authors/Conan_Doyle/Atomized/THE_CASE_OF_MR_GEORGE_EDALJI/Story_01_THE_CASE_OF_MR_GEORGE_EDALJI.md: HY call failed: <HTTPError 400: 'Bad Request'>
[382/1030] ok Authors/Conan_Doyle/Atomized/THE_CASE_OF_MR_GEORGE_EDALJI/Story_02_CASE_OF_GEORGE_EDALJI_LETTER_FROM_SIR_A.md | blocks 114 | 133m | 1 blk/min
FAIL Authors/Conan_Doyle/Atomized/THE_CASE_BOOK_OF_SHERLOCK_HOLMES/Story_12_ADVENTURE_XII_THE_ADVENTURE_OF_SHOSCOMBE/part_02.md: HY call failed: <HTTPError 400: 'Bad Request'>
FAIL Authors/Conan_Doyle/Atomized/THE_CASE_BOOK_OF_SHERLOCK_HOLMES/Story_12_ADVENTURE_XII_THE_ADVENTURE_OF_SHOSCOMBE/part_01.md: HY call failed: <HTTPError 400: 'Bad Request'>
FAIL Authors/Conan_Doyle/Atomized/THE_CASE_BOOK_OF_SHERLOCK_HOLMES/Story_11_ADVENTURE_XI_THE_ADVENTURE_OF_THE_VEILED.md: HY call failed: <HTTPError 400: 'Bad Request'>
FAIL Authors/Conan_Doyle/Atomized/THE_CASE_OF_MR_GEORGE_EDALJI/Story_05_STATEMENT_OF_THE_CASE_AGAINST_ROYDEN_SHA.md: HY call failed: <HTTPError 400: 'Bad Request'>
FAIL Authors/Conan_Doyle/Atomized/THE_CASE_OF_MR_GEORGE_EDALJI/Story_06_EVIDENCE_OF_HIS_CHARACTER_BEFORE_THE_CRI.md: HY call failed: <HTTPError 400: 'Bad Request'>
FAIL Authors/Conan_Doyle/Atomized/THE_CASE_OF_MR_GEORGE_EDALJI/Story_03_WHO_WROTE_THE_LETTERS_No_2.md: HY call failed: <HTTPError 400: 'Bad Request'>
FAIL Authors/Conan_Doyle/Atomized/THE_CASE_OF_MR_GEORGE_EDALJI/Story_04_THE_MARTIN_MOLTON_LETTERS_No_3.md: HY call failed: <HTTPError 400: 'Bad Request'>
FAIL Authors/Conan_Doyle/Atomized/THE_CASE_OF_MR_OSCAR_SLATER/part/part_03.md: HY call failed: <HTTPError 400: 'Bad Request'>
FAIL Authors/Conan_Doyle/Atomized/THE_CASE_OF_MR_GEORGE_EDALJI/Story_07_MR_WYNNES_STATEMENT.md: HY call failed: <HTTPError 400: 'Bad Request'>
FAIL Authors/Conan_Doyle/Atomized/THE_CASE_OF_MR_OSCAR_SLATER/part/part_02.md: HY call failed: <HTTPError 400: 'Bad Request'>
FAIL Authors/Conan_Doyle/Atomized/THE_CASE_OF_MR_OSCAR_SLATER/part/part_01.md: HY call failed: <HTTPError 400: 'Bad Request'>
FAIL Authors/Conan_Doyle/Atomized/THE_COMING_OF_THE_FAIRIES/Chapter_02.md: HY call failed: <HTTPError 400: 'Bad Request'>
FAIL Authors/Conan_Doyle/Atomized/THE_COMING_OF_THE_FAIRIES/Chapter_03.md: tower failed after 3 tries: <HTTPError 400: 'Bad Request'>
FAIL Authors/Conan_Doyle/Atomized/THE_COMING_OF_THE_FAIRIES/Chapter_01/part_02.md: HY call failed: <HTTPError 400: 'Bad Request'>
FAIL Authors/Conan_Doyle/Atomized/THE_COMING_OF_THE_FAIRIES/Chapter_01/part_01.md: HY call failed: <HTTPError 400: 'Bad Request'>
FAIL Authors/Conan_Doyle/Atomized/THE_COMING_OF_THE_FAIRIES/Chapter_06/part_02.md: tower failed after 3 tries: <HTTPError 400: 'Bad Request'>
FAIL Authors/Conan_Doyle/Atomized/THE_COMING_OF_THE_FAIRIES/Chapter_05.md: HY call failed: <HTTPError 400: 'Bad Request'>
FAIL Authors/Conan_Doyle/Atomized/THE_COMING_OF_THE_FAIRIES/Chapter_06/part_01.md: HY call failed: <HTTPError 400: 'Bad Request'>
FAIL Authors/Conan_Doyle/Atomized/THE_COMING_OF_THE_FAIRIES/Chapter_04.md: HY call failed: <HTTPError 400: 'Bad Request'>
[402/1030] ok Authors/Conan_Doyle/Atomized/THE_COMING_OF_THE_FAIRIES/Chapter_09.md | blocks 117 | 139m | 1 blk/min
[403/1030] ok Authors/Conan_Doyle/Atomized/THE_COMING_OF_THE_FAIRIES/Chapter_10.md | blocks 120 | 139m | 1 blk/min
[404/1030] ok Authors/Conan_Doyle/Atomized/THE_COMING_OF_THE_FAIRIES/Chapter_12.md | blocks 123 | 139m | 1 blk/min
FAIL Authors/Conan_Doyle/Atomized/THE_COMING_OF_THE_FAIRIES/Chapter_07.md: HY call failed: <HTTPError 400: 'Bad Request'>
[406/1030] ok Authors/Conan_Doyle/Atomized/THE_COMING_OF_THE_FAIRIES/Chapter_14.md | blocks 126 | 139m | 1 blk/min
[407/1030] ok Authors/Conan_Doyle/Atomized/THE_COMING_OF_THE_FAIRIES/Chapter_15.md | blocks 129 | 139m | 1 blk/min
[408/1030] ok Authors/Conan_Doyle/Atomized/THE_COMING_OF_THE_FAIRIES/Chapter_16.md | blocks 132 | 139m | 1 blk/min
[409/1030] ok Authors/Conan_Doyle/Atomized/THE_COMING_OF_THE_FAIRIES/Chapter_17.md | blocks 135 | 139m | 1 blk/min
[410/1030] ok Authors/Conan_Doyle/Atomized/THE_COMING_OF_THE_FAIRIES/Chapter_11.md | blocks 138 | 140m | 1 blk/min
[411/1030] ok Authors/Conan_Doyle/Atomized/THE_COMING_OF_THE_FAIRIES/Chapter_18.md | blocks 141 | 140m | 1 blk/min
FAIL Authors/Conan_Doyle/Atomized/THE_COMING_OF_THE_FAIRIES/Chapter_08.md: HY call failed: <HTTPError 400: 'Bad Request'>
FAIL Authors/Conan_Doyle/Atomized/THE_COMING_OF_THE_FAIRIES/Chapter_13.md: tower failed after 3 tries: <HTTPError 400: 'Bad Request'>
FAIL Authors/Conan_Doyle/Atomized/THE_CRIME_OF_THE_CONGO/Chapter_02.md: HY call failed: <HTTPError 400: 'Bad Request'>
FAIL Authors/Conan_Doyle/Atomized/THE_CRIME_OF_THE_CONGO/Chapter_03.md: HY call failed: <HTTPError 400: 'Bad Request'>
FAIL Authors/Conan_Doyle/Atomized/THE_CRIME_OF_THE_CONGO/Chapter_04.md: tower failed after 3 tries: <HTTPError 400: 'Bad Request'>
FAIL Authors/Conan_Doyle/Atomized/THE_CRIME_OF_THE_CONGO/Chapter_01.md: HY call failed: <HTTPError 400: 'Bad Request'>
FAIL Authors/Conan_Doyle/Atomized/THE_CRIME_OF_THE_CONGO/Chapter_05.md: HY call failed: <HTTPError 400: 'Bad Request'>
FAIL Authors/Conan_Doyle/Atomized/THE_CRIME_OF_THE_CONGO/Chapter_06.md: tower failed after 3 tries: <HTTPError 400: 'Bad Request'>
FAIL Authors/Conan_Doyle/Atomized/THE_CRIME_OF_THE_CONGO/Chapter_07.md: tower failed after 3 tries: <HTTPError 400: 'Bad Request'>
FAIL Authors/Conan_Doyle/Atomized/THE_CRIME_OF_THE_CONGO/Chapter_08.md: HY call failed: <HTTPError 400: 'Bad Request'>
FAIL Authors/Conan_Doyle/Atomized/THE_CRIME_OF_THE_CONGO/Chapter_09.md: HY call failed: <HTTPError 400: 'Bad Request'>
FAIL Authors/Conan_Doyle/Atomized/THE_CRIME_OF_THE_CONGO/Chapter_10.md: HY call failed: <HTTPError 400: 'Bad Request'>
FAIL Authors/Conan_Doyle/Atomized/THE_CRIME_OF_THE_CONGO/Chapter_11.md: HY call failed: <HTTPError 400: 'Bad Request'>
FAIL Authors/Conan_Doyle/Atomized/THE_CRIME_OF_THE_CONGO/Chapter_12.md: HY call failed: <HTTPError 400: 'Bad Request'>
[426/1030] ok Authors/Conan_Doyle/Atomized/THE_CRIME_OF_THE_CONGO/Chapter_13.md | blocks 144 | 144m | 1 blk/min
[427/1030] ok Authors/Conan_Doyle/Atomized/THE_CRIME_OF_THE_CONGO/Chapter_14.md | blocks 147 | 144m | 1 blk/min
[428/1030] ok Authors/Conan_Doyle/Atomized/THE_CRIME_OF_THE_CONGO/Chapter_15/part_01.md | blocks 150 | 144m | 1 blk/min
FAIL Authors/Conan_Doyle/Atomized/THE_CRIME_OF_THE_CONGO/Chapter_15/part_02.md: HY call failed: <HTTPError 400: 'Bad Request'>
FAIL Authors/Conan_Doyle/Atomized/THE_DEALINGS_OF_CAPTAIN_SHARKEY_AND_OTHER_TALES_OF/Story_01_TALES_OF_PIRATES.md: HY call failed: <HTTPError 400: 'Bad Request'>
FAIL Authors/Conan_Doyle/Atomized/THE_DEALINGS_OF_CAPTAIN_SHARKEY_AND_OTHER_TALES_OF/Story_03_THE_BLIGHTING_OF_SHARKEY.md: HY call failed: <HTTPError 400: 'Bad Request'>
FAIL Authors/Conan_Doyle/Atomized/THE_DEALINGS_OF_CAPTAIN_SHARKEY_AND_OTHER_TALES_OF/Story_02_THE_DEALINGS_OF_CAPTAIN_SHARKEY_WITH_STE.md: HY call failed: <HTTPError 400: 'Bad Request'>
FAIL Authors/Conan_Doyle/Atomized/THE_DEALINGS_OF_CAPTAIN_SHARKEY_AND_OTHER_TALES_OF/Story_07_TALES_OF_BLUE_WATER.md: HY call failed: <HTTPError 400: 'Bad Request'>
FAIL Authors/Conan_Doyle/Atomized/THE_DEALINGS_OF_CAPTAIN_SHARKEY_AND_OTHER_TALES_OF/Story_06_A_PIRATE_OF_THE_LAND_ONE_CROWDED_HOUR.md: HY call failed: <HTTPError 400: 'Bad Request'>
FAIL Authors/Conan_Doyle/Atomized/THE_DEALINGS_OF_CAPTAIN_SHARKEY_AND_OTHER_TALES_OF/Story_04_HOW_COPLEY_BANKS_SLEW_CAPTAIN_SHARKEY.md: HY call failed: <HTTPError 400: 'Bad Request'>
FAIL Authors/Conan_Doyle/Atomized/THE_DEALINGS_OF_CAPTAIN_SHARKEY_AND_OTHER_TALES_OF/Story_05_THE_SLAPPING_SAL.md: HY call failed: <HTTPError 400: 'Bad Request'>
FAIL Authors/Conan_Doyle/Atomized/THE_DEALINGS_OF_CAPTAIN_SHARKEY_AND_OTHER_TALES_OF/Story_08_THE_CAPTAIN_OF_THE_POLESTAR.md: HY call failed: <HTTPError 400: 'Bad Request'>
FAIL Authors/Conan_Doyle/Atomized/THE_DEALINGS_OF_CAPTAIN_SHARKEY_AND_OTHER_TALES_OF/Story_10_JELLANDS_VOYAGE.md: HY call failed: <HTTPError 400: 'Bad Request'>
FAIL Authors/Conan_Doyle/Atomized/THE_DEALINGS_OF_CAPTAIN_SHARKEY_AND_OTHER_TALES_OF/Story_11_J_HABAKUK_JEPHSONS_STATEMENT.md: HY call failed: <HTTPError 400: 'Bad Request'>
FAIL Authors/Conan_Doyle/Atomized/THE_DEALINGS_OF_CAPTAIN_SHARKEY_AND_OTHER_TALES_OF/Story_09_THE_FIEND_OF_THE_COOPERAGE.md: HY call failed: <HTTPError 400: 'Bad Request'>
FAIL Authors/Conan_Doyle/Atomized/THE_DEALINGS_OF_CAPTAIN_SHARKEY_AND_OTHER_TALES_OF/Story_12_THAT_LITTLE_SQUARE_BOX.md: HY call failed: <HTTPError 400: 'Bad Request'>
FAIL Authors/Conan_Doyle/Atomized/THE_DEBATABLE_CASE_OF_MRS_EMSLEY/part/part_01.md: HY call failed: <HTTPError 400: 'Bad Request'>
FAIL Authors/Conan_Doyle/Atomized/THE_DEBATABLE_CASE_OF_MRS_EMSLEY/part/part_02.md: HY call failed: <HTTPError 400: 'Bad Request'>
FAIL Authors/Conan_Doyle/Atomized/THE_DOINGS_OF_RAFFLES_HAW/Chapter_01_A_DOUBLE_ENIGMA.md: HY call failed: <HTTPError 400: 'Bad Request'>
FAIL Authors/Conan_Doyle/Atomized/THE_DOINGS_OF_RAFFLES_HAW/Chapter_02_THE_TENANT_OF_THE_NEW_HALL.md: HY call failed: <HTTPError 400: 'Bad Request'>
FAIL Authors/Conan_Doyle/Atomized/THE_DOINGS_OF_RAFFLES_HAW/Chapter_03_A_HOUSE_OF_WONDERS.md: HY call failed: <HTTPError 400: 'Bad Request'>
FAIL Authors/Conan_Doyle/Atomized/THE_DOINGS_OF_RAFFLES_HAW/Chapter_04_FROM_CLIME_TO_CLIME.md: HY call failed: <HTTPError 400: 'Bad Request'>
FAIL Authors/Conan_Doyle/Atomized/THE_DOINGS_OF_RAFFLES_HAW/Chapter_05_LAURAS_REQUEST.md: HY call failed: <HTTPError 400: 'Bad Request'>
[449/1030] ok Authors/Conan_Doyle/Atomized/THE_DOINGS_OF_RAFFLES_HAW/Chapter_06_A_STRANGE_VISITOR.md | blocks 153 | 152m | 1 blk/min
FAIL Authors/Conan_Doyle/Atomized/THE_DOINGS_OF_RAFFLES_HAW/Chapter_10_THE_GREAT_SECRET.md: tower failed after 3 tries: <HTTPError 400: 'Bad Request'>
FAIL Authors/Conan_Doyle/Atomized/THE_DOINGS_OF_RAFFLES_HAW/Chapter_07_THE_WORKINGS_OF_WEALTH.md: HY call failed: <HTTPError 400: 'Bad Request'>
FAIL Authors/Conan_Doyle/Atomized/THE_DOINGS_OF_RAFFLES_HAW/Chapter_09_A_NEW_DEPARTURE.md: HY call failed: <HTTPError 400: 'Bad Request'>
FAIL Authors/Conan_Doyle/Atomized/THE_DOINGS_OF_RAFFLES_HAW/Chapter_08_A_BILLIONAIRES_PLANS.md: HY call failed: <HTTPError 400: 'Bad Request'>
FAIL Authors/Conan_Doyle/Atomized/THE_DOINGS_OF_RAFFLES_HAW/Chapter_13_A_MIDNIGHT_VENTURE.md: HY call failed: <HTTPError 400: 'Bad Request'>
FAIL Authors/Conan_Doyle/Atomized/THE_DOINGS_OF_RAFFLES_HAW/Chapter_11_A_CHEMICAL_DEMONSTRATION.md: HY call failed: <HTTPError 400: 'Bad Request'>
FAIL Authors/Conan_Doyle/Atomized/THE_DOINGS_OF_RAFFLES_HAW/Chapter_12_A_FAMILY_JAR.md: HY call failed: <HTTPError 400: 'Bad Request'>
FAIL Authors/Conan_Doyle/Atomized/THE_DOINGS_OF_RAFFLES_HAW/Chapter_14_THE_SPREAD_OF_THE_BLIGHT.md: HY call failed: <HTTPError 400: 'Bad Request'>
FAIL Authors/Conan_Doyle/Atomized/THE_EDGE_OF_THE_UNKNOWN/Chapter_01/part_02.md: HY call failed: <HTTPError 400: 'Bad Request'>
FAIL Authors/Conan_Doyle/Atomized/THE_EDGE_OF_THE_UNKNOWN/Chapter_01/part_03.md: tower failed after 3 tries: <HTTPError 400: 'Bad Request'>
FAIL Authors/Conan_Doyle/Atomized/THE_EDGE_OF_THE_UNKNOWN/Chapter_01/part_01.md: HY call failed: <HTTPError 400: 'Bad Request'>
FAIL Authors/Conan_Doyle/Atomized/THE_DOINGS_OF_RAFFLES_HAW/Chapter_15_THE_GREATER_SECRET.md: HY call failed: <HTTPError 400: 'Bad Request'>
FAIL Authors/Conan_Doyle/Atomized/THE_EDGE_OF_THE_UNKNOWN/Chapter_01/part_05.md: HY call failed: <HTTPError 400: 'Bad Request'>
FAIL Authors/Conan_Doyle/Atomized/THE_EDGE_OF_THE_UNKNOWN/Chapter_01/part_04.md: HY call failed: <HTTPError 400: 'Bad Request'>
FAIL Authors/Conan_Doyle/Atomized/THE_EDGE_OF_THE_UNKNOWN/Chapter_01/part_07.md: HY call failed: <HTTPError 400: 'Bad Request'>
FAIL Authors/Conan_Doyle/Atomized/THE_EDGE_OF_THE_UNKNOWN/Chapter_01/part_06.md: HY call failed: <HTTPError 400: 'Bad Request'>
FAIL Authors/Conan_Doyle/Atomized/THE_EDGE_OF_THE_UNKNOWN/Chapter_01/part_08.md: tower failed after 3 tries: <HTTPError 400: 'Bad Request'>
FAIL Authors/Conan_Doyle/Atomized/THE_EDGE_OF_THE_UNKNOWN/Chapter_01/part_09.md: HY call failed: <HTTPError 400: 'Bad Request'>
FAIL Authors/Conan_Doyle/Atomized/THE_EDGE_OF_THE_UNKNOWN/Chapter_01/part_10.md: HY call failed: <HTTPError 400: 'Bad Request'>
FAIL Authors/Conan_Doyle/Atomized/THE_EDGE_OF_THE_UNKNOWN/Chapter_01/part_11.md: HY call failed: <HTTPError 400: 'Bad Request'>
FAIL Authors/Conan_Doyle/Atomized/THE_EDGE_OF_THE_UNKNOWN/Chapter_01/part_12.md: HY call failed: <HTTPError 400: 'Bad Request'>
FAIL Authors/Conan_Doyle/Atomized/THE_EDGE_OF_THE_UNKNOWN/Chapter_01/part_13.md: HY call failed: <HTTPError 400: 'Bad Request'>
FAIL Authors/Conan_Doyle/Atomized/THE_EXPLOITS_OF_BRIGADIER_GERARD/Story_01_HOW_THE_BRIGADIER_CAME_TO_THE_CASTLE_OF.md: tower failed after 3 tries: <HTTPError 400: 'Bad Request'>
FAIL Authors/Conan_Doyle/Atomized/THE_EDGE_OF_THE_UNKNOWN/Chapter_01/part_14.md: HY call failed: <HTTPError 400: 'Bad Request'>
FAIL Authors/Conan_Doyle/Atomized/THE_EDGE_OF_THE_UNKNOWN/Chapter_01/part_15.md: HY call failed: <HTTPError 400: 'Bad Request'>
FAIL Authors/Conan_Doyle/Atomized/THE_EXPLOITS_OF_BRIGADIER_GERARD/Story_03_HOW_THE_BRIGADIER_HELD_THE_KING.md: HY call failed: <HTTPError 400: 'Bad Request'>
FAIL Authors/Conan_Doyle/Atomized/THE_EXPLOITS_OF_BRIGADIER_GERARD/Story_02_HOW_THE_BRIGADIER_SLEW_THE_BROTHERS_OF_A.md: HY call failed: <HTTPError 400: 'Bad Request'>
FAIL Authors/Conan_Doyle/Atomized/THE_EXPLOITS_OF_BRIGADIER_GERARD/Story_05_HOW_THE_BRIGADIER_TOOK_THE_FIELD_AGAINST.md: HY call failed: <HTTPError 400: 'Bad Request'>
FAIL Authors/Conan_Doyle/Atomized/THE_EXPLOITS_OF_BRIGADIER_GERARD/Story_04_HOW_THE_KING_HELD_THE_BRIGADIER.md: HY call failed: <HTTPError 400: 'Bad Request'>
FAIL Authors/Conan_Doyle/Atomized/THE_EXPLOITS_OF_BRIGADIER_GERARD/Story_06_HOW_THE_BRIGADIER_PLAYED_FOR_A_KINGDOM.md: HY call failed: <HTTPError 400: 'Bad Request'>
FAIL Authors/Conan_Doyle/Atomized/THE_EXPLOITS_OF_BRIGADIER_GERARD/Story_07_HOW_THE_BRIGADIER_WON_HIS_MEDAL.md: HY call failed: <HTTPError 400: 'Bad Request'>
[481/1030] ok Authors/Conan_Doyle/Atomized/THE_FIRM_OF_GIRDLESTONE/Chapter_03.md | blocks 156 | 162m | 1 blk/min
FAIL Authors/Conan_Doyle/Atomized/THE_EXPLOITS_OF_BRIGADIER_GERARD/Story_08_HOW_THE_BRIGADIER_WAS_TEMPTED_BY_THE_DEV.md: HY call failed: <HTTPError 400: 'Bad Request'>
FAIL Authors/Conan_Doyle/Atomized/THE_FIRM_OF_GIRDLESTONE/Chapter_02.md: HY call failed: <HTTPError 400: 'Bad Request'>
FAIL Authors/Conan_Doyle/Atomized/THE_FIRM_OF_GIRDLESTONE/Chapter_01.md: HY call failed: <HTTPError 400: 'Bad Request'>
FAIL Authors/Conan_Doyle/Atomized/THE_FIRM_OF_GIRDLESTONE/Chapter_05.md: HY call failed: <HTTPError 400: 'Bad Request'>
FAIL Authors/Conan_Doyle/Atomized/THE_FIRM_OF_GIRDLESTONE/Chapter_06.md: HY call failed: <HTTPError 400: 'Bad Request'>
FAIL Authors/Conan_Doyle/Atomized/THE_FIRM_OF_GIRDLESTONE/Chapter_04.md: HY call failed: <HTTPError 400: 'Bad Request'>
FAIL Authors/Conan_Doyle/Atomized/THE_FIRM_OF_GIRDLESTONE/Chapter_07.md: HY call failed: <HTTPError 400: 'Bad Request'>
FAIL Authors/Conan_Doyle/Atomized/THE_FIRM_OF_GIRDLESTONE/Chapter_09.md: tower failed after 3 tries: <HTTPError 400: 'Bad Request'>
FAIL Authors/Conan_Doyle/Atomized/THE_FIRM_OF_GIRDLESTONE/Chapter_08.md: HY call failed: <HTTPError 400: 'Bad Request'>
FAIL Authors/Conan_Doyle/Atomized/THE_FIRM_OF_GIRDLESTONE/Chapter_10.md: HY call failed: <HTTPError 400: 'Bad Request'>
FAIL Authors/Conan_Doyle/Atomized/THE_FIRM_OF_GIRDLESTONE/Chapter_11.md: HY call failed: <HTTPError 400: 'Bad Request'>
FAIL Authors/Conan_Doyle/Atomized/THE_FIRM_OF_GIRDLESTONE/Chapter_12.md: HY call failed: <HTTPError 400: 'Bad Request'>
FAIL Authors/Conan_Doyle/Atomized/THE_FIRM_OF_GIRDLESTONE/Chapter_13.md: HY call failed: <HTTPError 400: 'Bad Request'>
FAIL Authors/Conan_Doyle/Atomized/THE_FIRM_OF_GIRDLESTONE/Chapter_14.md: HY call failed: <HTTPError 400: 'Bad Request'>
FAIL Authors/Conan_Doyle/Atomized/THE_FIRM_OF_GIRDLESTONE/Chapter_15.md: HY call failed: <HTTPError 400: 'Bad Request'>
FAIL Authors/Conan_Doyle/Atomized/THE_FIRM_OF_GIRDLESTONE/Chapter_16.md: HY call failed: <HTTPError 400: 'Bad Request'>
FAIL Authors/Conan_Doyle/Atomized/THE_FIRM_OF_GIRDLESTONE/Chapter_17.md: HY call failed: <HTTPError 400: 'Bad Request'>
FAIL Authors/Conan_Doyle/Atomized/THE_FIRM_OF_GIRDLESTONE/Chapter_18.md: HY call failed: <HTTPError 400: 'Bad Request'>
FAIL Authors/Conan_Doyle/Atomized/THE_FIRM_OF_GIRDLESTONE/Chapter_19.md: HY call failed: <HTTPError 400: 'Bad Request'>
FAIL Authors/Conan_Doyle/Atomized/THE_FIRM_OF_GIRDLESTONE/Chapter_20.md: HY call failed: <HTTPError 400: 'Bad Request'>
FAIL Authors/Conan_Doyle/Atomized/THE_FIRM_OF_GIRDLESTONE/Chapter_21.md: HY call failed: <HTTPError 400: 'Bad Request'>
FAIL Authors/Conan_Doyle/Atomized/THE_FIRM_OF_GIRDLESTONE/Chapter_22.md: HY call failed: <HTTPError 400: 'Bad Request'>
FAIL Authors/Conan_Doyle/Atomized/THE_FIRM_OF_GIRDLESTONE/Chapter_24.md: HY call failed: <HTTPError 400: 'Bad Request'>
FAIL Authors/Conan_Doyle/Atomized/THE_FIRM_OF_GIRDLESTONE/Chapter_23.md: HY call failed: <HTTPError 400: 'Bad Request'>
FAIL Authors/Conan_Doyle/Atomized/THE_FIRM_OF_GIRDLESTONE/Chapter_25.md: HY call failed: <HTTPError 400: 'Bad Request'>
FAIL Authors/Conan_Doyle/Atomized/THE_FIRM_OF_GIRDLESTONE/Chapter_26.md: HY call failed: <HTTPError 400: 'Bad Request'>
FAIL Authors/Conan_Doyle/Atomized/THE_FIRM_OF_GIRDLESTONE/Chapter_27.md: HY call failed: <HTTPError 400: 'Bad Request'>
FAIL Authors/Conan_Doyle/Atomized/THE_FIRM_OF_GIRDLESTONE/Chapter_28.md: HY call failed: <HTTPError 400: 'Bad Request'>
FAIL Authors/Conan_Doyle/Atomized/THE_FIRM_OF_GIRDLESTONE/Chapter_30.md: HY call failed: <HTTPError 400: 'Bad Request'>
FAIL Authors/Conan_Doyle/Atomized/THE_FIRM_OF_GIRDLESTONE/Chapter_29.md: HY call failed: <HTTPError 400: 'Bad Request'>
FAIL Authors/Conan_Doyle/Atomized/THE_FIRM_OF_GIRDLESTONE/Chapter_31.md: HY call failed: <HTTPError 400: 'Bad Request'>
FAIL Authors/Conan_Doyle/Atomized/THE_FIRM_OF_GIRDLESTONE/Chapter_32.md: HY call failed: <HTTPError 400: 'Bad Request'>
FAIL Authors/Conan_Doyle/Atomized/THE_FIRM_OF_GIRDLESTONE/Chapter_34.md: HY call failed: <HTTPError 400: 'Bad Request'>
FAIL Authors/Conan_Doyle/Atomized/THE_FIRM_OF_GIRDLESTONE/Chapter_33.md: HY call failed: <HTTPError 400: 'Bad Request'>
FAIL Authors/Conan_Doyle/Atomized/THE_FIRM_OF_GIRDLESTONE/Chapter_35.md: HY call failed: <HTTPError 400: 'Bad Request'>
FAIL Authors/Conan_Doyle/Atomized/THE_FIRM_OF_GIRDLESTONE/Chapter_36.md: HY call failed: <HTTPError 400: 'Bad Request'>
FAIL Authors/Conan_Doyle/Atomized/THE_FIRM_OF_GIRDLESTONE/Chapter_38.md: HY call failed: <HTTPError 400: 'Bad Request'>
FAIL Authors/Conan_Doyle/Atomized/THE_FIRM_OF_GIRDLESTONE/Chapter_37.md: HY call failed: <HTTPError 400: 'Bad Request'>
FAIL Authors/Conan_Doyle/Atomized/THE_FIRM_OF_GIRDLESTONE/Chapter_39.md: HY call failed: <HTTPError 400: 'Bad Request'>
FAIL Authors/Conan_Doyle/Atomized/THE_FIRM_OF_GIRDLESTONE/Chapter_42.md: HY call failed: <HTTPError 400: 'Bad Request'>
FAIL Authors/Conan_Doyle/Atomized/THE_FIRM_OF_GIRDLESTONE/Chapter_40.md: HY call failed: <HTTPError 400: 'Bad Request'>
FAIL Authors/Conan_Doyle/Atomized/THE_FIRM_OF_GIRDLESTONE/Chapter_41.md: HY call failed: <HTTPError 400: 'Bad Request'>
FAIL Authors/Conan_Doyle/Atomized/THE_FIRM_OF_GIRDLESTONE/Chapter_45.md: HY call failed: <HTTPError 400: 'Bad Request'>
FAIL Authors/Conan_Doyle/Atomized/THE_FIRM_OF_GIRDLESTONE/Chapter_46.md: HY call failed: <HTTPError 400: 'Bad Request'>
FAIL Authors/Conan_Doyle/Atomized/THE_FIRM_OF_GIRDLESTONE/Chapter_44.md: HY call failed: <HTTPError 400: 'Bad Request'>
FAIL Authors/Conan_Doyle/Atomized/THE_FIRM_OF_GIRDLESTONE/Chapter_43.md: HY call failed: <HTTPError 400: 'Bad Request'>
FAIL Authors/Conan_Doyle/Atomized/THE_FIRM_OF_GIRDLESTONE/Chapter_50.md: tower failed after 3 tries: <HTTPError 400: 'Bad Request'>
FAIL Authors/Conan_Doyle/Atomized/THE_FIRM_OF_GIRDLESTONE/Chapter_47.md: HY call failed: <HTTPError 400: 'Bad Request'>
FAIL Authors/Conan_Doyle/Atomized/THE_FIRM_OF_GIRDLESTONE/Chapter_48.md: HY call failed: <HTTPError 400: 'Bad Request'>
FAIL Authors/Conan_Doyle/Atomized/THE_FIRM_OF_GIRDLESTONE/Chapter_49.md: HY call failed: <HTTPError 400: 'Bad Request'>
[532/1030] ok Authors/Conan_Doyle/Atomized/THE_FIRM_OF_GIRDLESTONE/Chapter_51.md | blocks 160 | 184m | 1 blk/min | 1 links to repair
FAIL Authors/Conan_Doyle/Atomized/THE_GREAT_BOER_WAR/Chapter_02_THE_BOER_NATIONS.md: tower failed after 3 tries: <HTTPError 400: 'Bad Request'>
FAIL Authors/Conan_Doyle/Atomized/THE_GREAT_BOER_WAR/Chapter_01_THE_END.md: HY call failed: <HTTPError 400: 'Bad Request'>
FAIL Authors/Conan_Doyle/Atomized/THE_GREAT_BOER_WAR/Chapter_03_THE_CAUSE_OF_QUARREL.md: HY call failed: <HTTPError 400: 'Bad Request'>
FAIL Authors/Conan_Doyle/Atomized/THE_GREAT_BOER_WAR/Chapter_04_THE_NEGOTIATIONS.md: HY call failed: <HTTPError 400: 'Bad Request'>
FAIL Authors/Conan_Doyle/Atomized/THE_GREAT_BOER_WAR/Chapter_05_THE_EVE_OF_WAR.md: HY call failed: <HTTPError 400: 'Bad Request'>
FAIL Authors/Conan_Doyle/Atomized/THE_GREAT_BOER_WAR/Chapter_06_TALANA_HILL.md: HY call failed: <HTTPError 400: 'Bad Request'>
FAIL Authors/Conan_Doyle/Atomized/THE_GREAT_BOER_WAR/Chapter_07_ELANDSLAAGTE_AND_RIETFONTEIN.md: HY call failed: <HTTPError 400: 'Bad Request'>
FAIL Authors/Conan_Doyle/Atomized/THE_GREAT_BOER_WAR/Chapter_09_LORD_METHUENS_ADVANCE.md: HY call failed: <HTTPError 400: 'Bad Request'>
FAIL Authors/Conan_Doyle/Atomized/THE_GREAT_BOER_WAR/Chapter_08_THE_BATTLE_OF_LADYSMITH.md: HY call failed: <HTTPError 400: 'Bad Request'>
FAIL Authors/Conan_Doyle/Atomized/THE_GREAT_BOER_WAR/Chapter_10_BATTLE_OF_MAGERSFONTEIN.md: HY call failed: <HTTPError 400: 'Bad Request'>
FAIL Authors/Conan_Doyle/Atomized/THE_GREAT_BOER_WAR/Chapter_12_BATTLE_OF_COLENSO.md: HY call failed: <HTTPError 400: 'Bad Request'>
FAIL Authors/Conan_Doyle/Atomized/THE_GREAT_BOER_WAR/Chapter_13_THE_DARK_HOUR.md: HY call failed: <HTTPError 400: 'Bad Request'>
FAIL Authors/Conan_Doyle/Atomized/THE_GREAT_BOER_WAR/Chapter_11_THE_BATTLE_OF_STORMBERG.md: HY call failed: <HTTPError 400: 'Bad Request'>
FAIL Authors/Conan_Doyle/Atomized/THE_GREAT_BOER_WAR/Chapter_14_THE_SIEGE_OF_LADYSMITH.md: tower failed after 3 tries: <HTTPError 400: 'Bad Request'>
FAIL Authors/Conan_Doyle/Atomized/THE_GREAT_BOER_WAR/Chapter_15_THE_COLESBERG_OPERATIONS.md: HY call failed: <HTTPError 400: 'Bad Request'>
FAIL Authors/Conan_Doyle/Atomized/THE_GREAT_BOER_WAR/Chapter_16_SPION_KOP.md: HY call failed: <HTTPError 400: 'Bad Request'>
FAIL Authors/Conan_Doyle/Atomized/THE_GREAT_BOER_WAR/Chapter_18_BULLERS_FINAL_ADVANCE.md: tower failed after 3 tries: <HTTPError 400: 'Bad Request'>
FAIL Authors/Conan_Doyle/Atomized/THE_GREAT_BOER_WAR/Chapter_17_VAALKRANZ.md: tower failed after 3 tries: <HTTPError 400: 'Bad Request'>
FAIL Authors/Conan_Doyle/Atomized/THE_GREAT_BOER_WAR/Chapter_21_ROBERTSS_ADVANCE_ON_BLOEMFONTE.md: tower failed after 3 tries: <HTTPError 400: 'Bad Request'>
FAIL Authors/Conan_Doyle/Atomized/THE_GREAT_BOER_WAR/Chapter_19_THE_SIEGE_AND_RELIEF_OF_KIMBER.md: HY call failed: <HTTPError 400: 'Bad Request'>
FAIL Authors/Conan_Doyle/Atomized/THE_GREAT_BOER_WAR/Chapter_22_STRATEGIC_EFFECTS_OF_LORD_ROBE.md: HY call failed: <HTTPError 400: 'Bad Request'>
FAIL Authors/Conan_Doyle/Atomized/THE_GREAT_BOER_WAR/Chapter_20_PAARDEBERG.md: HY call failed: <HTTPError 400: 'Bad Request'>
FAIL Authors/Conan_Doyle/Atomized/THE_GREAT_BOER_WAR/Chapter_25_THE_SIEGE_OF_MAFEKING.md: tower failed after 3 tries: <HTTPError 400: 'Bad Request'>
FAIL Authors/Conan_Doyle/Atomized/THE_GREAT_BOER_WAR/Chapter_24_THE_CLEARING_OF_THE_SOUTH_EAST.md: HY call failed: <HTTPError 400: 'Bad Request'>
FAIL Authors/Conan_Doyle/Atomized/THE_GREAT_BOER_WAR/Chapter_26_THE_MARCH_ON_PRETORIA.md: tower failed after 3 tries: <HTTPError 400: 'Bad Request'>
FAIL Authors/Conan_Doyle/Atomized/THE_GREAT_BOER_WAR/Chapter_23_THE_HALT_AT_BLOEMFONTEIN.md: HY call failed: <HTTPError 400: 'Bad Request'>
FAIL Authors/Conan_Doyle/Atomized/THE_GREAT_BOER_WAR/Chapter_30_THE_ADVANCE_TO_KOMATIPOORT.md: HY call failed: <HTTPError 400: 'Bad Request'>
FAIL Authors/Conan_Doyle/Atomized/THE_GREAT_BOER_WAR/Chapter_27_DIAMOND_HILL_RUNDLES_OPERATION.md: HY call failed: <HTTPError 400: 'Bad Request'>
FAIL Authors/Conan_Doyle/Atomized/THE_GREAT_BOER_WAR/Chapter_28_THE_LINES_OF_COMMUNICATION.md: HY call failed: <HTTPError 400: 'Bad Request'>
FAIL Authors/Conan_Doyle/Atomized/THE_GREAT_BOER_WAR/Chapter_29_THE_HALT_AT_PRETORIA.md: HY call failed: <HTTPError 400: 'Bad Request'>
FAIL Authors/Conan_Doyle/Atomized/THE_GREAT_BOER_WAR/Chapter_31_THE_CAMPAIGN_OF_DE_WET.md: HY call failed: <HTTPError 400: 'Bad Request'>
FAIL Authors/Conan_Doyle/Atomized/THE_GREAT_BOER_WAR/Chapter_32_THE_GUERILLA_WARFARE_IN_THE_TR.md: HY call failed: <HTTPError 400: 'Bad Request'>
FAIL Authors/Conan_Doyle/Atomized/THE_GREAT_BOER_WAR/Chapter_33_THE_SECOND_INVASION_OF_CAPE_CO.md: HY call failed: <HTTPError 400: 'Bad Request'>
FAIL Authors/Conan_Doyle/Atomized/THE_GREAT_BOER_WAR/Chapter_34_THE_NORTHERN_OPERATIONS_FROM_J.md: HY call failed: <HTTPError 400: 'Bad Request'>
FAIL Authors/Conan_Doyle/Atomized/THE_GREAT_BOER_WAR/Chapter_35_THE_WINTER_CAMPAIGN_APRIL_TO_S.md: HY call failed: <HTTPError 400: 'Bad Request'>
FAIL Authors/Conan_Doyle/Atomized/THE_GREAT_BOER_WAR/Chapter_38_THE_CAMPAIGN_OF_JANUARY_TO_APR.md: HY call failed: <HTTPError 400: 'Bad Request'>
FAIL Authors/Conan_Doyle/Atomized/THE_GREAT_BOER_WAR/Chapter_37_THE_SPRING_CAMPAIGN_SEPTEMBER.md: tower failed after 3 tries: <HTTPError 400: 'Bad Request'>
FAIL Authors/Conan_Doyle/Atomized/THE_GREAT_BOER_WAR/Chapter_36_THE_GUERILLA_OPERATIONS_IN_CAP.md: HY call failed: <HTTPError 400: 'Bad Request'>
FAIL Authors/Conan_Doyle/Atomized/THE_GREAT_BOER_WAR/Chapter_39_DE_LA_REYS_CAMPAIGN_OF_1902.md: HY call failed: <HTTPError 400: 'Bad Request'>
FAIL Authors/Conan_Doyle/Atomized/THE_GREAT_BOER_WAR/Chapter_40_THE_END.md: HY call failed: <HTTPError 400: 'Bad Request'>
FAIL Authors/Conan_Doyle/Atomized/THE_GREAT_KEINPLATZ_EXPERIMENT_AND_OTHER_TALES_OF/Story_03_B_24.md: HY call failed: <HTTPError 400: 'Bad Request'>
FAIL Authors/Conan_Doyle/Atomized/THE_GREAT_KEINPLATZ_EXPERIMENT_AND_OTHER_TALES_OF/Story_01_THE_BROWN_HAND.md: HY call failed: <HTTPError 400: 'Bad Request'>
FAIL Authors/Conan_Doyle/Atomized/THE_GREAT_KEINPLATZ_EXPERIMENT_AND_OTHER_TALES_OF/Story_04_THE_GREAT_KEINPLATZ_EXPERIMENT.md: HY call failed: <HTTPError 400: 'Bad Request'>
FAIL Authors/Conan_Doyle/Atomized/THE_GREAT_KEINPLATZ_EXPERIMENT_AND_OTHER_TALES_OF/Story_02_THE_USHER_OF_LEA_HOUSE_SCHOOL.md: HY call failed: <HTTPError 400: 'Bad Request'>
FAIL Authors/Conan_Doyle/Atomized/THE_GREAT_KEINPLATZ_EXPERIMENT_AND_OTHER_TALES_OF/Story_05_CYPRIAN_OVERBECK_WELLS.md: HY call failed: <HTTPError 400: 'Bad Request'>
[578/1030] ok Authors/Conan_Doyle/Atomized/THE_GREAT_KEINPLATZ_EXPERIMENT_AND_OTHER_TALES_OF/Story_09_HOW_IT_HAPPENED.md | blocks 163 | 201m | 1 blk/min
FAIL Authors/Conan_Doyle/Atomized/THE_GREAT_KEINPLATZ_EXPERIMENT_AND_OTHER_TALES_OF/Story_07_THE_RING_OF_THOTH.md: HY call failed: <HTTPError 400: 'Bad Request'>
FAIL Authors/Conan_Doyle/Atomized/THE_GREAT_KEINPLATZ_EXPERIMENT_AND_OTHER_TALES_OF/Story_08_THE_LOS_AMIGOS_FIASCO.md: HY call failed: <HTTPError 400: 'Bad Request'>
FAIL Authors/Conan_Doyle/Atomized/THE_GREAT_KEINPLATZ_EXPERIMENT_AND_OTHER_TALES_OF/Story_06_PLAYING_WITH_FIRE.md: HY call failed: <HTTPError 400: 'Bad Request'>
FAIL Authors/Conan_Doyle/Atomized/THE_GREAT_KEINPLATZ_EXPERIMENT_AND_OTHER_TALES_OF/Story_10_LOT_NO_249.md: HY call failed: <HTTPError 400: 'Bad Request'>
[583/1030] ok Authors/Conan_Doyle/Atomized/THE_GREAT_SHADOW/Chapter_02.md | blocks 166 | 203m | 1 blk/min
FAIL Authors/Conan_Doyle/Atomized/THE_GREAT_SHADOW/Chapter_01.md: HY call failed: <HTTPError 400: 'Bad Request'>
FAIL Authors/Conan_Doyle/Atomized/THE_GREAT_KEINPLATZ_EXPERIMENT_AND_OTHER_TALES_OF/Story_12_THE_LIFT.md: HY call failed: <HTTPError 400: 'Bad Request'>
FAIL Authors/Conan_Doyle/Atomized/THE_GREAT_KEINPLATZ_EXPERIMENT_AND_OTHER_TALES_OF/Story_11_DE_PROFUNDIS.md: HY call failed: <HTTPError 400: 'Bad Request'>
[587/1030] ok Authors/Conan_Doyle/Atomized/THE_GREAT_SHADOW/Chapter_06.md | blocks 169 | 204m | 1 blk/min
FAIL Authors/Conan_Doyle/Atomized/THE_GREAT_SHADOW/Chapter_03.md: HY call failed: <HTTPError 400: 'Bad Request'>
FAIL Authors/Conan_Doyle/Atomized/THE_GREAT_SHADOW/Chapter_04.md: HY call failed: <HTTPError 400: 'Bad Request'>
FAIL Authors/Conan_Doyle/Atomized/THE_GREAT_SHADOW/Chapter_05.md: HY call failed: <HTTPError 400: 'Bad Request'>
FAIL Authors/Conan_Doyle/Atomized/THE_GREAT_SHADOW/Chapter_10.md: HY call failed: <HTTPError 400: 'Bad Request'>
FAIL Authors/Conan_Doyle/Atomized/THE_GREAT_SHADOW/Chapter_07.md: HY call failed: <HTTPError 400: 'Bad Request'>
FAIL Authors/Conan_Doyle/Atomized/THE_GREAT_SHADOW/Chapter_09.md: HY call failed: <HTTPError 400: 'Bad Request'>
FAIL Authors/Conan_Doyle/Atomized/THE_GREAT_SHADOW/Chapter_08.md: HY call failed: <HTTPError 400: 'Bad Request'>
FAIL Authors/Conan_Doyle/Atomized/THE_GREAT_SHADOW/Chapter_14.md: tower failed after 3 tries: <HTTPError 400: 'Bad Request'>
FAIL Authors/Conan_Doyle/Atomized/THE_GREAT_SHADOW/Chapter_12.md: HY call failed: <HTTPError 400: 'Bad Request'>
FAIL Authors/Conan_Doyle/Atomized/THE_GREAT_SHADOW/Chapter_11.md: HY call failed: <HTTPError 400: 'Bad Request'>
FAIL Authors/Conan_Doyle/Atomized/THE_GREAT_SHADOW/Chapter_13.md: HY call failed: <HTTPError 400: 'Bad Request'>
FAIL Authors/Conan_Doyle/Atomized/THE_GREAT_SHADOW/Chapter_15/part_01.md: HY call failed: <HTTPError 400: 'Bad Request'>
FAIL Authors/Conan_Doyle/Atomized/THE_GREAT_SHADOW/Chapter_15/part_02.md: HY call failed: <HTTPError 400: 'Bad Request'>
FAIL Authors/Conan_Doyle/Atomized/THE_GREAT_SHADOW/Chapter_15/part_03.md: HY call failed: <HTTPError 400: 'Bad Request'>
FAIL Authors/Conan_Doyle/Atomized/THE_GREEN_FLAG_AND_OTHER_STORIES/Story_01_THE_GREEN_FLAG.md: HY call failed: <HTTPError 400: 'Bad Request'>
FAIL Authors/Conan_Doyle/Atomized/THE_GREEN_FLAG_AND_OTHER_STORIES/Story_02_CAPTAIN_SHARKEY.md: HY call failed: <HTTPError 400: 'Bad Request'>
FAIL Authors/Conan_Doyle/Atomized/THE_GREEN_FLAG_AND_OTHER_STORIES/Story_04_HOW_COPLEY_BANKS_SLEW_CAPTAIN_SHARKEY.md: tower failed after 3 tries: <HTTPError 400: 'Bad Request'>
FAIL Authors/Conan_Doyle/Atomized/THE_GREEN_FLAG_AND_OTHER_STORIES/Story_05_THE_CROXLEY_MASTER.md: HY call failed: <HTTPError 400: 'Bad Request'>
FAIL Authors/Conan_Doyle/Atomized/THE_GREEN_FLAG_AND_OTHER_STORIES/Story_03_THE_DEALINGS_OF_CAPTAIN_SHARKEY_WITH_STE.md: HY call failed: <HTTPError 400: 'Bad Request'>
FAIL Authors/Conan_Doyle/Atomized/THE_GREEN_FLAG_AND_OTHER_STORIES/Story_07_THE_STRIPED_CHEST.md: HY call failed: <HTTPError 400: 'Bad Request'>
FAIL Authors/Conan_Doyle/Atomized/THE_GREEN_FLAG_AND_OTHER_STORIES/Story_08_A_SHADOW_BEFORE.md: tower failed after 3 tries: <HTTPError 400: 'Bad Request'>
FAIL Authors/Conan_Doyle/Atomized/THE_GREEN_FLAG_AND_OTHER_STORIES/Story_06_THE_LORD_OF_CHATEAU_NOIR.md: HY call failed: <HTTPError 400: 'Bad Request'>
FAIL Authors/Conan_Doyle/Atomized/THE_GREEN_FLAG_AND_OTHER_STORIES/Story_09_THE_KING_OF_THE_FOXES.md: HY call failed: <HTTPError 400: 'Bad Request'>
FAIL Authors/Conan_Doyle/Atomized/THE_GREEN_FLAG_AND_OTHER_STORIES/Story_10_THE_THREE_CORRESPONDENTS.md: HY call failed: <HTTPError 400: 'Bad Request'>
FAIL Authors/Conan_Doyle/Atomized/THE_GREEN_FLAG_AND_OTHER_STORIES/Story_11_THE_DEBUT_OF_BIMBASHI_JOYCE.md: HY call failed: <HTTPError 400: 'Bad Request'>
FAIL Authors/Conan_Doyle/Atomized/THE_GULLY_OF_BLUEMANSDYKE_AND_OTHER_STORIES/Story_01_THE_GULLY_OF_BLUEMANSDYKE.md: HY call failed: <HTTPError 400: 'Bad Request'>
FAIL Authors/Conan_Doyle/Atomized/THE_GREEN_FLAG_AND_OTHER_STORIES/Story_12_A_FOREIGN_OFFICE_ROMANCE.md: HY call failed: <HTTPError 400: 'Bad Request'>
FAIL Authors/Conan_Doyle/Atomized/THE_GULLY_OF_BLUEMANSDYKE_AND_OTHER_STORIES/Story_03_MY_FRIEND_THE_MURDERER.md: HY call failed: <HTTPError 400: 'Bad Request'>
FAIL Authors/Conan_Doyle/Atomized/THE_GULLY_OF_BLUEMANSDYKE_AND_OTHER_STORIES/Story_04_THE_SILVER_HATCHET.md: HY call failed: <HTTPError 400: 'Bad Request'>
FAIL Authors/Conan_Doyle/Atomized/THE_GULLY_OF_BLUEMANSDYKE_AND_OTHER_STORIES/Story_05_THE_MAN_FROM_ARCHANGEL.md: HY call failed: <HTTPError 400: 'Bad Request'>
FAIL Authors/Conan_Doyle/Atomized/THE_GULLY_OF_BLUEMANSDYKE_AND_OTHER_STORIES/Story_02_THE_PARSON_OF_JACKMANS_GULCH.md: HY call failed: <HTTPError 400: 'Bad Request'>
FAIL Authors/Conan_Doyle/Atomized/THE_GULLY_OF_BLUEMANSDYKE_AND_OTHER_STORIES/Story_06_THAT_LITTLE_SQUARE_BOX.md: HY call failed: <HTTPError 400: 'Bad Request'>
FAIL Authors/Conan_Doyle/Atomized/THE_HISTORY_OF_SPIRITUALISM_VOLUME_I/Chapter_01.md: HY call failed: <HTTPError 400: 'Bad Request'>
FAIL Authors/Conan_Doyle/Atomized/THE_GULLY_OF_BLUEMANSDYKE_AND_OTHER_STORIES/Story_07_A_NIGHT_AMONG_THE_NIHILISTS.md: HY call failed: <HTTPError 400: 'Bad Request'>
FAIL Authors/Conan_Doyle/Atomized/THE_HISTORY_OF_SPIRITUALISM_VOLUME_I/Chapter_02.md: tower failed after 3 tries: <HTTPError 400: 'Bad Request'>
FAIL Authors/Conan_Doyle/Atomized/THE_HISTORY_OF_SPIRITUALISM_VOLUME_I/Chapter_05.md: HY call failed: <HTTPError 400: 'Bad Request'>
FAIL Authors/Conan_Doyle/Atomized/THE_HISTORY_OF_SPIRITUALISM_VOLUME_I/Chapter_04.md: HY call failed: <HTTPError 400: 'Bad Request'>
FAIL Authors/Conan_Doyle/Atomized/THE_HISTORY_OF_SPIRITUALISM_VOLUME_I/Chapter_06.md: tower failed after 3 tries: <HTTPError 400: 'Bad Request'>
FAIL Authors/Conan_Doyle/Atomized/THE_HISTORY_OF_SPIRITUALISM_VOLUME_I/Chapter_03.md: HY call failed: <HTTPError 400: 'Bad Request'>
FAIL Authors/Conan_Doyle/Atomized/THE_HISTORY_OF_SPIRITUALISM_VOLUME_I/Chapter_07.md: HY call failed: <HTTPError 400: 'Bad Request'>
FAIL Authors/Conan_Doyle/Atomized/THE_HISTORY_OF_SPIRITUALISM_VOLUME_I/Chapter_09.md: HY call failed: <HTTPError 400: 'Bad Request'>
FAIL Authors/Conan_Doyle/Atomized/THE_HISTORY_OF_SPIRITUALISM_VOLUME_I/Chapter_10.md: HY call failed: <HTTPError 400: 'Bad Request'>
FAIL Authors/Conan_Doyle/Atomized/THE_HISTORY_OF_SPIRITUALISM_VOLUME_I/Chapter_11.md: tower failed after 3 tries: <HTTPError 400: 'Bad Request'>
FAIL Authors/Conan_Doyle/Atomized/THE_HISTORY_OF_SPIRITUALISM_VOLUME_I/Chapter_08.md: HY call failed: <HTTPError 400: 'Bad Request'>
FAIL Authors/Conan_Doyle/Atomized/THE_HISTORY_OF_SPIRITUALISM_VOLUME_I/Chapter_13.md: HY call failed: <HTTPError 400: 'Bad Request'>
FAIL Authors/Conan_Doyle/Atomized/THE_HISTORY_OF_SPIRITUALISM_VOLUME_I/Chapter_14.md: HY call failed: <HTTPError 400: 'Bad Request'>
FAIL Authors/Conan_Doyle/Atomized/THE_HISTORY_OF_SPIRITUALISM_VOLUME_I/Chapter_12.md: HY call failed: <HTTPError 400: 'Bad Request'>
FAIL Authors/Conan_Doyle/Atomized/THE_HISTORY_OF_SPIRITUALISM_VOLUME_I/Chapter_15/part_01.md: HY call failed: <HTTPError 400: 'Bad Request'>
[636/1030] ok Authors/Conan_Doyle/Atomized/THE_HISTORY_OF_SPIRITUALISM_VOLUME_I/Chapter_18.md | blocks 172 | 224m | 1 blk/min
[637/1030] ok Authors/Conan_Doyle/Atomized/THE_HISTORY_OF_SPIRITUALISM_VOLUME_I/Chapter_19.md | blocks 175 | 224m | 1 blk/min
[638/1030] ok Authors/Conan_Doyle/Atomized/THE_HISTORY_OF_SPIRITUALISM_VOLUME_I/Chapter_20.md | blocks 178 | 224m | 1 blk/min
[639/1030] ok Authors/Conan_Doyle/Atomized/THE_HISTORY_OF_SPIRITUALISM_VOLUME_I/Chapter_21.md | blocks 181 | 224m | 1 blk/min | 1 links to repair
[640/1030] ok Authors/Conan_Doyle/Atomized/THE_HISTORY_OF_SPIRITUALISM_VOLUME_I/Chapter_22.md | blocks 184 | 224m | 1 blk/min
[641/1030] ok Authors/Conan_Doyle/Atomized/THE_HISTORY_OF_SPIRITUALISM_VOLUME_I/Chapter_23.md | blocks 187 | 224m | 1 blk/min
[642/1030] ok Authors/Conan_Doyle/Atomized/THE_HISTORY_OF_SPIRITUALISM_VOLUME_I/Chapter_24.md | blocks 190 | 224m | 1 blk/min
FAIL Authors/Conan_Doyle/Atomized/THE_HISTORY_OF_SPIRITUALISM_VOLUME_I/Chapter_16.md: tower failed after 3 tries: <HTTPError 400: 'Bad Request'>
FAIL Authors/Conan_Doyle/Atomized/THE_HISTORY_OF_SPIRITUALISM_VOLUME_I/Chapter_15/part_02.md: tower failed after 3 tries: <HTTPError 400: 'Bad Request'>
FAIL Authors/Conan_Doyle/Atomized/THE_HISTORY_OF_SPIRITUALISM_VOLUME_I/Chapter_17.md: HY call failed: <HTTPError 400: 'Bad Request'>
FAIL Authors/Conan_Doyle/Atomized/THE_HISTORY_OF_SPIRITUALISM_VOLUME_II/Chapter_03.md: HY call failed: <HTTPError 400: 'Bad Request'>
FAIL Authors/Conan_Doyle/Atomized/THE_HISTORY_OF_SPIRITUALISM_VOLUME_II/Chapter_04.md: HY call failed: <HTTPError 400: 'Bad Request'>
FAIL Authors/Conan_Doyle/Atomized/THE_HISTORY_OF_SPIRITUALISM_VOLUME_II/Chapter_02.md: HY call failed: <HTTPError 400: 'Bad Request'>
FAIL Authors/Conan_Doyle/Atomized/THE_HISTORY_OF_SPIRITUALISM_VOLUME_II/Chapter_01.md: HY call failed: <HTTPError 400: 'Bad Request'>
[650/1030] ok Authors/Conan_Doyle/Atomized/THE_HISTORY_OF_SPIRITUALISM_VOLUME_II/Chapter_07.md | blocks 193 | 227m | 1 blk/min
FAIL Authors/Conan_Doyle/Atomized/THE_HISTORY_OF_SPIRITUALISM_VOLUME_II/Chapter_05.md: HY call failed: <HTTPError 400: 'Bad Request'>
FAIL Authors/Conan_Doyle/Atomized/THE_HISTORY_OF_SPIRITUALISM_VOLUME_II/Chapter_08.md: HY call failed: <HTTPError 400: 'Bad Request'>
FAIL Authors/Conan_Doyle/Atomized/THE_HISTORY_OF_SPIRITUALISM_VOLUME_II/Chapter_06.md: HY call failed: <HTTPError 400: 'Bad Request'>
FAIL Authors/Conan_Doyle/Atomized/THE_HISTORY_OF_SPIRITUALISM_VOLUME_II/Chapter_09.md: HY call failed: <HTTPError 400: 'Bad Request'>
FAIL Authors/Conan_Doyle/Atomized/THE_HISTORY_OF_SPIRITUALISM_VOLUME_II/Chapter_10.md: tower failed after 3 tries: <HTTPError 400: 'Bad Request'>
FAIL Authors/Conan_Doyle/Atomized/THE_HOLOCAUST_OF_MANOR_PLACE/part/part_01.md: HY call failed: <HTTPError 400: 'Bad Request'>
FAIL Authors/Conan_Doyle/Atomized/THE_HISTORY_OF_SPIRITUALISM_VOLUME_II/Chapter_11/part_01.md: HY call failed: <HTTPError 400: 'Bad Request'>
[658/1030] ok Authors/Conan_Doyle/Atomized/THE_HOUND_OF_THE_BASKERVILLES/Chapter_02.md | blocks 196 | 231m | 1 blk/min
FAIL Authors/Conan_Doyle/Atomized/THE_HOLOCAUST_OF_MANOR_PLACE/part/part_02.md: HY call failed: <HTTPError 400: 'Bad Request'>
FAIL Authors/Conan_Doyle/Atomized/THE_HISTORY_OF_SPIRITUALISM_VOLUME_II/Chapter_11/part_02.md: HY call failed: <HTTPError 400: 'Bad Request'>
FAIL Authors/Conan_Doyle/Atomized/THE_HOUND_OF_THE_BASKERVILLES/Chapter_03.md: HY call failed: <HTTPError 400: 'Bad Request'>
FAIL Authors/Conan_Doyle/Atomized/THE_HOUND_OF_THE_BASKERVILLES/Chapter_04.md: HY call failed: <HTTPError 400: 'Bad Request'>
FAIL Authors/Conan_Doyle/Atomized/THE_HOUND_OF_THE_BASKERVILLES/Chapter_05.md: HY call failed: <HTTPError 400: 'Bad Request'>
FAIL Authors/Conan_Doyle/Atomized/THE_HOUND_OF_THE_BASKERVILLES/Chapter_01.md: HY call failed: <HTTPError 400: 'Bad Request'>
FAIL Authors/Conan_Doyle/Atomized/THE_HOUND_OF_THE_BASKERVILLES/Chapter_06.md: tower failed after 3 tries: <HTTPError 400: 'Bad Request'>
FAIL Authors/Conan_Doyle/Atomized/THE_HOUND_OF_THE_BASKERVILLES/Chapter_08.md: tower failed after 3 tries: <HTTPError 400: 'Bad Request'>
FAIL Authors/Conan_Doyle/Atomized/THE_HOUND_OF_THE_BASKERVILLES/Chapter_07.md: HY call failed: <HTTPError 400: 'Bad Request'>
FAIL Authors/Conan_Doyle/Atomized/THE_HOUND_OF_THE_BASKERVILLES/Chapter_10.md: tower failed after 3 tries: <HTTPError 400: 'Bad Request'>
FAIL Authors/Conan_Doyle/Atomized/THE_HOUND_OF_THE_BASKERVILLES/Chapter_09.md: HY call failed: <HTTPError 400: 'Bad Request'>
FAIL Authors/Conan_Doyle/Atomized/THE_HOUND_OF_THE_BASKERVILLES/Chapter_11.md: tower failed after 3 tries: <HTTPError 400: 'Bad Request'>
FAIL Authors/Conan_Doyle/Atomized/THE_HOUND_OF_THE_BASKERVILLES/Chapter_12.md: HY call failed: <HTTPError 400: 'Bad Request'>
FAIL Authors/Conan_Doyle/Atomized/THE_HOUND_OF_THE_BASKERVILLES/Chapter_14.md: HY call failed: <HTTPError 400: 'Bad Request'>
FAIL Authors/Conan_Doyle/Atomized/THE_LAND_OF_MIST/Story_01_In_Which_Our_Special_Commissioners_Make.md: tower failed after 3 tries: <HTTPError 400: 'Bad Request'>
FAIL Authors/Conan_Doyle/Atomized/THE_HOUND_OF_THE_BASKERVILLES/Chapter_15.md: HY call failed: <HTTPError 400: 'Bad Request'>
FAIL Authors/Conan_Doyle/Atomized/THE_HOUND_OF_THE_BASKERVILLES/Chapter_13.md: HY call failed: <HTTPError 400: 'Bad Request'>
FAIL Authors/Conan_Doyle/Atomized/THE_LAND_OF_MIST/Story_02_Which_Describes_an_Evening_in_Strange_Co.md: HY call failed: <HTTPError 400: 'Bad Request'>
FAIL Authors/Conan_Doyle/Atomized/THE_LAND_OF_MIST/Story_04_Which_Describes_Some_Strange_Doings_In_H.md: HY call failed: <HTTPError 400: 'Bad Request'>
FAIL Authors/Conan_Doyle/Atomized/THE_LAND_OF_MIST/Story_03_In_Which_Professor_Challenger_Gives_His.md: HY call failed: <HTTPError 400: 'Bad Request'>
FAIL Authors/Conan_Doyle/Atomized/THE_LAND_OF_MIST/Story_05_Where_Our_Commissioners_Have_A_Remarkabl.md: HY call failed: <HTTPError 400: 'Bad Request'>
FAIL Authors/Conan_Doyle/Atomized/THE_LAND_OF_MIST/Story_06_In_Which_The_Reader_Is_Shown_The_Habits/part_01.md: HY call failed: <HTTPError 400: 'Bad Request'>
FAIL Authors/Conan_Doyle/Atomized/THE_LAND_OF_MIST/Story_06_In_Which_The_Reader_Is_Shown_The_Habits/part_02.md: HY call failed: <HTTPError 400: 'Bad Request'>
FAIL Authors/Conan_Doyle/Atomized/THE_LAND_OF_MIST/Story_06_In_Which_The_Reader_Is_Shown_The_Habits/part_03.md: HY call failed: <HTTPError 400: 'Bad Request'>
FAIL Authors/Conan_Doyle/Atomized/THE_LAND_OF_MIST/Story_06_In_Which_The_Reader_Is_Shown_The_Habits/part_06.md: HY call failed: <HTTPError 400: 'Bad Request'>
FAIL Authors/Conan_Doyle/Atomized/THE_LAND_OF_MIST/Story_06_In_Which_The_Reader_Is_Shown_The_Habits/part_04.md: HY call failed: <HTTPError 400: 'Bad Request'>
FAIL Authors/Conan_Doyle/Atomized/THE_LAND_OF_MIST/Story_06_In_Which_The_Reader_Is_Shown_The_Habits/part_05.md: HY call failed: <HTTPError 400: 'Bad Request'>
FAIL Authors/Conan_Doyle/Atomized/THE_LAND_OF_MIST/Story_06_In_Which_The_Reader_Is_Shown_The_Habits/part_06 (DESKTOP-L2KS9QK's conflicted copy 2026-07-31).md: HY call failed: <HTTPError 400: 'Bad Request'>
FAIL Authors/Conan_Doyle/Atomized/THE_LAND_OF_MIST/Story_06_In_Which_The_Reader_Is_Shown_The_Habits/part_09.md: HY call failed: <HTTPError 400: 'Bad Request'>
FAIL Authors/Conan_Doyle/Atomized/THE_LAND_OF_MIST/Story_06_In_Which_The_Reader_Is_Shown_The_Habits/part_10.md: HY call failed: <HTTPError 400: 'Bad Request'>
FAIL Authors/Conan_Doyle/Atomized/THE_LAND_OF_MIST/Story_06_In_Which_The_Reader_Is_Shown_The_Habits/part_08.md: HY call failed: <HTTPError 400: 'Bad Request'>
FAIL Authors/Conan_Doyle/Atomized/THE_LAND_OF_MIST/Story_06_In_Which_The_Reader_Is_Shown_The_Habits/part_07.md: HY call failed: <HTTPError 400: 'Bad Request'>
FAIL Authors/Conan_Doyle/Atomized/THE_LAST_GALLEY/Story_02_THE_CONTEST.md: HY call failed: <HTTPError 400: 'Bad Request'>
FAIL Authors/Conan_Doyle/Atomized/THE_LAND_OF_MIST/Story_06_In_Which_The_Reader_Is_Shown_The_Habits/part_12.md: HY call failed: <HTTPError 400: 'Bad Request'>
FAIL Authors/Conan_Doyle/Atomized/THE_LAND_OF_MIST/Story_06_In_Which_The_Reader_Is_Shown_The_Habits/part_11.md: HY call failed: <HTTPError 400: 'Bad Request'>
FAIL Authors/Conan_Doyle/Atomized/THE_LAST_GALLEY/Story_01_THE_LAST_GALLEY.md: HY call failed: <HTTPError 400: 'Bad Request'>
FAIL Authors/Conan_Doyle/Atomized/THE_LAST_GALLEY/Story_04_AN_ICONOCLAST.md: HY call failed: <HTTPError 400: 'Bad Request'>
FAIL Authors/Conan_Doyle/Atomized/THE_LAST_GALLEY/Story_03_THROUGH_THE_VEIL.md: HY call failed: <HTTPError 400: 'Bad Request'>
FAIL Authors/Conan_Doyle/Atomized/THE_LAST_GALLEY/Story_05_GIANT_MAXIMIN/part_01.md: HY call failed: <HTTPError 400: 'Bad Request'>
FAIL Authors/Conan_Doyle/Atomized/THE_LAST_GALLEY/Story_05_GIANT_MAXIMIN/part_02.md: HY call failed: <HTTPError 400: 'Bad Request'>
FAIL Authors/Conan_Doyle/Atomized/THE_LAST_GALLEY/Story_05_GIANT_MAXIMIN/part_03.md: HY call failed: <HTTPError 400: 'Bad Request'>
FAIL Authors/Conan_Doyle/Atomized/THE_LAST_GALLEY/Story_06_THE_COMING_OF_THE_HUNS.md: HY call failed: <HTTPError 400: 'Bad Request'>
FAIL Authors/Conan_Doyle/Atomized/THE_LAST_GALLEY/Story_07_THE_LAST_OF_THE_LEGIONS.md: HY call failed: <HTTPError 400: 'Bad Request'>
FAIL Authors/Conan_Doyle/Atomized/THE_LAST_GALLEY/Story_08_THE_FIRST_CARGO.md: HY call failed: <HTTPError 400: 'Bad Request'>
FAIL Authors/Conan_Doyle/Atomized/THE_LAST_GALLEY/Story_09_THE_HOME_COMING.md: tower failed after 3 tries: <HTTPError 400: 'Bad Request'>
FAIL Authors/Conan_Doyle/Atomized/THE_LAST_GALLEY/Story_11_THE_SILVER_MIRROR.md: HY call failed: <HTTPError 400: 'Bad Request'>
FAIL Authors/Conan_Doyle/Atomized/THE_LAST_GALLEY/Story_10_THE_RED_STAR.md: HY call failed: <HTTPError 400: 'Bad Request'>
FAIL Authors/Conan_Doyle/Atomized/THE_LAST_GALLEY/Story_14_THE_LORD_OF_FALCONBRIDGE.md: HY call failed: <HTTPError 400: 'Bad Request'>
FAIL Authors/Conan_Doyle/Atomized/THE_LAST_GALLEY/Story_13_THE_MARRIAGE_OF_THE_BRIGADIER.md: HY call failed: <HTTPError 400: 'Bad Request'>
FAIL Authors/Conan_Doyle/Atomized/THE_LAST_GALLEY/Story_12_THE_BLIGHTING_OF_SHARKEY.md: HY call failed: <HTTPError 400: 'Bad Request'>
FAIL Authors/Conan_Doyle/Atomized/THE_LAST_GALLEY/Story_15_OUT_OF_THE_RUNNING.md: HY call failed: <HTTPError 400: 'Bad Request'>
FAIL Authors/Conan_Doyle/Atomized/THE_LAST_GALLEY/Story_17_THE_GREAT_BROWN_PERICORD_MOTOR.md: tower failed after 3 tries: <HTTPError 400: 'Bad Request'>
FAIL Authors/Conan_Doyle/Atomized/THE_LAST_GALLEY/Story_16_DE_PROFUNDIS.md: HY call failed: <HTTPError 400: 'Bad Request'>
FAIL Authors/Conan_Doyle/Atomized/THE_LAST_GALLEY/Story_18_THE_TERROR_OF_BLUE_JOHN_GAP.md: HY call failed: <HTTPError 400: 'Bad Request'>
FAIL Authors/Conan_Doyle/Atomized/THE_LAST_OF_THE_LEGIONS_AND_OTHER_TALES_OF_LONG_AG/Story_02_THE_LAST_GALLEY.md: HY call failed: <HTTPError 400: 'Bad Request'>
FAIL Authors/Conan_Doyle/Atomized/THE_LAST_OF_THE_LEGIONS_AND_OTHER_TALES_OF_LONG_AG/Story_01_THE_LAST_OF_THE_LEGIONS.md: HY call failed: <HTTPError 400: 'Bad Request'>
FAIL Authors/Conan_Doyle/Atomized/THE_LAST_OF_THE_LEGIONS_AND_OTHER_TALES_OF_LONG_AG/Story_03_THROUGH_THE_VEIL.md: HY call failed: <HTTPError 400: 'Bad Request'>
FAIL Authors/Conan_Doyle/Atomized/THE_LAST_OF_THE_LEGIONS_AND_OTHER_TALES_OF_LONG_AG/Story_04_THE_COMING_OF_THE_HUNS.md: HY call failed: <HTTPError 400: 'Bad Request'>
FAIL Authors/Conan_Doyle/Atomized/THE_LAST_OF_THE_LEGIONS_AND_OTHER_TALES_OF_LONG_AG/Story_06_THE_FIRST_CARGO.md: HY call failed: <HTTPError 400: 'Bad Request'>
FAIL Authors/Conan_Doyle/Atomized/THE_LAST_OF_THE_LEGIONS_AND_OTHER_TALES_OF_LONG_AG/Story_07_AN_ICONOCLAST.md: tower failed after 3 tries: <HTTPError 400: 'Bad Request'>
FAIL Authors/Conan_Doyle/Atomized/THE_LAST_OF_THE_LEGIONS_AND_OTHER_TALES_OF_LONG_AG/Story_05_THE_CONTEST.md: HY call failed: <HTTPError 400: 'Bad Request'>
FAIL Authors/Conan_Doyle/Atomized/THE_LAST_OF_THE_LEGIONS_AND_OTHER_TALES_OF_LONG_AG/Story_08_GIANT_MAXIMIN.md: HY call failed: <HTTPError 400: 'Bad Request'>
FAIL Authors/Conan_Doyle/Atomized/THE_LAST_OF_THE_LEGIONS_AND_OTHER_TALES_OF_LONG_AG/Story_09_THE_RED_STAR.md: HY call failed: <HTTPError 400: 'Bad Request'>
FAIL Authors/Conan_Doyle/Atomized/THE_LAST_OF_THE_LEGIONS_AND_OTHER_TALES_OF_LONG_AG/Story_12_A_POINT_OF_CONTACT.md: HY call failed: <HTTPError 400: 'Bad Request'>
FAIL Authors/Conan_Doyle/Atomized/THE_LAST_OF_THE_LEGIONS_AND_OTHER_TALES_OF_LONG_AG/Story_11_THE_HOME_COMING.md: HY call failed: <HTTPError 400: 'Bad Request'>
FAIL Authors/Conan_Doyle/Atomized/THE_LAST_OF_THE_LEGIONS_AND_OTHER_TALES_OF_LONG_AG/Story_10_THE_SILVER_MIRROR.md: HY call failed: <HTTPError 400: 'Bad Request'>
FAIL Authors/Conan_Doyle/Atomized/THE_LAST_OF_THE_LEGIONS_AND_OTHER_TALES_OF_LONG_AG/Story_13_THE_CENTURION.md: HY call failed: <HTTPError 400: 'Bad Request'>
FAIL Authors/Conan_Doyle/Atomized/THE_LOST_WORLD/Chapter_02.md: HY call failed: <HTTPError 400: 'Bad Request'>
FAIL Authors/Conan_Doyle/Atomized/THE_LOST_WORLD/Chapter_01.md: HY call failed: <HTTPError 400: 'Bad Request'>
FAIL Authors/Conan_Doyle/Atomized/THE_LOST_WORLD/Chapter_03.md: HY call failed: <HTTPError 400: 'Bad Request'>
FAIL Authors/Conan_Doyle/Atomized/THE_LOST_WORLD/Chapter_05.md: HY call failed: <HTTPError 400: 'Bad Request'>
FAIL Authors/Conan_Doyle/Atomized/THE_LOST_WORLD/Chapter_06.md: HY call failed: <HTTPError 400: 'Bad Request'>
FAIL Authors/Conan_Doyle/Atomized/THE_LOST_WORLD/Chapter_04.md: HY call failed: <HTTPError 400: 'Bad Request'>
FAIL Authors/Conan_Doyle/Atomized/THE_LOST_WORLD/Chapter_07.md: HY call failed: <HTTPError 400: 'Bad Request'>
FAIL Authors/Conan_Doyle/Atomized/THE_LOST_WORLD/Chapter_09.md: HY call failed: <HTTPError 400: 'Bad Request'>
FAIL Authors/Conan_Doyle/Atomized/THE_LOST_WORLD/Chapter_10.md: HY call failed: <HTTPError 400: 'Bad Request'>
FAIL Authors/Conan_Doyle/Atomized/THE_LOST_WORLD/Chapter_08.md: HY call failed: <HTTPError 400: 'Bad Request'>
FAIL Authors/Conan_Doyle/Atomized/THE_LOST_WORLD/Chapter_12.md: tower failed after 3 tries: <HTTPError 400: 'Bad Request'>
FAIL Authors/Conan_Doyle/Atomized/THE_LOST_WORLD/Chapter_11.md: HY call failed: <HTTPError 400: 'Bad Request'>
FAIL Authors/Conan_Doyle/Atomized/THE_LOST_WORLD/Chapter_15.md: HY call failed: <HTTPError 400: 'Bad Request'>
[739/1030] ok Authors/Conan_Doyle/Atomized/THE_LOVE_AFFAIR_OF_GEORGE_VINCENT_PARKER/Chapter_01.md | blocks 199 | 269m | 1 blk/min
FAIL Authors/Conan_Doyle/Atomized/THE_LOST_WORLD/Chapter_13.md: HY call failed: <HTTPError 400: 'Bad Request'>
FAIL Authors/Conan_Doyle/Atomized/THE_LOST_WORLD/Chapter_14.md: HY call failed: <HTTPError 400: 'Bad Request'>
[742/1030] ok Authors/Conan_Doyle/Atomized/THE_LOVE_AFFAIR_OF_GEORGE_VINCENT_PARKER/Chapter_04.md | blocks 202 | 270m | 1 blk/min
[743/1030] ok Authors/Conan_Doyle/Atomized/THE_LOVE_AFFAIR_OF_GEORGE_VINCENT_PARKER/Chapter_03.md | blocks 205 | 270m | 1 blk/min
[744/1030] ok Authors/Conan_Doyle/Atomized/THE_LOVE_AFFAIR_OF_GEORGE_VINCENT_PARKER/Chapter_02.md | blocks 208 | 270m | 1 blk/min
FAIL Authors/Conan_Doyle/Atomized/THE_LOST_WORLD/Chapter_16.md: HY call failed: <HTTPError 400: 'Bad Request'>
[746/1030] ok Authors/Conan_Doyle/Atomized/THE_MAN_FROM_ARCHANGEL_AND_OTHER_TALES_OF_ADVENTUR/Story_02_THE_SURGEON_OF_GASTER_FELL_HOW_THE_WOMAN.md | blocks 211 | 270m | 1 blk/min
[747/1030] ok Authors/Conan_Doyle/Atomized/THE_MAN_FROM_ARCHANGEL_AND_OTHER_TALES_OF_ADVENTUR/Story_03_HOW_I_WENT_FORTH_TO_GASTER_FELL.md | blocks 214 | 271m | 1 blk/min
[748/1030] ok Authors/Conan_Doyle/Atomized/THE_MAN_FROM_ARCHANGEL_AND_OTHER_TALES_OF_ADVENTUR/Story_04_OF_THE_GREY_COTTAGE_IN_THE_GLEN.md | blocks 217 | 271m | 1 blk/min
FAIL Authors/Conan_Doyle/Atomized/THE_LOVE_AFFAIR_OF_GEORGE_VINCENT_PARKER/Chapter_06.md: HY call failed: <HTTPError 400: 'Bad Request'>
FAIL Authors/Conan_Doyle/Atomized/THE_MAN_FROM_ARCHANGEL_AND_OTHER_TALES_OF_ADVENTUR/Story_01_TALES_OF_ADVENTURE.md: HY call failed: <HTTPError 400: 'Bad Request'>
FAIL Authors/Conan_Doyle/Atomized/THE_LOVE_AFFAIR_OF_GEORGE_VINCENT_PARKER/Chapter_05.md: HY call failed: <HTTPError 400: 'Bad Request'>
[752/1030] ok Authors/Conan_Doyle/Atomized/THE_MAN_FROM_ARCHANGEL_AND_OTHER_TALES_OF_ADVENTUR/Story_05_OF_THE_MAN_WHO_CAME_IN_THE_NIGHT.md | blocks 220 | 271m | 1 blk/min
FAIL Authors/Conan_Doyle/Atomized/THE_MAN_FROM_ARCHANGEL_AND_OTHER_TALES_OF_ADVENTUR/Story_07_THE_MAN_FROM_ARCHANGEL.md: HY call failed: <HTTPError 400: 'Bad Request'>
FAIL Authors/Conan_Doyle/Atomized/THE_MAN_FROM_ARCHANGEL_AND_OTHER_TALES_OF_ADVENTUR/Story_08_THE_GREAT_BROWN_PERICORD_MOTOR.md: HY call failed: <HTTPError 400: 'Bad Request'>
FAIL Authors/Conan_Doyle/Atomized/THE_MAN_FROM_ARCHANGEL_AND_OTHER_TALES_OF_ADVENTUR/Story_09_THE_SEALED_ROOM.md: tower failed after 3 tries: <HTTPError 400: 'Bad Request'>
FAIL Authors/Conan_Doyle/Atomized/THE_MAN_FROM_ARCHANGEL_AND_OTHER_TALES_OF_ADVENTUR/Story_06_BORROWED_SCENES.md: HY call failed: <HTTPError 400: 'Bad Request'>
FAIL Authors/Conan_Doyle/Atomized/THE_MAN_FROM_ARCHANGEL_AND_OTHER_TALES_OF_ADVENTUR/Story_10_TALES_OF_MEDICAL_LIFE.md: HY call failed: <HTTPError 400: 'Bad Request'>
FAIL Authors/Conan_Doyle/Atomized/THE_MAN_FROM_ARCHANGEL_AND_OTHER_TALES_OF_ADVENTUR/Story_11_BEHIND_THE_TIMES.md: HY call failed: <HTTPError 400: 'Bad Request'>
FAIL Authors/Conan_Doyle/Atomized/THE_MAN_FROM_ARCHANGEL_AND_OTHER_TALES_OF_ADVENTUR/Story_12_HIS_FIRST_OPERATION.md: HY call failed: <HTTPError 400: 'Bad Request'>
FAIL Authors/Conan_Doyle/Atomized/THE_MAN_FROM_ARCHANGEL_AND_OTHER_TALES_OF_ADVENTUR/Story_13_THE_THIRD_GENERATION.md: HY call failed: <HTTPError 400: 'Bad Request'>
FAIL Authors/Conan_Doyle/Atomized/THE_MAN_FROM_ARCHANGEL_AND_OTHER_TALES_OF_ADVENTUR/Story_14_THE_CURSE_OF_EVE.md: HY call failed: <HTTPError 400: 'Bad Request'>
FAIL Authors/Conan_Doyle/Atomized/THE_MAN_FROM_ARCHANGEL_AND_OTHER_TALES_OF_ADVENTUR/Story_17_THE_DOCTORS_OF_HOYLAND.md: tower failed after 3 tries: <HTTPError 400: 'Bad Request'>
FAIL Authors/Conan_Doyle/Atomized/THE_MAN_FROM_ARCHANGEL_AND_OTHER_TALES_OF_ADVENTUR/Story_15_A_MEDICAL_DOCUMENT.md: HY call failed: <HTTPError 400: 'Bad Request'>
FAIL Authors/Conan_Doyle/Atomized/THE_MAN_FROM_ARCHANGEL_AND_OTHER_TALES_OF_ADVENTUR/Story_16_THE_SURGEON_TALKS.md: HY call failed: <HTTPError 400: 'Bad Request'>
FAIL Authors/Conan_Doyle/Atomized/THE_MARACOT_DEEP/Chapter_01.md: HY call failed: <HTTPError 400: 'Bad Request'>
FAIL Authors/Conan_Doyle/Atomized/THE_MARACOT_DEEP/Chapter_02.md: HY call failed: <HTTPError 400: 'Bad Request'>
FAIL Authors/Conan_Doyle/Atomized/THE_MAN_FROM_ARCHANGEL_AND_OTHER_TALES_OF_ADVENTUR/Story_18_CRABBES_PRACTICE.md: HY call failed: <HTTPError 400: 'Bad Request'>
FAIL Authors/Conan_Doyle/Atomized/THE_MARACOT_DEEP/Chapter_04.md: tower failed after 3 tries: <HTTPError 400: 'Bad Request'>
FAIL Authors/Conan_Doyle/Atomized/THE_MARACOT_DEEP/Chapter_03.md: HY call failed: <HTTPError 400: 'Bad Request'>
FAIL Authors/Conan_Doyle/Atomized/THE_MARACOT_DEEP/Chapter_05.md: HY call failed: <HTTPError 400: 'Bad Request'>
FAIL Authors/Conan_Doyle/Atomized/THE_MARACOT_DEEP/Chapter_06.md: HY call failed: <HTTPError 400: 'Bad Request'>
FAIL Authors/Conan_Doyle/Atomized/THE_MEMOIRS_OF_SHERLOCK_HOLMES/Story_02_Adventure_III_The_Stock_Brokers_Clerk.md: HY call failed: <HTTPError 400: 'Bad Request'>
FAIL Authors/Conan_Doyle/Atomized/THE_MEMOIRS_OF_SHERLOCK_HOLMES/Story_01_Adventure_II_The_Yellow_Face.md: tower failed after 3 tries: <HTTPError 400: 'Bad Request'>
FAIL Authors/Conan_Doyle/Atomized/THE_MARACOT_DEEP/Chapter_07.md: HY call failed: <HTTPError 400: 'Bad Request'>
FAIL Authors/Conan_Doyle/Atomized/THE_MEMOIRS_OF_SHERLOCK_HOLMES/Story_03_Adventure_IV_The_Gloria_Scott.md: HY call failed: <HTTPError 400: 'Bad Request'>
FAIL Authors/Conan_Doyle/Atomized/THE_MEMOIRS_OF_SHERLOCK_HOLMES/Story_04_Adventure_V_The_Musgrave_Ritual.md: HY call failed: <HTTPError 400: 'Bad Request'>
FAIL Authors/Conan_Doyle/Atomized/THE_MEMOIRS_OF_SHERLOCK_HOLMES/Story_05_Adventure_VI_The_Reigate_Puzzle.md: HY call failed: <HTTPError 400: 'Bad Request'>
FAIL Authors/Conan_Doyle/Atomized/THE_MEMOIRS_OF_SHERLOCK_HOLMES/Story_07_Adventure_VIII_The_Resident_Patient.md: HY call failed: <HTTPError 400: 'Bad Request'>
FAIL Authors/Conan_Doyle/Atomized/THE_MEMOIRS_OF_SHERLOCK_HOLMES/Story_06_Adventure_VII_The_Crooked_Man.md: HY call failed: <HTTPError 400: 'Bad Request'>
FAIL Authors/Conan_Doyle/Atomized/THE_MEMOIRS_OF_SHERLOCK_HOLMES/Story_08_Adventure_IX_The_Greek_Interpreter.md: HY call failed: <HTTPError 400: 'Bad Request'>
[781/1030] ok Authors/Conan_Doyle/Atomized/THE_MYSTERY_OF_CLOOMBER/Chapter_02_OF_THE_STRANGE_MANNER_IN_WHICH/part_01.md | blocks 223 | 279m | 1 blk/min
FAIL Authors/Conan_Doyle/Atomized/THE_MEMOIRS_OF_SHERLOCK_HOLMES/Story_10_Adventure_XI_The_Final_Problem.md: HY call failed: <HTTPError 400: 'Bad Request'>
FAIL Authors/Conan_Doyle/Atomized/THE_MEMOIRS_OF_SHERLOCK_HOLMES/Story_09_Adventure_X_The_Naval_Treaty.md: HY call failed: <HTTPError 400: 'Bad Request'>
FAIL Authors/Conan_Doyle/Atomized/THE_MYSTERY_OF_CLOOMBER/Chapter_03_OF_A_YOUNG_MAN_WITH_A_GREY_HEA.md: HY call failed: <HTTPError 400: 'Bad Request'>
FAIL Authors/Conan_Doyle/Atomized/THE_MYSTERY_OF_CLOOMBER/Chapter_01_THE_HEGIRA_OF_THE_WESTS_FROM_E.md: HY call failed: <HTTPError 400: 'Bad Request'>
FAIL Authors/Conan_Doyle/Atomized/THE_MYSTERY_OF_CLOOMBER/Chapter_02_OF_THE_STRANGE_MANNER_IN_WHICH/part_02.md: HY call failed: <HTTPError 400: 'Bad Request'>
FAIL Authors/Conan_Doyle/Atomized/THE_MYSTERY_OF_CLOOMBER/Chapter_04_HOW_FOUR_OF_US_CAME_TO_BE_UNDE.md: HY call failed: <HTTPError 400: 'Bad Request'>
FAIL Authors/Conan_Doyle/Atomized/THE_MYSTERY_OF_CLOOMBER/Chapter_05_HOW_I_CAME_TO_BE_ENLISTED_AS_O.md: HY call failed: <HTTPError 400: 'Bad Request'>
FAIL Authors/Conan_Doyle/Atomized/THE_MYSTERY_OF_CLOOMBER/Chapter_07_STATEMENT_OF_ISRAEL_STAKES.md: HY call failed: <HTTPError 400: 'Bad Request'>
FAIL Authors/Conan_Doyle/Atomized/THE_MYSTERY_OF_CLOOMBER/Chapter_06_OF_CORPORAL_RUFUS_SMITH_AND_HI.md: HY call failed: <HTTPError 400: 'Bad Request'>
FAIL Authors/Conan_Doyle/Atomized/THE_MYSTERY_OF_CLOOMBER/Chapter_08_NARRATIVE_OF_JOHN_EASTERLING_F.md: HY call failed: <HTTPError 400: 'Bad Request'>
FAIL Authors/Conan_Doyle/Atomized/THE_MYSTERY_OF_CLOOMBER/Chapter_09_OF_THE_LETTER_WHICH_CAME_FROM.md: HY call failed: <HTTPError 400: 'Bad Request'>
FAIL Authors/Conan_Doyle/Atomized/THE_MYSTERY_OF_CLOOMBER/Chapter_10_OF_THE_CASTING_AWAY_OF_THE_BAR.md: HY call failed: <HTTPError 400: 'Bad Request'>
FAIL Authors/Conan_Doyle/Atomized/THE_MYSTERY_OF_CLOOMBER/Chapter_11_OF_THE_THREE_FOREIGN_MEN_UPON.md: HY call failed: <HTTPError 400: 'Bad Request'>
FAIL Authors/Conan_Doyle/Atomized/THE_MYSTERY_OF_CLOOMBER/Chapter_12_IN_WHICH_I_SEE_THAT_WHICH_HAS.md: HY call failed: <HTTPError 400: 'Bad Request'>
FAIL Authors/Conan_Doyle/Atomized/THE_MYSTERY_OF_CLOOMBER/Chapter_13_OF_THE_VISITOR_WHO_RAN_DOWN_TH.md: HY call failed: <HTTPError 400: 'Bad Request'>
FAIL Authors/Conan_Doyle/Atomized/THE_MYSTERY_OF_CLOOMBER/Chapter_14_THE_DAY_BOOK_OF_JOHN_BERTHIER.md: tower failed after 3 tries: <HTTPError 400: 'Bad Request'>
FAIL Authors/Conan_Doyle/Atomized/THE_MYSTERY_OF_CLOOMBER/Chapter_15_AT_THE_HOLE_OF_CREE.md: HY call failed: <HTTPError 400: 'Bad Request'>
FAIL Authors/Conan_Doyle/Atomized/THE_NEW_REVELATION/Chapter_03.md: HY call failed: <HTTPError 400: 'Bad Request'>
FAIL Authors/Conan_Doyle/Atomized/THE_NEW_REVELATION/Chapter_02.md: HY call failed: <HTTPError 400: 'Bad Request'>
FAIL Authors/Conan_Doyle/Atomized/THE_NEW_REVELATION/Chapter_05.md: HY call failed: <HTTPError 400: 'Bad Request'>
FAIL Authors/Conan_Doyle/Atomized/THE_NEW_REVELATION/Chapter_04.md: HY call failed: <HTTPError 400: 'Bad Request'>
FAIL Authors/Conan_Doyle/Atomized/THE_NEW_REVELATION/Chapter_01.md: HY call failed: <HTTPError 400: 'Bad Request'>
FAIL Authors/Conan_Doyle/Atomized/THE_PARASITE/part/part_01.md: HY call failed: <HTTPError 400: 'Bad Request'>
FAIL Authors/Conan_Doyle/Atomized/THE_PARASITE/part/part_02.md: HY call failed: <HTTPError 400: 'Bad Request'>
FAIL Authors/Conan_Doyle/Atomized/THE_PARASITE/part/part_03.md: HY call failed: <HTTPError 400: 'Bad Request'>
FAIL Authors/Conan_Doyle/Atomized/THE_POISON_BELT/Chapter_01.md: tower failed after 3 tries: <HTTPError 400: 'Bad Request'>
FAIL Authors/Conan_Doyle/Atomized/THE_PARASITE/part/part_04.md: HY call failed: <HTTPError 400: 'Bad Request'>
FAIL Authors/Conan_Doyle/Atomized/THE_POISON_BELT/Chapter_02.md: HY call failed: <HTTPError 400: 'Bad Request'>
FAIL Authors/Conan_Doyle/Atomized/THE_POISON_BELT/Chapter_03.md: HY call failed: <HTTPError 400: 'Bad Request'>
FAIL Authors/Conan_Doyle/Atomized/THE_POISON_BELT/Chapter_06.md: tower failed after 3 tries: <HTTPError 400: 'Bad Request'>
FAIL Authors/Conan_Doyle/Atomized/THE_POISON_BELT/Chapter_04.md: HY call failed: <HTTPError 400: 'Bad Request'>
FAIL Authors/Conan_Doyle/Atomized/THE_POISON_BELT/Chapter_05.md: HY call failed: <HTTPError 400: 'Bad Request'>
FAIL Authors/Conan_Doyle/Atomized/THE_REFUGEES/Chapter_01.md: HY call failed: <HTTPError 400: 'Bad Request'>
FAIL Authors/Conan_Doyle/Atomized/THE_REFUGEES/Chapter_02.md: HY call failed: <HTTPError 400: 'Bad Request'>
FAIL Authors/Conan_Doyle/Atomized/THE_REFUGEES/Chapter_03.md: HY call failed: <HTTPError 400: 'Bad Request'>
FAIL Authors/Conan_Doyle/Atomized/THE_REFUGEES/Chapter_04.md: HY call failed: <HTTPError 400: 'Bad Request'>
FAIL Authors/Conan_Doyle/Atomized/THE_REFUGEES/Chapter_05.md: HY call failed: <HTTPError 400: 'Bad Request'>
FAIL Authors/Conan_Doyle/Atomized/THE_REFUGEES/Chapter_06.md: HY call failed: <HTTPError 400: 'Bad Request'>
FAIL Authors/Conan_Doyle/Atomized/THE_REFUGEES/Chapter_08.md: HY call failed: <HTTPError 400: 'Bad Request'>
FAIL Authors/Conan_Doyle/Atomized/THE_REFUGEES/Chapter_09.md: HY call failed: <HTTPError 400: 'Bad Request'>
FAIL Authors/Conan_Doyle/Atomized/THE_REFUGEES/Chapter_10.md: tower failed after 3 tries: <HTTPError 400: 'Bad Request'>
FAIL Authors/Conan_Doyle/Atomized/THE_REFUGEES/Chapter_07.md: HY call failed: <HTTPError 400: 'Bad Request'>
FAIL Authors/Conan_Doyle/Atomized/THE_REFUGEES/Chapter_11.md: HY call failed: <HTTPError 400: 'Bad Request'>
FAIL Authors/Conan_Doyle/Atomized/THE_REFUGEES/Chapter_12.md: HY call failed: <HTTPError 400: 'Bad Request'>
FAIL Authors/Conan_Doyle/Atomized/THE_REFUGEES/Chapter_13.md: HY call failed: <HTTPError 400: 'Bad Request'>
FAIL Authors/Conan_Doyle/Atomized/THE_REFUGEES/Chapter_14.md: HY call failed: <HTTPError 400: 'Bad Request'>
FAIL Authors/Conan_Doyle/Atomized/THE_REFUGEES/Chapter_15.md: HY call failed: <HTTPError 400: 'Bad Request'>
FAIL Authors/Conan_Doyle/Atomized/THE_REFUGEES/Chapter_18.md: HY call failed: <HTTPError 400: 'Bad Request'>
FAIL Authors/Conan_Doyle/Atomized/THE_REFUGEES/Chapter_16.md: HY call failed: <HTTPError 400: 'Bad Request'>
FAIL Authors/Conan_Doyle/Atomized/THE_REFUGEES/Chapter_17.md: HY call failed: <HTTPError 400: 'Bad Request'>
FAIL Authors/Conan_Doyle/Atomized/THE_REFUGEES/Chapter_19.md: HY call failed: <HTTPError 400: 'Bad Request'>
FAIL Authors/Conan_Doyle/Atomized/THE_REFUGEES/Chapter_21.md: HY call failed: <HTTPError 400: 'Bad Request'>
FAIL Authors/Conan_Doyle/Atomized/THE_REFUGEES/Chapter_20.md: HY call failed: <HTTPError 400: 'Bad Request'>
FAIL Authors/Conan_Doyle/Atomized/THE_REFUGEES/Chapter_22.md: HY call failed: <HTTPError 400: 'Bad Request'>
FAIL Authors/Conan_Doyle/Atomized/THE_REFUGEES/Chapter_23.md: HY call failed: <HTTPError 400: 'Bad Request'>
FAIL Authors/Conan_Doyle/Atomized/THE_REFUGEES/Chapter_24.md: HY call failed: <HTTPError 400: 'Bad Request'>
FAIL Authors/Conan_Doyle/Atomized/THE_REFUGEES/Chapter_25.md: HY call failed: <HTTPError 400: 'Bad Request'>
FAIL Authors/Conan_Doyle/Atomized/THE_REFUGEES/Chapter_26.md: HY call failed: <HTTPError 400: 'Bad Request'>
FAIL Authors/Conan_Doyle/Atomized/THE_REFUGEES/Chapter_27.md: HY call failed: <HTTPError 400: 'Bad Request'>
FAIL Authors/Conan_Doyle/Atomized/THE_REFUGEES/Chapter_30.md: HY call failed: <HTTPError 400: 'Bad Request'>
FAIL Authors/Conan_Doyle/Atomized/THE_REFUGEES/Chapter_29.md: HY call failed: <HTTPError 400: 'Bad Request'>
FAIL Authors/Conan_Doyle/Atomized/THE_REFUGEES/Chapter_28.md: HY call failed: <HTTPError 400: 'Bad Request'>
FAIL Authors/Conan_Doyle/Atomized/THE_REFUGEES/Chapter_34.md: HY call failed: <HTTPError 400: 'Bad Request'>
FAIL Authors/Conan_Doyle/Atomized/THE_REFUGEES/Chapter_31.md: HY call failed: <HTTPError 400: 'Bad Request'>
FAIL Authors/Conan_Doyle/Atomized/THE_REFUGEES/Chapter_32.md: HY call failed: <HTTPError 400: 'Bad Request'>
FAIL Authors/Conan_Doyle/Atomized/THE_REFUGEES/Chapter_33.md: HY call failed: <HTTPError 400: 'Bad Request'>
[848/1030] ok Authors/Conan_Doyle/Atomized/THE_REFUGEES/Chapter_35.md | blocks 226 | 304m | 1 blk/min | 2 links to repair
FAIL Authors/Conan_Doyle/Atomized/THE_REFUGEES/Chapter_37.md: tower failed after 3 tries: <HTTPError 400: 'Bad Request'>
FAIL Authors/Conan_Doyle/Atomized/THE_REFUGEES/Chapter_38.md: HY call failed: <HTTPError 400: 'Bad Request'>
FAIL Authors/Conan_Doyle/Atomized/THE_REFUGEES/Chapter_36.md: HY call failed: <HTTPError 400: 'Bad Request'>
FAIL Authors/Conan_Doyle/Atomized/THE_REFUGEES/Chapter_40/part_02.md: HY call failed: <HTTPError 400: 'Bad Request'>
FAIL Authors/Conan_Doyle/Atomized/THE_REFUGEES/Chapter_40/part_01.md: HY call failed: <HTTPError 400: 'Bad Request'>
FAIL Authors/Conan_Doyle/Atomized/THE_REFUGEES/Chapter_39.md: HY call failed: <HTTPError 400: 'Bad Request'>
FAIL Authors/Conan_Doyle/Atomized/THE_RETURN_OF_SHERLOCK_HOLMES/Story_01_THE_ADVENTURE_OF_THE_EMPTY_HOUSE.md: HY call failed: <HTTPError 400: 'Bad Request'>
FAIL Authors/Conan_Doyle/Atomized/THE_RETURN_OF_SHERLOCK_HOLMES/Story_04_THE_ADVENTURE_OF_THE_SOLITARY_CYCLIST.md: HY call failed: <HTTPError 400: 'Bad Request'>
FAIL Authors/Conan_Doyle/Atomized/THE_RETURN_OF_SHERLOCK_HOLMES/Story_03_THE_ADVENTURE_OF_THE_DANCING_MEN.md: HY call failed: <HTTPError 400: 'Bad Request'>
FAIL Authors/Conan_Doyle/Atomized/THE_RETURN_OF_SHERLOCK_HOLMES/Story_02_THE_ADVENTURE_OF_THE_NORWOOD_BUILDER.md: HY call failed: <HTTPError 400: 'Bad Request'>
FAIL Authors/Conan_Doyle/Atomized/THE_RETURN_OF_SHERLOCK_HOLMES/Story_05_THE_ADVENTURE_OF_THE_PRIORY_SCHOOL.md: HY call failed: <HTTPError 400: 'Bad Request'>
FAIL Authors/Conan_Doyle/Atomized/THE_RETURN_OF_SHERLOCK_HOLMES/Story_09_THE_ADVENTURE_OF_THE_THREE_STUDENTS.md: HY call failed: <HTTPError 400: 'Bad Request'>
FAIL Authors/Conan_Doyle/Atomized/THE_RETURN_OF_SHERLOCK_HOLMES/Story_06_THE_ADVENTURE_OF_BLACK_PETER.md: HY call failed: <HTTPError 400: 'Bad Request'>
FAIL Authors/Conan_Doyle/Atomized/THE_RETURN_OF_SHERLOCK_HOLMES/Story_07_THE_ADVENTURE_OF_CHARLES_AUGUSTUS_MILVER.md: HY call failed: <HTTPError 400: 'Bad Request'>
FAIL Authors/Conan_Doyle/Atomized/THE_RETURN_OF_SHERLOCK_HOLMES/Story_08_THE_ADVENTURE_OF_THE_SIX_NAPOLEONS.md: HY call failed: <HTTPError 400: 'Bad Request'>
FAIL Authors/Conan_Doyle/Atomized/THE_RETURN_OF_SHERLOCK_HOLMES/Story_11_THE_ADVENTURE_OF_THE_MISSING_THREE_QUART.md: HY call failed: <HTTPError 400: 'Bad Request'>
FAIL Authors/Conan_Doyle/Atomized/THE_RETURN_OF_SHERLOCK_HOLMES/Story_10_THE_ADVENTURE_OF_THE_GOLDEN_PINCE_NEZ.md: HY call failed: <HTTPError 400: 'Bad Request'>
FAIL Authors/Conan_Doyle/Atomized/THE_RETURN_OF_SHERLOCK_HOLMES/Story_13_THE_ADVENTURE_OF_THE_SECOND_STAIN.md: HY call failed: <HTTPError 400: 'Bad Request'>
FAIL Authors/Conan_Doyle/Atomized/THE_RETURN_OF_SHERLOCK_HOLMES/Story_12_THE_ADVENTURE_OF_THE_ABBEY_GRANGE.md: HY call failed: <HTTPError 400: 'Bad Request'>
FAIL Authors/Conan_Doyle/Atomized/THE_SIGN_OF_THE_FOUR/Chapter_01.md: HY call failed: <HTTPError 400: 'Bad Request'>
FAIL Authors/Conan_Doyle/Atomized/THE_SIGN_OF_THE_FOUR/Chapter_03.md: HY call failed: <HTTPError 400: 'Bad Request'>
FAIL Authors/Conan_Doyle/Atomized/THE_SIGN_OF_THE_FOUR/Chapter_04.md: HY call failed: <HTTPError 400: 'Bad Request'>
FAIL Authors/Conan_Doyle/Atomized/THE_SIGN_OF_THE_FOUR/Chapter_02.md: HY call failed: <HTTPError 400: 'Bad Request'>
FAIL Authors/Conan_Doyle/Atomized/THE_SIGN_OF_THE_FOUR/Chapter_05.md: HY call failed: <HTTPError 400: 'Bad Request'>
FAIL Authors/Conan_Doyle/Atomized/THE_SIGN_OF_THE_FOUR/Chapter_06.md: HY call failed: <HTTPError 400: 'Bad Request'>
FAIL Authors/Conan_Doyle/Atomized/THE_SIGN_OF_THE_FOUR/Chapter_07.md: HY call failed: <HTTPError 400: 'Bad Request'>
FAIL Authors/Conan_Doyle/Atomized/THE_SIGN_OF_THE_FOUR/Chapter_08.md: HY call failed: <HTTPError 400: 'Bad Request'>
FAIL Authors/Conan_Doyle/Atomized/THE_SIGN_OF_THE_FOUR/Chapter_11.md: HY call failed: <HTTPError 400: 'Bad Request'>
FAIL Authors/Conan_Doyle/Atomized/THE_SIGN_OF_THE_FOUR/Chapter_09.md: HY call failed: <HTTPError 400: 'Bad Request'>
FAIL Authors/Conan_Doyle/Atomized/THE_SIGN_OF_THE_FOUR/Chapter_12.md: HY call failed: <HTTPError 400: 'Bad Request'>
FAIL Authors/Conan_Doyle/Atomized/THE_SIGN_OF_THE_FOUR/Chapter_10.md: HY call failed: <HTTPError 400: 'Bad Request'>
FAIL Authors/Conan_Doyle/Atomized/THE_STARK_MUNRO_LETTERS/part/part_02.md: HY call failed: <HTTPError 400: 'Bad Request'>
FAIL Authors/Conan_Doyle/Atomized/THE_STARK_MUNRO_LETTERS/part/part_01.md: HY call failed: <HTTPError 400: 'Bad Request'>
FAIL Authors/Conan_Doyle/Atomized/THE_STARK_MUNRO_LETTERS/part/part_04.md: tower failed after 3 tries: <HTTPError 400: 'Bad Request'>
FAIL Authors/Conan_Doyle/Atomized/THE_STARK_MUNRO_LETTERS/part/part_03.md: HY call failed: <HTTPError 400: 'Bad Request'>
FAIL Authors/Conan_Doyle/Atomized/THE_STARK_MUNRO_LETTERS/part/part_05.md: HY call failed: <HTTPError 400: 'Bad Request'>
FAIL Authors/Conan_Doyle/Atomized/THE_STARK_MUNRO_LETTERS/part/part_06.md: HY call failed: <HTTPError 400: 'Bad Request'>
FAIL Authors/Conan_Doyle/Atomized/THE_STARK_MUNRO_LETTERS/part/part_07.md: HY call failed: <HTTPError 400: 'Bad Request'>
FAIL Authors/Conan_Doyle/Atomized/THE_STARK_MUNRO_LETTERS/part/part_08.md: HY call failed: <HTTPError 400: 'Bad Request'>
FAIL Authors/Conan_Doyle/Atomized/THE_STARK_MUNRO_LETTERS/part/part_09.md: HY call failed: <HTTPError 400: 'Bad Request'>
FAIL Authors/Conan_Doyle/Atomized/THE_STARK_MUNRO_LETTERS/part/part_11.md: HY call failed: <HTTPError 400: 'Bad Request'>
FAIL Authors/Conan_Doyle/Atomized/THE_STARK_MUNRO_LETTERS/part/part_10.md: HY call failed: <HTTPError 400: 'Bad Request'>
FAIL Authors/Conan_Doyle/Atomized/THE_STARK_MUNRO_LETTERS/part/part_12.md: HY call failed: <HTTPError 400: 'Bad Request'>
FAIL Authors/Conan_Doyle/Atomized/THE_STARK_MUNRO_LETTERS/part/part_14.md: HY call failed: <HTTPError 400: 'Bad Request'>
FAIL Authors/Conan_Doyle/Atomized/THE_STARK_MUNRO_LETTERS/part/part_13.md: HY call failed: <HTTPError 400: 'Bad Request'>
FAIL Authors/Conan_Doyle/Atomized/THE_STARK_MUNRO_LETTERS/part/part_16.md: tower failed after 3 tries: <HTTPError 400: 'Bad Request'>
FAIL Authors/Conan_Doyle/Atomized/THE_STARK_MUNRO_LETTERS/part/part_15.md: HY call failed: <HTTPError 400: 'Bad Request'>
FAIL Authors/Conan_Doyle/Atomized/THE_TRAGEDY_OF_THE_KOROSKO/Chapter_01.md: HY call failed: <HTTPError 400: 'Bad Request'>
[897/1030] ok Authors/Conan_Doyle/Atomized/THE_TRAGEDY_OF_THE_KOROSKO/Chapter_05.md | blocks 229 | 319m | 1 blk/min
FAIL Authors/Conan_Doyle/Atomized/THE_TRAGEDY_OF_THE_KOROSKO/Chapter_03.md: HY call failed: <HTTPError 400: 'Bad Request'>
FAIL Authors/Conan_Doyle/Atomized/THE_TRAGEDY_OF_THE_KOROSKO/Chapter_04.md: tower failed after 3 tries: <HTTPError 400: 'Bad Request'>
FAIL Authors/Conan_Doyle/Atomized/THE_TRAGEDY_OF_THE_KOROSKO/Chapter_02.md: HY call failed: <HTTPError 400: 'Bad Request'>
FAIL Authors/Conan_Doyle/Atomized/THE_TRAGEDY_OF_THE_KOROSKO/Chapter_06.md: HY call failed: <HTTPError 400: 'Bad Request'>
FAIL Authors/Conan_Doyle/Atomized/THE_TRAGEDY_OF_THE_KOROSKO/Chapter_09.md: tower failed after 3 tries: <HTTPError 400: 'Bad Request'>
FAIL Authors/Conan_Doyle/Atomized/THE_TRAGEDY_OF_THE_KOROSKO/Chapter_07.md: HY call failed: <HTTPError 400: 'Bad Request'>
FAIL Authors/Conan_Doyle/Atomized/THE_TRAGEDY_OF_THE_KOROSKO/Chapter_08.md: HY call failed: <HTTPError 400: 'Bad Request'>
FAIL Authors/Conan_Doyle/Atomized/THE_TRAGEDY_OF_THE_KOROSKO/Chapter_10.md: HY call failed: <HTTPError 400: 'Bad Request'>
FAIL Authors/Conan_Doyle/Atomized/THE_VALLEY_OF_FEAR/Chapter_02_Sherlock_Holmes_Discourses.md: HY call failed: <HTTPError 400: 'Bad Request'>
FAIL Authors/Conan_Doyle/Atomized/THE_VALLEY_OF_FEAR/Chapter_01_The_Warning.md: HY call failed: <HTTPError 400: 'Bad Request'>
FAIL Authors/Conan_Doyle/Atomized/THE_VALLEY_OF_FEAR/Chapter_03_The_Tragedy_of_Birlstone.md: tower failed after 3 tries: <HTTPError 400: 'Bad Request'>
FAIL Authors/Conan_Doyle/Atomized/THE_VALLEY_OF_FEAR/Chapter_05_The_People_of_the_Drama.md: HY call failed: <HTTPError 400: 'Bad Request'>
FAIL Authors/Conan_Doyle/Atomized/THE_VALLEY_OF_FEAR/Chapter_04_Darkness.md: HY call failed: <HTTPError 400: 'Bad Request'>
FAIL Authors/Conan_Doyle/Atomized/THE_VALLEY_OF_FEAR/Chapter_06_A_Dawning_Light.md: HY call failed: <HTTPError 400: 'Bad Request'>
FAIL Authors/Conan_Doyle/Atomized/THE_VALLEY_OF_FEAR/Chapter_07_The_Solution.md: HY call failed: <HTTPError 400: 'Bad Request'>
FAIL Authors/Conan_Doyle/Atomized/THE_VALLEY_OF_FEAR/Chapter_09_The_Bodymaster.md: HY call failed: <HTTPError 400: 'Bad Request'>
FAIL Authors/Conan_Doyle/Atomized/THE_VALLEY_OF_FEAR/Chapter_10_Lodge_341_Vermissa.md: tower failed after 3 tries: <HTTPError 400: 'Bad Request'>
FAIL Authors/Conan_Doyle/Atomized/THE_VALLEY_OF_FEAR/Chapter_08_The_Man.md: HY call failed: <HTTPError 400: 'Bad Request'>
FAIL Authors/Conan_Doyle/Atomized/THE_VALLEY_OF_FEAR/Chapter_11_The_Valley_of_Fear.md: HY call failed: <HTTPError 400: 'Bad Request'>
FAIL Authors/Conan_Doyle/Atomized/THE_VALLEY_OF_FEAR/Chapter_13_Danger.md: tower failed after 3 tries: <HTTPError 400: 'Bad Request'>
FAIL Authors/Conan_Doyle/Atomized/THE_VALLEY_OF_FEAR/Chapter_12_The_Darkest_Hour.md: HY call failed: <HTTPError 400: 'Bad Request'>
FAIL Authors/Conan_Doyle/Atomized/THE_VALLEY_OF_FEAR/Chapter_14_The_Trapping_of_Birdy_Edwards.md: HY call failed: <HTTPError 400: 'Bad Request'>
FAIL Authors/Conan_Doyle/Atomized/THE_VITAL_MESSAGE/Chapter_01.md: HY call failed: <HTTPError 400: 'Bad Request'>
FAIL Authors/Conan_Doyle/Atomized/THE_VITAL_MESSAGE/Chapter_02.md: HY call failed: <HTTPError 400: 'Bad Request'>
FAIL Authors/Conan_Doyle/Atomized/THE_VITAL_MESSAGE/Chapter_04.md: HY call failed: <HTTPError 400: 'Bad Request'>
FAIL Authors/Conan_Doyle/Atomized/THE_VITAL_MESSAGE/Chapter_03.md: HY call failed: <HTTPError 400: 'Bad Request'>
FAIL Authors/Conan_Doyle/Atomized/THE_VITAL_MESSAGE/Chapter_05/part_01.md: tower failed after 3 tries: <HTTPError 400: 'Bad Request'>
FAIL Authors/Conan_Doyle/Atomized/THE_WANDERINGS_OF_A_SPIRITUALIST/Chapter_03.md: HY call failed: <HTTPError 400: 'Bad Request'>
FAIL Authors/Conan_Doyle/Atomized/THE_VITAL_MESSAGE/Chapter_05/part_02.md: HY call failed: <HTTPError 400: 'Bad Request'>
FAIL Authors/Conan_Doyle/Atomized/THE_WANDERINGS_OF_A_SPIRITUALIST/Chapter_02.md: HY call failed: <HTTPError 400: 'Bad Request'>
FAIL Authors/Conan_Doyle/Atomized/THE_WANDERINGS_OF_A_SPIRITUALIST/Chapter_01.md: HY call failed: <HTTPError 400: 'Bad Request'>
FAIL Authors/Conan_Doyle/Atomized/THE_WANDERINGS_OF_A_SPIRITUALIST/Chapter_04.md: HY call failed: <HTTPError 400: 'Bad Request'>
FAIL Authors/Conan_Doyle/Atomized/THE_WANDERINGS_OF_A_SPIRITUALIST/Chapter_07.md: HY call failed: <HTTPError 400: 'Bad Request'>
FAIL Authors/Conan_Doyle/Atomized/THE_WANDERINGS_OF_A_SPIRITUALIST/Chapter_05.md: HY call failed: <HTTPError 400: 'Bad Request'>
FAIL Authors/Conan_Doyle/Atomized/THE_WANDERINGS_OF_A_SPIRITUALIST/Chapter_06.md: HY call failed: <HTTPError 400: 'Bad Request'>
FAIL Authors/Conan_Doyle/Atomized/THE_WANDERINGS_OF_A_SPIRITUALIST/Chapter_09.md: HY call failed: <HTTPError 400: 'Bad Request'>
FAIL Authors/Conan_Doyle/Atomized/THE_WANDERINGS_OF_A_SPIRITUALIST/Chapter_08.md: HY call failed: <HTTPError 400: 'Bad Request'>
FAIL Authors/Conan_Doyle/Atomized/THE_WANDERINGS_OF_A_SPIRITUALIST/Chapter_12.md: tower failed after 3 tries: <HTTPError 400: 'Bad Request'>
FAIL Authors/Conan_Doyle/Atomized/THE_WANDERINGS_OF_A_SPIRITUALIST/Chapter_10.md: HY call failed: <HTTPError 400: 'Bad Request'>
[937/1030] ok Authors/Conan_Doyle/Atomized/THE_WAR_IN_SOUTH_AFRICA/Chapter_02.md | blocks 232 | 333m | 1 blk/min
FAIL Authors/Conan_Doyle/Atomized/THE_WANDERINGS_OF_A_SPIRITUALIST/Chapter_11.md: HY call failed: <HTTPError 400: 'Bad Request'>
[939/1030] ok Authors/Conan_Doyle/Atomized/THE_WANDERINGS_OF_A_SPIRITUALIST/Chapter_13.md | blocks 236 | 333m | 1 blk/min
[940/1030] ok Authors/Conan_Doyle/Atomized/THE_WAR_IN_SOUTH_AFRICA/Chapter_05.md | blocks 239 | 334m | 1 blk/min | 4 links to repair
FAIL Authors/Conan_Doyle/Atomized/THE_WAR_IN_SOUTH_AFRICA/Chapter_04.md: HY call failed: <HTTPError 400: 'Bad Request'>
FAIL Authors/Conan_Doyle/Atomized/THE_WAR_IN_SOUTH_AFRICA/Chapter_03.md: HY call failed: <HTTPError 400: 'Bad Request'>
FAIL Authors/Conan_Doyle/Atomized/THE_WAR_IN_SOUTH_AFRICA/Chapter_08.md: HY call failed: <HTTPError 400: 'Bad Request'>
FAIL Authors/Conan_Doyle/Atomized/THE_WAR_IN_SOUTH_AFRICA/Chapter_06.md: HY call failed: <HTTPError 400: 'Bad Request'>
FAIL Authors/Conan_Doyle/Atomized/THE_WAR_IN_SOUTH_AFRICA/Chapter_01.md: HY call failed: <HTTPError 400: 'Bad Request'>
FAIL Authors/Conan_Doyle/Atomized/THE_WAR_IN_SOUTH_AFRICA/Chapter_07.md: HY call failed: <HTTPError 400: 'Bad Request'>
FAIL Authors/Conan_Doyle/Atomized/THE_WAR_IN_SOUTH_AFRICA/Chapter_09.md: HY call failed: <HTTPError 400: 'Bad Request'>
FAIL Authors/Conan_Doyle/Atomized/THE_WAR_IN_SOUTH_AFRICA/Chapter_11.md: HY call failed: <HTTPError 400: 'Bad Request'>
FAIL Authors/Conan_Doyle/Atomized/THE_WAR_IN_SOUTH_AFRICA/Chapter_12.md: HY call failed: <HTTPError 400: 'Bad Request'>
FAIL Authors/Conan_Doyle/Atomized/THE_WAR_IN_SOUTH_AFRICA/Chapter_10.md: HY call failed: <HTTPError 400: 'Bad Request'>
FAIL Authors/Conan_Doyle/Atomized/THE_WHITE_COMPANY/Chapter_01_HOW_THE_BLACK_SHEEP_CAME_FORTH.md: HY call failed: <HTTPError 400: 'Bad Request'>
FAIL Authors/Conan_Doyle/Atomized/THE_WHITE_COMPANY/Chapter_02_HOW_ALLEYNE_EDRICSON_CAME_OUT.md: HY call failed: <HTTPError 400: 'Bad Request'>
FAIL Authors/Conan_Doyle/Atomized/THE_WHITE_COMPANY/Chapter_04_HOW_THE_BAILIFF_OF_SOUTHAMPTON.md: HY call failed: <HTTPError 400: 'Bad Request'>
FAIL Authors/Conan_Doyle/Atomized/THE_WHITE_COMPANY/Chapter_03_HOW_HORDLE_JOHN_COZENED_THE_FU.md: HY call failed: <HTTPError 400: 'Bad Request'>
FAIL Authors/Conan_Doyle/Atomized/THE_WHITE_COMPANY/Chapter_05_HOW_A_STRANGE_COMPANY_GATHERED.md: HY call failed: <HTTPError 400: 'Bad Request'>
FAIL Authors/Conan_Doyle/Atomized/THE_WHITE_COMPANY/Chapter_06_HOW_SAMKIN_AYLWARD_WAGERED_HIS.md: tower failed after 3 tries: <HTTPError 400: 'Bad Request'>
FAIL Authors/Conan_Doyle/Atomized/THE_WHITE_COMPANY/Chapter_07_HOW_THE_THREE_COMRADES_JOURNEY.md: HY call failed: <HTTPError 400: 'Bad Request'>
FAIL Authors/Conan_Doyle/Atomized/THE_WHITE_COMPANY/Chapter_09_HOW_STRANGE_THINGS_BEFELL_IN_M.md: HY call failed: <HTTPError 400: 'Bad Request'>
FAIL Authors/Conan_Doyle/Atomized/THE_WHITE_COMPANY/Chapter_08_THE_THREE_FRIENDS.md: HY call failed: <HTTPError 400: 'Bad Request'>
FAIL Authors/Conan_Doyle/Atomized/THE_WHITE_COMPANY/Chapter_10_HOW_HORDLE_JOHN_FOUND_A_MAN_WH.md: tower failed after 3 tries: <HTTPError 400: 'Bad Request'>
FAIL Authors/Conan_Doyle/Atomized/THE_WHITE_COMPANY/Chapter_11_HOW_A_YOUNG_SHEPHERD_HAD_A_PER.md: HY call failed: <HTTPError 400: 'Bad Request'>
FAIL Authors/Conan_Doyle/Atomized/THE_WHITE_COMPANY/Chapter_12_HOW_ALLEYNE_LEARNED_MORE_THAN.md: HY call failed: <HTTPError 400: 'Bad Request'>
FAIL Authors/Conan_Doyle/Atomized/THE_WHITE_COMPANY/Chapter_13_HOW_THE_WHITE_COMPANY_SET_FORT.md: HY call failed: <HTTPError 400: 'Bad Request'>
FAIL Authors/Conan_Doyle/Atomized/THE_WHITE_COMPANY/Chapter_14_HOW_SIR_NIGEL_SOUGHT_FOR_A_WAY.md: tower failed after 3 tries: <HTTPError 400: 'Bad Request'>
FAIL Authors/Conan_Doyle/Atomized/THE_WHITE_COMPANY/Chapter_15_HOW_THE_YELLOW_COG_SAILED_FORT.md: HY call failed: <HTTPError 400: 'Bad Request'>
FAIL Authors/Conan_Doyle/Atomized/THE_WHITE_COMPANY/Chapter_16_HOW_THE_YELLOW_COG_FOUGHT_THE.md: HY call failed: <HTTPError 400: 'Bad Request'>
FAIL Authors/Conan_Doyle/Atomized/THE_WHITE_COMPANY/Chapter_18_HOW_SIR_NIGEL_LORING_PUT_A_PAT.md: tower failed after 3 tries: <HTTPError 400: 'Bad Request'>
FAIL Authors/Conan_Doyle/Atomized/THE_WHITE_COMPANY/Chapter_17_HOW_THE_YELLOW_COG_CROSSED_THE.md: HY call failed: <HTTPError 400: 'Bad Request'>
FAIL Authors/Conan_Doyle/Atomized/THE_WHITE_COMPANY/Chapter_19_HOW_THERE_WAS_STIR_AT_THE_ABBE.md: HY call failed: <HTTPError 400: 'Bad Request'>
FAIL Authors/Conan_Doyle/Atomized/THE_WHITE_COMPANY/Chapter_21_HOW_AGOSTINO_PISANO_RISKED_HIS.md: HY call failed: <HTTPError 400: 'Bad Request'>
FAIL Authors/Conan_Doyle/Atomized/THE_WHITE_COMPANY/Chapter_20_HOW_ALLEYNE_WON_HIS_PLACE_IN_A.md: HY call failed: <HTTPError 400: 'Bad Request'>
FAIL Authors/Conan_Doyle/Atomized/THE_WHITE_COMPANY/Chapter_22_HOW_THE_BOWMEN_HELD_WASSAIL_AT.md: HY call failed: <HTTPError 400: 'Bad Request'>
FAIL Authors/Conan_Doyle/Atomized/THE_WHITE_COMPANY/Chapter_23_HOW_ENGLAND_HELD_THE_LISTS_AT.md: HY call failed: <HTTPError 400: 'Bad Request'>
FAIL Authors/Conan_Doyle/Atomized/THE_WHITE_COMPANY/Chapter_24_HOW_A_CHAMPION_CAME_FORTH_FROM.md: HY call failed: <HTTPError 400: 'Bad Request'>
FAIL Authors/Conan_Doyle/Atomized/THE_WHITE_COMPANY/Chapter_26_HOW_THE_THREE_COMRADES_GAINED.md: tower failed after 3 tries: <HTTPError 400: 'Bad Request'>
FAIL Authors/Conan_Doyle/Atomized/THE_WHITE_COMPANY/Chapter_25_HOW_SIR_NIGEL_WROTE_TO_TWYNHAM.md: HY call failed: <HTTPError 400: 'Bad Request'>
FAIL Authors/Conan_Doyle/Atomized/THE_WHITE_COMPANY/Chapter_27_HOW_ROGER_CLUB_FOOT_WAS_PASSED.md: HY call failed: <HTTPError 400: 'Bad Request'>
FAIL Authors/Conan_Doyle/Atomized/THE_WHITE_COMPANY/Chapter_28_HOW_THE_COMRADES_CAME_OVER_THE.md: tower failed after 3 tries: <HTTPError 400: 'Bad Request'>
FAIL Authors/Conan_Doyle/Atomized/THE_WHITE_COMPANY/Chapter_29_HOW_THE_BLESSED_HOUR_OF_SIGHT.md: HY call failed: <HTTPError 400: 'Bad Request'>
FAIL Authors/Conan_Doyle/Atomized/THE_WHITE_COMPANY/Chapter_30_HOW_THE_BRUSHWOOD_MEN_CAME_TO.md: HY call failed: <HTTPError 400: 'Bad Request'>
FAIL Authors/Conan_Doyle/Atomized/THE_WHITE_COMPANY/Chapter_31_HOW_FIVE_MEN_HELD_THE_KEEP_OF.md: tower failed after 3 tries: <HTTPError 400: 'Bad Request'>
FAIL Authors/Conan_Doyle/Atomized/THE_WHITE_COMPANY/Chapter_32_HOW_THE_COMPANY_TOOK_COUNSEL_R.md: HY call failed: <HTTPError 400: 'Bad Request'>
FAIL Authors/Conan_Doyle/Atomized/THE_WHITE_COMPANY/Chapter_33_HOW_THE_ARMY_MADE_THE_PASSAGE.md: HY call failed: <HTTPError 400: 'Bad Request'>
FAIL Authors/Conan_Doyle/Atomized/THE_WHITE_COMPANY/Chapter_35_HOW_SIR_NIGEL_HAWKED_AT_AN_EAG.md: tower failed after 3 tries: <HTTPError 400: 'Bad Request'>
FAIL Authors/Conan_Doyle/Atomized/THE_WHITE_COMPANY/Chapter_34_HOW_THE_COMPANY_MADE_SPORT_IN.md: HY call failed: <HTTPError 400: 'Bad Request'>
FAIL Authors/Conan_Doyle/Atomized/THE_WHITE_COMPANY/Chapter_37_HOW_THE_WHITE_COMPANY_CAME_TO.md: tower failed after 3 tries: <HTTPError 400: 'Bad Request'>
FAIL Authors/Conan_Doyle/Atomized/THE_WHITE_COMPANY/Chapter_36_HOW_SIR_NIGEL_TOOK_THE_PATCH_F.md: HY call failed: <HTTPError 400: 'Bad Request'>
[988/1030] ok Authors/Conan_Doyle/Atomized/THE_WHITE_COMPANY/Chapter_39.md | blocks 242 | 349m | 1 blk/min
[989/1030] ok Authors/Conan_Doyle/Atomized/THE_WHITE_COMPANY/Chapter_41.md | blocks 245 | 350m | 1 blk/min
[990/1030] ok Authors/Conan_Doyle/Atomized/THE_WHITE_COMPANY/Chapter_40.md | blocks 248 | 350m | 1 blk/min
[991/1030] ok Authors/Conan_Doyle/Atomized/THE_WHITE_COMPANY/Chapter_42.md | blocks 251 | 350m | 1 blk/min
[992/1030] ok Authors/Conan_Doyle/Atomized/THE_WHITE_COMPANY/Chapter_43.md | blocks 254 | 350m | 1 blk/min
[993/1030] ok Authors/Conan_Doyle/Atomized/THE_WHITE_COMPANY/Chapter_44.md | blocks 257 | 350m | 1 blk/min
[994/1030] ok Authors/Conan_Doyle/Atomized/THE_WHITE_COMPANY/Chapter_45.md | blocks 260 | 350m | 1 blk/min
[995/1030] ok Authors/Conan_Doyle/Atomized/THE_WHITE_COMPANY/Chapter_46.md | blocks 263 | 350m | 1 blk/min
[996/1030] ok Authors/Conan_Doyle/Atomized/THE_WHITE_COMPANY/Chapter_47.md | blocks 266 | 350m | 1 blk/min
[997/1030] ok Authors/Conan_Doyle/Atomized/THE_WHITE_COMPANY/Chapter_38_OF_THE_HOME_COMING_TO_HAMPSHIR.md | blocks 270 | 350m | 1 blk/min | 5 links to repair
FAIL Authors/Conan_Doyle/Atomized/THROUGH_THE_MAGIC_DOOR/part/part_03.md: HY call failed: <HTTPError 400: 'Bad Request'>
FAIL Authors/Conan_Doyle/Atomized/THROUGH_THE_MAGIC_DOOR/part/part_02.md: HY call failed: <HTTPError 400: 'Bad Request'>
FAIL Authors/Conan_Doyle/Atomized/THE_WHITE_COMPANY/Chapter_48.md: HY call failed: <HTTPError 400: 'Bad Request'>
FAIL Authors/Conan_Doyle/Atomized/THROUGH_THE_MAGIC_DOOR/part/part_01.md: HY call failed: <HTTPError 400: 'Bad Request'>
FAIL Authors/Conan_Doyle/Atomized/THROUGH_THE_MAGIC_DOOR/part/part_06.md: HY call failed: <HTTPError 400: 'Bad Request'>
FAIL Authors/Conan_Doyle/Atomized/THROUGH_THE_MAGIC_DOOR/part/part_07.md: HY call failed: <HTTPError 400: 'Bad Request'>
FAIL Authors/Conan_Doyle/Atomized/THROUGH_THE_MAGIC_DOOR/part/part_05.md: HY call failed: <HTTPError 400: 'Bad Request'>
FAIL Authors/Conan_Doyle/Atomized/THROUGH_THE_MAGIC_DOOR/part/part_04.md: HY call failed: <HTTPError 400: 'Bad Request'>
FAIL Authors/Conan_Doyle/Atomized/THROUGH_THE_MAGIC_DOOR/part/part_10.md: HY call failed: <HTTPError 400: 'Bad Request'>
FAIL Authors/Conan_Doyle/Atomized/THROUGH_THE_MAGIC_DOOR/part/part_09.md: HY call failed: <HTTPError 400: 'Bad Request'>
FAIL Authors/Conan_Doyle/Atomized/THROUGH_THE_MAGIC_DOOR/part/part_11.md: HY call failed: <HTTPError 400: 'Bad Request'>
FAIL Authors/Conan_Doyle/Atomized/THROUGH_THE_MAGIC_DOOR/part/part_08.md: HY call failed: <HTTPError 400: 'Bad Request'>
FAIL Authors/Conan_Doyle/Atomized/UNCLE_BERNAC/Chapter_03.md: HY call failed: <HTTPError 400: 'Bad Request'>
FAIL Authors/Conan_Doyle/Atomized/UNCLE_BERNAC/Chapter_02.md: HY call failed: <HTTPError 400: 'Bad Request'>
FAIL Authors/Conan_Doyle/Atomized/UNCLE_BERNAC/Chapter_01.md: HY call failed: <HTTPError 400: 'Bad Request'>
FAIL Authors/Conan_Doyle/Atomized/THROUGH_THE_MAGIC_DOOR/part/part_12.md: HY call failed: <HTTPError 400: 'Bad Request'>
FAIL Authors/Conan_Doyle/Atomized/UNCLE_BERNAC/Chapter_06.md: HY call failed: <HTTPError 400: 'Bad Request'>
FAIL Authors/Conan_Doyle/Atomized/UNCLE_BERNAC/Chapter_07.md: HY call failed: <HTTPError 400: 'Bad Request'>
FAIL Authors/Conan_Doyle/Atomized/UNCLE_BERNAC/Chapter_04.md: HY call failed: <HTTPError 400: 'Bad Request'>
FAIL Authors/Conan_Doyle/Atomized/UNCLE_BERNAC/Chapter_05.md: HY call failed: <HTTPError 400: 'Bad Request'>
FAIL Authors/Conan_Doyle/Atomized/UNCLE_BERNAC/Chapter_10.md: HY call failed: <HTTPError 400: 'Bad Request'>
FAIL Authors/Conan_Doyle/Atomized/UNCLE_BERNAC/Chapter_09.md: HY call failed: <HTTPError 400: 'Bad Request'>
FAIL Authors/Conan_Doyle/Atomized/UNCLE_BERNAC/Chapter_11.md: HY call failed: <HTTPError 400: 'Bad Request'>
FAIL Authors/Conan_Doyle/Atomized/UNCLE_BERNAC/Chapter_08.md: HY call failed: <HTTPError 400: 'Bad Request'>
FAIL Authors/Conan_Doyle/Atomized/UNCLE_BERNAC/Chapter_13.md: HY call failed: <HTTPError 400: 'Bad Request'>
FAIL Authors/Conan_Doyle/Atomized/UNCLE_BERNAC/Chapter_14.md: HY call failed: <HTTPError 400: 'Bad Request'>
FAIL Authors/Conan_Doyle/Atomized/UNCLE_BERNAC/Chapter_12.md: HY call failed: <HTTPError 400: 'Bad Request'>
FAIL Authors/Conan_Doyle/Atomized/UNCLE_BERNAC/Chapter_15.md: HY call failed: <HTTPError 400: 'Bad Request'>
FAIL Authors/Conan_Doyle/Atomized/UNCOLLECTED_SHORT_STORIES/part/part_01.md: tower failed after 3 tries: <HTTPError 400: 'Bad Request'>
FAIL Authors/Conan_Doyle/Atomized/UNCLE_BERNAC/Chapter_17.md: tower failed after 3 tries: <HTTPError 400: 'Bad Request'>
FAIL Authors/Conan_Doyle/Atomized/UNCLE_BERNAC/Chapter_16.md: HY call failed: <HTTPError 400: 'Bad Request'>
FAIL Authors/Conan_Doyle/Atomized/UNCOLLECTED_SHORT_STORIES/part/part_02.md: HY call failed: <HTTPError 400: 'Bad Request'>
FAIL Authors/Conan_Doyle/Atomized/UNCOLLECTED_SHORT_STORIES/part/part_03.md: HY call failed: <HTTPError 400: 'Bad Request'>

DONE: 79 written, 951 failed, cache 118641 blocks, 363m
2026-08-02 00:20:44 [orch] === END Conan_Doyle (rc=0) ===
2026-08-02 00:20:44 [orch] === START Bronte ===
### author run: Bronte
### HY Dickens run | model=hy-mt1.5-7b host=http://localhost:1234 | workers=4 | pending atoms=969
cache warm with 118641 blocks
FAIL Authors/Bronte/Atomized/Agnes_Grey/Chapter_01/part_02.md: HY call failed: <HTTPError 400: 'Bad Request'>
FAIL Authors/Bronte/Atomized/Agnes_Grey/Chapter_01/part_04.md: HY call failed: <HTTPError 400: 'Bad Request'>
[3/969] ok Authors/Bronte/Atomized/Agnes_Grey/Chapter_01/part_03.md | blocks 30 | 5m | 7 blk/min | 16 links to repair
[4/969] ok Authors/Bronte/Atomized/Agnes_Grey/Chapter_01/part_01.md | blocks 41 | 5m | 8 blk/min | 14 links to repair
[5/969] ok Authors/Bronte/Atomized/Agnes_Grey/Chapter_03/part_01.md | blocks 66 | 5m | 12 blk/min | 14 links to repair
[6/969] ok Authors/Bronte/Atomized/Agnes_Grey/Chapter_02/part_02.md | blocks 104 | 6m | 17 blk/min | 14 links to repair
REJECT Authors/Bronte/Atomized/Agnes_Grey/Chapter_02/part_01.md: leftover mask token(s): 2 (e.g. [[L02..)
REJECT Authors/Bronte/Atomized/Agnes_Grey/Chapter_03/part_04.md: leftover mask token(s): 1 (e.g. [[L01..)
REJECT Authors/Bronte/Atomized/Agnes_Grey/Chapter_03/part_02.md: leftover mask token(s): 1 (e.g. [[L02..)
REJECT Authors/Bronte/Atomized/Agnes_Grey/Chapter_03/part_03.md: leftover mask token(s): 1 (e.g. [[L03..)
REJECT Authors/Bronte/Atomized/Agnes_Grey/Chapter_04/part_01.md: leftover mask token(s): 1 (e.g. [[L02..)
[12/969] ok Authors/Bronte/Atomized/Agnes_Grey/Chapter_04/part_02.md | blocks 114 | 10m | 11 blk/min | 6 links to repair
[13/969] ok Authors/Bronte/Atomized/Agnes_Grey/Chapter_04/part_03.md | blocks 137 | 11m | 12 blk/min | 8 links to repair
REJECT Authors/Bronte/Atomized/Agnes_Grey/Chapter_05/part_01.md: leftover mask token(s): 1 (e.g. [[L04..)
REJECT Authors/Bronte/Atomized/Agnes_Grey/Chapter_05/part_02.md: leftover mask token(s): 3 (e.g. [[L01..)
[16/969] ok Authors/Bronte/Atomized/Agnes_Grey/Chapter_07/part_01.md | blocks 148 | 14m | 10 blk/min | 17 links to repair
[17/969] ok Authors/Bronte/Atomized/Agnes_Grey/Chapter_07/part_02.md | blocks 158 | 14m | 11 blk/min | 17 links to repair
[18/969] ok Authors/Bronte/Atomized/Agnes_Grey/Chapter_07/part_03.md | blocks 165 | 15m | 11 blk/min | 15 links to repair
[19/969] ok Authors/Bronte/Atomized/Agnes_Grey/Chapter_08.md | blocks 205 | 17m | 12 blk/min | 7 links to repair
REJECT Authors/Bronte/Atomized/Agnes_Grey/Chapter_06.md: leftover mask token(s): 5 (e.g. [[L02..)
REJECT Authors/Bronte/Atomized/Agnes_Grey/Chapter_07/part_04.md: leftover mask token(s): 1 (e.g. [[L01..)
[22/969] ok Authors/Bronte/Atomized/Agnes_Grey/Chapter_07/part_05.md | blocks 217 | 18m | 12 blk/min | 13 links to repair
FAIL Authors/Bronte/Atomized/Agnes_Grey/Chapter_10.md: HY call failed: <HTTPError 400: 'Bad Request'>
FAIL Authors/Bronte/Atomized/Agnes_Grey/Chapter_11/part_02.md: HY call failed: <HTTPError 400: 'Bad Request'>
FAIL Authors/Bronte/Atomized/Agnes_Grey/Chapter_11/part_01.md: HY call failed: <HTTPError 400: 'Bad Request'>
[26/969] ok Authors/Bronte/Atomized/Agnes_Grey/Chapter_09.md | blocks 256 | 26m | 10 blk/min | 19 links to repair
[27/969] ok Authors/Bronte/Atomized/Agnes_Grey/Chapter_11/part_05.md | blocks 263 | 26m | 10 blk/min | 7 links to repair
REJECT Authors/Bronte/Atomized/Agnes_Grey/Chapter_11/part_03.md: leftover mask token(s): 2 (e.g. [[L02..)
[29/969] ok Authors/Bronte/Atomized/Agnes_Grey/Chapter_11/part_04.md | blocks 276 | 28m | 10 blk/min | 19 links to repair
REJECT Authors/Bronte/Atomized/Agnes_Grey/Chapter_13/part_01.md: leftover mask token(s): 2 (e.g. [[L04..)
REJECT Authors/Bronte/Atomized/Agnes_Grey/Chapter_13/part_02.md: leftover mask token(s): 1 (e.g. [[L01..)
REJECT Authors/Bronte/Atomized/Agnes_Grey/Chapter_14/part_01.md: leftover mask token(s): 2 (e.g. [[L01..)
[33/969] ok Authors/Bronte/Atomized/Agnes_Grey/Chapter_12.md | blocks 308 | 32m | 10 blk/min | 11 links to repair
REJECT Authors/Bronte/Atomized/Agnes_Grey/Chapter_14/part_02.md: leftover mask token(s): 1 (e.g. [[L01..)
REJECT Authors/Bronte/Atomized/Agnes_Grey/Chapter_15_ll_come_and_meet_you_when_Ive/part_01.md: leftover mask token(s): 3 (e.g. [[L02..)
REJECT Authors/Bronte/Atomized/Agnes_Grey/Chapter_15_ll_come_and_meet_you_when_Ive/part_02.md: leftover mask token(s): 2 (e.g. [[L02..)
[37/969] ok Authors/Bronte/Atomized/Agnes_Grey/Chapter_16/part_01.md | blocks 323 | 36m | 9 blk/min | 11 links to repair
REJECT Authors/Bronte/Atomized/Agnes_Grey/Chapter_16/part_02.md: leftover mask token(s): 1 (e.g. [[L01..)
REJECT Authors/Bronte/Atomized/Agnes_Grey/Chapter_17.md: leftover mask token(s): 2 (e.g. [[L01..)
REJECT Authors/Bronte/Atomized/Agnes_Grey/Chapter_18/part_04.md: leftover mask token(s): 2 (e.g. [[L01..)
REJECT Authors/Bronte/Atomized/Agnes_Grey/Chapter_18/part_03.md: leftover mask token(s): 2 (e.g. [[L02..)
[42/969] ok Authors/Bronte/Atomized/Agnes_Grey/Chapter_18/part_02.md | blocks 332 | 41m | 8 blk/min | 8 links to repair
REJECT Authors/Bronte/Atomized/Agnes_Grey/Chapter_18/part_01.md: leftover mask token(s): 1 (e.g. [[L05..)
[44/969] ok Authors/Bronte/Atomized/Agnes_Grey/Chapter_19/part_02.md | blocks 351 | 45m | 8 blk/min | 16 links to repair
[45/969] ok Authors/Bronte/Atomized/Agnes_Grey/Chapter_19/part_01.md | blocks 363 | 45m | 8 blk/min | 12 links to repair
[46/969] ok Authors/Bronte/Atomized/Agnes_Grey/Chapter_20.md | blocks 375 | 47m | 8 blk/min | 4 links to repair
REJECT Authors/Bronte/Atomized/Agnes_Grey/Chapter_19/part_03.md: leftover mask token(s): 1 (e.g. [[L02..)
REJECT Authors/Bronte/Atomized/Agnes_Grey/Chapter_22/part_01.md: leftover mask token(s): 1 (e.g. [[L06..)
REJECT Authors/Bronte/Atomized/Agnes_Grey/Chapter_22/part_02.md: leftover mask token(s): 1 (e.g. [[L07..)
REJECT Authors/Bronte/Atomized/Agnes_Grey/Chapter_23/part_01.md: leftover mask token(s): 1 (e.g. [[L02..)
[51/969] ok Authors/Bronte/Atomized/Agnes_Grey/Chapter_23/part_03.md | blocks 384 | 53m | 7 blk/min | 10 links to repair
[52/969] ok Authors/Bronte/Atomized/Agnes_Grey/Chapter_23/part_02.md | blocks 403 | 54m | 8 blk/min | 13 links to repair
[53/969] ok Authors/Bronte/Atomized/Agnes_Grey/Chapter_25/part_01.md | blocks 416 | 55m | 7 blk/min | 16 links to repair
REJECT Authors/Bronte/Atomized/Agnes_Grey/Chapter_21.md: leftover mask token(s): 3 (e.g. [[L02..)
REJECT Authors/Bronte/Atomized/Agnes_Grey/Chapter_25/part_02.md: leftover mask token(s): 1 (e.g. [[L03..)
[56/969] ok Authors/Bronte/Atomized/Agnes_Grey/Chapter_24.md | blocks 435 | 58m | 8 blk/min | 12 links to repair
REJECT Authors/Bronte/Atomized/Jane_Eyre/Chapter_02/part_01.md: leftover mask token(s): 1 (e.g. [[L02..)
[58/969] ok Authors/Bronte/Atomized/Jane_Eyre/Chapter_02/part_02.md | blocks 457 | 63m | 7 blk/min | 22 links to repair
REJECT Authors/Bronte/Atomized/Jane_Eyre/Chapter_01.md: leftover mask token(s): 2 (e.g. [[L02..)
REJECT Authors/Bronte/Atomized/Agnes_Grey/Chapter_26.md: leftover mask token(s): 2 (e.g. [[L03..)
[61/969] ok Authors/Bronte/Atomized/Jane_Eyre/Chapter_03/part_03.md | blocks 483 | 66m | 7 blk/min | 8 links to repair
[62/969] ok Authors/Bronte/Atomized/Jane_Eyre/Chapter_03/part_01.md | blocks 507 | 66m | 8 blk/min | 17 links to repair
REJECT Authors/Bronte/Atomized/Jane_Eyre/Chapter_03/part_02.md: leftover mask token(s): 1 (e.g. [[L02..)
REJECT Authors/Bronte/Atomized/Jane_Eyre/Chapter_04/part_01.md: leftover mask token(s): 1 (e.g. [[L03..)
[65/969] ok Authors/Bronte/Atomized/Jane_Eyre/Chapter_04/part_02.md | blocks 521 | 70m | 7 blk/min | 14 links to repair
[66/969] ok Authors/Bronte/Atomized/Jane_Eyre/Chapter_04/part_03.md | blocks 561 | 70m | 8 blk/min | 9 links to repair
REJECT Authors/Bronte/Atomized/Jane_Eyre/Chapter_04/part_04.md: leftover mask token(s): 3 (e.g. [[L02..)
[68/969] ok Authors/Bronte/Atomized/Jane_Eyre/Chapter_04/part_05.md | blocks 602 | 73m | 8 blk/min | 11 links to repair
REJECT Authors/Bronte/Atomized/Jane_Eyre/Chapter_05/part_02.md: leftover mask token(s): 1 (e.g. [[L01..)
REJECT Authors/Bronte/Atomized/Jane_Eyre/Chapter_05/part_01.md: leftover mask token(s): 2 (e.g. [[L02..)
[71/969] ok Authors/Bronte/Atomized/Jane_Eyre/Chapter_05/part_03.md | blocks 618 | 75m | 8 blk/min | 9 links to repair
REJECT Authors/Bronte/Atomized/Jane_Eyre/Chapter_05/part_04.md: leftover mask token(s): 3 (e.g. [[L01..)
[73/969] ok Authors/Bronte/Atomized/Jane_Eyre/Chapter_05/part_05.md | blocks 646 | 76m | 8 blk/min | 7 links to repair
[74/969] ok Authors/Bronte/Atomized/Jane_Eyre/Chapter_06/part_02.md | blocks 684 | 78m | 9 blk/min | 6 links to repair
[75/969] ok Authors/Bronte/Atomized/Jane_Eyre/Chapter_06/part_03.md | blocks 703 | 78m | 9 blk/min | 6 links to repair
[76/969] ok Authors/Bronte/Atomized/Jane_Eyre/Chapter_06/part_01.md | blocks 720 | 78m | 9 blk/min | 12 links to repair
[77/969] ok Authors/Bronte/Atomized/Jane_Eyre/Chapter_07/part_04.md | blocks 726 | 80m | 9 blk/min | 3 links to repair
[78/969] ok Authors/Bronte/Atomized/Jane_Eyre/Chapter_07/part_01.md | blocks 740 | 81m | 9 blk/min | 12 links to repair
REJECT Authors/Bronte/Atomized/Jane_Eyre/Chapter_07/part_03.md: leftover mask token(s): 2 (e.g. [[L01..)
[80/969] ok Authors/Bronte/Atomized/Jane_Eyre/Chapter_07/part_02.md | blocks 760 | 83m | 9 blk/min | 8 links to repair
REJECT Authors/Bronte/Atomized/Jane_Eyre/Chapter_08/part_01.md: leftover mask token(s): 1 (e.g. [[L02..)
REJECT Authors/Bronte/Atomized/Jane_Eyre/Chapter_08/part_02.md: leftover mask token(s): 2 (e.g. [[L02..)
[83/969] ok Authors/Bronte/Atomized/Jane_Eyre/Chapter_08/part_03.md | blocks 772 | 86m | 9 blk/min | 5 links to repair
REJECT Authors/Bronte/Atomized/Jane_Eyre/Chapter_09/part_01.md: leftover mask token(s): 3 (e.g. [[L01..)
[85/969] ok Authors/Bronte/Atomized/Jane_Eyre/Chapter_09/part_02.md | blocks 792 | 90m | 9 blk/min | 16 links to repair
REJECT Authors/Bronte/Atomized/Jane_Eyre/Chapter_10/part_01.md: leftover mask token(s): 2 (e.g. [[L02..)
REJECT Authors/Bronte/Atomized/Jane_Eyre/Chapter_09/part_03.md: leftover mask token(s): 2 (e.g. [[L01..)
REJECT Authors/Bronte/Atomized/Jane_Eyre/Chapter_10/part_02.md: leftover mask token(s): 1 (e.g. [[L01..)
[89/969] ok Authors/Bronte/Atomized/Jane_Eyre/Chapter_10/part_03.md | blocks 814 | 93m | 9 blk/min | 6 links to repair
[90/969] ok Authors/Bronte/Atomized/Jane_Eyre/Chapter_10/part_04.md | blocks 850 | 93m | 9 blk/min | 11 links to repair
[91/969] ok Authors/Bronte/Atomized/Jane_Eyre/Chapter_11/part_02.md | blocks 875 | 94m | 9 blk/min | 26 links to repair
REJECT Authors/Bronte/Atomized/Jane_Eyre/Chapter_11/part_01.md: invented wikilink targets: ['L04>focolare】; io mi siedo lì, avvolto nel mio mantello e con il cappello in testa; il mio guanto e l’ombrello sono sul tavolo, e sto scaldandomi dal freddo accumulato dopo sedici ore trascorse all’aperto, nel gelido clima di ottobre. Sono partito da Lowton alle quattro del mattino; ora, all’orologio di Millcote, sono appena le otto.\n\nLettore, anche se sembro essere alloggiato in modo confortevole, in realtà non sono affatto tranquillo nel mio cuore. Pensavo che quando la carrozza si fosse fermata qui, qualcuno sarebbe venuto a incontrarmi; mentre scendevo i gradini di legno preparati per comodità mia, guardavo intorno con ansia, aspettandomi di sentire il mio nome pronunciato o di vedere qualche carrozza pronta ad accompagnarmi a Thornfield. Ma non c’era nulla del genere; quando chiesi a un cameriere se qualcuno fosse venuto a cercare una certa Miss Eyre, ricevetti una risposta negativa. Così non mi restò altra scelta che chiedere di essere portato in una stanza privata. Ed eccomi qui, ad aspettare, mentre ogni sorta di dubbi e timori turbano i miei pensieri.\n\nÈ una sensazione molto strana per un giovane inesperto sentirsi completamente [[Alone']; leftover mask token(s): 1 (e.g. [[L04..)
[93/969] ok Authors/Bronte/Atomized/Jane_Eyre/Chapter_11/part_04.md | blocks 900 | 96m | 9 blk/min | 13 links to repair
[94/969] ok Authors/Bronte/Atomized/Jane_Eyre/Chapter_11/part_03.md | blocks 916 | 98m | 9 blk/min | 12 links to repair
[95/969] ok Authors/Bronte/Atomized/Jane_Eyre/Chapter_11/part_05.md | blocks 938 | 98m | 10 blk/min | 13 links to repair
REJECT Authors/Bronte/Atomized/Jane_Eyre/Chapter_11/part_06.md: leftover mask token(s): 2 (e.g. [[L01..)
REJECT Authors/Bronte/Atomized/Jane_Eyre/Chapter_12/part_01.md: leftover mask token(s): 2 (e.g. [[L04..)
REJECT Authors/Bronte/Atomized/Jane_Eyre/Chapter_12/part_04.md: leftover mask token(s): 1 (e.g. [[L01..)
[99/969] ok Authors/Bronte/Atomized/Jane_Eyre/Chapter_12/part_02.md | blocks 947 | 102m | 9 blk/min | 18 links to repair
[100/969] ok Authors/Bronte/Atomized/Jane_Eyre/Chapter_12/part_03.md | blocks 987 | 103m | 10 blk/min | 5 links to repair
REJECT Authors/Bronte/Atomized/Jane_Eyre/Chapter_13/part_01.md: leftover mask token(s): 1 (e.g. [[L02..)
REJECT Authors/Bronte/Atomized/Jane_Eyre/Chapter_13/part_04.md: invented wikilink targets: ['L02)natura】; in parte perché ha pensieri dolorosi che lo tormentano senza sosta, senza lasciargli un attimo di pace, rendendo il suo spirito instabile.”\n\n“E tu che ne dici?”\n\n“Problemi familiari, per prima cosa.”\n\n“Ma non ha famiglia.”\n\n“Non adesso, ma lui ne ha avuti, o almeno dei parenti. Ha perso suo fratello maggiore alcuni anni fa.”\n\n“Suo fratello maggiore?”\n\n“Sì. Il attuale signor Rochester possiede questa proprietà da soli nove anni.”\n\n“Nove anni sono un periodo tollerabile. Era davvero così affezionato a suo fratello da non riuscire ancora a consolarsi della sua perdita?”\n\n“Perché no, forse no. Credo che ci siano stati alcuni malintesi tra di loro. Il signor Rowland Rochester non è stato del tutto giusto con il signor Edward; forse ha influenzato negativamente suo padre nei suoi confronti. Il vecchio signore amava i soldi e desiderava mantenere l’intera proprietà familiare intatta. Non voleva ridurre il patrimonio attraverso divisioni, ma allo stesso tempo voleva che anche il signor Edward avesse ricchezza sufficiente a mantenere il prestigio del nome della famiglia. Poco dopo che Edward raggiunse l’età adulta, furono intrapresi alcuni passi che non erano affatto equi e causarono molti problemi. Il vecchio signor Rochester e il signor Rowland si allearono per mettere Edward in una situazione che lui considerava dolorosa, al solo scopo di fargli fare fortuna. Non so mai con esattezza in cosa consistesse questa situazione, ma il modo in cui dovette sopportarla lo distrusse completamente. Non è molto tollerante: ha rotto i rapporti con la sua famiglia e da allora ha vissuto una vita instabile per molti anni. Non credo che sia mai rimasto a Thornfield per più di due settimane consecutive, da quando suo fratello morì senza lasciare un testamento che lo designasse come erede del patrimonio. E, in effetti, non c’è da meravigliarsi se evita quel luogo.”\n\n#Perché dovrebbe evitarlo?\n\n“Forse pensa che sia troppo cupo.”\n\nLa risposta fu evasiva. Avrei voluto qualcosa di più chiaro; ma la signora Fairfax o non poteva, o non voleva fornirmi informazioni più precise sull’origine e sulla [[Nature']; leftover mask token(s): 3 (e.g. [[L01..)
[103/969] ok Authors/Bronte/Atomized/Jane_Eyre/Chapter_13/part_02.md | blocks 1042 | 106m | 10 blk/min | 6 links to repair
REJECT Authors/Bronte/Atomized/Jane_Eyre/Chapter_13/part_03.md: leftover mask token(s): 1 (e.g. [[L02..)
[105/969] ok Authors/Bronte/Atomized/Jane_Eyre/Chapter_14/part_01.md | blocks 1061 | 107m | 10 blk/min | 9 links to repair
[106/969] ok Authors/Bronte/Atomized/Jane_Eyre/Chapter_14/part_02.md | blocks 1089 | 108m | 10 blk/min | 10 links to repair
[107/969] ok Authors/Bronte/Atomized/Jane_Eyre/Chapter_14/part_03.md | blocks 1111 | 108m | 10 blk/min | 11 links to repair
[108/969] ok Authors/Bronte/Atomized/Jane_Eyre/Chapter_14/part_05.md | blocks 1120 | 109m | 10 blk/min | 5 links to repair
REJECT Authors/Bronte/Atomized/Jane_Eyre/Chapter_15/part_01.md: leftover mask token(s): 1 (e.g. [[L01..)
REJECT Authors/Bronte/Atomized/Jane_Eyre/Chapter_15/part_02.md: leftover mask token(s): 2 (e.g. [[L02..)
[111/969] ok Authors/Bronte/Atomized/Jane_Eyre/Chapter_14/part_04.md | blocks 1161 | 113m | 10 blk/min | 10 links to repair
REJECT Authors/Bronte/Atomized/Jane_Eyre/Chapter_15/part_03.md: leftover mask token(s): 4 (e.g. [[L05..)
[113/969] ok Authors/Bronte/Atomized/Jane_Eyre/Chapter_15/part_05.md | blocks 1188 | 115m | 10 blk/min | 14 links to repair
[114/969] ok Authors/Bronte/Atomized/Jane_Eyre/Chapter_15/part_04.md | blocks 1213 | 115m | 11 blk/min | 6 links to repair
[115/969] ok Authors/Bronte/Atomized/Jane_Eyre/Chapter_16/part_04.md | blocks 1221 | 117m | 10 blk/min | 6 links to repair
REJECT Authors/Bronte/Atomized/Jane_Eyre/Chapter_16/part_01.md: leftover mask token(s): 1 (e.g. [[L01..)
REJECT Authors/Bronte/Atomized/Jane_Eyre/Chapter_16/part_02.md: leftover mask token(s): 2 (e.g. [[L02..)
[118/969] ok Authors/Bronte/Atomized/Jane_Eyre/Chapter_16/part_03.md | blocks 1252 | 118m | 11 blk/min | 12 links to repair
REJECT Authors/Bronte/Atomized/Jane_Eyre/Chapter_17/part_03.md: leftover mask token(s): 1 (e.g. [[L01..)
[120/969] ok Authors/Bronte/Atomized/Jane_Eyre/Chapter_17/part_01.md | blocks 1267 | 120m | 11 blk/min | 12 links to repair
REJECT Authors/Bronte/Atomized/Jane_Eyre/Chapter_17/part_02.md: leftover mask token(s): 3 (e.g. [[L03..)
[122/969] ok Authors/Bronte/Atomized/Jane_Eyre/Chapter_17/part_04.md | blocks 1284 | 121m | 11 blk/min | 17 links to repair
[123/969] ok Authors/Bronte/Atomized/Jane_Eyre/Chapter_17/part_06.md | blocks 1309 | 123m | 11 blk/min | 10 links to repair
[124/969] ok Authors/Bronte/Atomized/Jane_Eyre/Chapter_18/part_01.md | blocks 1325 | 125m | 11 blk/min | 5 links to repair
REJECT Authors/Bronte/Atomized/Jane_Eyre/Chapter_17/part_05.md: leftover mask token(s): 1 (e.g. [[L02..)
REJECT Authors/Bronte/Atomized/Jane_Eyre/Chapter_17/part_07.md: leftover mask token(s): 3 (e.g. [[L01..)
[127/969] ok Authors/Bronte/Atomized/Jane_Eyre/Chapter_18/part_03.md | blocks 1333 | 127m | 10 blk/min | 5 links to repair
REJECT Authors/Bronte/Atomized/Jane_Eyre/Chapter_18/part_02.md: leftover mask token(s): 2 (e.g. [[L07..)
[129/969] ok Authors/Bronte/Atomized/Jane_Eyre/Chapter_18/part_06.md | blocks 1345 | 128m | 10 blk/min | 2 links to repair
REJECT Authors/Bronte/Atomized/Jane_Eyre/Chapter_18/part_04.md: leftover mask token(s): 1 (e.g. [[L01..)
[131/969] ok Authors/Bronte/Atomized/Jane_Eyre/Chapter_18/part_05.md | blocks 1389 | 130m | 11 blk/min | 8 links to repair
[132/969] ok Authors/Bronte/Atomized/Jane_Eyre/Chapter_19/part_04.md | blocks 1419 | 131m | 11 blk/min | 2 links to repair
REJECT Authors/Bronte/Atomized/Jane_Eyre/Chapter_19/part_01.md: leftover mask token(s): 1 (e.g. [[L01..)
[134/969] ok Authors/Bronte/Atomized/Jane_Eyre/Chapter_19/part_03.md | blocks 1458 | 132m | 11 blk/min | 15 links to repair
[135/969] ok Authors/Bronte/Atomized/Jane_Eyre/Chapter_19/part_02.md | blocks 1497 | 132m | 11 blk/min | 7 links to repair
REJECT Authors/Bronte/Atomized/Jane_Eyre/Chapter_20/part_01.md: leftover mask token(s): 3 (e.g. [[L02..)
REJECT Authors/Bronte/Atomized/Jane_Eyre/Chapter_20/part_03.md: leftover mask token(s): 3 (e.g. [[L01..)
[138/969] ok Authors/Bronte/Atomized/Jane_Eyre/Chapter_20/part_04.md | blocks 1545 | 136m | 11 blk/min | 12 links to repair
REJECT Authors/Bronte/Atomized/Jane_Eyre/Chapter_20/part_02.md: leftover mask token(s): 1 (e.g. [[L02..)
[140/969] ok Authors/Bronte/Atomized/Jane_Eyre/Chapter_21/part_03.md | blocks 1570 | 139m | 11 blk/min | 11 links to repair
REJECT Authors/Bronte/Atomized/Jane_Eyre/Chapter_21/part_01.md: leftover mask token(s): 1 (e.g. [[L04..)
REJECT Authors/Bronte/Atomized/Jane_Eyre/Chapter_20/part_05.md: leftover mask token(s): 3 (e.g. [[L10..)
[143/969] ok Authors/Bronte/Atomized/Jane_Eyre/Chapter_21/part_02.md | blocks 1644 | 140m | 12 blk/min | 9 links to repair
[144/969] ok Authors/Bronte/Atomized/Jane_Eyre/Chapter_21/part_06.md | blocks 1652 | 142m | 12 blk/min | 12 links to repair
[145/969] ok Authors/Bronte/Atomized/Jane_Eyre/Chapter_21/part_05.md | blocks 1672 | 143m | 12 blk/min | 20 links to repair
[146/969] ok Authors/Bronte/Atomized/Jane_Eyre/Chapter_21/part_04.md | blocks 1689 | 143m | 12 blk/min | 12 links to repair
REJECT Authors/Bronte/Atomized/Jane_Eyre/Chapter_21/part_07.md: leftover mask token(s): 1 (e.g. [[L02..)
REJECT Authors/Bronte/Atomized/Jane_Eyre/Chapter_21/part_08.md: leftover mask token(s): 2 (e.g. [[L01..)
REJECT Authors/Bronte/Atomized/Jane_Eyre/Chapter_22/part_01.md: leftover mask token(s): 3 (e.g. [[L01..)
REJECT Authors/Bronte/Atomized/Jane_Eyre/Chapter_22/part_03.md: leftover mask token(s): 1 (e.g. [[L01..)
[151/969] ok Authors/Bronte/Atomized/Jane_Eyre/Chapter_23/part_01.md | blocks 1709 | 148m | 12 blk/min | 24 links to repair
REJECT Authors/Bronte/Atomized/Jane_Eyre/Chapter_22/part_02.md: leftover mask token(s): 2 (e.g. [[L04..)
REJECT Authors/Bronte/Atomized/Jane_Eyre/Chapter_23/part_02.md: leftover mask token(s): 1 (e.g. [[L03..)
REJECT Authors/Bronte/Atomized/Jane_Eyre/Chapter_23/part_04.md: leftover mask token(s): 1 (e.g. [[L04..)
[155/969] ok Authors/Bronte/Atomized/Jane_Eyre/Chapter_23/part_03.md | blocks 1758 | 152m | 12 blk/min | 11 links to repair
REJECT Authors/Bronte/Atomized/Jane_Eyre/Chapter_24/part_01.md: leftover mask token(s): 1 (e.g. [[L01..)
[157/969] ok Authors/Bronte/Atomized/Jane_Eyre/Chapter_24/part_03.md | blocks 1791 | 153m | 12 blk/min | 12 links to repair
[158/969] ok Authors/Bronte/Atomized/Jane_Eyre/Chapter_24/part_02.md | blocks 1824 | 154m | 12 blk/min | 15 links to repair
[159/969] ok Authors/Bronte/Atomized/Jane_Eyre/Chapter_24/part_07.md | blocks 1833 | 155m | 12 blk/min | 6 links to repair
[160/969] ok Authors/Bronte/Atomized/Jane_Eyre/Chapter_24/part_05.md | blocks 1852 | 155m | 12 blk/min | 7 links to repair
REJECT Authors/Bronte/Atomized/Jane_Eyre/Chapter_24/part_04.md: leftover mask token(s): 5 (e.g. [[L01..)
REJECT Authors/Bronte/Atomized/Jane_Eyre/Chapter_24/part_06.md: leftover mask token(s): 6 (e.g. [[L02..)
REJECT Authors/Bronte/Atomized/Jane_Eyre/Chapter_25/part_02.md: leftover mask token(s): 3 (e.g. [[L02..)
[164/969] ok Authors/Bronte/Atomized/Jane_Eyre/Chapter_25/part_01.md | blocks 1862 | 159m | 12 blk/min | 24 links to repair
REJECT Authors/Bronte/Atomized/Jane_Eyre/Chapter_25/part_04.md: leftover mask token(s): 1 (e.g. [[L01..)
REJECT Authors/Bronte/Atomized/Jane_Eyre/Chapter_25/part_05.md: leftover mask token(s): 2 (e.g. [[L04..)
REJECT Authors/Bronte/Atomized/Jane_Eyre/Chapter_25/part_03.md: leftover mask token(s): 6 (e.g. [[L02..)
REJECT Authors/Bronte/Atomized/Jane_Eyre/Chapter_26/part_01.md: leftover mask token(s): 2 (e.g. [[L01..)
REJECT Authors/Bronte/Atomized/Jane_Eyre/Chapter_26/part_02.md: leftover mask token(s): 1 (e.g. [[L01..)
[170/969] ok Authors/Bronte/Atomized/Jane_Eyre/Chapter_26/part_03.md | blocks 1889 | 163m | 12 blk/min | 11 links to repair
REJECT Authors/Bronte/Atomized/Jane_Eyre/Chapter_26/part_04.md: leftover mask token(s): 2 (e.g. [[L03..)
[172/969] ok Authors/Bronte/Atomized/Jane_Eyre/Chapter_27/part_01.md | blocks 1915 | 167m | 11 blk/min | 14 links to repair
REJECT Authors/Bronte/Atomized/Jane_Eyre/Chapter_27/part_02.md: leftover mask token(s): 1 (e.g. [[L01..)
REJECT Authors/Bronte/Atomized/Jane_Eyre/Chapter_27/part_03.md: leftover mask token(s): 2 (e.g. [[L04..)
REJECT Authors/Bronte/Atomized/Jane_Eyre/Chapter_27/part_04.md: leftover mask token(s): 1 (e.g. [[L02..)
[176/969] ok Authors/Bronte/Atomized/Jane_Eyre/Chapter_27/part_07.md | blocks 1931 | 171m | 11 blk/min | 19 links to repair
[177/969] ok Authors/Bronte/Atomized/Jane_Eyre/Chapter_27/part_06.md | blocks 1946 | 172m | 11 blk/min | 20 links to repair
REJECT Authors/Bronte/Atomized/Jane_Eyre/Chapter_27/part_05.md: leftover mask token(s): 2 (e.g. [[L04..)
REJECT Authors/Bronte/Atomized/Jane_Eyre/Chapter_27/part_08.md: leftover mask token(s): 7 (e.g. [[L01..)
[180/969] ok Authors/Bronte/Atomized/Jane_Eyre/Chapter_28/part_01.md | blocks 1959 | 177m | 11 blk/min | 23 links to repair
REJECT Authors/Bronte/Atomized/Jane_Eyre/Chapter_27/part_09.md: leftover mask token(s): 6 (e.g. [[L01..)
[182/969] ok Authors/Bronte/Atomized/Jane_Eyre/Chapter_28/part_02.md | blocks 1979 | 179m | 11 blk/min | 7 links to repair
REJECT Authors/Bronte/Atomized/Jane_Eyre/Chapter_28/part_03.md: leftover mask token(s): 2 (e.g. [[L03..)
[184/969] ok Authors/Bronte/Atomized/Jane_Eyre/Chapter_28/part_05.md | blocks 2006 | 181m | 11 blk/min | 12 links to repair
REJECT Authors/Bronte/Atomized/Jane_Eyre/Chapter_28/part_04.md: leftover mask token(s): 3 (e.g. [[L01..)
[186/969] ok Authors/Bronte/Atomized/Jane_Eyre/Chapter_29/part_01.md | blocks 2030 | 183m | 11 blk/min | 12 links to repair
REJECT Authors/Bronte/Atomized/Jane_Eyre/Chapter_28/part_06.md: leftover mask token(s): 1 (e.g. [[L02..)
[188/969] ok Authors/Bronte/Atomized/Jane_Eyre/Chapter_29/part_02.md | blocks 2080 | 184m | 11 blk/min | 12 links to repair
[189/969] ok Authors/Bronte/Atomized/Jane_Eyre/Chapter_29/part_03.md | blocks 2109 | 185m | 11 blk/min | 10 links to repair
[190/969] ok Authors/Bronte/Atomized/Jane_Eyre/Chapter_30/part_02.md | blocks 2126 | 187m | 11 blk/min | 7 links to repair
REJECT Authors/Bronte/Atomized/Jane_Eyre/Chapter_29/part_04.md: leftover mask token(s): 1 (e.g. [[L02..)
[192/969] ok Authors/Bronte/Atomized/Jane_Eyre/Chapter_30/part_01.md | blocks 2139 | 187m | 11 blk/min | 6 links to repair
REJECT Authors/Bronte/Atomized/Jane_Eyre/Chapter_30/part_03.md: leftover mask token(s): 3 (e.g. [[L01..)
[194/969] ok Authors/Bronte/Atomized/Jane_Eyre/Chapter_30/part_04.md | blocks 2157 | 189m | 11 blk/min | 1 links to repair
[195/969] ok Authors/Bronte/Atomized/Jane_Eyre/Chapter_31/part_01.md | blocks 2172 | 191m | 11 blk/min | 18 links to repair
[196/969] ok Authors/Bronte/Atomized/Jane_Eyre/Chapter_31/part_02.md | blocks 2186 | 192m | 11 blk/min | 12 links to repair
[197/969] ok Authors/Bronte/Atomized/Jane_Eyre/Chapter_32/part_01.md | blocks 2194 | 193m | 11 blk/min | 21 links to repair
[198/969] ok Authors/Bronte/Atomized/Jane_Eyre/Chapter_31/part_03.md | blocks 2225 | 193m | 12 blk/min | 19 links to repair
REJECT Authors/Bronte/Atomized/Jane_Eyre/Chapter_32/part_03.md: leftover mask token(s): 1 (e.g. [[L01..)
REJECT Authors/Bronte/Atomized/Jane_Eyre/Chapter_32/part_02.md: leftover mask token(s): 1 (e.g. [[L04..)
REJECT Authors/Bronte/Atomized/Jane_Eyre/Chapter_32/part_04.md: leftover mask token(s): 1 (e.g. [[L01..)
[202/969] ok Authors/Bronte/Atomized/Jane_Eyre/Chapter_33/part_02.md | blocks 2258 | 197m | 11 blk/min | 11 links to repair
REJECT Authors/Bronte/Atomized/Jane_Eyre/Chapter_33/part_01.md: leftover mask token(s): 2 (e.g. [[L01..)
[204/969] ok Authors/Bronte/Atomized/Jane_Eyre/Chapter_33/part_03.md | blocks 2303 | 201m | 11 blk/min | 17 links to repair
[205/969] ok Authors/Bronte/Atomized/Jane_Eyre/Chapter_34/part_01.md | blocks 2330 | 201m | 12 blk/min | 22 links to repair
[206/969] ok Authors/Bronte/Atomized/Jane_Eyre/Chapter_33/part_04.md | blocks 2363 | 203m | 12 blk/min | 11 links to repair
[207/969] ok Authors/Bronte/Atomized/Jane_Eyre/Chapter_34/part_02.md | blocks 2376 | 205m | 12 blk/min | 11 links to repair
[208/969] ok Authors/Bronte/Atomized/Jane_Eyre/Chapter_34/part_03.md | blocks 2399 | 205m | 12 blk/min | 7 links to repair
[209/969] ok Authors/Bronte/Atomized/Jane_Eyre/Chapter_34/part_04.md | blocks 2420 | 205m | 12 blk/min | 7 links to repair
REJECT Authors/Bronte/Atomized/Jane_Eyre/Chapter_34/part_05.md: leftover mask token(s): 1 (e.g. [[L02..)
[211/969] ok Authors/Bronte/Atomized/Jane_Eyre/Chapter_34/part_06.md | blocks 2442 | 207m | 12 blk/min | 12 links to repair
[212/969] ok Authors/Bronte/Atomized/Jane_Eyre/Chapter_34/part_07.md | blocks 2463 | 208m | 12 blk/min | 8 links to repair
REJECT Authors/Bronte/Atomized/Jane_Eyre/Chapter_34/part_08.md: leftover mask token(s): 1 (e.g. [[L01..)
REJECT Authors/Bronte/Atomized/Jane_Eyre/Chapter_35/part_01.md: leftover mask token(s): 2 (e.g. [[L05..)
REJECT Authors/Bronte/Atomized/Jane_Eyre/Chapter_35/part_02.md: leftover mask token(s): 2 (e.g. [[L01..)
REJECT Authors/Bronte/Atomized/Jane_Eyre/Chapter_35/part_03.md: leftover mask token(s): 2 (e.g. [[L02..)
REJECT Authors/Bronte/Atomized/Jane_Eyre/Chapter_35/part_04.md: leftover mask token(s): 7 (e.g. [[L01..)
REJECT Authors/Bronte/Atomized/Jane_Eyre/Chapter_36/part_01.md: leftover mask token(s): 2 (e.g. [[L04..)
REJECT Authors/Bronte/Atomized/Jane_Eyre/Chapter_36/part_02.md: leftover mask token(s): 1 (e.g. [[L03..)
REJECT Authors/Bronte/Atomized/Jane_Eyre/Chapter_36/part_04.md: leftover mask token(s): 1 (e.g. [[L02..)
REJECT Authors/Bronte/Atomized/Jane_Eyre/Chapter_36/part_03.md: leftover mask token(s): 1 (e.g. [[L01..)
[222/969] ok Authors/Bronte/Atomized/Jane_Eyre/Chapter_37/part_01.md | blocks 2482 | 219m | 11 blk/min | 13 links to repair
REJECT Authors/Bronte/Atomized/Jane_Eyre/Chapter_37/part_02.md: leftover mask token(s): 3 (e.g. [[L01..)
[224/969] ok Authors/Bronte/Atomized/Jane_Eyre/Chapter_37/part_04.md | blocks 2510 | 219m | 11 blk/min | 8 links to repair
REJECT Authors/Bronte/Atomized/Jane_Eyre/Chapter_37/part_03.md: leftover mask token(s): 1 (e.g. [[L01..)
REJECT Authors/Bronte/Atomized/Jane_Eyre/Chapter_37/part_07.md: leftover mask token(s): 1 (e.g. [[L03..)
REJECT Authors/Bronte/Atomized/Jane_Eyre/Chapter_37/part_06.md: leftover mask token(s): 2 (e.g. [[L01..)
REJECT Authors/Bronte/Atomized/Jane_Eyre/Chapter_37/part_05.md: leftover mask token(s): 2 (e.g. [[L01..)
REJECT Authors/Bronte/Atomized/Shirley/Chapter_01/part_01.md: leftover mask token(s): 2 (e.g. [[L01..)
REJECT Authors/Bronte/Atomized/Shirley/Chapter_01/part_02.md: leftover mask token(s): 1 (e.g. [[L01..)
[231/969] ok Authors/Bronte/Atomized/Shirley/Chapter_01/part_03.md | blocks 2608 | 225m | 12 blk/min | 3 links to repair
REJECT Authors/Bronte/Atomized/Shirley/Chapter_01/part_04.md: leftover mask token(s): 1 (e.g. [[L01..)
[233/969] ok Authors/Bronte/Atomized/Jane_Eyre/Chapter_38_CONCLUSION.md | blocks 2635 | 227m | 12 blk/min | 21 links to repair
[234/969] ok Authors/Bronte/Atomized/Shirley/Chapter_01/part_05.md | blocks 2716 | 227m | 12 blk/min | 4 links to repair
REJECT Authors/Bronte/Atomized/Shirley/Chapter_02/part_01.md: leftover mask token(s): 1 (e.g. [[L01..)
REJECT Authors/Bronte/Atomized/Shirley/Chapter_02/part_02.md: leftover mask token(s): 1 (e.g. [[L01..)
REJECT Authors/Bronte/Atomized/Shirley/Chapter_02/part_03.md: leftover mask token(s): 1 (e.g. [[L02..)
[238/969] ok Authors/Bronte/Atomized/Shirley/Chapter_02/part_04.md | blocks 2802 | 230m | 12 blk/min | 7 links to repair
REJECT Authors/Bronte/Atomized/Shirley/Chapter_02/part_05.md: leftover mask token(s): 1 (e.g. [[L02..)
REJECT Authors/Bronte/Atomized/Shirley/Chapter_02/part_06.md: leftover mask token(s): 2 (e.g. [[L01..)
REJECT Authors/Bronte/Atomized/Shirley/Chapter_03/part_01.md: leftover mask token(s): 2 (e.g. [[L01..)
REJECT Authors/Bronte/Atomized/Shirley/Chapter_03/part_02.md: leftover mask token(s): 1 (e.g. [[L01..)
REJECT Authors/Bronte/Atomized/Shirley/Chapter_03/part_03.md: leftover mask token(s): 2 (e.g. [[L01..)
REJECT Authors/Bronte/Atomized/Shirley/Chapter_04/part_01.md: leftover mask token(s): 3 (e.g. [[L01..)
[245/969] ok Authors/Bronte/Atomized/Shirley/Chapter_04/part_02.md | blocks 2890 | 236m | 12 blk/min | 3 links to repair
[246/969] ok Authors/Bronte/Atomized/Shirley/Chapter_04/part_03.md | blocks 2978 | 236m | 13 blk/min | 5 links to repair
[247/969] ok Authors/Bronte/Atomized/Shirley/Chapter_05/part_01.md | blocks 3071 | 238m | 13 blk/min | 6 links to repair
REJECT Authors/Bronte/Atomized/Shirley/Chapter_04/part_04.md: leftover mask token(s): 1 (e.g. [[L02..)
[249/969] ok Authors/Bronte/Atomized/Shirley/Chapter_05/part_03.md | blocks 3162 | 239m | 13 blk/min | 2 links to repair
REJECT Authors/Bronte/Atomized/Shirley/Chapter_05/part_02.md: leftover mask token(s): 3 (e.g. [[L02..)
REJECT Authors/Bronte/Atomized/Shirley/Chapter_05/part_04.md: leftover mask token(s): 1 (e.g. [[L01..)
REJECT Authors/Bronte/Atomized/Shirley/Chapter_05/part_06.md: leftover mask token(s): 2 (e.g. [[L01..)
REJECT Authors/Bronte/Atomized/Shirley/Chapter_05/part_05.md: leftover mask token(s): 2 (e.g. [[L01..)
REJECT Authors/Bronte/Atomized/Shirley/Chapter_06/part_01.md: leftover mask token(s): 1 (e.g. [[L01..)
[255/969] ok Authors/Bronte/Atomized/Shirley/Chapter_06/part_02.md | blocks 3252 | 244m | 13 blk/min | 4 links to repair
REJECT Authors/Bronte/Atomized/Shirley/Chapter_06/part_03.md: leftover mask token(s): 1 (e.g. [[L01..)
[257/969] ok Authors/Bronte/Atomized/Shirley/Chapter_06/part_05.md | blocks 3346 | 245m | 14 blk/min | 3 links to repair
REJECT Authors/Bronte/Atomized/Shirley/Chapter_06/part_04.md: leftover mask token(s): 1 (e.g. [[L01..)
[259/969] ok Authors/Bronte/Atomized/Shirley/Chapter_06/part_06.md | blocks 3442 | 246m | 14 blk/min | 4 links to repair
REJECT Authors/Bronte/Atomized/Shirley/Chapter_07/part_01.md: leftover mask token(s): 3 (e.g. [[L02..)
REJECT Authors/Bronte/Atomized/Shirley/Chapter_07/part_02.md: leftover mask token(s): 1 (e.g. [[L01..)
REJECT Authors/Bronte/Atomized/Shirley/Chapter_06/part_07.md: leftover mask token(s): 3 (e.g. [[L01..)
REJECT Authors/Bronte/Atomized/Shirley/Chapter_07/part_03.md: leftover mask token(s): 1 (e.g. [[L01..)
REJECT Authors/Bronte/Atomized/Shirley/Chapter_07/part_04.md: leftover mask token(s): 3 (e.g. [[L01..)
REJECT Authors/Bronte/Atomized/Shirley/Chapter_07/part_06.md: leftover mask token(s): 1 (e.g. [[L01..)
REJECT Authors/Bronte/Atomized/Shirley/Chapter_07/part_05.md: leftover mask token(s): 2 (e.g. [[L01..)
REJECT Authors/Bronte/Atomized/Shirley/Chapter_07/part_07.md: leftover mask token(s): 1 (e.g. [[L01..)
REJECT Authors/Bronte/Atomized/Shirley/Chapter_07/part_08.md: leftover mask token(s): 1 (e.g. [[L02..)
[269/969] ok Authors/Bronte/Atomized/Shirley/Chapter_07/part_09.md | blocks 3532 | 253m | 14 blk/min | 6 links to repair
REJECT Authors/Bronte/Atomized/Shirley/Chapter_07/part_10.md: leftover mask token(s): 2 (e.g. [[L01..)
REJECT Authors/Bronte/Atomized/Shirley/Chapter_08/part_01.md: leftover mask token(s): 2 (e.g. [[L01..)
[272/969] ok Authors/Bronte/Atomized/Shirley/Chapter_08/part_04.md | blocks 3621 | 256m | 14 blk/min | 8 links to repair
REJECT Authors/Bronte/Atomized/Shirley/Chapter_08/part_03.md: leftover mask token(s): 1 (e.g. [[L01..)
REJECT Authors/Bronte/Atomized/Shirley/Chapter_08/part_02.md: leftover mask token(s): 4 (e.g. [[L02..)
[275/969] ok Authors/Bronte/Atomized/Shirley/Chapter_08/part_05.md | blocks 3711 | 258m | 14 blk/min | 7 links to repair
[276/969] ok Authors/Bronte/Atomized/Shirley/Chapter_08/part_06.md | blocks 3789 | 258m | 15 blk/min | 3 links to repair
[277/969] ok Authors/Bronte/Atomized/Shirley/Chapter_09/part_01.md | blocks 3889 | 259m | 15 blk/min | 8 links to repair
REJECT Authors/Bronte/Atomized/Shirley/Chapter_09/part_02.md: leftover mask token(s): 1 (e.g. [[L01..)
REJECT Authors/Bronte/Atomized/Shirley/Chapter_09/part_03.md: leftover mask token(s): 1 (e.g. [[L01..)
REJECT Authors/Bronte/Atomized/Shirley/Chapter_09/part_04.md: leftover mask token(s): 1 (e.g. [[L01..)
[281/969] ok Authors/Bronte/Atomized/Shirley/Chapter_09/part_05.md | blocks 3983 | 262m | 15 blk/min | 4 links to repair
[282/969] ok Authors/Bronte/Atomized/Shirley/Chapter_09/part_06.md | blocks 4079 | 262m | 16 blk/min | 5 links to repair
REJECT Authors/Bronte/Atomized/Shirley/Chapter_09/part_07.md: leftover mask token(s): 1 (e.g. [[L01..)
REJECT Authors/Bronte/Atomized/Shirley/Chapter_09/part_08.md: leftover mask token(s): 1 (e.g. [[L01..)
REJECT Authors/Bronte/Atomized/Shirley/Chapter_10/part_01.md: leftover mask token(s): 2 (e.g. [[L01..)
REJECT Authors/Bronte/Atomized/Shirley/Chapter_10/part_02.md: leftover mask token(s): 1 (e.g. [[L01..)
[287/969] ok Authors/Bronte/Atomized/Shirley/Chapter_10/part_03.md | blocks 4166 | 266m | 16 blk/min | 11 links to repair
REJECT Authors/Bronte/Atomized/Shirley/Chapter_10/part_04.md: leftover mask token(s): 1 (e.g. [[L01..)
REJECT Authors/Bronte/Atomized/Shirley/Chapter_10/part_05.md: leftover mask token(s): 3 (e.g. [[L01..)
[290/969] ok Authors/Bronte/Atomized/Shirley/Chapter_10/part_06.md | blocks 4255 | 268m | 16 blk/min | 7 links to repair
REJECT Authors/Bronte/Atomized/Shirley/Chapter_10/part_07.md: leftover mask token(s): 1 (e.g. [[L01..)
REJECT Authors/Bronte/Atomized/Shirley/Chapter_11/part_01.md: leftover mask token(s): 2 (e.g. [[L01..)
REJECT Authors/Bronte/Atomized/Shirley/Chapter_11/part_02.md: leftover mask token(s): 4 (e.g. [[L01..)
[294/969] ok Authors/Bronte/Atomized/Shirley/Chapter_11/part_03.md | blocks 4353 | 271m | 16 blk/min | 6 links to repair
REJECT Authors/Bronte/Atomized/Shirley/Chapter_11/part_04.md: leftover mask token(s): 2 (e.g. [[L01..)
REJECT Authors/Bronte/Atomized/Shirley/Chapter_11/part_05.md: leftover mask token(s): 3 (e.g. [[L01..)
REJECT Authors/Bronte/Atomized/Shirley/Chapter_12/part_01.md: leftover mask token(s): 2 (e.g. [[L01..)
REJECT Authors/Bronte/Atomized/Shirley/Chapter_11/part_06.md: leftover mask token(s): 2 (e.g. [[L01..)
REJECT Authors/Bronte/Atomized/Shirley/Chapter_12/part_02.md: leftover mask token(s): 1 (e.g. [[L01..)
REJECT Authors/Bronte/Atomized/Shirley/Chapter_12/part_03.md: leftover mask token(s): 6 (e.g. [[L01..)
REJECT Authors/Bronte/Atomized/Shirley/Chapter_12/part_04.md: leftover mask token(s): 1 (e.g. [[L03..)
REJECT Authors/Bronte/Atomized/Shirley/Chapter_12/part_05.md: leftover mask token(s): 4 (e.g. [[L01..)
[303/969] ok Authors/Bronte/Atomized/Shirley/Chapter_12/part_06.md | blocks 4445 | 278m | 16 blk/min | 6 links to repair
REJECT Authors/Bronte/Atomized/Shirley/Chapter_12/part_08.md: leftover mask token(s): 3 (e.g. [[L01..)
REJECT Authors/Bronte/Atomized/Shirley/Chapter_12/part_07.md: leftover mask token(s): 2 (e.g. [[L01..)
REJECT Authors/Bronte/Atomized/Shirley/Chapter_13/part_01.md: leftover mask token(s): 1 (e.g. [[L02..)
REJECT Authors/Bronte/Atomized/Shirley/Chapter_13/part_02.md: leftover mask token(s): 1 (e.g. [[L01..)
REJECT Authors/Bronte/Atomized/Shirley/Chapter_13/part_03.md: leftover mask token(s): 3 (e.g. [[L01..)
REJECT Authors/Bronte/Atomized/Shirley/Chapter_13/part_04.md: leftover mask token(s): 3 (e.g. [[L01..)
[310/969] ok Authors/Bronte/Atomized/Shirley/Chapter_13/part_05.md | blocks 4537 | 283m | 16 blk/min | 7 links to repair
REJECT Authors/Bronte/Atomized/Shirley/Chapter_13/part_06.md: leftover mask token(s): 2 (e.g. [[L01..)
REJECT Authors/Bronte/Atomized/Shirley/Chapter_13/part_07.md: leftover mask token(s): 3 (e.g. [[L01..)
REJECT Authors/Bronte/Atomized/Shirley/Chapter_13/part_08.md: leftover mask token(s): 1 (e.g. [[L01..)
REJECT Authors/Bronte/Atomized/Shirley/Chapter_13/part_10.md: leftover mask token(s): 3 (e.g. [[L02..)
REJECT Authors/Bronte/Atomized/Shirley/Chapter_13/part_09.md: leftover mask token(s): 3 (e.g. [[L01..)
REJECT Authors/Bronte/Atomized/Shirley/Chapter_14/part_01.md: leftover mask token(s): 3 (e.g. [[L01..)
REJECT Authors/Bronte/Atomized/Shirley/Chapter_14/part_02.md: leftover mask token(s): 5 (e.g. [[L01..)
REJECT Authors/Bronte/Atomized/Shirley/Chapter_14/part_03.md: leftover mask token(s): 4 (e.g. [[L01..)
REJECT Authors/Bronte/Atomized/Shirley/Chapter_14/part_04.md: leftover mask token(s): 4 (e.g. [[L01..)
REJECT Authors/Bronte/Atomized/Shirley/Chapter_14/part_05.md: leftover mask token(s): 1 (e.g. [[L01..)
REJECT Authors/Bronte/Atomized/Shirley/Chapter_15/part_01.md: leftover mask token(s): 3 (e.g. [[L01..)
[322/969] ok Authors/Bronte/Atomized/Shirley/Chapter_15/part_02.md | blocks 4625 | 290m | 16 blk/min | 8 links to repair
[323/969] ok Authors/Bronte/Atomized/Shirley/Chapter_15/part_03.md | blocks 4716 | 291m | 16 blk/min | 9 links to repair
REJECT Authors/Bronte/Atomized/Shirley/Chapter_15/part_04.md: leftover mask token(s): 1 (e.g. [[L01..)
REJECT Authors/Bronte/Atomized/Shirley/Chapter_16/part_01.md: leftover mask token(s): 1 (e.g. [[L02..)
REJECT Authors/Bronte/Atomized/Shirley/Chapter_15/part_05.md: leftover mask token(s): 2 (e.g. [[L01..)
[327/969] ok Authors/Bronte/Atomized/Shirley/Chapter_16/part_02.md | blocks 4804 | 294m | 16 blk/min | 4 links to repair
REJECT Authors/Bronte/Atomized/Shirley/Chapter_16/part_03.md: leftover mask token(s): 2 (e.g. [[L01..)
REJECT Authors/Bronte/Atomized/Shirley/Chapter_17/part_01.md: leftover mask token(s): 4 (e.g. [[L01..)
[330/969] ok Authors/Bronte/Atomized/Shirley/Chapter_17/part_02.md | blocks 4891 | 296m | 16 blk/min | 8 links to repair
REJECT Authors/Bronte/Atomized/Shirley/Chapter_16/part_04.md: leftover mask token(s): 3 (e.g. [[L01..)
[332/969] ok Authors/Bronte/Atomized/Shirley/Chapter_17/part_03.md | blocks 4978 | 298m | 17 blk/min | 5 links to repair
REJECT Authors/Bronte/Atomized/Shirley/Chapter_17/part_04.md: leftover mask token(s): 1 (e.g. [[L01..)
REJECT Authors/Bronte/Atomized/Shirley/Chapter_17/part_06.md: leftover mask token(s): 2 (e.g. [[L01..)
REJECT Authors/Bronte/Atomized/Shirley/Chapter_17/part_05.md: leftover mask token(s): 1 (e.g. [[L01..)
REJECT Authors/Bronte/Atomized/Shirley/Chapter_18/part_01.md: leftover mask token(s): 4 (e.g. [[L01..)
REJECT Authors/Bronte/Atomized/Shirley/Chapter_18/part_02.md: leftover mask token(s): 3 (e.g. [[L01..)
[338/969] ok Authors/Bronte/Atomized/Shirley/Chapter_18/part_03.md | blocks 5072 | 302m | 17 blk/min | 11 links to repair
REJECT Authors/Bronte/Atomized/Shirley/Chapter_18/part_04.md: leftover mask token(s): 1 (e.g. [[L02..)
REJECT Authors/Bronte/Atomized/Shirley/Chapter_19/part_01.md: leftover mask token(s): 5 (e.g. [[L02..)
[341/969] ok Authors/Bronte/Atomized/Shirley/Chapter_19/part_02.md | blocks 5171 | 305m | 17 blk/min | 11 links to repair
REJECT Authors/Bronte/Atomized/Shirley/Chapter_19/part_03.md: leftover mask token(s): 5 (e.g. [[L01..)
REJECT Authors/Bronte/Atomized/Shirley/Chapter_19/part_04.md: leftover mask token(s): 5 (e.g. [[L01..)
[344/969] ok Authors/Bronte/Atomized/Shirley/Chapter_19/part_05.md | blocks 5263 | 308m | 17 blk/min | 10 links to repair
REJECT Authors/Bronte/Atomized/Shirley/Chapter_19/part_06.md: leftover mask token(s): 3 (e.g. [[L02..)
FAIL Authors/Bronte/Atomized/Shirley/Chapter_20/part_03.md: fabricated output: 71 chars EN -> 229 chars IT
REJECT Authors/Bronte/Atomized/Shirley/Chapter_20/part_01.md: leftover mask token(s): 2 (e.g. [[L01..)
REJECT Authors/Bronte/Atomized/Shirley/Chapter_20/part_02.md: leftover mask token(s): 3 (e.g. [[L01..)
REJECT Authors/Bronte/Atomized/Shirley/Chapter_20/part_05.md: leftover mask token(s): 1 (e.g. [[L01..)
[350/969] ok Authors/Bronte/Atomized/Shirley/Chapter_20/part_04.md | blocks 5355 | 310m | 17 blk/min | 9 links to repair
REJECT Authors/Bronte/Atomized/Shirley/Chapter_21/part_01.md: leftover mask token(s): 1 (e.g. [[L01..)
REJECT Authors/Bronte/Atomized/Shirley/Chapter_21/part_02.md: leftover mask token(s): 2 (e.g. [[L01..)
REJECT Authors/Bronte/Atomized/Shirley/Chapter_21/part_03.md: leftover mask token(s): 2 (e.g. [[L01..)
[354/969] ok Authors/Bronte/Atomized/Shirley/Chapter_21/part_04.md | blocks 5443 | 313m | 17 blk/min | 7 links to repair
REJECT Authors/Bronte/Atomized/Shirley/Chapter_21/part_05.md: leftover mask token(s): 2 (e.g. [[L01..)
REJECT Authors/Bronte/Atomized/Shirley/Chapter_21/part_06.md: leftover mask token(s): 2 (e.g. [[L01..)
REJECT Authors/Bronte/Atomized/Shirley/Chapter_21/part_07.md: leftover mask token(s): 1 (e.g. [[L01..)
REJECT Authors/Bronte/Atomized/Shirley/Chapter_22/part_01.md: leftover mask token(s): 1 (e.g. [[L02..)
[359/969] ok Authors/Bronte/Atomized/Shirley/Chapter_22/part_02.md | blocks 5530 | 317m | 17 blk/min | 5 links to repair
[360/969] ok Authors/Bronte/Atomized/Shirley/Chapter_22/part_04.md | blocks 5608 | 318m | 18 blk/min | 8 links to repair
REJECT Authors/Bronte/Atomized/Shirley/Chapter_22/part_03.md: leftover mask token(s): 4 (e.g. [[L02..)
REJECT Authors/Bronte/Atomized/Shirley/Chapter_23/part_01.md: leftover mask token(s): 1 (e.g. [[L02..)
[363/969] ok Authors/Bronte/Atomized/Shirley/Chapter_23/part_02.md | blocks 5702 | 320m | 18 blk/min | 5 links to repair
[364/969] ok Authors/Bronte/Atomized/Shirley/Chapter_23/part_03.md | blocks 5803 | 321m | 18 blk/min | 9 links to repair
REJECT Authors/Bronte/Atomized/Shirley/Chapter_23/part_04.md: leftover mask token(s): 3 (e.g. [[L01..)
REJECT Authors/Bronte/Atomized/Shirley/Chapter_23/part_05.md: leftover mask token(s): 2 (e.g. [[L01..)
[367/969] ok Authors/Bronte/Atomized/Shirley/Chapter_23/part_06.md | blocks 5896 | 323m | 18 blk/min | 8 links to repair
REJECT Authors/Bronte/Atomized/Shirley/Chapter_24/part_01.md: leftover mask token(s): 1 (e.g. [[L01..)
REJECT Authors/Bronte/Atomized/Shirley/Chapter_23/part_07.md: leftover mask token(s): 2 (e.g. [[L01..)
[370/969] ok Authors/Bronte/Atomized/Shirley/Chapter_24/part_02.md | blocks 5984 | 325m | 18 blk/min | 9 links to repair
REJECT Authors/Bronte/Atomized/Shirley/Chapter_24/part_03.md: leftover mask token(s): 5 (e.g. [[L01..)
REJECT Authors/Bronte/Atomized/Shirley/Chapter_24/part_04.md: leftover mask token(s): 1 (e.g. [[L01..)
REJECT Authors/Bronte/Atomized/Shirley/Chapter_24/part_05.md: invented wikilink targets: ['L01)dolore per te sapere che.\n\nIl cuore è la fonte da cui ha origine il tuo sentimento; quello che è scaturito dalle mie vene…\n\n“La marea che scorre dentro di te; tu sei mia… mia figlia… mia.”\n\nIl proprio [[Child']; leftover mask token(s): 5 (e.g. [[L01..)
REJECT Authors/Bronte/Atomized/Shirley/Chapter_24/part_06.md: leftover mask token(s): 1 (e.g. [[L03..)
[375/969] ok Authors/Bronte/Atomized/Shirley/Chapter_24/part_07.md | blocks 6080 | 329m | 18 blk/min | 4 links to repair
REJECT Authors/Bronte/Atomized/Shirley/Chapter_25/part_01.md: leftover mask token(s): 3 (e.g. [[L01..)
REJECT Authors/Bronte/Atomized/Shirley/Chapter_25/part_02.md: leftover mask token(s): 1 (e.g. [[L02..)
REJECT Authors/Bronte/Atomized/Shirley/Chapter_25/part_03.md: leftover mask token(s): 1 (e.g. [[L02..)
REJECT Authors/Bronte/Atomized/Shirley/Chapter_26/part_01.md: leftover mask token(s): 2 (e.g. [[L01..)
REJECT Authors/Bronte/Atomized/Shirley/Chapter_26/part_02.md: leftover mask token(s): 1 (e.g. [[L01..)
REJECT Authors/Bronte/Atomized/Shirley/Chapter_26/part_04.md: leftover mask token(s): 1 (e.g. [[L02..)
REJECT Authors/Bronte/Atomized/Shirley/Chapter_26/part_03.md: leftover mask token(s): 4 (e.g. [[L01..)
REJECT Authors/Bronte/Atomized/Shirley/Chapter_26/part_05.md: leftover mask token(s): 2 (e.g. [[L02..)
[384/969] ok Authors/Bronte/Atomized/Shirley/Chapter_26/part_07.md | blocks 6127 | 335m | 18 blk/min | 4 links to repair
REJECT Authors/Bronte/Atomized/Shirley/Chapter_26/part_06.md: leftover mask token(s): 2 (e.g. [[L01..)
REJECT Authors/Bronte/Atomized/Shirley/Chapter_27/part_01.md: leftover mask token(s): 2 (e.g. [[L01..)
[387/969] ok Authors/Bronte/Atomized/Shirley/Chapter_27/part_02.md | blocks 6217 | 338m | 18 blk/min | 4 links to repair
REJECT Authors/Bronte/Atomized/Shirley/Chapter_27/part_03.md: leftover mask token(s): 2 (e.g. [[L01..)
REJECT Authors/Bronte/Atomized/Shirley/Chapter_27/part_04.md: leftover mask token(s): 2 (e.g. [[L01..)
REJECT Authors/Bronte/Atomized/Shirley/Chapter_27/part_05.md: leftover mask token(s): 1 (e.g. [[L02..)
REJECT Authors/Bronte/Atomized/Shirley/Chapter_27/part_06.md: leftover mask token(s): 1 (e.g. [[L01..)
REJECT Authors/Bronte/Atomized/Shirley/Chapter_27/part_07.md: leftover mask token(s): 2 (e.g. [[L01..)
REJECT Authors/Bronte/Atomized/Shirley/Chapter_27/part_08.md: leftover mask token(s): 1 (e.g. [[L01..)
REJECT Authors/Bronte/Atomized/Shirley/Chapter_28/part_01.md: leftover mask token(s): 3 (e.g. [[L02..)
REJECT Authors/Bronte/Atomized/Shirley/Chapter_28/part_02.md: leftover mask token(s): 1 (e.g. [[L01..)
REJECT Authors/Bronte/Atomized/Shirley/Chapter_28/part_03.md: leftover mask token(s): 1 (e.g. [[L01..)
REJECT Authors/Bronte/Atomized/Shirley/Chapter_28/part_04.md: leftover mask token(s): 3 (e.g. [[L01..)
REJECT Authors/Bronte/Atomized/Shirley/Chapter_28/part_05.md: leftover mask token(s): 1 (e.g. [[L01..)
REJECT Authors/Bronte/Atomized/Shirley/Chapter_28/part_06.md: leftover mask token(s): 3 (e.g. [[L01..)
REJECT Authors/Bronte/Atomized/Shirley/Chapter_28/part_07.md: leftover mask token(s): 2 (e.g. [[L01..)
REJECT Authors/Bronte/Atomized/Shirley/Chapter_29/part_02.md: leftover mask token(s): 3 (e.g. [[L01..)
REJECT Authors/Bronte/Atomized/Shirley/Chapter_29/part_01.md: leftover mask token(s): 2 (e.g. [[L02..)
REJECT Authors/Bronte/Atomized/Shirley/Chapter_29/part_03.md: leftover mask token(s): 2 (e.g. [[L02..)
[404/969] ok Authors/Bronte/Atomized/Shirley/Chapter_30/part_01.md | blocks 6309 | 350m | 18 blk/min | 8 links to repair
REJECT Authors/Bronte/Atomized/Shirley/Chapter_30/part_02.md: leftover mask token(s): 4 (e.g. [[L01..)
REJECT Authors/Bronte/Atomized/Shirley/Chapter_30/part_03.md: leftover mask token(s): 2 (e.g. [[L02..)
REJECT Authors/Bronte/Atomized/Shirley/Chapter_30/part_05.md: leftover mask token(s): 2 (e.g. [[L01..)
REJECT Authors/Bronte/Atomized/Shirley/Chapter_30/part_04.md: leftover mask token(s): 6 (e.g. [[L01..)
REJECT Authors/Bronte/Atomized/Shirley/Chapter_30/part_06.md: leftover mask token(s): 1 (e.g. [[L01..)
REJECT Authors/Bronte/Atomized/Shirley/Chapter_31/part_01.md: leftover mask token(s): 1 (e.g. [[L01..)
[411/969] ok Authors/Bronte/Atomized/Shirley/Chapter_31/part_02.md | blocks 6418 | 355m | 18 blk/min | 4 links to repair
REJECT Authors/Bronte/Atomized/Shirley/Chapter_31/part_03.md: leftover mask token(s): 1 (e.g. [[L01..)
[413/969] ok Authors/Bronte/Atomized/Shirley/Chapter_31/part_04.md | blocks 6536 | 356m | 18 blk/min | 6 links to repair
[414/969] ok Authors/Bronte/Atomized/Shirley/Chapter_32/part_01.md | blocks 6625 | 358m | 19 blk/min | 5 links to repair
REJECT Authors/Bronte/Atomized/Shirley/Chapter_32/part_02.md: leftover mask token(s): 3 (e.g. [[L01..)
REJECT Authors/Bronte/Atomized/Shirley/Chapter_32/part_03.md: leftover mask token(s): 1 (e.g. [[L02..)
REJECT Authors/Bronte/Atomized/Shirley/Chapter_31/part_05.md: leftover mask token(s): 1 (e.g. [[L02..)
[418/969] ok Authors/Bronte/Atomized/Shirley/Chapter_33/part_01.md | blocks 6718 | 361m | 19 blk/min | 8 links to repair
REJECT Authors/Bronte/Atomized/Shirley/Chapter_33/part_02.md: leftover mask token(s): 2 (e.g. [[L01..)
REJECT Authors/Bronte/Atomized/Shirley/Chapter_32/part_04.md: leftover mask token(s): 2 (e.g. [[L01..)
REJECT Authors/Bronte/Atomized/Shirley/Chapter_33/part_03.md: leftover mask token(s): 6 (e.g. [[L01..)
[422/969] ok Authors/Bronte/Atomized/Shirley/Chapter_33/part_04.md | blocks 6786 | 363m | 19 blk/min
REJECT Authors/Bronte/Atomized/Shirley/Chapter_34/part_03.md: leftover mask token(s): 3 (e.g. [[L01..)
REJECT Authors/Bronte/Atomized/Shirley/Chapter_34/part_01.md: leftover mask token(s): 1 (e.g. [[L01..)
[425/969] ok Authors/Bronte/Atomized/Shirley/Chapter_34/part_02.md | blocks 6882 | 365m | 19 blk/min | 4 links to repair
REJECT Authors/Bronte/Atomized/Shirley/Chapter_35/part_01.md: leftover mask token(s): 1 (e.g. [[L01..)
REJECT Authors/Bronte/Atomized/Shirley/Chapter_35/part_02.md: leftover mask token(s): 3 (e.g. [[L02..)
REJECT Authors/Bronte/Atomized/Shirley/Chapter_35/part_03.md: leftover mask token(s): 3 (e.g. [[L01..)
REJECT Authors/Bronte/Atomized/Shirley/Chapter_35/part_04.md: leftover mask token(s): 3 (e.g. [[L01..)
REJECT Authors/Bronte/Atomized/Shirley/Chapter_36/part_01.md: leftover mask token(s): 3 (e.g. [[L01..)
[431/969] ok Authors/Bronte/Atomized/Shirley/Chapter_36/part_02.md | blocks 6971 | 370m | 19 blk/min | 12 links to repair
REJECT Authors/Bronte/Atomized/Shirley/Chapter_36/part_03.md: leftover mask token(s): 2 (e.g. [[L01..)
REJECT Authors/Bronte/Atomized/Shirley/Chapter_36/part_05.md: leftover mask token(s): 4 (e.g. [[L01..)
REJECT Authors/Bronte/Atomized/Shirley/Chapter_36/part_04.md: leftover mask token(s): 1 (e.g. [[L01..)
REJECT Authors/Bronte/Atomized/Shirley/Chapter_36/part_06.md: leftover mask token(s): 1 (e.g. [[L01..)
REJECT Authors/Bronte/Atomized/Shirley/Chapter_36/part_07.md: leftover mask token(s): 1 (e.g. [[L01..)
REJECT Authors/Bronte/Atomized/Shirley/Chapter_36/part_08.md: leftover mask token(s): 5 (e.g. [[L01..)
[438/969] ok Authors/Bronte/Atomized/Shirley/Chapter_37/part_01.md | blocks 7063 | 375m | 19 blk/min | 2 links to repair
REJECT Authors/Bronte/Atomized/Shirley/Chapter_37/part_02.md: leftover mask token(s): 2 (e.g. [[L01..)
REJECT Authors/Bronte/Atomized/Shirley/Chapter_37/part_03.md: leftover mask token(s): 1 (e.g. [[L01..)
REJECT Authors/Bronte/Atomized/Shirley/Chapter_37/part_04.md: leftover mask token(s): 2 (e.g. [[L01..)
[442/969] ok Authors/Bronte/Atomized/Shirley/Chapter_37/part_05.md | blocks 7155 | 378m | 19 blk/min | 9 links to repair
[443/969] ok Authors/Bronte/Atomized/The_Professor/Chapter_01.md | blocks 7209 | 378m | 19 blk/min | 1 links to repair
REJECT Authors/Bronte/Atomized/Shirley/Chapter_37/part_06.md: leftover mask token(s): 3 (e.g. [[L01..)
REJECT Authors/Bronte/Atomized/The_Professor/Chapter_02_INTRODUCTORY/part_01.md: leftover mask token(s): 1 (e.g. [[L01..)
REJECT Authors/Bronte/Atomized/The_Professor/Chapter_02_INTRODUCTORY/part_02.md: leftover mask token(s): 2 (e.g. [[L01..)
REJECT Authors/Bronte/Atomized/Shirley/Chapter_37/part_07.md: leftover mask token(s): 3 (e.g. [[L01..)
REJECT Authors/Bronte/Atomized/The_Professor/Chapter_02_INTRODUCTORY/part_03.md: leftover mask token(s): 1 (e.g. [[L01..)
REJECT Authors/Bronte/Atomized/The_Professor/Chapter_03/part_01.md: leftover mask token(s): 2 (e.g. [[L01..)
REJECT Authors/Bronte/Atomized/The_Professor/Chapter_04/part_01.md: leftover mask token(s): 2 (e.g. [[L01..)
REJECT Authors/Bronte/Atomized/The_Professor/Chapter_03/part_02.md: leftover mask token(s): 2 (e.g. [[L01..)
REJECT Authors/Bronte/Atomized/The_Professor/Chapter_04/part_02.md: leftover mask token(s): 2 (e.g. [[L01..)
[453/969] ok Authors/Bronte/Atomized/The_Professor/Chapter_04/part_03.md | blocks 7245 | 385m | 19 blk/min | 4 links to repair
[454/969] ok Authors/Bronte/Atomized/The_Professor/Chapter_05/part_01.md | blocks 7336 | 387m | 19 blk/min | 9 links to repair
REJECT Authors/Bronte/Atomized/The_Professor/Chapter_05/part_02.md: leftover mask token(s): 1 (e.g. [[L01..)
REJECT Authors/Bronte/Atomized/The_Professor/Chapter_06/part_01.md: leftover mask token(s): 3 (e.g. [[L01..)
REJECT Authors/Bronte/Atomized/The_Professor/Chapter_05/part_03.md: leftover mask token(s): 1 (e.g. [[L01..)
[458/969] ok Authors/Bronte/Atomized/The_Professor/Chapter_07/part_03.md | blocks 7385 | 389m | 19 blk/min | 4 links to repair
[459/969] ok Authors/Bronte/Atomized/The_Professor/Chapter_07/part_01.md | blocks 7478 | 390m | 19 blk/min | 4 links to repair
REJECT Authors/Bronte/Atomized/The_Professor/Chapter_06/part_02.md: leftover mask token(s): 2 (e.g. [[L02..)
REJECT Authors/Bronte/Atomized/The_Professor/Chapter_07/part_02.md: leftover mask token(s): 1 (e.g. [[L01..)
REJECT Authors/Bronte/Atomized/The_Professor/Chapter_08/part_01.md: leftover mask token(s): 1 (e.g. [[L01..)
REJECT Authors/Bronte/Atomized/The_Professor/Chapter_08/part_02.md: invented wikilink targets: ["L01>Bene»—ho trovato la rosa. I viaggiatori parlano di questi appartamenti.\n\n“Le abitazioni straniere sono spoglie e scomode… Pensavo che la mia stanza…”\n\nSembrava maestosa e allegra… Aveva finestre così grandi… Finestre ad arco.\n\n“Aperte come porte, con vetri così ampi e trasparenti… davvero imponenti.”\n\nSul mio comodino c'era uno specchio, un bellissimo [[Mirror"]; leftover mask token(s): 2 (e.g. [[L01..)
REJECT Authors/Bronte/Atomized/The_Professor/Chapter_08/part_03.md: leftover mask token(s): 1 (e.g. [[L01..)
REJECT Authors/Bronte/Atomized/The_Professor/Chapter_08/part_04.md: leftover mask token(s): 1 (e.g. [[L01..)
REJECT Authors/Bronte/Atomized/The_Professor/Chapter_08/part_05.md: leftover mask token(s): 3 (e.g. [[L01..)
[467/969] ok Authors/Bronte/Atomized/The_Professor/Chapter_09/part_03.md | blocks 7522 | 395m | 19 blk/min | 2 links to repair
REJECT Authors/Bronte/Atomized/The_Professor/Chapter_09/part_01.md: leftover mask token(s): 1 (e.g. [[L01..)
REJECT Authors/Bronte/Atomized/The_Professor/Chapter_09/part_02.md: leftover mask token(s): 1 (e.g. [[L01..)
REJECT Authors/Bronte/Atomized/The_Professor/Chapter_11/part_01.md: leftover mask token(s): 2 (e.g. [[L01..)
[471/969] ok Authors/Bronte/Atomized/The_Professor/Chapter_11/part_02.md | blocks 7616 | 399m | 19 blk/min | 9 links to repair
[472/969] ok Authors/Bronte/Atomized/The_Professor/Chapter_10.md | blocks 7751 | 399m | 19 blk/min | 11 links to repair
[473/969] ok Authors/Bronte/Atomized/The_Professor/Chapter_11/part_03.md | blocks 7849 | 400m | 20 blk/min | 1 links to repair
[474/969] ok Authors/Bronte/Atomized/The_Professor/Chapter_13/part_01.md | blocks 7936 | 402m | 20 blk/min | 2 links to repair
[475/969] ok Authors/Bronte/Atomized/The_Professor/Chapter_13/part_02.md | blocks 8022 | 402m | 20 blk/min | 4 links to repair
[476/969] ok Authors/Bronte/Atomized/The_Professor/Chapter_13/part_03.md | blocks 8109 | 403m | 20 blk/min | 7 links to repair
REJECT Authors/Bronte/Atomized/The_Professor/Chapter_12.md: leftover mask token(s): 1 (e.g. [[L01..)
REJECT Authors/Bronte/Atomized/The_Professor/Chapter_13/part_04.md: leftover mask token(s): 1 (e.g. [[L01..)
REJECT Authors/Bronte/Atomized/The_Professor/Chapter_14/part_01.md: leftover mask token(s): 2 (e.g. [[L01..)
REJECT Authors/Bronte/Atomized/The_Professor/Chapter_13/part_05.md: leftover mask token(s): 3 (e.g. [[L01..)
[481/969] ok Authors/Bronte/Atomized/The_Professor/Chapter_14/part_02.md | blocks 8212 | 407m | 20 blk/min | 7 links to repair
REJECT Authors/Bronte/Atomized/The_Professor/Chapter_15/part_01.md: leftover mask token(s): 1 (e.g. [[L01..)
REJECT Authors/Bronte/Atomized/The_Professor/Chapter_15/part_02.md: leftover mask token(s): 1 (e.g. [[L01..)
REJECT Authors/Bronte/Atomized/The_Professor/Chapter_17/part_01.md: leftover mask token(s): 1 (e.g. [[L01..)
REJECT Authors/Bronte/Atomized/The_Professor/Chapter_17/part_03.md: leftover mask token(s): 2 (e.g. [[L01..)
REJECT Authors/Bronte/Atomized/The_Professor/Chapter_17/part_02.md: leftover mask token(s): 2 (e.g. [[L02..)
REJECT Authors/Bronte/Atomized/The_Professor/Chapter_16.md: leftover mask token(s): 3 (e.g. [[L01..)
REJECT Authors/Bronte/Atomized/The_Professor/Chapter_18/part_01.md: leftover mask token(s): 1 (e.g. [[L01..)
[489/969] ok Authors/Bronte/Atomized/The_Professor/Chapter_19/part_01.md | blocks 8302 | 413m | 20 blk/min | 3 links to repair
REJECT Authors/Bronte/Atomized/The_Professor/Chapter_19/part_02.md: leftover mask token(s): 1 (e.g. [[L01..)
REJECT Authors/Bronte/Atomized/The_Professor/Chapter_18/part_02.md: leftover mask token(s): 1 (e.g. [[L01..)
[492/969] ok Authors/Bronte/Atomized/The_Professor/Chapter_19/part_03 (DESKTOP-L2KS9QK's conflicted copy 2026-07-31).md | blocks 8400 | 416m | 20 blk/min | 3 links to repair
[493/969] ok Authors/Bronte/Atomized/The_Professor/Chapter_19/part_03.md | blocks 8498 | 416m | 20 blk/min | 3 links to repair
REJECT Authors/Bronte/Atomized/The_Professor/Chapter_20/part_01.md: leftover mask token(s): 2 (e.g. [[L01..)
REJECT Authors/Bronte/Atomized/The_Professor/Chapter_19/part_04.md: leftover mask token(s): 3 (e.g. [[L01..)
REJECT Authors/Bronte/Atomized/The_Professor/Chapter_20/part_02.md: leftover mask token(s): 2 (e.g. [[L01..)
REJECT Authors/Bronte/Atomized/The_Professor/Chapter_20/part_03.md: leftover mask token(s): 5 (e.g. [[L01..)
REJECT Authors/Bronte/Atomized/The_Professor/Chapter_20/part_04.md: leftover mask token(s): 2 (e.g. [[L01..)
REJECT Authors/Bronte/Atomized/The_Professor/Chapter_20/part_05.md: leftover mask token(s): 1 (e.g. [[L01..)
[500/969] ok Authors/Bronte/Atomized/The_Professor/Chapter_20/part_06.md | blocks 8590 | 420m | 20 blk/min | 3 links to repair
REJECT Authors/Bronte/Atomized/The_Professor/Chapter_20/part_08.md: leftover mask token(s): 3 (e.g. [[L01..)
REJECT Authors/Bronte/Atomized/The_Professor/Chapter_20/part_07.md: leftover mask token(s): 3 (e.g. [[L01..)
REJECT Authors/Bronte/Atomized/The_Professor/Chapter_21/part_01.md: leftover mask token(s): 1 (e.g. [[L01..)
REJECT Authors/Bronte/Atomized/The_Professor/Chapter_21/part_02.md: leftover mask token(s): 1 (e.g. [[L01..)
REJECT Authors/Bronte/Atomized/The_Professor/Chapter_22/part_01.md: leftover mask token(s): 2 (e.g. [[L01..)
REJECT Authors/Bronte/Atomized/The_Professor/Chapter_21/part_03.md: leftover mask token(s): 6 (e.g. [[L01..)
[507/969] ok Authors/Bronte/Atomized/The_Professor/Chapter_22/part_02.md | blocks 8680 | 425m | 20 blk/min | 9 links to repair
REJECT Authors/Bronte/Atomized/The_Professor/Chapter_22/part_03.md: leftover mask token(s): 2 (e.g. [[L01..)
REJECT Authors/Bronte/Atomized/The_Professor/Chapter_23/part_01.md: leftover mask token(s): 1 (e.g. [[L01..)
REJECT Authors/Bronte/Atomized/The_Professor/Chapter_23/part_02.md: leftover mask token(s): 2 (e.g. [[L02..)
REJECT Authors/Bronte/Atomized/The_Professor/Chapter_23/part_04.md: leftover mask token(s): 2 (e.g. [[L01..)
REJECT Authors/Bronte/Atomized/The_Professor/Chapter_23/part_03.md: leftover mask token(s): 1 (e.g. [[L01..)
[513/969] ok Authors/Bronte/Atomized/The_Professor/Chapter_23/part_05.md | blocks 8781 | 430m | 20 blk/min | 7 links to repair
REJECT Authors/Bronte/Atomized/The_Professor/Chapter_24/part_01.md: leftover mask token(s): 3 (e.g. [[L01..)
REJECT Authors/Bronte/Atomized/The_Professor/Chapter_24/part_02.md: leftover mask token(s): 4 (e.g. [[L01..)
REJECT Authors/Bronte/Atomized/The_Professor/Chapter_24/part_03.md: leftover mask token(s): 1 (e.g. [[L01..)
REJECT Authors/Bronte/Atomized/The_Professor/Chapter_24/part_04.md: leftover mask token(s): 2 (e.g. [[L01..)
REJECT Authors/Bronte/Atomized/The_Professor/Chapter_24/part_05.md: leftover mask token(s): 1 (e.g. [[L01..)
[519/969] ok Authors/Bronte/Atomized/The_Professor/Chapter_25/part_02.md | blocks 8873 | 434m | 20 blk/min | 9 links to repair
REJECT Authors/Bronte/Atomized/The_Professor/Chapter_25/part_01.md: leftover mask token(s): 1 (e.g. [[L01..)
REJECT Authors/Bronte/Atomized/The_Professor/Chapter_25/part_03.md: leftover mask token(s): 1 (e.g. [[L01..)
REJECT Authors/Bronte/Atomized/The_Professor/Chapter_25/part_04.md: leftover mask token(s): 1 (e.g. [[L01..)
[523/969] ok Authors/Bronte/Atomized/The_Professor/Chapter_25/part_05.md | blocks 8925 | 436m | 20 blk/min | 1 links to repair
[524/969] ok Authors/Bronte/Atomized/The_Professor/Chapter_26/part_01.md | blocks 9018 | 437m | 21 blk/min | 9 links to repair
REJECT Authors/Bronte/Atomized/The_Professor/Chapter_26/part_02.md: leftover mask token(s): 2 (e.g. [[L01..)
REJECT Authors/Bronte/Atomized/The_Professor/Chapter_26/part_04.md: leftover mask token(s): 2 (e.g. [[L02..)
REJECT Authors/Bronte/Atomized/The_Professor/Chapter_26/part_03.md: leftover mask token(s): 2 (e.g. [[L01..)
[528/969] ok Authors/Bronte/Atomized/The_Professor/Chapter_26/part_05.md | blocks 9105 | 440m | 21 blk/min | 5 links to repair
REJECT Authors/Bronte/Atomized/The_Professor/Chapter_26/part_06.md: leftover mask token(s): 2 (e.g. [[L01..)
REJECT Authors/Bronte/Atomized/The_Professor/Chapter_26/part_07.md: leftover mask token(s): 1 (e.g. [[L01..)
REJECT Authors/Bronte/Atomized/The_Professor/Chapter_26/part_08.md: leftover mask token(s): 4 (e.g. [[L01..)
REJECT Authors/Bronte/Atomized/The_Tenant_of_Wildfell_Hall/Chapter_01/part_01.md: leftover mask token(s): 1 (e.g. [[L01..)
[533/969] ok Authors/Bronte/Atomized/The_Tenant_of_Wildfell_Hall/Chapter_01/part_03.md | blocks 9197 | 444m | 21 blk/min | 3 links to repair
REJECT Authors/Bronte/Atomized/The_Tenant_of_Wildfell_Hall/Chapter_01/part_02.md: leftover mask token(s): 5 (e.g. [[L02..)
[535/969] ok Authors/Bronte/Atomized/The_Tenant_of_Wildfell_Hall/Chapter_01/part_04.md | blocks 9269 | 444m | 21 blk/min | 5 links to repair
REJECT Authors/Bronte/Atomized/The_Tenant_of_Wildfell_Hall/Chapter_02/part_01.md: leftover mask token(s): 2 (e.g. [[L01..)
REJECT Authors/Bronte/Atomized/The_Tenant_of_Wildfell_Hall/Chapter_03/part_02.md: leftover mask token(s): 2 (e.g. [[L01..)
REJECT Authors/Bronte/Atomized/The_Tenant_of_Wildfell_Hall/Chapter_03/part_01.md: leftover mask token(s): 2 (e.g. [[L01..)
REJECT Authors/Bronte/Atomized/The_Tenant_of_Wildfell_Hall/Chapter_02/part_02.md: leftover mask token(s): 2 (e.g. [[L01..)
REJECT Authors/Bronte/Atomized/The_Tenant_of_Wildfell_Hall/Chapter_03/part_03.md: leftover mask token(s): 3 (e.g. [[L02..)
REJECT Authors/Bronte/Atomized/The_Tenant_of_Wildfell_Hall/Chapter_04/part_01.md: leftover mask token(s): 1 (e.g. [[L01..)
REJECT Authors/Bronte/Atomized/The_Tenant_of_Wildfell_Hall/Chapter_04/part_02.md: leftover mask token(s): 1 (e.g. [[L01..)
REJECT Authors/Bronte/Atomized/The_Tenant_of_Wildfell_Hall/Chapter_04/part_03.md: leftover mask token(s): 2 (e.g. [[L01..)
REJECT Authors/Bronte/Atomized/The_Tenant_of_Wildfell_Hall/Chapter_06/part_01.md: leftover mask token(s): 1 (e.g. [[L01..)
REJECT Authors/Bronte/Atomized/The_Tenant_of_Wildfell_Hall/Chapter_05.md: leftover mask token(s): 2 (e.g. [[L01..)
REJECT Authors/Bronte/Atomized/The_Tenant_of_Wildfell_Hall/Chapter_06/part_02.md: leftover mask token(s): 4 (e.g. [[L01..)
REJECT Authors/Bronte/Atomized/The_Tenant_of_Wildfell_Hall/Chapter_06/part_03.md: leftover mask token(s): 2 (e.g. [[L01..)
REJECT Authors/Bronte/Atomized/The_Tenant_of_Wildfell_Hall/Chapter_07/part_01.md: leftover mask token(s): 2 (e.g. [[L01..)
REJECT Authors/Bronte/Atomized/The_Tenant_of_Wildfell_Hall/Chapter_07/part_03.md: leftover mask token(s): 2 (e.g. [[L01..)
REJECT Authors/Bronte/Atomized/The_Tenant_of_Wildfell_Hall/Chapter_07/part_02.md: leftover mask token(s): 1 (e.g. [[L01..)
[551/969] ok Authors/Bronte/Atomized/The_Tenant_of_Wildfell_Hall/Chapter_07/part_04.md | blocks 9379 | 457m | 21 blk/min | 6 links to repair
REJECT Authors/Bronte/Atomized/The_Tenant_of_Wildfell_Hall/Chapter_09/part_02.md: leftover mask token(s): 1 (e.g. [[L01..)
REJECT Authors/Bronte/Atomized/The_Tenant_of_Wildfell_Hall/Chapter_09/part_01.md: leftover mask token(s): 1 (e.g. [[L01..)
REJECT Authors/Bronte/Atomized/The_Tenant_of_Wildfell_Hall/Chapter_09/part_03.md: leftover mask token(s): 1 (e.g. [[L01..)
REJECT Authors/Bronte/Atomized/The_Tenant_of_Wildfell_Hall/Chapter_08.md: leftover mask token(s): 2 (e.g. [[L02..)
[556/969] ok Authors/Bronte/Atomized/The_Tenant_of_Wildfell_Hall/Chapter_09/part_04.md | blocks 9495 | 462m | 21 blk/min | 11 links to repair
REJECT Authors/Bronte/Atomized/The_Tenant_of_Wildfell_Hall/Chapter_10.md: leftover mask token(s): 1 (e.g. [[L01..)
REJECT Authors/Bronte/Atomized/The_Tenant_of_Wildfell_Hall/Chapter_12/part_01.md: leftover mask token(s): 1 (e.g. [[L01..)
REJECT Authors/Bronte/Atomized/The_Tenant_of_Wildfell_Hall/Chapter_11.md: leftover mask token(s): 1 (e.g. [[L01..)
REJECT Authors/Bronte/Atomized/The_Tenant_of_Wildfell_Hall/Chapter_12/part_02.md: leftover mask token(s): 3 (e.g. [[L01..)
[561/969] ok Authors/Bronte/Atomized/The_Tenant_of_Wildfell_Hall/Chapter_12/part_04.md | blocks 9547 | 466m | 20 blk/min | 4 links to repair
REJECT Authors/Bronte/Atomized/The_Tenant_of_Wildfell_Hall/Chapter_12/part_03.md: leftover mask token(s): 3 (e.g. [[L01..)
REJECT Authors/Bronte/Atomized/The_Tenant_of_Wildfell_Hall/Chapter_14/part_03.md: leftover mask token(s): 1 (e.g. [[L02..)
REJECT Authors/Bronte/Atomized/The_Tenant_of_Wildfell_Hall/Chapter_14/part_01.md: leftover mask token(s): 4 (e.g. [[L01..)
REJECT Authors/Bronte/Atomized/The_Tenant_of_Wildfell_Hall/Chapter_14/part_02.md: leftover mask token(s): 3 (e.g. [[L02..)
REJECT Authors/Bronte/Atomized/The_Tenant_of_Wildfell_Hall/Chapter_13.md: leftover mask token(s): 2 (e.g. [[L01..)
REJECT Authors/Bronte/Atomized/The_Tenant_of_Wildfell_Hall/Chapter_15/part_03.md: leftover mask token(s): 2 (e.g. [[L01..)
[568/969] ok Authors/Bronte/Atomized/The_Tenant_of_Wildfell_Hall/Chapter_15/part_01.md | blocks 9641 | 471m | 20 blk/min | 6 links to repair
REJECT Authors/Bronte/Atomized/The_Tenant_of_Wildfell_Hall/Chapter_15/part_02.md: leftover mask token(s): 1 (e.g. [[L02..)
REJECT Authors/Bronte/Atomized/The_Tenant_of_Wildfell_Hall/Chapter_16/part_01.md: leftover mask token(s): 2 (e.g. [[L01..)
[571/969] ok Authors/Bronte/Atomized/The_Tenant_of_Wildfell_Hall/Chapter_16/part_03.md | blocks 9744 | 474m | 21 blk/min | 9 links to repair
REJECT Authors/Bronte/Atomized/The_Tenant_of_Wildfell_Hall/Chapter_16/part_02.md: leftover mask token(s): 7 (e.g. [[L01..)
[573/969] ok Authors/Bronte/Atomized/The_Tenant_of_Wildfell_Hall/Chapter_17/part_01.md | blocks 9835 | 475m | 21 blk/min | 4 links to repair
REJECT Authors/Bronte/Atomized/The_Tenant_of_Wildfell_Hall/Chapter_16/part_04.md: leftover mask token(s): 1 (e.g. [[L01..)
REJECT Authors/Bronte/Atomized/The_Tenant_of_Wildfell_Hall/Chapter_17/part_03.md: leftover mask token(s): 1 (e.g. [[L01..)
REJECT Authors/Bronte/Atomized/The_Tenant_of_Wildfell_Hall/Chapter_17/part_02.md: leftover mask token(s): 2 (e.g. [[L01..)
REJECT Authors/Bronte/Atomized/The_Tenant_of_Wildfell_Hall/Chapter_18/part_01.md: leftover mask token(s): 4 (e.g. [[L01..)
[578/969] ok Authors/Bronte/Atomized/The_Tenant_of_Wildfell_Hall/Chapter_18/part_02.md | blocks 9926 | 478m | 21 blk/min | 5 links to repair
REJECT Authors/Bronte/Atomized/The_Tenant_of_Wildfell_Hall/Chapter_18/part_05.md: leftover mask token(s): 1 (e.g. [[L01..)
REJECT Authors/Bronte/Atomized/The_Tenant_of_Wildfell_Hall/Chapter_18/part_03.md: leftover mask token(s): 2 (e.g. [[L01..)
REJECT Authors/Bronte/Atomized/The_Tenant_of_Wildfell_Hall/Chapter_18/part_04.md: leftover mask token(s): 3 (e.g. [[L02..)
REJECT Authors/Bronte/Atomized/The_Tenant_of_Wildfell_Hall/Chapter_19/part_01.md: leftover mask token(s): 1 (e.g. [[L01..)
REJECT Authors/Bronte/Atomized/The_Tenant_of_Wildfell_Hall/Chapter_19/part_02.md: leftover mask token(s): 3 (e.g. [[L01..)
[584/969] ok Authors/Bronte/Atomized/The_Tenant_of_Wildfell_Hall/Chapter_20/part_01.md | blocks 10020 | 482m | 21 blk/min | 4 links to repair
REJECT Authors/Bronte/Atomized/The_Tenant_of_Wildfell_Hall/Chapter_20/part_02.md: leftover mask token(s): 1 (e.g. [[L01..)
Exception in thread Thread-2:
Traceback (most recent call last):
  File "/Library/Developer/CommandLineTools/Library/Frameworks/Python3.framework/Versions/3.9/lib/python3.9/threading.py", line 973, in _bootstrap_inner
    self.run()
  File "/Library/Developer/CommandLineTools/Library/Frameworks/Python3.framework/Versions/3.9/lib/python3.9/threading.py", line 910, in run
    self._target(*self._args, **self._kwargs)
  File "/Users/g.borghi/Library/CloudStorage/Dropbox/insegnamento/Wiligelmo/SubjectBrain/English/quartz-eng-lit/scripts/translate/run_dickens_hy.py", line 208, in worker
    q.task_done()
  File "/Library/Developer/CommandLineTools/Library/Frameworks/Python3.framework/Versions/3.9/lib/python3.9/queue.py", line 75, in task_done
    raise ValueError('task_done() called too many times')
ValueError: task_done() called too many times
[586/969] ok Authors/Bronte/Atomized/The_Tenant_of_Wildfell_Hall/Chapter_20/part_03.md | blocks 10096 | 483m | 21 blk/min | 8 links to repair
Exception in thread Thread-4:
Traceback (most recent call last):
  File "/Library/Developer/CommandLineTools/Library/Frameworks/Python3.framework/Versions/3.9/lib/python3.9/threading.py", line 973, in _bootstrap_inner
    self.run()
  File "/Library/Developer/CommandLineTools/Library/Frameworks/Python3.framework/Versions/3.9/lib/python3.9/threading.py", line 910, in run
    self._target(*self._args, **self._kwargs)
  File "/Users/g.borghi/Library/CloudStorage/Dropbox/insegnamento/Wiligelmo/SubjectBrain/English/quartz-eng-lit/scripts/translate/run_dickens_hy.py", line 208, in worker
    q.task_done()
  File "/Library/Developer/CommandLineTools/Library/Frameworks/Python3.framework/Versions/3.9/lib/python3.9/queue.py", line 75, in task_done
    raise ValueError('task_done() called too many times')
ValueError: task_done() called too many times
REJECT Authors/Bronte/Atomized/The_Tenant_of_Wildfell_Hall/Chapter_22/part_01.md: leftover mask token(s): 1 (e.g. [[L02..)
FAIL Authors/Bronte/Atomized/The_Tenant_of_Wildfell_Hall/Chapter_22/part_01.md: task_done() called too many times
Exception in thread Thread-3:
Traceback (most recent call last):
  File "/Library/Developer/CommandLineTools/Library/Frameworks/Python3.framework/Versions/3.9/lib/python3.9/threading.py", line 973, in _bootstrap_inner
    self.run()
  File "/Library/Developer/CommandLineTools/Library/Frameworks/Python3.framework/Versions/3.9/lib/python3.9/threading.py", line 910, in run
    self._target(*self._args, **self._kwargs)
  File "/Users/g.borghi/Library/CloudStorage/Dropbox/insegnamento/Wiligelmo/SubjectBrain/English/quartz-eng-lit/scripts/translate/run_dickens_hy.py", line 208, in worker
    q.task_done()
  File "/Library/Developer/CommandLineTools/Library/Frameworks/Python3.framework/Versions/3.9/lib/python3.9/queue.py", line 75, in task_done
    raise ValueError('task_done() called too many times')
ValueError: task_done() called too many times
REJECT Authors/Bronte/Atomized/The_Tenant_of_Wildfell_Hall/Chapter_21.md: leftover mask token(s): 2 (e.g. [[L03..)
FAIL Authors/Bronte/Atomized/The_Tenant_of_Wildfell_Hall/Chapter_21.md: task_done() called too many times
Exception in thread Thread-1:
Traceback (most recent call last):
  File "/Library/Developer/CommandLineTools/Library/Frameworks/Python3.framework/Versions/3.9/lib/python3.9/threading.py", line 973, in _bootstrap_inner
    self.run()
  File "/Library/Developer/CommandLineTools/Library/Frameworks/Python3.framework/Versions/3.9/lib/python3.9/threading.py", line 910, in run
    self._target(*self._args, **self._kwargs)
  File "/Users/g.borghi/Library/CloudStorage/Dropbox/insegnamento/Wiligelmo/SubjectBrain/English/quartz-eng-lit/scripts/translate/run_dickens_hy.py", line 208, in worker
    q.task_done()
  File "/Library/Developer/CommandLineTools/Library/Frameworks/Python3.framework/Versions/3.9/lib/python3.9/queue.py", line 75, in task_done
    raise ValueError('task_done() called too many times')
ValueError: task_done() called too many times

DONE: 195 written, 395 failed, cache 157086 blocks, 485m
2026-08-02 08:25:51 [orch] === END Bronte (rc=0) ===
2026-08-02 08:25:51 [orch] === START Austen ===
### author run: Austen
### HY Dickens run | model=hy-mt1.5-7b host=http://localhost:1234 | workers=4 | pending atoms=673
cache warm with 157086 blocks
[1/673] ok Authors/Austen/Atomized/Emma/Chapter_01/part_03.md | blocks 15 | 3m | 6 blk/min | 9 links to repair
[2/673] ok Authors/Austen/Atomized/Emma/Chapter_01/part_02.md | blocks 41 | 4m | 9 blk/min | 15 links to repair
[3/673] ok Authors/Austen/Atomized/Emma/Chapter_01/part_01.md | blocks 54 | 5m | 10 blk/min | 12 links to repair
[4/673] ok Authors/Austen/Atomized/Emma/Chapter_02.md | blocks 71 | 9m | 8 blk/min | 17 links to repair
[5/673] ok Authors/Austen/Atomized/Emma/Chapter_04/part_01.md | blocks 82 | 9m | 9 blk/min | 17 links to repair
[6/673] ok Authors/Austen/Atomized/Emma/Chapter_04/part_02.md | blocks 103 | 10m | 10 blk/min | 19 links to repair
REJECT Authors/Austen/Atomized/Emma/Chapter_03.md: leftover mask token(s): 2 (e.g. [[L02..)
[8/673] ok Authors/Austen/Atomized/Emma/Chapter_04/part_03.md | blocks 123 | 13m | 9 blk/min | 16 links to repair
REJECT Authors/Austen/Atomized/Emma/Chapter_06/part_02.md: leftover mask token(s): 3 (e.g. [[L01..)
[10/673] ok Authors/Austen/Atomized/Emma/Chapter_06/part_01.md | blocks 147 | 16m | 9 blk/min | 6 links to repair
[11/673] ok Authors/Austen/Atomized/Emma/Chapter_07/part_01.md | blocks 171 | 19m | 9 blk/min | 14 links to repair
[12/673] ok Authors/Austen/Atomized/Emma/Chapter_05.md | blocks 205 | 19m | 11 blk/min | 24 links to repair
[13/673] ok Authors/Austen/Atomized/Emma/Chapter_07/part_02.md | blocks 233 | 19m | 12 blk/min | 9 links to repair
[14/673] ok Authors/Austen/Atomized/Emma/Chapter_08/part_01.md | blocks 263 | 21m | 12 blk/min | 15 links to repair
[15/673] ok Authors/Austen/Atomized/Emma/Chapter_08/part_04.md | blocks 272 | 22m | 12 blk/min | 16 links to repair
[16/673] ok Authors/Austen/Atomized/Emma/Chapter_08/part_02.md | blocks 289 | 23m | 12 blk/min | 19 links to repair
REJECT Authors/Austen/Atomized/Emma/Chapter_08/part_03.md: leftover mask token(s): 2 (e.g. [[L05..)
[18/673] ok Authors/Austen/Atomized/Emma/Chapter_09/part_01.md | blocks 314 | 24m | 13 blk/min | 11 links to repair
REJECT Authors/Austen/Atomized/Emma/Chapter_09/part_02.md: leftover mask token(s): 1 (e.g. [[L01..)
[20/673] ok Authors/Austen/Atomized/Emma/Chapter_09/part_03.md | blocks 346 | 26m | 13 blk/min | 6 links to repair
[21/673] ok Authors/Austen/Atomized/Emma/Chapter_09/part_04.md | blocks 380 | 28m | 14 blk/min | 9 links to repair
REJECT Authors/Austen/Atomized/Emma/Chapter_10/part_01.md: leftover mask token(s): 1 (e.g. [[L01..)
[23/673] ok Authors/Austen/Atomized/Emma/Chapter_11/part_01.md | blocks 391 | 30m | 13 blk/min | 8 links to repair
REJECT Authors/Austen/Atomized/Emma/Chapter_10/part_02.md: leftover mask token(s): 1 (e.g. [[L03..)
REJECT Authors/Austen/Atomized/Emma/Chapter_11/part_02.md: leftover mask token(s): 1 (e.g. [[L01..)
[26/673] ok Authors/Austen/Atomized/Emma/Chapter_12/part_01.md | blocks 413 | 32m | 13 blk/min | 8 links to repair
[27/673] ok Authors/Austen/Atomized/Emma/Chapter_12/part_02.md | blocks 441 | 33m | 13 blk/min | 13 links to repair
[28/673] ok Authors/Austen/Atomized/Emma/Chapter_12/part_03.md | blocks 460 | 34m | 14 blk/min | 9 links to repair
REJECT Authors/Austen/Atomized/Emma/Chapter_13/part_02.md: leftover mask token(s): 3 (e.g. [[L02..)
REJECT Authors/Austen/Atomized/Emma/Chapter_13/part_01.md: leftover mask token(s): 1 (e.g. [[L01..)
[31/673] ok Authors/Austen/Atomized/Emma/Chapter_13/part_03.md | blocks 481 | 37m | 13 blk/min | 10 links to repair
[32/673] ok Authors/Austen/Atomized/Emma/Chapter_14/part_01.md | blocks 493 | 39m | 13 blk/min | 8 links to repair
[33/673] ok Authors/Austen/Atomized/Emma/Chapter_14/part_02.md | blocks 513 | 40m | 13 blk/min | 10 links to repair
[34/673] ok Authors/Austen/Atomized/Emma/Chapter_15/part_01.md | blocks 528 | 41m | 13 blk/min | 24 links to repair
REJECT Authors/Austen/Atomized/Emma/Chapter_15/part_02.md: leftover mask token(s): 2 (e.g. [[L01..)
REJECT Authors/Austen/Atomized/Emma/Chapter_15/part_03.md: leftover mask token(s): 1 (e.g. [[L03..)
[37/673] ok Authors/Austen/Atomized/Emma/Chapter_18/part_01.md | blocks 548 | 45m | 12 blk/min | 7 links to repair
[38/673] ok Authors/Austen/Atomized/Emma/Chapter_17.md | blocks 566 | 46m | 12 blk/min | 9 links to repair
[39/673] ok Authors/Austen/Atomized/Emma/Chapter_16.md | blocks 589 | 47m | 12 blk/min | 27 links to repair
[40/673] ok Authors/Austen/Atomized/Emma/Chapter_18/part_02.md | blocks 611 | 48m | 13 blk/min | 16 links to repair
[41/673] ok Authors/Austen/Atomized/Emma/Chapter_19/part_03.md | blocks 623 | 49m | 13 blk/min | 13 links to repair
[42/673] ok Authors/Austen/Atomized/Emma/Chapter_19/part_02.md | blocks 638 | 49m | 13 blk/min | 11 links to repair
[43/673] ok Authors/Austen/Atomized/Emma/Chapter_19/part_01.md | blocks 651 | 50m | 13 blk/min | 17 links to repair
[44/673] ok Authors/Austen/Atomized/Emma/Chapter_20/part_01.md | blocks 663 | 53m | 13 blk/min | 15 links to repair
[45/673] ok Authors/Austen/Atomized/Emma/Chapter_21/part_01.md | blocks 692 | 54m | 13 blk/min | 7 links to repair
[46/673] ok Authors/Austen/Atomized/Emma/Chapter_21/part_02.md | blocks 712 | 54m | 13 blk/min | 14 links to repair
[47/673] ok Authors/Austen/Atomized/Emma/Chapter_21/part_04.md | blocks 720 | 56m | 13 blk/min | 3 links to repair
REJECT Authors/Austen/Atomized/Emma/Chapter_20/part_02.md: leftover mask token(s): 1 (e.g. [[L03..)
[49/673] ok Authors/Austen/Atomized/Emma/Chapter_21/part_03.md | blocks 730 | 58m | 13 blk/min | 12 links to repair
[50/673] ok Authors/Austen/Atomized/Emma/Chapter_23/part_01.md | blocks 746 | 61m | 12 blk/min | 12 links to repair
[51/673] ok Authors/Austen/Atomized/Emma/Chapter_23/part_02.md | blocks 764 | 61m | 12 blk/min | 10 links to repair
[52/673] ok Authors/Austen/Atomized/Emma/Chapter_22.md | blocks 781 | 62m | 13 blk/min | 22 links to repair
[53/673] ok Authors/Austen/Atomized/Emma/Chapter_23/part_03.md | blocks 803 | 62m | 13 blk/min | 17 links to repair
[54/673] ok Authors/Austen/Atomized/Emma/Chapter_24/part_03.md | blocks 815 | 64m | 13 blk/min | 11 links to repair
REJECT Authors/Austen/Atomized/Emma/Chapter_24/part_02.md: leftover mask token(s): 2 (e.g. [[L01..)
[56/673] ok Authors/Austen/Atomized/Emma/Chapter_24/part_01.md | blocks 825 | 65m | 13 blk/min | 12 links to repair
[57/673] ok Authors/Austen/Atomized/Emma/Chapter_25/part_01.md | blocks 835 | 65m | 13 blk/min | 11 links to repair
REJECT Authors/Austen/Atomized/Emma/Chapter_25/part_02.md: leftover mask token(s): 1 (e.g. [[L01..)
[59/673] ok Authors/Austen/Atomized/Emma/Chapter_26/part_01.md | blocks 851 | 68m | 13 blk/min | 10 links to repair
[60/673] ok Authors/Austen/Atomized/Emma/Chapter_26/part_03.md | blocks 864 | 69m | 12 blk/min | 5 links to repair
[61/673] ok Authors/Austen/Atomized/Emma/Chapter_26/part_02.md | blocks 891 | 70m | 13 blk/min | 11 links to repair
[62/673] ok Authors/Austen/Atomized/Emma/Chapter_26/part_04.md | blocks 916 | 72m | 13 blk/min | 13 links to repair
[63/673] ok Authors/Austen/Atomized/Emma/Chapter_26/part_06.md | blocks 933 | 72m | 13 blk/min | 3 links to repair
[64/673] ok Authors/Austen/Atomized/Emma/Chapter_26/part_05.md | blocks 950 | 72m | 13 blk/min | 15 links to repair
[65/673] ok Authors/Austen/Atomized/Emma/Chapter_27/part_01.md | blocks 980 | 73m | 13 blk/min | 14 links to repair
[66/673] ok Authors/Austen/Atomized/Emma/Chapter_27/part_02.md | blocks 999 | 75m | 13 blk/min | 19 links to repair
REJECT Authors/Austen/Atomized/Emma/Chapter_27/part_03.md: leftover mask token(s): 1 (e.g. [[L02..)
[68/673] ok Authors/Austen/Atomized/Emma/Chapter_29/part_01.md | blocks 1021 | 78m | 13 blk/min | 8 links to repair
[69/673] ok Authors/Austen/Atomized/Emma/Chapter_29/part_02.md | blocks 1043 | 79m | 13 blk/min | 13 links to repair
REJECT Authors/Austen/Atomized/Emma/Chapter_28.md: leftover mask token(s): 1 (e.g. [[L02..)
[71/673] ok Authors/Austen/Atomized/Emma/Chapter_29/part_03.md | blocks 1066 | 81m | 13 blk/min | 8 links to repair
[72/673] ok Authors/Austen/Atomized/Emma/Chapter_30/part_01.md | blocks 1088 | 82m | 13 blk/min | 8 links to repair
[73/673] ok Authors/Austen/Atomized/Emma/Chapter_30/part_02.md | blocks 1113 | 84m | 13 blk/min | 9 links to repair
[74/673] ok Authors/Austen/Atomized/Emma/Chapter_32/part_02.md | blocks 1131 | 87m | 13 blk/min | 14 links to repair
[75/673] ok Authors/Austen/Atomized/Emma/Chapter_32/part_01.md | blocks 1153 | 87m | 13 blk/min | 15 links to repair
[76/673] ok Authors/Austen/Atomized/Emma/Chapter_31.md | blocks 1172 | 90m | 13 blk/min | 17 links to repair
[77/673] ok Authors/Austen/Atomized/Emma/Chapter_32/part_03.md | blocks 1200 | 92m | 13 blk/min | 16 links to repair
[78/673] ok Authors/Austen/Atomized/Emma/Chapter_33/part_01.md | blocks 1214 | 92m | 13 blk/min | 10 links to repair
REJECT Authors/Austen/Atomized/Emma/Chapter_33/part_02.md: invented wikilink targets: ['L02)mistero” disse lei. “Scegliere di rimanere qui, mese dopo mese, tra ogni sorta di privazioni! E ora preferire l’umiliazione derivante dalle attenzioni della signora Elton e la povertà delle sue conversazioni, piuttosto che tornare tra compagnie migliori che l’hanno sempre amata con un affetto sincero e generoso.”\n\nJane era venuta a Highbury ufficialmente per tre mesi; i Campbell erano andati in Irlanda per tre mesi; ma ora i Campbell avevano promesso che loro figlia sarebbe rimasta almeno fino alla metà dell’estate, e erano arrivate nuove inviti perché li raggiungesse lì. Secondo la signorina Bates – tutto proveniva da lei – la signora Dixon aveva scritto in modo molto insistente. Se solo Jane fosse andata, si sarebbero trovati i mezzi necessari, si sarebbero mandati i servitori, si sarebbero organizzate le cose con gli amici; nessuna difficoltà legata al viaggio avrebbe dovuto esserci. Ma lei aveva comunque rifiutato!\n\n“Deve avere qualche motivo, molto più potente di quanto sembri, per rifiutare questa invitazione,” concluse [[Emma']; leftover mask token(s): 1 (e.g. [[L02..)
REJECT Authors/Austen/Atomized/Emma/Chapter_33/part_03.md: leftover mask token(s): 1 (e.g. [[L02..)
REJECT Authors/Austen/Atomized/Emma/Chapter_34/part_02.md: leftover mask token(s): 1 (e.g. [[L02..)
[82/673] ok Authors/Austen/Atomized/Emma/Chapter_34/part_03.md | blocks 1240 | 102m | 12 blk/min | 5 links to repair
[83/673] ok Authors/Austen/Atomized/Emma/Chapter_34/part_01.md | blocks 1253 | 102m | 12 blk/min | 9 links to repair
[84/673] ok Authors/Austen/Atomized/Emma/Chapter_35/part_01.md | blocks 1276 | 106m | 12 blk/min | 9 links to repair
[85/673] ok Authors/Austen/Atomized/Emma/Chapter_36/part_01.md | blocks 1304 | 107m | 12 blk/min | 13 links to repair
REJECT Authors/Austen/Atomized/Emma/Chapter_35/part_02.md: leftover mask token(s): 1 (e.g. [[L01..)
REJECT Authors/Austen/Atomized/Emma/Chapter_36/part_03.md: leftover mask token(s): 1 (e.g. [[L02..)
REJECT Authors/Austen/Atomized/Emma/Chapter_36/part_02.md: leftover mask token(s): 1 (e.g. [[L02..)
[89/673] ok Authors/Austen/Atomized/Emma/Chapter_37.md | blocks 1319 | 117m | 11 blk/min | 14 links to repair
[90/673] ok Authors/Austen/Atomized/Emma/Chapter_38/part_02.md | blocks 1331 | 118m | 11 blk/min | 28 links to repair
REJECT Authors/Austen/Atomized/Emma/Chapter_38/part_01.md: leftover mask token(s): 1 (e.g. [[L03..)
[92/673] ok Authors/Austen/Atomized/Emma/Chapter_38/part_03.md | blocks 1342 | 122m | 11 blk/min | 19 links to repair
REJECT Authors/Austen/Atomized/Emma/Chapter_38/part_04.md: leftover mask token(s): 1 (e.g. [[L01..)
REJECT Authors/Austen/Atomized/Emma/Chapter_39.md: leftover mask token(s): 1 (e.g. [[L03..)
[95/673] ok Authors/Austen/Atomized/Emma/Chapter_41/part_01.md | blocks 1363 | 132m | 10 blk/min | 13 links to repair
[96/673] ok Authors/Austen/Atomized/Emma/Chapter_40.md | blocks 1406 | 132m | 11 blk/min | 25 links to repair
[97/673] ok Authors/Austen/Atomized/Emma/Chapter_41/part_02.md | blocks 1418 | 132m | 11 blk/min | 7 links to repair
REJECT Authors/Austen/Atomized/Emma/Chapter_41/part_03.md: leftover mask token(s): 1 (e.g. [[L02..)
[99/673] ok Authors/Austen/Atomized/Emma/Chapter_42/part_01.md | blocks 1439 | 139m | 10 blk/min | 15 links to repair
[100/673] ok Authors/Austen/Atomized/Emma/Chapter_42/part_03.md | blocks 1449 | 141m | 10 blk/min | 19 links to repair
[101/673] ok Authors/Austen/Atomized/Emma/Chapter_42/part_02.md | blocks 1468 | 142m | 10 blk/min | 23 links to repair
REJECT Authors/Austen/Atomized/Emma/Chapter_42/part_04.md: leftover mask token(s): 1 (e.g. [[L03..)
[103/673] ok Authors/Austen/Atomized/Emma/Chapter_43/part_02.md | blocks 1495 | 147m | 10 blk/min | 12 links to repair
REJECT Authors/Austen/Atomized/Emma/Chapter_43/part_01.md: leftover mask token(s): 1 (e.g. [[L01..)
[105/673] ok Authors/Austen/Atomized/Emma/Chapter_44/part_03.md | blocks 1502 | 149m | 10 blk/min | 6 links to repair
[106/673] ok Authors/Austen/Atomized/Emma/Chapter_43/part_03.md | blocks 1522 | 149m | 10 blk/min | 17 links to repair
[107/673] ok Authors/Austen/Atomized/Emma/Chapter_44/part_02.md | blocks 1544 | 150m | 10 blk/min | 7 links to repair
[108/673] ok Authors/Austen/Atomized/Emma/Chapter_44/part_01.md | blocks 1556 | 151m | 10 blk/min | 18 links to repair
REJECT Authors/Austen/Atomized/Emma/Chapter_46/part_02.md: leftover mask token(s): 1 (e.g. [[L01..)
REJECT Authors/Austen/Atomized/Emma/Chapter_46/part_01.md: leftover mask token(s): 2 (e.g. [[L01..)
[111/673] ok Authors/Austen/Atomized/Emma/Chapter_45/part_02.md | blocks 1566 | 157m | 10 blk/min | 15 links to repair
REJECT Authors/Austen/Atomized/Emma/Chapter_45/part_01.md: leftover mask token(s): 1 (e.g. [[L02..)
[113/673] ok Authors/Austen/Atomized/Emma/Chapter_46/part_03.md | blocks 1584 | 163m | 10 blk/min | 8 links to repair
[114/673] ok Authors/Austen/Atomized/Emma/Chapter_47/part_03.md | blocks 1596 | 163m | 10 blk/min | 17 links to repair
[115/673] ok Authors/Austen/Atomized/Emma/Chapter_47/part_01.md | blocks 1610 | 165m | 10 blk/min | 13 links to repair
[116/673] ok Authors/Austen/Atomized/Emma/Chapter_47/part_04.md | blocks 1619 | 166m | 10 blk/min | 6 links to repair
REJECT Authors/Austen/Atomized/Emma/Chapter_47/part_02.md: leftover mask token(s): 1 (e.g. [[L02..)
[118/673] ok Authors/Austen/Atomized/Emma/Chapter_48/part_03.md | blocks 1625 | 170m | 10 blk/min | 6 links to repair
[119/673] ok Authors/Austen/Atomized/Emma/Chapter_48/part_01.md | blocks 1633 | 173m | 9 blk/min | 11 links to repair
[120/673] ok Authors/Austen/Atomized/Emma/Chapter_48/part_02.md | blocks 1647 | 176m | 9 blk/min | 8 links to repair
[121/673] ok Authors/Austen/Atomized/Emma/Chapter_49/part_01.md | blocks 1668 | 177m | 9 blk/min | 8 links to repair
[122/673] ok Authors/Austen/Atomized/Emma/Chapter_49/part_02.md | blocks 1687 | 181m | 9 blk/min | 15 links to repair
REJECT Authors/Austen/Atomized/Emma/Chapter_50.md: leftover mask token(s): 1 (e.g. [[L04..)
[124/673] ok Authors/Austen/Atomized/Emma/Chapter_49/part_03.md | blocks 1696 | 183m | 9 blk/min | 24 links to repair
REJECT Authors/Austen/Atomized/Emma/Chapter_51/part_01.md: leftover mask token(s): 1 (e.g. [[L01..)
[126/673] ok Authors/Austen/Atomized/Emma/Chapter_52/part_02.md | blocks 1721 | 187m | 9 blk/min | 3 links to repair
[127/673] ok Authors/Austen/Atomized/Emma/Chapter_51/part_02.md | blocks 1740 | 188m | 9 blk/min | 20 links to repair
REJECT Authors/Austen/Atomized/Emma/Chapter_52/part_01.md: leftover mask token(s): 2 (e.g. [[L02..)
REJECT Authors/Austen/Atomized/Emma/Chapter_52/part_03.md: leftover mask token(s): 2 (e.g. [[L01..)
[130/673] ok Authors/Austen/Atomized/Emma/Chapter_53/part_03.md | blocks 1748 | 193m | 9 blk/min | 12 links to repair
REJECT Authors/Austen/Atomized/Emma/Chapter_53/part_01.md: leftover mask token(s): 1 (e.g. [[L02..)
[132/673] ok Authors/Austen/Atomized/Emma/Chapter_54/part_01.md | blocks 1775 | 195m | 9 blk/min | 12 links to repair
[133/673] ok Authors/Austen/Atomized/Emma/Chapter_53/part_02.md | blocks 1790 | 196m | 9 blk/min | 14 links to repair
[134/673] ok Authors/Austen/Atomized/Lady_Susan/Story_01_Conclusion.md | blocks 1818 | 197m | 9 blk/min | 1 links to repair
[135/673] ok Authors/Austen/Atomized/Emma/Chapter_54/part_02.md | blocks 1841 | 198m | 9 blk/min | 12 links to repair
REJECT Authors/Austen/Atomized/Emma/Chapter_54/part_03.md: leftover mask token(s): 1 (e.g. [[L01..)
[137/673] ok Authors/Austen/Atomized/Lady_Susan/Story_02_S_Vernon.md | blocks 1901 | 202m | 9 blk/min | 3 links to repair
REJECT Authors/Austen/Atomized/Lady_Susan/Story_03_S_Vernon.md: leftover mask token(s): 1 (e.g. [[L01..)
REJECT Authors/Austen/Atomized/Lady_Susan/Story_04_R_De_Courcy.md: leftover mask token(s): 1 (e.g. [[L01..)
[140/673] ok Authors/Austen/Atomized/Emma/Chapter_55.md | blocks 1917 | 204m | 9 blk/min | 14 links to repair
[141/673] ok Authors/Austen/Atomized/Lady_Susan/Story_07_Alicia.md | blocks 1969 | 206m | 10 blk/min | 7 links to repair
[142/673] ok Authors/Austen/Atomized/Lady_Susan/Story_06_S_Vernon.md | blocks 2046 | 207m | 10 blk/min | 9 links to repair
REJECT Authors/Austen/Atomized/Lady_Susan/Story_05_S_Vernon.md: leftover mask token(s): 1 (e.g. [[L01..)
[144/673] ok Authors/Austen/Atomized/Lady_Susan/Story_09_C_De_Courcy.md | blocks 2124 | 210m | 10 blk/min | 6 links to repair
[145/673] ok Authors/Austen/Atomized/Lady_Susan/Story_08_S_Vernon.md | blocks 2251 | 210m | 11 blk/min | 6 links to repair
REJECT Authors/Austen/Atomized/Lady_Susan/Story_10_R_De_Courcy.md: leftover mask token(s): 3 (e.g. [[L01..)
REJECT Authors/Austen/Atomized/Lady_Susan/Story_11_S_Vernon.md: leftover mask token(s): 1 (e.g. [[L01..)
[148/673] ok Authors/Austen/Atomized/Lady_Susan/Story_14_C_Vernon.md | blocks 2276 | 213m | 11 blk/min | 1 links to repair
[149/673] ok Authors/Austen/Atomized/Lady_Susan/Story_12_C_Vernon.md | blocks 2329 | 213m | 11 blk/min | 4 links to repair
REJECT Authors/Austen/Atomized/Lady_Susan/Story_16_S_Vernon.md: leftover mask token(s): 2 (e.g. [[L01..)
REJECT Authors/Austen/Atomized/Lady_Susan/Story_13_S_Vernon.md: leftover mask token(s): 3 (e.g. [[L01..)
REJECT Authors/Austen/Atomized/Lady_Susan/Story_15_F_S_V.md: leftover mask token(s): 3 (e.g. [[L01..)
REJECT Authors/Austen/Atomized/Lady_Susan/Story_17_Cath_Vernon/part_01.md: leftover mask token(s): 1 (e.g. [[L01..)
REJECT Authors/Austen/Atomized/Lady_Susan/Story_18_S_Vernon.md: leftover mask token(s): 1 (e.g. [[L01..)
[155/673] ok Authors/Austen/Atomized/Lady_Susan/Story_19_Alicia.md | blocks 2365 | 220m | 11 blk/min | 5 links to repair
[156/673] ok Authors/Austen/Atomized/Lady_Susan/Story_20_C_Vernon.md | blocks 2390 | 220m | 11 blk/min
[157/673] ok Authors/Austen/Atomized/Lady_Susan/Story_17_Cath_Vernon/part_02.md | blocks 2476 | 221m | 11 blk/min | 3 links to repair
[158/673] ok Authors/Austen/Atomized/Lady_Susan/Story_21_Alicia.md | blocks 2507 | 221m | 11 blk/min | 2 links to repair
[159/673] ok Authors/Austen/Atomized/Lady_Susan/Story_17_Cath_Vernon/part_03.md | blocks 2613 | 221m | 12 blk/min | 4 links to repair
REJECT Authors/Austen/Atomized/Lady_Susan/Story_23_S_Vernon.md: leftover mask token(s): 1 (e.g. [[L01..)
[161/673] ok Authors/Austen/Atomized/Lady_Susan/Story_25_Alicia.md | blocks 2628 | 221m | 12 blk/min
REJECT Authors/Austen/Atomized/Lady_Susan/Story_24_S_Vernon.md: leftover mask token(s): 1 (e.g. [[L02..)
[163/673] ok Authors/Austen/Atomized/Lady_Susan/Story_26_S_V.md | blocks 2645 | 222m | 12 blk/min | 1 links to repair
[164/673] ok Authors/Austen/Atomized/Lady_Susan/Story_29_R_De_Courcy.md | blocks 2658 | 222m | 12 blk/min
[165/673] ok Authors/Austen/Atomized/Lady_Susan/Story_27_R_De_Courcy.md | blocks 2682 | 222m | 12 blk/min
[166/673] ok Authors/Austen/Atomized/Lady_Susan/Story_22_S_Vernon.md | blocks 2743 | 223m | 12 blk/min | 6 links to repair
REJECT Authors/Austen/Atomized/Lady_Susan/Story_28_S_V.md: leftover mask token(s): 2 (e.g. [[L01..)
[168/673] ok Authors/Austen/Atomized/Lady_Susan/Story_30_S_V.md | blocks 2770 | 224m | 12 blk/min
[169/673] ok Authors/Austen/Atomized/Lady_Susan/Story_31_Alicia.md | blocks 2801 | 224m | 13 blk/min | 1 links to repair
REJECT Authors/Austen/Atomized/Lady_Susan/Story_32_S_Vernon.md: leftover mask token(s): 1 (e.g. [[L01..)
REJECT Authors/Austen/Atomized/Lady_Susan/Story_33_C_De_Courcy.md: leftover mask token(s): 2 (e.g. [[L01..)
[172/673] ok Authors/Austen/Atomized/Mansfield_Park/Chapter_01/part_01.md | blocks 2809 | 228m | 12 blk/min | 18 links to repair
REJECT Authors/Austen/Atomized/Mansfield_Park/Chapter_01/part_03.md: leftover mask token(s): 2 (e.g. [[L03..)
REJECT Authors/Austen/Atomized/Lady_Susan/Story_34_C_Vernon.md: leftover mask token(s): 1 (e.g. [[L01..)
REJECT Authors/Austen/Atomized/Mansfield_Park/Chapter_01/part_02.md: leftover mask token(s): 2 (e.g. [[L02..)
[176/673] ok Authors/Austen/Atomized/Mansfield_Park/Chapter_02/part_02.md | blocks 2825 | 238m | 12 blk/min | 6 links to repair
REJECT Authors/Austen/Atomized/Mansfield_Park/Chapter_02/part_01.md: leftover mask token(s): 2 (e.g. [[L05..)
[178/673] ok Authors/Austen/Atomized/Mansfield_Park/Chapter_03/part_01.md | blocks 2852 | 241m | 12 blk/min | 14 links to repair
[179/673] ok Authors/Austen/Atomized/Mansfield_Park/Chapter_02/part_03.md | blocks 2866 | 242m | 12 blk/min | 15 links to repair
[180/673] ok Authors/Austen/Atomized/Mansfield_Park/Chapter_03/part_02.md | blocks 2890 | 244m | 12 blk/min | 13 links to repair
[181/673] ok Authors/Austen/Atomized/Mansfield_Park/Chapter_04/part_01.md | blocks 2900 | 246m | 12 blk/min | 30 links to repair
[182/673] ok Authors/Austen/Atomized/Mansfield_Park/Chapter_03/part_03.md | blocks 2920 | 249m | 12 blk/min | 19 links to repair
[183/673] ok Authors/Austen/Atomized/Mansfield_Park/Chapter_04/part_02.md | blocks 2927 | 250m | 12 blk/min | 15 links to repair
[184/673] ok Authors/Austen/Atomized/Mansfield_Park/Chapter_04/part_03.md | blocks 2944 | 250m | 12 blk/min | 19 links to repair
[185/673] ok Authors/Austen/Atomized/Mansfield_Park/Chapter_05/part_01.md | blocks 2972 | 253m | 12 blk/min | 7 links to repair
[186/673] ok Authors/Austen/Atomized/Mansfield_Park/Chapter_05/part_03.md | blocks 2982 | 255m | 12 blk/min | 5 links to repair
[187/673] ok Authors/Austen/Atomized/Mansfield_Park/Chapter_05/part_02.md | blocks 2994 | 256m | 12 blk/min | 14 links to repair
[188/673] ok Authors/Austen/Atomized/Mansfield_Park/Chapter_06/part_01.md | blocks 3011 | 257m | 12 blk/min | 16 links to repair
[189/673] ok Authors/Austen/Atomized/Mansfield_Park/Chapter_06/part_02.md | blocks 3034 | 259m | 12 blk/min | 11 links to repair
[190/673] ok Authors/Austen/Atomized/Mansfield_Park/Chapter_06/part_04.md | blocks 3042 | 259m | 12 blk/min | 3 links to repair
[191/673] ok Authors/Austen/Atomized/Mansfield_Park/Chapter_06/part_03.md | blocks 3064 | 260m | 12 blk/min | 9 links to repair
REJECT Authors/Austen/Atomized/Mansfield_Park/Chapter_07/part_04.md: leftover mask token(s): 1 (e.g. [[L01..)
[193/673] ok Authors/Austen/Atomized/Mansfield_Park/Chapter_07/part_01.md | blocks 3081 | 268m | 11 blk/min | 15 links to repair
REJECT Authors/Austen/Atomized/Mansfield_Park/Chapter_07/part_02.md: leftover mask token(s): 1 (e.g. [[L04..)
[195/673] ok Authors/Austen/Atomized/Mansfield_Park/Chapter_07/part_03.md | blocks 3105 | 270m | 12 blk/min | 17 links to repair
[196/673] ok Authors/Austen/Atomized/Mansfield_Park/Chapter_08/part_03.md | blocks 3113 | 272m | 11 blk/min | 12 links to repair
[197/673] ok Authors/Austen/Atomized/Mansfield_Park/Chapter_08/part_02.md | blocks 3131 | 273m | 11 blk/min | 17 links to repair
[198/673] ok Authors/Austen/Atomized/Mansfield_Park/Chapter_08/part_01.md | blocks 3149 | 274m | 11 blk/min | 12 links to repair
[199/673] ok Authors/Austen/Atomized/Mansfield_Park/Chapter_09/part_01.md | blocks 3166 | 275m | 12 blk/min | 12 links to repair
REJECT Authors/Austen/Atomized/Mansfield_Park/Chapter_09/part_02.md: leftover mask token(s): 2 (e.g. [[L01..)
REJECT Authors/Austen/Atomized/Mansfield_Park/Chapter_10/part_01.md: leftover mask token(s): 2 (e.g. [[L01..)
[202/673] ok Authors/Austen/Atomized/Mansfield_Park/Chapter_09/part_04.md | blocks 3195 | 281m | 11 blk/min | 10 links to repair
[203/673] ok Authors/Austen/Atomized/Mansfield_Park/Chapter_09/part_03.md | blocks 3213 | 283m | 11 blk/min | 12 links to repair
[204/673] ok Authors/Austen/Atomized/Mansfield_Park/Chapter_11/part_01.md | blocks 3238 | 288m | 11 blk/min | 3 links to repair
REJECT Authors/Austen/Atomized/Mansfield_Park/Chapter_10/part_02.md: leftover mask token(s): 1 (e.g. [[L03..)
[206/673] ok Authors/Austen/Atomized/Mansfield_Park/Chapter_10/part_03.md | blocks 3249 | 288m | 11 blk/min | 20 links to repair
REJECT Authors/Austen/Atomized/Mansfield_Park/Chapter_11/part_02.md: leftover mask token(s): 1 (e.g. [[L02..)
[208/673] ok Authors/Austen/Atomized/Mansfield_Park/Chapter_12/part_02.md | blocks 3267 | 293m | 11 blk/min | 22 links to repair
[209/673] ok Authors/Austen/Atomized/Mansfield_Park/Chapter_12/part_01.md | blocks 3281 | 294m | 11 blk/min | 7 links to repair
REJECT Authors/Austen/Atomized/Mansfield_Park/Chapter_13/part_01.md: leftover mask token(s): 1 (e.g. [[L01..)
[211/673] ok Authors/Austen/Atomized/Mansfield_Park/Chapter_13/part_02.md | blocks 3300 | 297m | 11 blk/min | 12 links to repair
[212/673] ok Authors/Austen/Atomized/Mansfield_Park/Chapter_13/part_03.md | blocks 3317 | 300m | 11 blk/min | 12 links to repair
[213/673] ok Authors/Austen/Atomized/Mansfield_Park/Chapter_14/part_03.md | blocks 3324 | 301m | 11 blk/min | 3 links to repair
[214/673] ok Authors/Austen/Atomized/Mansfield_Park/Chapter_14/part_01.md | blocks 3335 | 303m | 11 blk/min | 7 links to repair
[215/673] ok Authors/Austen/Atomized/Mansfield_Park/Chapter_14/part_02.md | blocks 3348 | 305m | 11 blk/min | 14 links to repair
[216/673] ok Authors/Austen/Atomized/Mansfield_Park/Chapter_15/part_04.md | blocks 3355 | 307m | 11 blk/min | 2 links to repair
REJECT Authors/Austen/Atomized/Mansfield_Park/Chapter_15/part_01.md: leftover mask token(s): 1 (e.g. [[L01..)
[218/673] ok Authors/Austen/Atomized/Mansfield_Park/Chapter_15/part_02.md | blocks 3370 | 309m | 11 blk/min | 10 links to repair
[219/673] ok Authors/Austen/Atomized/Mansfield_Park/Chapter_15/part_03.md | blocks 3399 | 309m | 11 blk/min | 9 links to repair
[220/673] ok Authors/Austen/Atomized/Mansfield_Park/Chapter_16/part_01.md | blocks 3405 | 310m | 11 blk/min | 26 links to repair
REJECT Authors/Austen/Atomized/Mansfield_Park/Chapter_16/part_02.md: leftover mask token(s): 1 (e.g. [[L03..)
REJECT Authors/Austen/Atomized/Mansfield_Park/Chapter_18/part_01.md: leftover mask token(s): 1 (e.g. [[L01..)
REJECT Authors/Austen/Atomized/Mansfield_Park/Chapter_18/part_02.md: leftover mask token(s): 1 (e.g. [[L02..)
[224/673] ok Authors/Austen/Atomized/Mansfield_Park/Chapter_18/part_03.md | blocks 3418 | 316m | 11 blk/min | 4 links to repair
REJECT Authors/Austen/Atomized/Mansfield_Park/Chapter_19/part_02.md: leftover mask token(s): 1 (e.g. [[L02..)
[226/673] ok Authors/Austen/Atomized/Mansfield_Park/Chapter_19/part_01.md | blocks 3428 | 319m | 11 blk/min | 6 links to repair
REJECT Authors/Austen/Atomized/Mansfield_Park/Chapter_17.md: leftover mask token(s): 2 (e.g. [[L04..)
[228/673] ok Authors/Austen/Atomized/Mansfield_Park/Chapter_19/part_03.md | blocks 3440 | 321m | 11 blk/min | 10 links to repair
[229/673] ok Authors/Austen/Atomized/Mansfield_Park/Chapter_19/part_04.md | blocks 3451 | 322m | 11 blk/min | 8 links to repair
[230/673] ok Authors/Austen/Atomized/Mansfield_Park/Chapter_20/part_03.md | blocks 3464 | 324m | 11 blk/min | 11 links to repair
[231/673] ok Authors/Austen/Atomized/Mansfield_Park/Chapter_20/part_02.md | blocks 3472 | 324m | 11 blk/min | 13 links to repair
[232/673] ok Authors/Austen/Atomized/Mansfield_Park/Chapter_21/part_01.md | blocks 3489 | 325m | 11 blk/min | 10 links to repair
REJECT Authors/Austen/Atomized/Mansfield_Park/Chapter_20/part_01.md: leftover mask token(s): 1 (e.g. [[L03..)
REJECT Authors/Austen/Atomized/Mansfield_Park/Chapter_21/part_03.md: leftover mask token(s): 1 (e.g. [[L04..)
REJECT Authors/Austen/Atomized/Mansfield_Park/Chapter_22/part_02.md: leftover mask token(s): 2 (e.g. [[L01..)
REJECT Authors/Austen/Atomized/Mansfield_Park/Chapter_22/part_01.md: leftover mask token(s): 1 (e.g. [[L02..)
REJECT Authors/Austen/Atomized/Mansfield_Park/Chapter_21/part_02.md: leftover mask token(s): 2 (e.g. [[L02..)
[238/673] ok Authors/Austen/Atomized/Mansfield_Park/Chapter_22/part_04.md | blocks 3496 | 330m | 11 blk/min | 13 links to repair
[239/673] ok Authors/Austen/Atomized/Mansfield_Park/Chapter_22/part_03.md | blocks 3519 | 330m | 11 blk/min | 11 links to repair
[240/673] ok Authors/Austen/Atomized/Mansfield_Park/Chapter_23/part_02.md | blocks 3541 | 332m | 11 blk/min | 18 links to repair
REJECT Authors/Austen/Atomized/Mansfield_Park/Chapter_23/part_01.md: leftover mask token(s): 1 (e.g. [[L01..)
[242/673] ok Authors/Austen/Atomized/Mansfield_Park/Chapter_24/part_01.md | blocks 3555 | 335m | 11 blk/min | 12 links to repair
[243/673] ok Authors/Austen/Atomized/Mansfield_Park/Chapter_24/part_02.md | blocks 3564 | 335m | 11 blk/min | 15 links to repair
[244/673] ok Authors/Austen/Atomized/Mansfield_Park/Chapter_23/part_03.md | blocks 3587 | 336m | 11 blk/min | 14 links to repair
[245/673] ok Authors/Austen/Atomized/Mansfield_Park/Chapter_24/part_03.md | blocks 3594 | 337m | 11 blk/min | 8 links to repair
[246/673] ok Authors/Austen/Atomized/Mansfield_Park/Chapter_25/part_01.md | blocks 3610 | 339m | 11 blk/min | 17 links to repair
REJECT Authors/Austen/Atomized/Mansfield_Park/Chapter_25/part_03.md: leftover mask token(s): 1 (e.g. [[L03..)
[248/673] ok Authors/Austen/Atomized/Mansfield_Park/Chapter_25/part_02.md | blocks 3627 | 342m | 11 blk/min | 17 links to repair
REJECT Authors/Austen/Atomized/Mansfield_Park/Chapter_26/part_03.md: leftover mask token(s): 1 (e.g. [[L01..)
[250/673] ok Authors/Austen/Atomized/Mansfield_Park/Chapter_25/part_04.md | blocks 3654 | 343m | 11 blk/min | 16 links to repair
REJECT Authors/Austen/Atomized/Mansfield_Park/Chapter_26/part_01.md: leftover mask token(s): 2 (e.g. [[L02..)
REJECT Authors/Austen/Atomized/Mansfield_Park/Chapter_26/part_02.md: leftover mask token(s): 1 (e.g. [[L02..)
[253/673] ok Authors/Austen/Atomized/Mansfield_Park/Chapter_27/part_01.md | blocks 3673 | 348m | 11 blk/min | 12 links to repair
[254/673] ok Authors/Austen/Atomized/Mansfield_Park/Chapter_27/part_02.md | blocks 3681 | 348m | 11 blk/min | 16 links to repair
[255/673] ok Authors/Austen/Atomized/Mansfield_Park/Chapter_27/part_03.md | blocks 3702 | 350m | 11 blk/min | 12 links to repair
[256/673] ok Authors/Austen/Atomized/Mansfield_Park/Chapter_28/part_03.md | blocks 3718 | 351m | 11 blk/min | 15 links to repair
[257/673] ok Authors/Austen/Atomized/Mansfield_Park/Chapter_28/part_01.md | blocks 3730 | 351m | 11 blk/min | 10 links to repair
REJECT Authors/Austen/Atomized/Mansfield_Park/Chapter_28/part_02.md: leftover mask token(s): 1 (e.g. [[L03..)
[259/673] ok Authors/Austen/Atomized/Mansfield_Park/Chapter_29/part_03.md | blocks 3748 | 353m | 11 blk/min | 7 links to repair
[260/673] ok Authors/Austen/Atomized/Mansfield_Park/Chapter_29/part_01.md | blocks 3762 | 355m | 11 blk/min | 16 links to repair
[261/673] ok Authors/Austen/Atomized/Mansfield_Park/Chapter_29/part_02.md | blocks 3776 | 356m | 11 blk/min | 12 links to repair
[262/673] ok Authors/Austen/Atomized/Mansfield_Park/Chapter_30/part_02.md | blocks 3797 | 357m | 11 blk/min | 11 links to repair
[263/673] ok Authors/Austen/Atomized/Mansfield_Park/Chapter_30/part_01.md | blocks 3815 | 358m | 11 blk/min | 17 links to repair
REJECT Authors/Austen/Atomized/Mansfield_Park/Chapter_31/part_02.md: leftover mask token(s): 1 (e.g. [[L01..)
[265/673] ok Authors/Austen/Atomized/Mansfield_Park/Chapter_31/part_01.md | blocks 3825 | 360m | 11 blk/min | 5 links to repair
[266/673] ok Authors/Austen/Atomized/Mansfield_Park/Chapter_31/part_03.md | blocks 3845 | 360m | 11 blk/min | 6 links to repair
[267/673] ok Authors/Austen/Atomized/Mansfield_Park/Chapter_32/part_01.md | blocks 3864 | 363m | 11 blk/min | 7 links to repair
[268/673] ok Authors/Austen/Atomized/Mansfield_Park/Chapter_32/part_02.md | blocks 3888 | 363m | 11 blk/min | 8 links to repair
[269/673] ok Authors/Austen/Atomized/Mansfield_Park/Chapter_32/part_03.md | blocks 3897 | 363m | 11 blk/min | 17 links to repair
[270/673] ok Authors/Austen/Atomized/Mansfield_Park/Chapter_32/part_05.md | blocks 3904 | 364m | 11 blk/min | 3 links to repair
REJECT Authors/Austen/Atomized/Mansfield_Park/Chapter_32/part_04.md: leftover mask token(s): 2 (e.g. [[L03..)
[272/673] ok Authors/Austen/Atomized/Mansfield_Park/Chapter_33/part_02.md | blocks 3916 | 366m | 11 blk/min | 18 links to repair
REJECT Authors/Austen/Atomized/Mansfield_Park/Chapter_33/part_03.md: leftover mask token(s): 1 (e.g. [[L02..)
REJECT Authors/Austen/Atomized/Mansfield_Park/Chapter_33/part_01.md: leftover mask token(s): 2 (e.g. [[L01..)
[275/673] ok Authors/Austen/Atomized/Mansfield_Park/Chapter_34/part_04.md | blocks 3922 | 370m | 11 blk/min | 7 links to repair
REJECT Authors/Austen/Atomized/Mansfield_Park/Chapter_34/part_01.md: leftover mask token(s): 1 (e.g. [[L06..)
[277/673] ok Authors/Austen/Atomized/Mansfield_Park/Chapter_34/part_02.md | blocks 3938 | 370m | 11 blk/min | 9 links to repair
REJECT Authors/Austen/Atomized/Mansfield_Park/Chapter_34/part_03.md: leftover mask token(s): 1 (e.g. [[L02..)
[279/673] ok Authors/Austen/Atomized/Mansfield_Park/Chapter_36/part_01.md | blocks 3950 | 374m | 11 blk/min | 9 links to repair
REJECT Authors/Austen/Atomized/Mansfield_Park/Chapter_35/part_01.md: leftover mask token(s): 2 (e.g. [[L02..)
REJECT Authors/Austen/Atomized/Mansfield_Park/Chapter_35/part_02.md: leftover mask token(s): 1 (e.g. [[L05..)
[282/673] ok Authors/Austen/Atomized/Mansfield_Park/Chapter_35/part_03.md | blocks 3973 | 376m | 11 blk/min | 7 links to repair
[283/673] ok Authors/Austen/Atomized/Mansfield_Park/Chapter_36/part_02.md | blocks 3982 | 376m | 11 blk/min | 22 links to repair
REJECT Authors/Austen/Atomized/Mansfield_Park/Chapter_36/part_03.md: leftover mask token(s): 1 (e.g. [[L01..)
REJECT Authors/Austen/Atomized/Mansfield_Park/Chapter_37/part_01.md: leftover mask token(s): 1 (e.g. [[L02..)
[286/673] ok Authors/Austen/Atomized/Mansfield_Park/Chapter_37/part_03.md | blocks 3995 | 380m | 11 blk/min | 12 links to repair
[287/673] ok Authors/Austen/Atomized/Mansfield_Park/Chapter_37/part_02.md | blocks 4006 | 380m | 11 blk/min | 4 links to repair
REJECT Authors/Austen/Atomized/Mansfield_Park/Chapter_38/part_01.md: leftover mask token(s): 1 (e.g. [[L03..)
[289/673] ok Authors/Austen/Atomized/Mansfield_Park/Chapter_38/part_02.md | blocks 4022 | 383m | 11 blk/min | 14 links to repair
[290/673] ok Authors/Austen/Atomized/Mansfield_Park/Chapter_38/part_03.md | blocks 4034 | 384m | 10 blk/min | 10 links to repair
[291/673] ok Authors/Austen/Atomized/Mansfield_Park/Chapter_40/part_01.md | blocks 4041 | 385m | 10 blk/min | 20 links to repair
REJECT Authors/Austen/Atomized/Mansfield_Park/Chapter_38/part_04.md: leftover mask token(s): 1 (e.g. [[L01..)
[293/673] ok Authors/Austen/Atomized/Mansfield_Park/Chapter_41/part_02.md | blocks 4048 | 387m | 10 blk/min | 10 links to repair
[294/673] ok Authors/Austen/Atomized/Mansfield_Park/Chapter_39.md | blocks 4063 | 388m | 10 blk/min | 19 links to repair
[295/673] ok Authors/Austen/Atomized/Mansfield_Park/Chapter_40/part_02.md | blocks 4071 | 388m | 10 blk/min | 8 links to repair
[296/673] ok Authors/Austen/Atomized/Mansfield_Park/Chapter_41/part_03.md | blocks 4080 | 390m | 10 blk/min | 9 links to repair
[297/673] ok Authors/Austen/Atomized/Mansfield_Park/Chapter_42/part_02.md | blocks 4098 | 390m | 11 blk/min | 9 links to repair
[298/673] ok Authors/Austen/Atomized/Mansfield_Park/Chapter_41/part_01.md | blocks 4112 | 390m | 11 blk/min | 12 links to repair
[299/673] ok Authors/Austen/Atomized/Mansfield_Park/Chapter_44/part_01.md | blocks 4117 | 390m | 11 blk/min | 28 links to repair
[300/673] ok Authors/Austen/Atomized/Mansfield_Park/Chapter_42/part_01.md | blocks 4136 | 391m | 11 blk/min | 9 links to repair
[301/673] ok Authors/Austen/Atomized/Mansfield_Park/Chapter_43.md | blocks 4149 | 394m | 11 blk/min | 17 links to repair
[302/673] ok Authors/Austen/Atomized/Mansfield_Park/Chapter_45/part_02.md | blocks 4155 | 395m | 11 blk/min | 17 links to repair
REJECT Authors/Austen/Atomized/Mansfield_Park/Chapter_45/part_01.md: leftover mask token(s): 3 (e.g. [[L04..)
[304/673] ok Authors/Austen/Atomized/Mansfield_Park/Chapter_45/part_03.md | blocks 4160 | 398m | 10 blk/min | 6 links to repair
[305/673] ok Authors/Austen/Atomized/Mansfield_Park/Chapter_46/part_01.md | blocks 4177 | 399m | 10 blk/min | 2 links to repair
[306/673] ok Authors/Austen/Atomized/Mansfield_Park/Chapter_44/part_02.md | blocks 4192 | 399m | 11 blk/min | 12 links to repair
[307/673] ok Authors/Austen/Atomized/Mansfield_Park/Chapter_46/part_02.md | blocks 4203 | 403m | 10 blk/min | 14 links to repair
[308/673] ok Authors/Austen/Atomized/Mansfield_Park/Chapter_47/part_01.md | blocks 4215 | 403m | 10 blk/min | 14 links to repair
[309/673] ok Authors/Austen/Atomized/Mansfield_Park/Chapter_47/part_02.md | blocks 4225 | 404m | 10 blk/min | 27 links to repair
REJECT Authors/Austen/Atomized/Mansfield_Park/Chapter_46/part_03.md: leftover mask token(s): 2 (e.g. [[L01..)
[311/673] ok Authors/Austen/Atomized/Mansfield_Park/Chapter_47/part_04.md | blocks 4229 | 407m | 10 blk/min | 11 links to repair
[312/673] ok Authors/Austen/Atomized/Mansfield_Park/Chapter_47/part_03.md | blocks 4243 | 407m | 10 blk/min | 17 links to repair
[313/673] ok Authors/Austen/Atomized/Mansfield_Park/Chapter_48/part_01.md | blocks 4255 | 410m | 10 blk/min | 9 links to repair
[314/673] ok Authors/Austen/Atomized/Northanger_Abbey/Chapter_01.md | blocks 4272 | 411m | 10 blk/min
[315/673] ok Authors/Austen/Atomized/Mansfield_Park/Chapter_48/part_03.md | blocks 4280 | 412m | 10 blk/min | 13 links to repair
[316/673] ok Authors/Austen/Atomized/Mansfield_Park/Chapter_48/part_02.md | blocks 4291 | 412m | 10 blk/min | 7 links to repair
[317/673] ok Authors/Austen/Atomized/Mansfield_Park/Chapter_48/part_04.md | blocks 4303 | 412m | 10 blk/min | 15 links to repair
REJECT Authors/Austen/Atomized/Northanger_Abbey/Chapter_03/part_01.md: leftover mask token(s): 1 (e.g. [[L01..)
REJECT Authors/Austen/Atomized/Northanger_Abbey/Chapter_02.md: leftover mask token(s): 1 (e.g. [[L02..)
REJECT Authors/Austen/Atomized/Northanger_Abbey/Chapter_03/part_02.md: leftover mask token(s): 2 (e.g. [[L01..)
REJECT Authors/Austen/Atomized/Northanger_Abbey/Chapter_04.md: leftover mask token(s): 1 (e.g. [[L01..)
[322/673] ok Authors/Austen/Atomized/Northanger_Abbey/Chapter_05.md | blocks 4418 | 417m | 11 blk/min | 10 links to repair
[323/673] ok Authors/Austen/Atomized/Northanger_Abbey/Chapter_06.md | blocks 4527 | 418m | 11 blk/min | 3 links to repair
REJECT Authors/Austen/Atomized/Northanger_Abbey/Chapter_07.md: leftover mask token(s): 3 (e.g. [[L01..)
[325/673] ok Authors/Austen/Atomized/Northanger_Abbey/Chapter_08/part_03.md | blocks 4595 | 420m | 11 blk/min | 3 links to repair
REJECT Authors/Austen/Atomized/Northanger_Abbey/Chapter_08/part_01.md: leftover mask token(s): 2 (e.g. [[L01..)
[327/673] ok Authors/Austen/Atomized/Northanger_Abbey/Chapter_08/part_02.md | blocks 4693 | 420m | 11 blk/min | 3 links to repair
REJECT Authors/Austen/Atomized/Northanger_Abbey/Chapter_09/part_03.md: leftover mask token(s): 1 (e.g. [[L01..)
REJECT Authors/Austen/Atomized/Northanger_Abbey/Chapter_09/part_01.md: leftover mask token(s): 2 (e.g. [[L01..)
[330/673] ok Authors/Austen/Atomized/Northanger_Abbey/Chapter_09/part_02.md | blocks 4784 | 422m | 11 blk/min | 6 links to repair
REJECT Authors/Austen/Atomized/Northanger_Abbey/Chapter_10/part_01.md: leftover mask token(s): 1 (e.g. [[L01..)
REJECT Authors/Austen/Atomized/Northanger_Abbey/Chapter_10/part_02.md: leftover mask token(s): 2 (e.g. [[L02..)
REJECT Authors/Austen/Atomized/Northanger_Abbey/Chapter_11/part_01.md: leftover mask token(s): 1 (e.g. [[L01..)
REJECT Authors/Austen/Atomized/Northanger_Abbey/Chapter_10/part_03.md: leftover mask token(s): 2 (e.g. [[L01..)
[335/673] ok Authors/Austen/Atomized/Northanger_Abbey/Chapter_11/part_02.md | blocks 4875 | 426m | 11 blk/min | 9 links to repair
REJECT Authors/Austen/Atomized/Northanger_Abbey/Chapter_11/part_03.md: leftover mask token(s): 2 (e.g. [[L02..)
REJECT Authors/Austen/Atomized/Northanger_Abbey/Chapter_11/part_04.md: leftover mask token(s): 1 (e.g. [[L01..)
[338/673] ok Authors/Austen/Atomized/Northanger_Abbey/Chapter_12/part_01.md | blocks 4971 | 428m | 12 blk/min | 9 links to repair
REJECT Authors/Austen/Atomized/Northanger_Abbey/Chapter_12/part_02.md: leftover mask token(s): 2 (e.g. [[L01..)
REJECT Authors/Austen/Atomized/Northanger_Abbey/Chapter_12/part_03.md: leftover mask token(s): 1 (e.g. [[L02..)
[341/673] ok Authors/Austen/Atomized/Northanger_Abbey/Chapter_14/part_01.md | blocks 5061 | 431m | 12 blk/min | 4 links to repair
[342/673] ok Authors/Austen/Atomized/Northanger_Abbey/Chapter_14/part_02.md | blocks 5156 | 432m | 12 blk/min | 8 links to repair
[343/673] ok Authors/Austen/Atomized/Northanger_Abbey/Chapter_14/part_03.md | blocks 5244 | 432m | 12 blk/min | 5 links to repair
REJECT Authors/Austen/Atomized/Northanger_Abbey/Chapter_13.md: leftover mask token(s): 1 (e.g. [[L01..)
[345/673] ok Authors/Austen/Atomized/Northanger_Abbey/Chapter_15/part_01.md | blocks 5339 | 434m | 12 blk/min | 6 links to repair
[346/673] ok Authors/Austen/Atomized/Northanger_Abbey/Chapter_15/part_02.md | blocks 5427 | 434m | 12 blk/min | 11 links to repair
REJECT Authors/Austen/Atomized/Northanger_Abbey/Chapter_16/part_01.md: leftover mask token(s): 1 (e.g. [[L01..)
REJECT Authors/Austen/Atomized/Northanger_Abbey/Chapter_15/part_03.md: leftover mask token(s): 2 (e.g. [[L01..)
[349/673] ok Authors/Austen/Atomized/Northanger_Abbey/Chapter_16/part_02.md | blocks 5519 | 437m | 13 blk/min | 3 links to repair
REJECT Authors/Austen/Atomized/Northanger_Abbey/Chapter_16/part_03.md: leftover mask token(s): 4 (e.g. [[L01..)
FAIL Authors/Austen/Atomized/Northanger_Abbey/Chapter_17/part_02.md: fabricated output: 62 chars EN -> 261 chars IT
[352/673] ok Authors/Austen/Atomized/Northanger_Abbey/Chapter_17/part_03.md | blocks 5579 | 438m | 13 blk/min | 2 links to repair
REJECT Authors/Austen/Atomized/Northanger_Abbey/Chapter_17/part_01.md: leftover mask token(s): 1 (e.g. [[L01..)
[354/673] ok Authors/Austen/Atomized/Northanger_Abbey/Chapter_21/part_01.md | blocks 5668 | 441m | 13 blk/min | 2 links to repair
REJECT Authors/Austen/Atomized/Northanger_Abbey/Chapter_18.md: leftover mask token(s): 1 (e.g. [[L01..)
REJECT Authors/Austen/Atomized/Northanger_Abbey/Chapter_20.md: leftover mask token(s): 3 (e.g. [[L02..)
REJECT Authors/Austen/Atomized/Northanger_Abbey/Chapter_19.md: leftover mask token(s): 6 (e.g. [[L02..)
REJECT Authors/Austen/Atomized/Northanger_Abbey/Chapter_21/part_02.md: leftover mask token(s): 3 (e.g. [[L01..)
REJECT Authors/Austen/Atomized/Northanger_Abbey/Chapter_21/part_03.md: leftover mask token(s): 1 (e.g. [[L01..)
[360/673] ok Authors/Austen/Atomized/Northanger_Abbey/Chapter_22/part_01.md | blocks 5757 | 445m | 13 blk/min | 2 links to repair
REJECT Authors/Austen/Atomized/Northanger_Abbey/Chapter_22/part_02.md: leftover mask token(s): 3 (e.g. [[L01..)
[362/673] ok Authors/Austen/Atomized/Northanger_Abbey/Chapter_22/part_03.md | blocks 5836 | 446m | 13 blk/min | 3 links to repair
[363/673] ok Authors/Austen/Atomized/Northanger_Abbey/Chapter_23/part_01.md | blocks 5925 | 447m | 13 blk/min | 10 links to repair
REJECT Authors/Austen/Atomized/Northanger_Abbey/Chapter_23/part_02.md: leftover mask token(s): 1 (e.g. [[L01..)
[365/673] ok Authors/Austen/Atomized/Northanger_Abbey/Chapter_24/part_01.md | blocks 6014 | 449m | 13 blk/min | 7 links to repair
REJECT Authors/Austen/Atomized/Northanger_Abbey/Chapter_24/part_03.md: leftover mask token(s): 1 (e.g. [[L01..)
REJECT Authors/Austen/Atomized/Northanger_Abbey/Chapter_24/part_02.md: leftover mask token(s): 1 (e.g. [[L01..)
[368/673] ok Authors/Austen/Atomized/Northanger_Abbey/Chapter_23/part_03.md | blocks 6135 | 450m | 14 blk/min | 13 links to repair
REJECT Authors/Austen/Atomized/Northanger_Abbey/Chapter_25/part_01.md: leftover mask token(s): 3 (e.g. [[L01..)
[370/673] ok Authors/Austen/Atomized/Northanger_Abbey/Chapter_25/part_03.md | blocks 6205 | 452m | 14 blk/min | 8 links to repair
[371/673] ok Authors/Austen/Atomized/Northanger_Abbey/Chapter_25/part_02.md | blocks 6297 | 453m | 14 blk/min | 5 links to repair
[372/673] ok Authors/Austen/Atomized/Northanger_Abbey/Chapter_26/part_01.md | blocks 6385 | 453m | 14 blk/min | 4 links to repair
REJECT Authors/Austen/Atomized/Northanger_Abbey/Chapter_26/part_03.md: leftover mask token(s): 2 (e.g. [[L01..)
REJECT Authors/Austen/Atomized/Northanger_Abbey/Chapter_26/part_02.md: leftover mask token(s): 1 (e.g. [[L01..)
REJECT Authors/Austen/Atomized/Northanger_Abbey/Chapter_27/part_01.md: leftover mask token(s): 2 (e.g. [[L01..)
REJECT Authors/Austen/Atomized/Northanger_Abbey/Chapter_27/part_02.md: leftover mask token(s): 2 (e.g. [[L01..)
[377/673] ok Authors/Austen/Atomized/Northanger_Abbey/Chapter_27/part_03.md | blocks 6428 | 455m | 14 blk/min | 3 links to repair
REJECT Authors/Austen/Atomized/Northanger_Abbey/Chapter_29/part_01.md: leftover mask token(s): 1 (e.g. [[L02..)
REJECT Authors/Austen/Atomized/Northanger_Abbey/Chapter_28.md: leftover mask token(s): 3 (e.g. [[L01..)
REJECT Authors/Austen/Atomized/Northanger_Abbey/Chapter_29/part_02.md: leftover mask token(s): 1 (e.g. [[L02..)
REJECT Authors/Austen/Atomized/Northanger_Abbey/Chapter_29/part_03.md: leftover mask token(s): 2 (e.g. [[L01..)
REJECT Authors/Austen/Atomized/Northanger_Abbey/Chapter_29/part_04.md: leftover mask token(s): 1 (e.g. [[L01..)
[383/673] ok Authors/Austen/Atomized/Northanger_Abbey/Chapter_30/part_01.md | blocks 6515 | 460m | 14 blk/min | 6 links to repair
REJECT Authors/Austen/Atomized/Northanger_Abbey/Chapter_30/part_02.md: leftover mask token(s): 3 (e.g. [[L01..)
REJECT Authors/Austen/Atomized/Northanger_Abbey/Chapter_31/part_01.md: leftover mask token(s): 2 (e.g. [[L01..)
[386/673] ok Authors/Austen/Atomized/Northanger_Abbey/Chapter_30/part_03.md | blocks 6633 | 462m | 14 blk/min | 8 links to repair
REJECT Authors/Austen/Atomized/Northanger_Abbey/Chapter_31/part_02.md: leftover mask token(s): 1 (e.g. [[L01..)
[388/673] ok Authors/Austen/Atomized/Northanger_Abbey/Chapter_31/part_03.md | blocks 6713 | 463m | 14 blk/min | 4 links to repair
[389/673] ok Authors/Austen/Atomized/Persuasion/Chapter_01/part_01.md | blocks 6806 | 465m | 15 blk/min
REJECT Authors/Austen/Atomized/Northanger_Abbey/Chapter_32.md: leftover mask token(s): 2 (e.g. [[L01..)
REJECT Authors/Austen/Atomized/Persuasion/Chapter_01/part_03.md: leftover mask token(s): 1 (e.g. [[L01..)
REJECT Authors/Austen/Atomized/Persuasion/Chapter_01/part_02.md: leftover mask token(s): 3 (e.g. [[L01..)
[393/673] ok Authors/Austen/Atomized/Persuasion/Chapter_03/part_01.md | blocks 6899 | 468m | 15 blk/min | 6 links to repair
REJECT Authors/Austen/Atomized/Persuasion/Chapter_03/part_02.md: leftover mask token(s): 1 (e.g. [[L01..)
REJECT Authors/Austen/Atomized/Persuasion/Chapter_03/part_03.md: leftover mask token(s): 1 (e.g. [[L01..)
REJECT Authors/Austen/Atomized/Persuasion/Chapter_02.md: leftover mask token(s): 4 (e.g. [[L01..)
REJECT Authors/Austen/Atomized/Persuasion/Chapter_05/part_01.md: leftover mask token(s): 2 (e.g. [[L02..)
[398/673] ok Authors/Austen/Atomized/Persuasion/Chapter_05/part_02.md | blocks 6988 | 471m | 15 blk/min | 7 links to repair
REJECT Authors/Austen/Atomized/Persuasion/Chapter_04.md: leftover mask token(s): 3 (e.g. [[L01..)
REJECT Authors/Austen/Atomized/Persuasion/Chapter_05/part_03.md: leftover mask token(s): 1 (e.g. [[L01..)
REJECT Authors/Austen/Atomized/Persuasion/Chapter_06/part_01.md: leftover mask token(s): 2 (e.g. [[L01..)
REJECT Authors/Austen/Atomized/Persuasion/Chapter_06/part_02.md: leftover mask token(s): 1 (e.g. [[L01..)
REJECT Authors/Austen/Atomized/Persuasion/Chapter_06/part_04.md: leftover mask token(s): 1 (e.g. [[L01..)
REJECT Authors/Austen/Atomized/Persuasion/Chapter_06/part_03.md: leftover mask token(s): 1 (e.g. [[L02..)
REJECT Authors/Austen/Atomized/Persuasion/Chapter_07/part_01.md: leftover mask token(s): 2 (e.g. [[L01..)
REJECT Authors/Austen/Atomized/Persuasion/Chapter_07/part_02.md: leftover mask token(s): 2 (e.g. [[L02..)
REJECT Authors/Austen/Atomized/Persuasion/Chapter_07/part_03.md: leftover mask token(s): 3 (e.g. [[L01..)
REJECT Authors/Austen/Atomized/Persuasion/Chapter_08/part_01.md: leftover mask token(s): 2 (e.g. [[L01..)
REJECT Authors/Austen/Atomized/Persuasion/Chapter_08/part_02.md: leftover mask token(s): 2 (e.g. [[L01..)
REJECT Authors/Austen/Atomized/Persuasion/Chapter_08/part_03.md: leftover mask token(s): 1 (e.g. [[L01..)
REJECT Authors/Austen/Atomized/Persuasion/Chapter_09/part_01.md: leftover mask token(s): 1 (e.g. [[L01..)
[412/673] ok Authors/Austen/Atomized/Persuasion/Chapter_09/part_02.md | blocks 7077 | 482m | 15 blk/min | 5 links to repair
REJECT Authors/Austen/Atomized/Persuasion/Chapter_09/part_03.md: leftover mask token(s): 1 (e.g. [[L01..)
[414/673] ok Authors/Austen/Atomized/Persuasion/Chapter_10/part_01.md | blocks 7166 | 483m | 15 blk/min | 8 links to repair
[415/673] ok Authors/Austen/Atomized/Persuasion/Chapter_10/part_04.md | blocks 7234 | 484m | 15 blk/min | 4 links to repair
REJECT Authors/Austen/Atomized/Persuasion/Chapter_10/part_02.md: leftover mask token(s): 1 (e.g. [[L01..)
REJECT Authors/Austen/Atomized/Persuasion/Chapter_10/part_03.md: leftover mask token(s): 3 (e.g. [[L01..)
REJECT Authors/Austen/Atomized/Persuasion/Chapter_11/part_01.md: leftover mask token(s): 2 (e.g. [[L01..)
REJECT Authors/Austen/Atomized/Persuasion/Chapter_11/part_02.md: leftover mask token(s): 1 (e.g. [[L01..)
[420/673] ok Authors/Austen/Atomized/Persuasion/Chapter_11/part_03.md | blocks 7328 | 487m | 15 blk/min | 3 links to repair
REJECT Authors/Austen/Atomized/Persuasion/Chapter_12/part_01.md: leftover mask token(s): 1 (e.g. [[L01..)
REJECT Authors/Austen/Atomized/Persuasion/Chapter_12/part_02.md: leftover mask token(s): 1 (e.g. [[L01..)
REJECT Authors/Austen/Atomized/Persuasion/Chapter_12/part_03.md: invented wikilink targets: ['Capitano Benwick']; leftover mask token(s): 2 (e.g. [[L01..)
REJECT Authors/Austen/Atomized/Persuasion/Chapter_12/part_04.md: leftover mask token(s): 1 (e.g. [[L01..)
REJECT Authors/Austen/Atomized/Persuasion/Chapter_12/part_05.md: leftover mask token(s): 1 (e.g. [[L01..)
REJECT Authors/Austen/Atomized/Persuasion/Chapter_13/part_01.md: leftover mask token(s): 1 (e.g. [[L02..)
REJECT Authors/Austen/Atomized/Persuasion/Chapter_13/part_03.md: leftover mask token(s): 1 (e.g. [[L01..)
REJECT Authors/Austen/Atomized/Persuasion/Chapter_13/part_02.md: leftover mask token(s): 3 (e.g. [[L01..)
REJECT Authors/Austen/Atomized/Persuasion/Chapter_14/part_03.md: leftover mask token(s): 1 (e.g. [[L01..)
REJECT Authors/Austen/Atomized/Persuasion/Chapter_14/part_01.md: leftover mask token(s): 1 (e.g. [[L01..)
REJECT Authors/Austen/Atomized/Persuasion/Chapter_14/part_02.md: leftover mask token(s): 1 (e.g. [[L02..)
[432/673] ok Authors/Austen/Atomized/Persuasion/Chapter_15/part_01.md | blocks 7419 | 496m | 15 blk/min | 7 links to repair
REJECT Authors/Austen/Atomized/Persuasion/Chapter_15/part_03.md: leftover mask token(s): 1 (e.g. [[L01..)
REJECT Authors/Austen/Atomized/Persuasion/Chapter_15/part_02.md: leftover mask token(s): 1 (e.g. [[L01..)
REJECT Authors/Austen/Atomized/Persuasion/Chapter_16/part_01.md: leftover mask token(s): 1 (e.g. [[L01..)
REJECT Authors/Austen/Atomized/Persuasion/Chapter_17/part_01.md: leftover mask token(s): 2 (e.g. [[L01..)
REJECT Authors/Austen/Atomized/Persuasion/Chapter_17/part_02.md: leftover mask token(s): 1 (e.g. [[L01..)
REJECT Authors/Austen/Atomized/Persuasion/Chapter_16/part_02.md: leftover mask token(s): 1 (e.g. [[L01..)
[439/673] ok Authors/Austen/Atomized/Persuasion/Chapter_17/part_04.md | blocks 7461 | 500m | 15 blk/min | 5 links to repair
[440/673] ok Authors/Austen/Atomized/Persuasion/Chapter_17/part_03.md | blocks 7550 | 501m | 15 blk/min | 11 links to repair
REJECT Authors/Austen/Atomized/Persuasion/Chapter_18/part_02.md: leftover mask token(s): 1 (e.g. [[L01..)
REJECT Authors/Austen/Atomized/Persuasion/Chapter_18/part_01.md: leftover mask token(s): 1 (e.g. [[L01..)
REJECT Authors/Austen/Atomized/Persuasion/Chapter_18/part_03.md: leftover mask token(s): 1 (e.g. [[L01..)
REJECT Authors/Austen/Atomized/Persuasion/Chapter_18/part_04.md: leftover mask token(s): 1 (e.g. [[L01..)
FAIL Authors/Austen/Atomized/Persuasion/Chapter_20/part_02.md: fabricated output: 65 chars EN -> 230 chars IT
[446/673] ok Authors/Austen/Atomized/Persuasion/Chapter_19/part_01.md | blocks 7641 | 505m | 15 blk/min | 3 links to repair
REJECT Authors/Austen/Atomized/Persuasion/Chapter_20/part_01.md: leftover mask token(s): 1 (e.g. [[L01..)
REJECT Authors/Austen/Atomized/Persuasion/Chapter_19/part_02.md: leftover mask token(s): 2 (e.g. [[L01..)
REJECT Authors/Austen/Atomized/Persuasion/Chapter_21/part_01.md: leftover mask token(s): 3 (e.g. [[L01..)
REJECT Authors/Austen/Atomized/Persuasion/Chapter_20/part_03.md: leftover mask token(s): 3 (e.g. [[L01..)
[451/673] ok Authors/Austen/Atomized/Persuasion/Chapter_21/part_02.md | blocks 7735 | 509m | 15 blk/min | 4 links to repair
REJECT Authors/Austen/Atomized/Persuasion/Chapter_21/part_03.md: leftover mask token(s): 3 (e.g. [[L01..)
REJECT Authors/Austen/Atomized/Persuasion/Chapter_21/part_07.md: leftover mask token(s): 1 (e.g. [[L01..)
[454/673] ok Authors/Austen/Atomized/Persuasion/Chapter_21/part_04.md | blocks 7829 | 511m | 15 blk/min | 3 links to repair
REJECT Authors/Austen/Atomized/Persuasion/Chapter_21/part_05.md: leftover mask token(s): 2 (e.g. [[L01..)
[456/673] ok Authors/Austen/Atomized/Persuasion/Chapter_21/part_06.md | blocks 7918 | 511m | 15 blk/min | 4 links to repair
REJECT Authors/Austen/Atomized/Persuasion/Chapter_22/part_02.md: leftover mask token(s): 2 (e.g. [[L02..)
REJECT Authors/Austen/Atomized/Persuasion/Chapter_22/part_01.md: leftover mask token(s): 3 (e.g. [[L01..)
REJECT Authors/Austen/Atomized/Persuasion/Chapter_22/part_03.md: leftover mask token(s): 4 (e.g. [[L01..)
REJECT Authors/Austen/Atomized/Persuasion/Chapter_22/part_04.md: leftover mask token(s): 1 (e.g. [[L01..)
[461/673] ok Authors/Austen/Atomized/Persuasion/Chapter_22/part_06.md | blocks 7978 | 515m | 15 blk/min | 2 links to repair
REJECT Authors/Austen/Atomized/Persuasion/Chapter_22/part_05.md: leftover mask token(s): 1 (e.g. [[L01..)
REJECT Authors/Austen/Atomized/Persuasion/Chapter_23/part_01.md: leftover mask token(s): 1 (e.g. [[L01..)
[464/673] ok Authors/Austen/Atomized/Persuasion/Chapter_23/part_02.md | blocks 8070 | 517m | 16 blk/min | 8 links to repair
[465/673] ok Authors/Austen/Atomized/Persuasion/Chapter_23/part_03.md | blocks 8160 | 518m | 16 blk/min | 7 links to repair
REJECT Authors/Austen/Atomized/Persuasion/Chapter_23/part_04.md: leftover mask token(s): 1 (e.g. [[L01..)
[467/673] ok Authors/Austen/Atomized/Persuasion/Chapter_23/part_05.md | blocks 8251 | 519m | 16 blk/min | 1 links to repair
REJECT Authors/Austen/Atomized/Persuasion/Chapter_23/part_06.md: leftover mask token(s): 2 (e.g. [[L01..)
[469/673] ok Authors/Austen/Atomized/Pride_and_Prejudice/Chapter_01.md | blocks 8296 | 520m | 16 blk/min | 6 links to repair
[470/673] ok Authors/Austen/Atomized/Pride_and_Prejudice/Chapter_02.md | blocks 8330 | 520m | 16 blk/min | 8 links to repair
REJECT Authors/Austen/Atomized/Persuasion/Chapter_24.md: leftover mask token(s): 2 (e.g. [[L01..)
[472/673] ok Authors/Austen/Atomized/Pride_and_Prejudice/Chapter_04.md | blocks 8351 | 523m | 16 blk/min | 10 links to repair
REJECT Authors/Austen/Atomized/Pride_and_Prejudice/Chapter_05.md: leftover mask token(s): 1 (e.g. [[L01..)
Exception in thread Thread-3:
Traceback (most recent call last):
  File "/Library/Developer/CommandLineTools/Library/Frameworks/Python3.framework/Versions/3.9/lib/python3.9/threading.py", line 973, in _bootstrap_inner
    self.run()
  File "/Library/Developer/CommandLineTools/Library/Frameworks/Python3.framework/Versions/3.9/lib/python3.9/threading.py", line 910, in run
    self._target(*self._args, **self._kwargs)
  File "/Users/g.borghi/Library/CloudStorage/Dropbox/insegnamento/Wiligelmo/SubjectBrain/English/quartz-eng-lit/scripts/translate/run_dickens_hy.py", line 208, in worker
    q.task_done()
  File "/Library/Developer/CommandLineTools/Library/Frameworks/Python3.framework/Versions/3.9/lib/python3.9/queue.py", line 75, in task_done
    raise ValueError('task_done() called too many times')
ValueError: task_done() called too many times
REJECT Authors/Austen/Atomized/Pride_and_Prejudice/Chapter_03.md: leftover mask token(s): 1 (e.g. [[L02..)
FAIL Authors/Austen/Atomized/Pride_and_Prejudice/Chapter_03.md: task_done() called too many times
Exception in thread Thread-4:
Traceback (most recent call last):
  File "/Library/Developer/CommandLineTools/Library/Frameworks/Python3.framework/Versions/3.9/lib/python3.9/threading.py", line 973, in _bootstrap_inner
    self.run()
  File "/Library/Developer/CommandLineTools/Library/Frameworks/Python3.framework/Versions/3.9/lib/python3.9/threading.py", line 910, in run
    self._target(*self._args, **self._kwargs)
  File "/Users/g.borghi/Library/CloudStorage/Dropbox/insegnamento/Wiligelmo/SubjectBrain/English/quartz-eng-lit/scripts/translate/run_dickens_hy.py", line 208, in worker
    q.task_done()
  File "/Library/Developer/CommandLineTools/Library/Frameworks/Python3.framework/Versions/3.9/lib/python3.9/queue.py", line 75, in task_done
    raise ValueError('task_done() called too many times')
ValueError: task_done() called too many times
[476/673] ok Authors/Austen/Atomized/Pride_and_Prejudice/Chapter_06/part_01.md | blocks 8368 | 525m | 16 blk/min | 9 links to repair
Exception in thread Thread-2:
Traceback (most recent call last):
  File "/Library/Developer/CommandLineTools/Library/Frameworks/Python3.framework/Versions/3.9/lib/python3.9/threading.py", line 973, in _bootstrap_inner
    self.run()
  File "/Library/Developer/CommandLineTools/Library/Frameworks/Python3.framework/Versions/3.9/lib/python3.9/threading.py", line 910, in run
    self._target(*self._args, **self._kwargs)
  File "/Users/g.borghi/Library/CloudStorage/Dropbox/insegnamento/Wiligelmo/SubjectBrain/English/quartz-eng-lit/scripts/translate/run_dickens_hy.py", line 208, in worker
    q.task_done()
  File "/Library/Developer/CommandLineTools/Library/Frameworks/Python3.framework/Versions/3.9/lib/python3.9/queue.py", line 75, in task_done
    raise ValueError('task_done() called too many times')
ValueError: task_done() called too many times
[477/673] ok Authors/Austen/Atomized/Pride_and_Prejudice/Chapter_06/part_02.md | blocks 8415 | 526m | 16 blk/min | 14 links to repair
Exception in thread Thread-1:
Traceback (most recent call last):
  File "/Library/Developer/CommandLineTools/Library/Frameworks/Python3.framework/Versions/3.9/lib/python3.9/threading.py", line 973, in _bootstrap_inner
    self.run()
  File "/Library/Developer/CommandLineTools/Library/Frameworks/Python3.framework/Versions/3.9/lib/python3.9/threading.py", line 910, in run
    self._target(*self._args, **self._kwargs)
  File "/Users/g.borghi/Library/CloudStorage/Dropbox/insegnamento/Wiligelmo/SubjectBrain/English/quartz-eng-lit/scripts/translate/run_dickens_hy.py", line 208, in worker
    q.task_done()
  File "/Library/Developer/CommandLineTools/Library/Frameworks/Python3.framework/Versions/3.9/lib/python3.9/queue.py", line 75, in task_done
    raise ValueError('task_done() called too many times')
ValueError: task_done() called too many times

DONE: 272 written, 205 failed, cache 177374 blocks, 526m
2026-08-02 17:12:07 [orch] === END Austen (rc=0) ===
2026-08-02 17:12:07 [orch] ALL AUTHORS DONE (Belloc, Conan_Doyle, Bronte, Austen)
2026-08-03 08:22:19 [queue] up | pid=37255 | authors=Conan_Doyle Bronte Poe Austen Whitman Wilde Dickinson Chesterton Dickens Belloc Sayers
2026-08-03 08:22:19 [queue] === START Conan_Doyle ===
### author run: Conan_Doyle
### HY Dickens run | model=hy-mt1.5-7b host=http://localhost:1234 | workers=4 | pending atoms=937
cache warm with 177374 blocks
REJECT Authors/Conan_Doyle/Atomized/A_DUET/Chapter_13_MR_SAMUEL_PEPYS.md: TRUNCATED content in 1 block(s), e.g. 13493 chars EN -> 97 chars IT
2026-08-03 08:24:53 [queue] up | pid=37550 | authors=Conan_Doyle Bronte Poe Austen Whitman Wilde Dickinson Chesterton Dickens Belloc Sayers
2026-08-03 08:24:53 [queue] === START Conan_Doyle ===
### author run: Conan_Doyle
### HY Dickens run | model=hy-mt1.5-7b host=http://localhost:1234 | workers=4 | pending atoms=937
cache warm with 177322 blocks
[1/937] ok Authors/Conan_Doyle/Atomized/A_DUET/Chapter_12_CONCERNING_MRS_BEETON.md | blocks 3 | 4m | 1 blk/min | 2 links to repair
[2/937] ok Authors/Conan_Doyle/Atomized/A_DUET/Chapter_13_MR_SAMUEL_PEPYS.md | blocks 6 | 4m | 1 blk/min | 1 links to repair
[3/937] ok Authors/Conan_Doyle/Atomized/A_DUET/Chapter_14_A_VISIT_TO_MR_SAMUEL_PEPYS.md | blocks 9 | 8m | 1 blk/min | 3 links to repair
REJECT Authors/Conan_Doyle/Atomized/A_DUET/Chapter_15_TROUBLE.md: leftover mask token(s): 1 (e.g. [[L02..)
[5/937] ok Authors/Conan_Doyle/Atomized/A_DUET/Chapter_16_A_RESCUE.md | blocks 12 | 9m | 1 blk/min | 1 links to repair
[6/937] ok Authors/Conan_Doyle/Atomized/A_DUET/Chapter_18_AN_INVESTMENT.md | blocks 15 | 10m | 2 blk/min | 2 links to repair
[7/937] ok Authors/Conan_Doyle/Atomized/A_DUET/Chapter_20_DANGER.md | blocks 18 | 17m | 1 blk/min
[8/937] ok Authors/Conan_Doyle/Atomized/A_DUET/Chapter_19_A_THUNDERCLOUD.md | blocks 21 | 17m | 1 blk/min | 4 links to repair
[9/937] ok Authors/Conan_Doyle/Atomized/A_STUDY_IN_SCARLET/Chapter_02_THE_SCIENCE_OF_DEDUCTION.md | blocks 24 | 18m | 1 blk/min | 6 links to repair
[10/937] ok Authors/Conan_Doyle/Atomized/A_DUET/Chapter_21_NO_5_CHEYNE_ROW.md | blocks 27 | 19m | 1 blk/min | 5 links to repair
[11/937] ok Authors/Conan_Doyle/Atomized/A_STUDY_IN_SCARLET/Chapter_04_WHAT_JOHN_RANCE_HAD_TO_TELL.md | blocks 30 | 22m | 1 blk/min | 2 links to repair
[12/937] ok Authors/Conan_Doyle/Atomized/A_STUDY_IN_SCARLET/Chapter_09_ON_THE_GREAT_ALKALI_PLAIN.md | blocks 33 | 25m | 1 blk/min | 2 links to repair
REJECT Authors/Conan_Doyle/Atomized/A_STUDY_IN_SCARLET/Chapter_07_LIGHT_IN_THE_DARKNESS.md: leftover mask token(s): 1 (e.g. [[L03..)
[14/937] ok Authors/Conan_Doyle/Atomized/A_STUDY_IN_SCARLET/Chapter_06_TOBIAS_GREGSON_SHOWS_WHAT_HE_C.md | blocks 36 | 26m | 1 blk/min | 3 links to repair
[15/937] ok Authors/Conan_Doyle/Atomized/A_STUDY_IN_SCARLET/Chapter_10_THE_FLOWER_OF_UTAH.md | blocks 39 | 26m | 1 blk/min | 2 links to repair
[16/937] ok Authors/Conan_Doyle/Atomized/DANGER_AND_OTHER_STORIES/Story_03_DANGER_STORY_III_A_POINT_OF_VIEW.md | blocks 42 | 29m | 1 blk/min | 2 links to repair
[17/937] ok Authors/Conan_Doyle/Atomized/BEYOND_THE_CITY/Chapter_04_A_SISTERS_SECRET.md | blocks 45 | 29m | 2 blk/min | 1 links to repair
[18/937] ok Authors/Conan_Doyle/Atomized/DANGER_AND_OTHER_STORIES/Story_04_DANGER_STORY_IV_THE_FALL_OF_LORD_BARRYMO/part_04.md | blocks 49 | 32m | 2 blk/min
[19/937] ok Authors/Conan_Doyle/Atomized/BEYOND_THE_CITY/Chapter_02_BREAKING_THE_ICE.md | blocks 52 | 33m | 2 blk/min
[20/937] ok Authors/Conan_Doyle/Atomized/DANGER_AND_OTHER_STORIES/Story_02_DANGER_STORY_II_ONE_CROWDED_HOUR.md | blocks 55 | 35m | 2 blk/min
[21/937] ok Authors/Conan_Doyle/Atomized/DANGER_AND_OTHER_STORIES/Story_04_DANGER_STORY_IV_THE_FALL_OF_LORD_BARRYMO/part_05.md | blocks 58 | 36m | 2 blk/min
[22/937] ok Authors/Conan_Doyle/Atomized/DANGER_AND_OTHER_STORIES/Story_04_DANGER_STORY_IV_THE_FALL_OF_LORD_BARRYMO/part_03.md | blocks 61 | 36m | 2 blk/min
[23/937] ok Authors/Conan_Doyle/Atomized/DANGER_AND_OTHER_STORIES/Story_04_DANGER_STORY_IV_THE_FALL_OF_LORD_BARRYMO/part_06 (DESKTOP-L2KS9QK's conflicted copy 2026-07-31).md | blocks 64 | 37m | 2 blk/min
[24/937] ok Authors/Conan_Doyle/Atomized/DANGER_AND_OTHER_STORIES/Story_04_DANGER_STORY_IV_THE_FALL_OF_LORD_BARRYMO/part_07.md | blocks 67 | 39m | 2 blk/min | 1 links to repair
[25/937] ok Authors/Conan_Doyle/Atomized/DANGER_AND_OTHER_STORIES/Story_04_DANGER_STORY_IV_THE_FALL_OF_LORD_BARRYMO/part_08.md | blocks 70 | 39m | 2 blk/min
[26/937] ok Authors/Conan_Doyle/Atomized/DANGER_AND_OTHER_STORIES/Story_04_DANGER_STORY_IV_THE_FALL_OF_LORD_BARRYMO/part_06.md | blocks 73 | 39m | 2 blk/min
[27/937] ok Authors/Conan_Doyle/Atomized/DANGER_AND_OTHER_STORIES/Story_04_DANGER_STORY_IV_THE_FALL_OF_LORD_BARRYMO/part_11.md | blocks 76 | 44m | 2 blk/min
[28/937] ok Authors/Conan_Doyle/Atomized/DANGER_AND_OTHER_STORIES/Story_04_DANGER_STORY_IV_THE_FALL_OF_LORD_BARRYMO/part_13.md | blocks 80 | 44m | 2 blk/min
[29/937] ok Authors/Conan_Doyle/Atomized/DANGER_AND_OTHER_STORIES/Story_04_DANGER_STORY_IV_THE_FALL_OF_LORD_BARRYMO/part_10.md | blocks 83 | 45m | 2 blk/min | 1 links to repair
[30/937] ok Authors/Conan_Doyle/Atomized/DANGER_AND_OTHER_STORIES/Story_04_DANGER_STORY_IV_THE_FALL_OF_LORD_BARRYMO/part_09.md | blocks 86 | 46m | 2 blk/min
[31/937] ok Authors/Conan_Doyle/Atomized/GREAT_BRITAIN_AND_THE_NEXT_WAR/part/part_02.md | blocks 89 | 48m | 2 blk/min
[32/937] ok Authors/Conan_Doyle/Atomized/HIS_LAST_BOW/Story_01_The_Adventure_of_Wisteria_Lodge/part_01.md | blocks 92 | 53m | 2 blk/min | 3 links to repair
[33/937] ok Authors/Conan_Doyle/Atomized/HIS_LAST_BOW/Story_01_The_Adventure_of_Wisteria_Lodge/part_02.md | blocks 95 | 57m | 2 blk/min | 3 links to repair
[34/937] ok Authors/Conan_Doyle/Atomized/GREAT_BRITAIN_AND_THE_NEXT_WAR/part/part_01.md | blocks 99 | 59m | 2 blk/min
[35/937] ok Authors/Conan_Doyle/Atomized/HIS_LAST_BOW/Story_02_The_Adventure_of_the_Cardboard_Box.md | blocks 102 | 64m | 2 blk/min | 7 links to repair
[36/937] ok Authors/Conan_Doyle/Atomized/HIS_LAST_BOW/Story_03_The_Adventure_of_the_Red_Circle.md | blocks 105 | 67m | 2 blk/min | 7 links to repair
[37/937] ok Authors/Conan_Doyle/Atomized/HIS_LAST_BOW/Story_05_The_Adventure_of_the_Dying_Detective.md | blocks 108 | 70m | 2 blk/min | 4 links to repair
[38/937] ok Authors/Conan_Doyle/Atomized/HIS_LAST_BOW/Story_06_The_Disappearance_of_Lady_Frances_Carfax.md | blocks 111 | 73m | 2 blk/min
[39/937] ok Authors/Conan_Doyle/Atomized/MEMORIES_AND_ADVENTURES/Chapter_02_EARLY_RECOLLECTIONS.md | blocks 114 | 74m | 2 blk/min | 2 links to repair
[40/937] ok Authors/Conan_Doyle/Atomized/MEMORIES_AND_ADVENTURES/Chapter_03_UNDER_THE_JESUITS.md | blocks 117 | 79m | 1 blk/min | 2 links to repair
[41/937] ok Authors/Conan_Doyle/Atomized/HIS_LAST_BOW/Story_08_His_Last_Bow_The_War_Service_of_Sherlock.md | blocks 121 | 80m | 2 blk/min | 6 links to repair
[42/937] ok Authors/Conan_Doyle/Atomized/HIS_LAST_BOW/Story_07_The_Adventure_of_the_Devils_Foot.md | blocks 124 | 81m | 2 blk/min
[43/937] ok Authors/Conan_Doyle/Atomized/MEMORIES_AND_ADVENTURES/Chapter_04_RECOLLECTIONS_OF_A_STUDENT.md | blocks 127 | 83m | 2 blk/min | 5 links to repair
[44/937] ok Authors/Conan_Doyle/Atomized/MEMORIES_AND_ADVENTURES/Chapter_07_MY_FIRST_EXPERIENCES_IN_PRACTI.md | blocks 130 | 86m | 2 blk/min
[45/937] ok Authors/Conan_Doyle/Atomized/MEMORIES_AND_ADVENTURES/Chapter_06_THE_VOYAGE_TO_WEST_AFRICA.md | blocks 133 | 88m | 2 blk/min | 3 links to repair
[46/937] ok Authors/Conan_Doyle/Atomized/MEMORIES_AND_ADVENTURES/Chapter_08_MY_START_AT_SOUTHSEA.md | blocks 136 | 88m | 2 blk/min | 1 links to repair
[47/937] ok Authors/Conan_Doyle/Atomized/MEMORIES_AND_ADVENTURES/Chapter_05_WHALING_IN_THE_ARCTIC_OCEAN.md | blocks 139 | 89m | 2 blk/min | 1 links to repair
[48/937] ok Authors/Conan_Doyle/Atomized/MEMORIES_AND_ADVENTURES/Chapter_11_THE_GREAT_BREAK.md | blocks 142 | 93m | 2 blk/min
[49/937] ok Authors/Conan_Doyle/Atomized/MEMORIES_AND_ADVENTURES/Chapter_09_MY_FIRST_LITERARY_SUCCESS.md | blocks 145 | 93m | 2 blk/min | 2 links to repair
[50/937] ok Authors/Conan_Doyle/Atomized/MEMORIES_AND_ADVENTURES/Chapter_10_PULLING_UP_THE_ANCHOR.md | blocks 148 | 95m | 2 blk/min | 5 links to repair
[51/937] ok Authors/Conan_Doyle/Atomized/MEMORIES_AND_ADVENTURES/Chapter_14_EGYPT_IN_1896.md | blocks 151 | 99m | 2 blk/min | 1 links to repair
[52/937] ok Authors/Conan_Doyle/Atomized/MEMORIES_AND_ADVENTURES/Chapter_12_SIDELIGHTS_ON_SHERLOCK_HOLMES.md | blocks 154 | 99m | 2 blk/min | 3 links to repair
[53/937] ok Authors/Conan_Doyle/Atomized/MEMORIES_AND_ADVENTURES/Chapter_13_NORWOOD_AND_SWITZERLAND.md | blocks 157 | 101m | 2 blk/min | 3 links to repair
[54/937] ok Authors/Conan_Doyle/Atomized/MEMORIES_AND_ADVENTURES/Chapter_15_ON_THE_EDGE_OF_A_STORM.md | blocks 160 | 102m | 2 blk/min | 2 links to repair
[55/937] ok Authors/Conan_Doyle/Atomized/MEMORIES_AND_ADVENTURES/Chapter_16_AN_INTERLUDE_OF_PEACE.md | blocks 163 | 105m | 2 blk/min | 5 links to repair
[56/937] ok Authors/Conan_Doyle/Atomized/MEMORIES_AND_ADVENTURES/Chapter_19_FINAL_EXPERIENCES_IN_SOUTH_AFR.md | blocks 166 | 111m | 1 blk/min | 7 links to repair
[57/937] ok Authors/Conan_Doyle/Atomized/MEMORIES_AND_ADVENTURES/Chapter_18_DAYS_WITH_THE_ARMY.md | blocks 169 | 111m | 2 blk/min | 1 links to repair
[58/937] ok Authors/Conan_Doyle/Atomized/MEMORIES_AND_ADVENTURES/Chapter_17_THE_START_FOR_SOUTH_AFRICA.md | blocks 172 | 112m | 2 blk/min | 4 links to repair
[59/937] ok Authors/Conan_Doyle/Atomized/MEMORIES_AND_ADVENTURES/Chapter_21_MY_POLITICAL_ADVENTURES.md | blocks 175 | 112m | 2 blk/min | 2 links to repair
[60/937] ok Authors/Conan_Doyle/Atomized/MEMORIES_AND_ADVENTURES/Chapter_23_THE_YEARS_BETWEEN_THE_WARS.md | blocks 178 | 122m | 1 blk/min | 5 links to repair
[61/937] ok Authors/Conan_Doyle/Atomized/MEMORIES_AND_ADVENTURES/Chapter_22_THE_YEARS_BETWEEN_THE_WARS.md | blocks 181 | 123m | 1 blk/min | 7 links to repair
[62/937] ok Authors/Conan_Doyle/Atomized/MEMORIES_AND_ADVENTURES/Chapter_25_SOME_RECOLLECTIONS_OF_SPORT.md | blocks 184 | 129m | 1 blk/min | 6 links to repair
[63/937] ok Authors/Conan_Doyle/Atomized/MEMORIES_AND_ADVENTURES/Chapter_24_SOME_NOTABLE_PEOPLE.md | blocks 187 | 132m | 1 blk/min | 8 links to repair
[64/937] ok Authors/Conan_Doyle/Atomized/MEMORIES_AND_ADVENTURES/Chapter_26_TO_THE_ROCKY_MOUNTAINS_IN_1914.md | blocks 190 | 134m | 1 blk/min | 3 links to repair
[65/937] ok Authors/Conan_Doyle/Atomized/MEMORIES_AND_ADVENTURES/Chapter_28_A_REMEMBRANCE_OF_THE_DARK_YEAR.md | blocks 193 | 138m | 1 blk/min | 2 links to repair
[66/937] ok Authors/Conan_Doyle/Atomized/MEMORIES_AND_ADVENTURES/Chapter_27_THE_EVE_OF_WAR.md | blocks 196 | 139m | 1 blk/min | 3 links to repair
[67/937] ok Authors/Conan_Doyle/Atomized/MEMORIES_AND_ADVENTURES/Chapter_30_EXPERIENCES_ON_THE_ITALIAN_FRO.md | blocks 199 | 139m | 1 blk/min | 1 links to repair
[68/937] ok Authors/Conan_Doyle/Atomized/MEMORIES_AND_ADVENTURES/Chapter_29_EXPERIENCES_ON_THE_BRITISH_FRO.md | blocks 202 | 146m | 1 blk/min | 4 links to repair
[69/937] ok Authors/Conan_Doyle/Atomized/MEMORIES_AND_ADVENTURES/Chapter_33_THE_PSYCHIC_QUEST.md | blocks 207 | 147m | 1 blk/min | 2 links to repair
[70/937] ok Authors/Conan_Doyle/Atomized/MEMORIES_AND_ADVENTURES/Chapter_31_EXPERIENCES_ON_THE_FRENCH_FRON.md | blocks 210 | 148m | 1 blk/min | 3 links to repair
[71/937] ok Authors/Conan_Doyle/Atomized/MEMORIES_AND_ADVENTURES/Chapter_32_BREAKING_THE_HINDENBURG_LINE.md | blocks 213 | 149m | 1 blk/min | 2 links to repair
[72/937] ok Authors/Conan_Doyle/Atomized/MICAH_CLARKE/Chapter_03_Of_Two_Friends_of_my_Youth.md | blocks 216 | 152m | 1 blk/min
[73/937] ok Authors/Conan_Doyle/Atomized/MICAH_CLARKE/Chapter_01_Of_Cornet_Joseph_Clarke_of_the.md | blocks 219 | 152m | 1 blk/min | 1 links to repair
[74/937] ok Authors/Conan_Doyle/Atomized/MICAH_CLARKE/Chapter_04_Of_the_Strange_Fish_that_we_Ca.md | blocks 222 | 154m | 1 blk/min
[75/937] ok Authors/Conan_Doyle/Atomized/MICAH_CLARKE/Chapter_02_Of_my_going_to_school_and_of_m.md | blocks 225 | 156m | 1 blk/min
[76/937] ok Authors/Conan_Doyle/Atomized/MICAH_CLARKE/Chapter_05_Of_the_Man_with_the_Drooping_L.md | blocks 228 | 156m | 1 blk/min | 1 links to repair
[77/937] ok Authors/Conan_Doyle/Atomized/MICAH_CLARKE/Chapter_07_Of_the_Horseman_who_rode_from.md | blocks 231 | 159m | 1 blk/min | 2 links to repair
[78/937] ok Authors/Conan_Doyle/Atomized/MICAH_CLARKE/Chapter_09_Of_a_Passage_of_Arms_at_the_Bl.md | blocks 234 | 161m | 1 blk/min | 2 links to repair
[79/937] ok Authors/Conan_Doyle/Atomized/MICAH_CLARKE/Chapter_06_Of_the_Letter_that_came_from_t.md | blocks 237 | 162m | 1 blk/min
[80/937] ok Authors/Conan_Doyle/Atomized/MICAH_CLARKE/Chapter_08_Of_our_Start_for_the_Wars.md | blocks 240 | 163m | 1 blk/min
[81/937] ok Authors/Conan_Doyle/Atomized/MICAH_CLARKE/Chapter_10_Of_our_Perilous_Adventure_on_t.md | blocks 243 | 169m | 1 blk/min
[82/937] ok Authors/Conan_Doyle/Atomized/MICAH_CLARKE/Chapter_11_Of_the_Lonely_Man_and_the_Gold.md | blocks 246 | 169m | 1 blk/min
[83/937] ok Authors/Conan_Doyle/Atomized/MICAH_CLARKE/Chapter_12_Of_certain_Passages_upon_the_M.md | blocks 249 | 169m | 1 blk/min | 1 links to repair
[84/937] ok Authors/Conan_Doyle/Atomized/MICAH_CLARKE/Chapter_13_Of_Sir_Gervas_Jerome_Knight_Ba.md | blocks 252 | 172m | 1 blk/min
[85/937] ok Authors/Conan_Doyle/Atomized/MICAH_CLARKE/Chapter_14_Of_the_Stiff_legged_Parson_and.md | blocks 255 | 174m | 1 blk/min | 2 links to repair
[86/937] ok Authors/Conan_Doyle/Atomized/MICAH_CLARKE/Chapter_16_Of_our_Coming_to_Taunton.md | blocks 258 | 174m | 1 blk/min | 3 links to repair
[87/937] ok Authors/Conan_Doyle/Atomized/MICAH_CLARKE/Chapter_15_Of_our_Brush_with_the_Kings_Dr.md | blocks 261 | 177m | 1 blk/min | 2 links to repair
[88/937] ok Authors/Conan_Doyle/Atomized/MICAH_CLARKE/Chapter_17_Of_the_Gathering_in_the_Market.md | blocks 264 | 180m | 1 blk/min | 2 links to repair
[89/937] ok Authors/Conan_Doyle/Atomized/MICAH_CLARKE/Chapter_19_Of_a_Brawl_in_the_Night.md | blocks 267 | 183m | 1 blk/min
[90/937] ok Authors/Conan_Doyle/Atomized/MICAH_CLARKE/Chapter_20_Of_the_Muster_of_the_Men_of_th.md | blocks 270 | 185m | 1 blk/min | 2 links to repair
[91/937] ok Authors/Conan_Doyle/Atomized/MICAH_CLARKE/Chapter_18_Of_Master_Stephen_Timewell_May.md | blocks 273 | 189m | 1 blk/min | 2 links to repair
[92/937] ok Authors/Conan_Doyle/Atomized/MICAH_CLARKE/Chapter_22_Of_the_News_from_Havant.md | blocks 276 | 189m | 1 blk/min
[93/937] ok Authors/Conan_Doyle/Atomized/MICAH_CLARKE/Chapter_21_Of_my_Hand_grips_with_the_Bran.md | blocks 279 | 191m | 1 blk/min | 1 links to repair
[94/937] ok Authors/Conan_Doyle/Atomized/MICAH_CLARKE/Chapter_26_Of_the_Strife_in_the_Council.md | blocks 282 | 197m | 1 blk/min | 2 links to repair
[95/937] ok Authors/Conan_Doyle/Atomized/MICAH_CLARKE/Chapter_23_Of_the_Snare_on_the_Weston_Roa.md | blocks 285 | 198m | 1 blk/min | 2 links to repair
[96/937] ok Authors/Conan_Doyle/Atomized/MICAH_CLARKE/Chapter_25_Of_Strange_Doings_in_the_Botel.md | blocks 288 | 200m | 1 blk/min | 1 links to repair
[97/937] ok Authors/Conan_Doyle/Atomized/MICAH_CLARKE/Chapter_24_Of_the_Welcome_that_met_me_at.md | blocks 291 | 201m | 1 blk/min | 3 links to repair
[98/937] ok Authors/Conan_Doyle/Atomized/MICAH_CLARKE/Chapter_27_Of_the_Affair_near_Keynsham_Br.md | blocks 294 | 206m | 1 blk/min
[99/937] ok Authors/Conan_Doyle/Atomized/MICAH_CLARKE/Chapter_28_Of_the_Fight_in_Wells_Cathedra.md | blocks 297 | 206m | 1 blk/min | 2 links to repair
[100/937] ok Authors/Conan_Doyle/Atomized/MICAH_CLARKE/Chapter_29_Of_the_Great_Cry_from_the_Lone.md | blocks 300 | 206m | 1 blk/min
[101/937] ok Authors/Conan_Doyle/Atomized/MICAH_CLARKE/Chapter_30_Of_the_Swordsman_with_the_Brow/part_01.md | blocks 303 | 210m | 1 blk/min | 1 links to repair
[102/937] ok Authors/Conan_Doyle/Atomized/MICAH_CLARKE/Chapter_32_Of_my_Perilous_Adventure_at_th.md | blocks 306 | 216m | 1 blk/min | 1 links to repair
[103/937] ok Authors/Conan_Doyle/Atomized/MICAH_CLARKE/Chapter_30_Of_the_Swordsman_with_the_Brow/part_02.md | blocks 309 | 217m | 1 blk/min
[104/937] ok Authors/Conan_Doyle/Atomized/MICAH_CLARKE/Chapter_33_Of_the_Coming_of_Solomon_Spren.md | blocks 312 | 218m | 1 blk/min | 1 links to repair
[105/937] ok Authors/Conan_Doyle/Atomized/MICAH_CLARKE/Chapter_31_Of_the_Onfall_at_Sedgemoor.md | blocks 315 | 226m | 1 blk/min | 3 links to repair
[106/937] ok Authors/Conan_Doyle/Atomized/MICAH_CLARKE/Chapter_35_Of_the_End_of_it_All.md | blocks 319 | 228m | 1 blk/min | 1 links to repair
[107/937] ok Authors/Conan_Doyle/Atomized/MY_FRIEND_THE_MURDERER_AND_OTHER_MYSTERIES_AND_ADV/Story_01_ELIAS_B_HOPKINS_THE_PARSON_OF_JACKMANS_G.md | blocks 322 | 228m | 1 blk/min
[108/937] ok Authors/Conan_Doyle/Atomized/MICAH_CLARKE/Chapter_34_Of_the_Devil_in_Wig_and_Gown.md | blocks 325 | 234m | 1 blk/min | 2 links to repair
[109/937] ok Authors/Conan_Doyle/Atomized/MY_FRIEND_THE_MURDERER_AND_OTHER_MYSTERIES_AND_ADV/Story_02_MY_FRIEND_THE_MURDERER.md | blocks 328 | 239m | 1 blk/min
[110/937] ok Authors/Conan_Doyle/Atomized/MY_FRIEND_THE_MURDERER_AND_OTHER_MYSTERIES_AND_ADV/Story_05_THE_AMERICANS_TALE.md | blocks 331 | 240m | 1 blk/min
[111/937] ok Authors/Conan_Doyle/Atomized/MY_FRIEND_THE_MURDERER_AND_OTHER_MYSTERIES_AND_ADV/Story_04_THAT_LITTLE_SQUARE_BOX.md | blocks 334 | 241m | 1 blk/min
[112/937] ok Authors/Conan_Doyle/Atomized/MY_FRIEND_THE_MURDERER_AND_OTHER_MYSTERIES_AND_ADV/Story_03_THE_MAN_FROM_ARCHANGEL.md | blocks 337 | 243m | 1 blk/min
[113/937] ok Authors/Conan_Doyle/Atomized/MY_FRIEND_THE_MURDERER_AND_OTHER_MYSTERIES_AND_ADV/Story_07_THE_MYSTERY_OF_SASASSA_VALLEY.md | blocks 340 | 248m | 1 blk/min
[114/937] ok Authors/Conan_Doyle/Atomized/MY_FRIEND_THE_MURDERER_AND_OTHER_MYSTERIES_AND_ADV/Story_09_SELECTING_A_GHOST_THE_GHOSTS_OF_GORESTHO.md | blocks 344 | 255m | 1 blk/min
[115/937] ok Authors/Conan_Doyle/Atomized/MY_FRIEND_THE_MURDERER_AND_OTHER_MYSTERIES_AND_ADV/Story_08_OUR_DERBY_SWEEPSTAKES.md | blocks 347 | 258m | 1 blk/min
[116/937] ok Authors/Conan_Doyle/Atomized/RODNEY_STONE/Chapter_02_FRIARS_OAK.md | blocks 350 | 258m | 1 blk/min | 3 links to repair
[117/937] ok Authors/Conan_Doyle/Atomized/MY_FRIEND_THE_MURDERER_AND_OTHER_MYSTERIES_AND_ADV/Story_06_BONES_THE_APRIL_FOOL_OF_HARVEYS_SLUICE.md | blocks 353 | 258m | 1 blk/min
[118/937] ok Authors/Conan_Doyle/Atomized/RODNEY_STONE/Chapter_03_THE_WALKER_OF_CLIFFE_ROYAL.md | blocks 356 | 262m | 1 blk/min | 1 links to repair
[119/937] ok Authors/Conan_Doyle/Atomized/RODNEY_STONE/Chapter_04_THE_PLAY_ACTRESS_OF_ANSTEY_CRO.md | blocks 359 | 265m | 1 blk/min | 1 links to repair
[120/937] ok Authors/Conan_Doyle/Atomized/RODNEY_STONE/Chapter_05_THE_PEACE_OF_AMIENS.md | blocks 362 | 265m | 1 blk/min | 4 links to repair
[121/937] ok Authors/Conan_Doyle/Atomized/RODNEY_STONE/Chapter_07_ON_THE_THRESHOLD.md | blocks 365 | 267m | 1 blk/min
[122/937] ok Authors/Conan_Doyle/Atomized/RODNEY_STONE/Chapter_06_BUCK_TREGELLIS.md | blocks 368 | 269m | 1 blk/min | 5 links to repair
[123/937] ok Authors/Conan_Doyle/Atomized/RODNEY_STONE/Chapter_09_THE_BRIGHTON_ROAD.md | blocks 371 | 273m | 1 blk/min | 1 links to repair
[124/937] ok Authors/Conan_Doyle/Atomized/RODNEY_STONE/Chapter_10_WATIERS.md | blocks 374 | 275m | 1 blk/min | 4 links to repair
[125/937] ok Authors/Conan_Doyle/Atomized/RODNEY_STONE/Chapter_08_THE_HOPE_OF_ENGLAND.md | blocks 377 | 276m | 1 blk/min | 4 links to repair
[126/937] ok Authors/Conan_Doyle/Atomized/RODNEY_STONE/Chapter_11_THE_MEN_OF_THE_RING.md | blocks 380 | 280m | 1 blk/min | 2 links to repair
[127/937] ok Authors/Conan_Doyle/Atomized/RODNEY_STONE/Chapter_14_LORD_NELSON.md | blocks 383 | 282m | 1 blk/min | 5 links to repair
REJECT Authors/Conan_Doyle/Atomized/RODNEY_STONE/Chapter_12_THE_FIGHT_IN_THE_COACH_HOUSE.md: leftover mask token(s): 1 (e.g. [[L01..)
[129/937] ok Authors/Conan_Doyle/Atomized/RODNEY_STONE/Chapter_16_FOUL_PLAY.md | blocks 386 | 285m | 1 blk/min
[130/937] ok Authors/Conan_Doyle/Atomized/RODNEY_STONE/Chapter_13_THE_COFFEE_ROOM_OF_FLADONGS.md | blocks 389 | 286m | 1 blk/min | 3 links to repair
[131/937] ok Authors/Conan_Doyle/Atomized/RODNEY_STONE/Chapter_15_ON_THE_ROAD.md | blocks 392 | 288m | 1 blk/min | 2 links to repair
[132/937] ok Authors/Conan_Doyle/Atomized/RODNEY_STONE/Chapter_17_CRAWLEY_DOWNS.md | blocks 395 | 290m | 1 blk/min | 2 links to repair
[133/937] ok Authors/Conan_Doyle/Atomized/RODNEY_STONE/Chapter_20_CLIFFE_ROYAL.md | blocks 398 | 293m | 1 blk/min | 1 links to repair
[134/937] ok Authors/Conan_Doyle/Atomized/RODNEY_STONE/Chapter_18_THE_RING_SIDE.md | blocks 401 | 293m | 1 blk/min | 1 links to repair
[135/937] ok Authors/Conan_Doyle/Atomized/RODNEY_STONE/Chapter_19_THE_SMITHS_LAST_BATTLE.md | blocks 404 | 295m | 1 blk/min | 1 links to repair
[136/937] ok Authors/Conan_Doyle/Atomized/RODNEY_STONE/Chapter_21_LORD_AVON.md | blocks 407 | 298m | 1 blk/min | 1 links to repair
[137/937] ok Authors/Conan_Doyle/Atomized/RODNEY_STONE/Chapter_23_THE_END.md | blocks 411 | 299m | 1 blk/min | 3 links to repair
[138/937] ok Authors/Conan_Doyle/Atomized/RODNEY_STONE/Chapter_22_THE_VALETS_STORY.md | blocks 414 | 300m | 1 blk/min
[139/937] ok Authors/Conan_Doyle/Atomized/ROUND_THE_FIRE_STORIES/Story_01_THE_MAN_WITH_THE_WATCHES.md | blocks 417 | 308m | 1 blk/min | 8 links to repair
[140/937] ok Authors/Conan_Doyle/Atomized/ROUND_THE_FIRE_STORIES/Story_02_THE_BLACK_DOCTOR.md | blocks 420 | 309m | 1 blk/min | 5 links to repair
[141/937] ok Authors/Conan_Doyle/Atomized/ROUND_THE_FIRE_STORIES/Story_04_THE_LOST_SPECIAL.md | blocks 423 | 311m | 1 blk/min | 2 links to repair
[142/937] ok Authors/Conan_Doyle/Atomized/ROUND_THE_FIRE_STORIES/Story_03_THE_JEWS_BREASTPLATE.md | blocks 426 | 312m | 1 blk/min | 4 links to repair
[143/937] ok Authors/Conan_Doyle/Atomized/ROUND_THE_RED_LAMP/Story_01_BEHIND_THE_TIMES.md | blocks 429 | 315m | 1 blk/min | 1 links to repair
[144/937] ok Authors/Conan_Doyle/Atomized/ROUND_THE_RED_LAMP/Story_02_HIS_FIRST_OPERATION.md | blocks 432 | 319m | 1 blk/min
[145/937] ok Authors/Conan_Doyle/Atomized/ROUND_THE_FIRE_STORIES/Story_06_THE_SEALED_ROOM.md | blocks 435 | 320m | 1 blk/min | 2 links to repair
[146/937] ok Authors/Conan_Doyle/Atomized/ROUND_THE_FIRE_STORIES/Story_05_THE_CLUB_FOOTED_GROCER.md | blocks 438 | 321m | 1 blk/min | 4 links to repair
[147/937] ok Authors/Conan_Doyle/Atomized/ROUND_THE_RED_LAMP/Story_04_THE_THIRD_GENERATION.md | blocks 441 | 327m | 1 blk/min | 3 links to repair
[148/937] ok Authors/Conan_Doyle/Atomized/ROUND_THE_RED_LAMP/Story_03_A_STRAGGLER_OF_15.md | blocks 444 | 329m | 1 blk/min | 1 links to repair
[149/937] ok Authors/Conan_Doyle/Atomized/ROUND_THE_RED_LAMP/Story_05_A_FALSE_START.md | blocks 447 | 330m | 1 blk/min | 1 links to repair
[150/937] ok Authors/Conan_Doyle/Atomized/ROUND_THE_RED_LAMP/Story_07_SWEETHEARTS.md | blocks 450 | 333m | 1 blk/min
[151/937] ok Authors/Conan_Doyle/Atomized/ROUND_THE_RED_LAMP/Story_09_THE_CASE_OF_LADY_SANNOX.md | blocks 453 | 333m | 1 blk/min
[152/937] ok Authors/Conan_Doyle/Atomized/ROUND_THE_RED_LAMP/Story_06_THE_CURSE_OF_EVE.md | blocks 456 | 335m | 1 blk/min
[153/937] ok Authors/Conan_Doyle/Atomized/ROUND_THE_FIRE_STORIES/Story_07_THE_BRAZILIAN_CAT.md | blocks 460 | 338m | 1 blk/min | 7 links to repair
[154/937] ok Authors/Conan_Doyle/Atomized/ROUND_THE_RED_LAMP/Story_08_A_PHYSIOLOGISTS_WIFE.md | blocks 463 | 343m | 1 blk/min
[155/937] ok Authors/Conan_Doyle/Atomized/ROUND_THE_RED_LAMP/Story_10_A_QUESTION_OF_DIPLOMACY.md | blocks 466 | 343m | 1 blk/min
[156/937] ok Authors/Conan_Doyle/Atomized/ROUND_THE_RED_LAMP/Story_11_A_MEDICAL_DOCUMENT.md | blocks 469 | 343m | 1 blk/min | 3 links to repair
[157/937] ok Authors/Conan_Doyle/Atomized/ROUND_THE_RED_LAMP/Story_13_THE_LOS_AMIGOS_FIASCO.md | blocks 472 | 348m | 1 blk/min | 1 links to repair
[158/937] ok Authors/Conan_Doyle/Atomized/ROUND_THE_RED_LAMP/Story_15_THE_SURGEON_TALKS.md | blocks 476 | 349m | 1 blk/min | 1 links to repair
[159/937] ok Authors/Conan_Doyle/Atomized/SIR_NIGEL/Story_01_INTRODUCTION.md | blocks 479 | 349m | 1 blk/min
[160/937] ok Authors/Conan_Doyle/Atomized/ROUND_THE_RED_LAMP/Story_14_THE_DOCTORS_OF_HOYLAND.md | blocks 482 | 351m | 1 blk/min
[161/937] ok Authors/Conan_Doyle/Atomized/SIR_NIGEL/Story_02_THE_HOUSE_OF_LORING.md | blocks 485 | 352m | 1 blk/min
[162/937] ok Authors/Conan_Doyle/Atomized/SIR_NIGEL/Story_03_HOW_THE_DEVIL_CAME_TO_WAVERLEY.md | blocks 488 | 353m | 1 blk/min
[163/937] ok Authors/Conan_Doyle/Atomized/ROUND_THE_RED_LAMP/Story_12_LOT_NO_249.md | blocks 491 | 360m | 1 blk/min | 1 links to repair
[164/937] ok Authors/Conan_Doyle/Atomized/SIR_NIGEL/Story_04_THE_YELLOW_HORSE_OF_CROOKSBURY.md | blocks 494 | 361m | 1 blk/min | 4 links to repair
[165/937] ok Authors/Conan_Doyle/Atomized/SIR_NIGEL/Story_05_HOW_THE_SUMMONER_CAME_TO_THE_MANOR_HOUSE.md | blocks 497 | 361m | 1 blk/min | 3 links to repair
[166/937] ok Authors/Conan_Doyle/Atomized/SIR_NIGEL/Story_06_HOW_NIGEL_WAS_TRIED_BY_THE_ABBOT_OF_WAVE.md | blocks 500 | 363m | 1 blk/min | 1 links to repair
[167/937] ok Authors/Conan_Doyle/Atomized/SIR_NIGEL/Story_07_IN_WHICH_LADY_ERMYNTRUDE_OPENS_THE_IRON.md | blocks 503 | 367m | 1 blk/min | 5 links to repair
[168/937] ok Authors/Conan_Doyle/Atomized/SIR_NIGEL/Story_09_HOW_THE_KING_HAWKED_ON_CROOKSBURY_HEATH.md | blocks 506 | 368m | 1 blk/min | 3 links to repair
[169/937] ok Authors/Conan_Doyle/Atomized/SIR_NIGEL/Story_10_HOW_NIGEL_HELD_THE_BRIDGE_AT_TILFORD.md | blocks 509 | 369m | 1 blk/min | 3 links to repair
[170/937] ok Authors/Conan_Doyle/Atomized/SIR_NIGEL/Story_08_HOW_NIGEL_WENT_MARKETING_TO_GUILDFORD.md | blocks 512 | 371m | 1 blk/min | 3 links to repair
[171/937] ok Authors/Conan_Doyle/Atomized/SIR_NIGEL/Story_11_HOW_THE_KING_GREETED_HIS_SENESCHAL_OF_CA.md | blocks 515 | 374m | 1 blk/min | 1 links to repair
[172/937] ok Authors/Conan_Doyle/Atomized/SIR_NIGEL/Story_12_IN_THE_HALL_OF_THE_KNIGHT_OF_DUPLIN.md | blocks 518 | 376m | 1 blk/min | 3 links to repair
[173/937] ok Authors/Conan_Doyle/Atomized/SIR_NIGEL/Story_13_HOW_NIGEL_FOUGHT_THE_TWISTED_MAN_OF_SHAL.md | blocks 521 | 379m | 1 blk/min | 4 links to repair
[174/937] ok Authors/Conan_Doyle/Atomized/SIR_NIGEL/Story_16_HOW_THE_RED_FERRET_CAME_TO_COSFORD.md | blocks 524 | 383m | 1 blk/min | 3 links to repair
[175/937] ok Authors/Conan_Doyle/Atomized/SIR_NIGEL/Story_14_HOW_THE_COMRADES_JOURNEYED_DOWN_THE_OLD.md | blocks 527 | 385m | 1 blk/min | 5 links to repair
[176/937] ok Authors/Conan_Doyle/Atomized/SIR_NIGEL/Story_17_HOW_THE_KINGS_COURT_FEASTED_IN_CALAIS_CA.md | blocks 530 | 386m | 1 blk/min | 1 links to repair
[177/937] ok Authors/Conan_Doyle/Atomized/SIR_NIGEL/Story_15_HOW_NIGEL_CHASED_THE_RED_FERRET.md | blocks 533 | 390m | 1 blk/min | 3 links to repair
[178/937] ok Authors/Conan_Doyle/Atomized/SIR_NIGEL/Story_19_HOW_BLACK_SIMON_CLAIMED_FORFEIT_FROM_THE.md | blocks 536 | 391m | 1 blk/min
[179/937] ok Authors/Conan_Doyle/Atomized/SIR_NIGEL/Story_18_THE_SPANIARDS_ON_THE_SEA.md | blocks 539 | 397m | 1 blk/min | 1 links to repair
[180/937] ok Authors/Conan_Doyle/Atomized/SIR_NIGEL/Story_21_HOW_THE_ENGLISH_ATTEMPTED_THE_CASTLE_OF.md | blocks 542 | 398m | 1 blk/min | 5 links to repair
[181/937] ok Authors/Conan_Doyle/Atomized/SIR_NIGEL/Story_20_HOW_A_SQUIRE_OF_ENGLAND_MET_A_SQUIRE_OF.md | blocks 545 | 399m | 1 blk/min | 2 links to repair
[182/937] ok Authors/Conan_Doyle/Atomized/SIR_NIGEL/Story_22_HOW_THE_SECOND_MESSENGER_WENT_TO_COSFORD.md | blocks 548 | 402m | 1 blk/min | 1 links to repair
[183/937] ok Authors/Conan_Doyle/Atomized/SIR_NIGEL/Story_23_HOW_ROBERT_OF_BEAUMANOIR_CAME_TO_PLOERME.md | blocks 551 | 402m | 1 blk/min | 3 links to repair
[184/937] ok Authors/Conan_Doyle/Atomized/SIR_NIGEL/Story_25_HOW_NIGEL_WAS_CALLED_TO_HIS_MASTER.md | blocks 554 | 407m | 1 blk/min | 3 links to repair
[185/937] ok Authors/Conan_Doyle/Atomized/SIR_NIGEL/Story_26_HOW_THE_KING_OF_FRANCE_HELD_COUNSEL_AT_M.md | blocks 557 | 408m | 1 blk/min | 2 links to repair
[186/937] ok Authors/Conan_Doyle/Atomized/SIR_NIGEL/Story_24_HOW_THIRTY_OF_JOSSELIN_ENCOUNTERED_THIRT.md | blocks 560 | 409m | 1 blk/min | 2 links to repair
[187/937] ok Authors/Conan_Doyle/Atomized/SIR_NIGEL/Story_28_HOW_THE_THIRD_MESSENGER_CAME_TO_COSFORD.md | blocks 565 | 411m | 1 blk/min | 1 links to repair
[188/937] ok Authors/Conan_Doyle/Atomized/TALES_OF_TERROR_AND_MYSTERY/Story_01_The_Leather_Funnel.md | blocks 568 | 416m | 1 blk/min | 1 links to repair
[189/937] ok Authors/Conan_Doyle/Atomized/SIR_NIGEL/Story_27_HOW_NIGEL_FOUND_HIS_THIRD_DEED.md | blocks 571 | 416m | 1 blk/min | 3 links to repair
[190/937] ok Authors/Conan_Doyle/Atomized/TALES_OF_TERROR_AND_MYSTERY/Story_02_The_New_Catacomb.md | blocks 574 | 418m | 1 blk/min | 3 links to repair
[191/937] ok Authors/Conan_Doyle/Atomized/TALES_OF_TERROR_AND_MYSTERY/Story_04_Tales_of_Mystery.md | blocks 577 | 423m | 1 blk/min | 3 links to repair
[192/937] ok Authors/Conan_Doyle/Atomized/TALES_OF_TERROR_AND_MYSTERY/Story_07_The_Japanned_Box.md | blocks 580 | 427m | 1 blk/min | 4 links to repair
[193/937] ok Authors/Conan_Doyle/Atomized/TALES_OF_TERROR_AND_MYSTERY/Story_05_The_Beetle_Hunter.md | blocks 583 | 427m | 1 blk/min
[194/937] ok Authors/Conan_Doyle/Atomized/TALES_OF_TERROR_AND_MYSTERY/Story_06_The_Man_with_the_Watches.md | blocks 586 | 429m | 1 blk/min | 7 links to repair
[195/937] ok Authors/Conan_Doyle/Atomized/TALES_OF_TERROR_AND_MYSTERY/Story_08_The_Black_Doctor.md | blocks 589 | 436m | 1 blk/min | 3 links to repair
[196/937] ok Authors/Conan_Doyle/Atomized/TALES_OF_TERROR_AND_MYSTERY/Story_09_The_Jews_Breastplate.md | blocks 593 | 440m | 1 blk/min | 1 links to repair
[197/937] ok Authors/Conan_Doyle/Atomized/THE_ADVENTURES_OF_GERARD/Story_01_How_Brigadier_Gerard_Lost_His_Ear.md | blocks 596 | 442m | 1 blk/min | 4 links to repair
[198/937] ok Authors/Conan_Doyle/Atomized/THE_ADVENTURES_OF_GERARD/Story_02_How_the_Brigadier_Captured_Saragossa.md | blocks 599 | 445m | 1 blk/min | 3 links to repair
[199/937] ok Authors/Conan_Doyle/Atomized/THE_ADVENTURES_OF_GERARD/Story_03_How_the_Brigadier_Slew_the_Fox.md | blocks 602 | 446m | 1 blk/min | 1 links to repair
[200/937] ok Authors/Conan_Doyle/Atomized/THE_ADVENTURES_OF_GERARD/Story_05_How_the_Brigadier_Triumphed_in_England.md | blocks 605 | 454m | 1 blk/min | 1 links to repair
[201/937] ok Authors/Conan_Doyle/Atomized/THE_ADVENTURES_OF_GERARD/Story_04_How_the_Brigadier_Saved_the_Army.md | blocks 608 | 458m | 1 blk/min | 3 links to repair
[202/937] ok Authors/Conan_Doyle/Atomized/THE_ADVENTURES_OF_GERARD/Story_06_How_the_Brigadier_Rode_to_Minsk.md | blocks 611 | 460m | 1 blk/min | 4 links to repair
[203/937] ok Authors/Conan_Doyle/Atomized/THE_ADVENTURES_OF_GERARD/Story_08_The_Last_Adventure_of_the_Brigadier.md | blocks 615 | 465m | 1 blk/min | 7 links to repair
[204/937] ok Authors/Conan_Doyle/Atomized/THE_ADVENTURES_OF_SHERLOCK_HOLMES/Story_03_A_CASE_OF_IDENTITY.md | blocks 618 | 472m | 1 blk/min
[205/937] ok Authors/Conan_Doyle/Atomized/THE_ADVENTURES_OF_SHERLOCK_HOLMES/Story_01_A_SCANDAL_IN_BOHEMIA.md | blocks 621 | 473m | 1 blk/min | 1 links to repair
REJECT Authors/Conan_Doyle/Atomized/THE_ADVENTURES_OF_GERARD/Story_07_How_the_Brigadier_Bore_Himself_at_Waterl.md: leftover mask token(s): 1 (e.g. [[L01..)
[207/937] ok Authors/Conan_Doyle/Atomized/THE_ADVENTURES_OF_SHERLOCK_HOLMES/Story_04_THE_BOSCOMBE_VALLEY_MYSTERY.md | blocks 624 | 482m | 1 blk/min | 1 links to repair
[208/937] ok Authors/Conan_Doyle/Atomized/THE_ADVENTURES_OF_SHERLOCK_HOLMES/Story_05_THE_FIVE_ORANGE_PIPS.md | blocks 627 | 485m | 1 blk/min
[209/937] ok Authors/Conan_Doyle/Atomized/THE_ADVENTURES_OF_SHERLOCK_HOLMES/Story_07_THE_ADVENTURE_OF_THE_BLUE_CARBUNCLE.md | blocks 630 | 489m | 1 blk/min
[210/937] ok Authors/Conan_Doyle/Atomized/THE_ADVENTURES_OF_SHERLOCK_HOLMES/Story_06_THE_MAN_WITH_THE_TWISTED_LIP.md | blocks 633 | 490m | 1 blk/min | 2 links to repair
[211/937] ok Authors/Conan_Doyle/Atomized/THE_ADVENTURES_OF_SHERLOCK_HOLMES/Story_09_THE_ADVENTURE_OF_THE_ENGINEERS_THUMB.md | blocks 636 | 500m | 1 blk/min
[212/937] ok Authors/Conan_Doyle/Atomized/THE_ADVENTURES_OF_SHERLOCK_HOLMES/Story_08_THE_ADVENTURE_OF_THE_SPECKLED_BAND.md | blocks 639 | 502m | 1 blk/min | 2 links to repair
[213/937] ok Authors/Conan_Doyle/Atomized/THE_BRAVOES_OF_MARKET_DRAYTON/part/part_01.md | blocks 642 | 504m | 1 blk/min
[214/937] ok Authors/Conan_Doyle/Atomized/THE_ADVENTURES_OF_SHERLOCK_HOLMES/Story_10_THE_ADVENTURE_OF_THE_NOBLE_BACHELOR.md | blocks 645 | 505m | 1 blk/min | 1 links to repair
[215/937] ok Authors/Conan_Doyle/Atomized/THE_ADVENTURES_OF_SHERLOCK_HOLMES/Story_11_THE_ADVENTURE_OF_THE_BERYL_CORONET.md | blocks 648 | 506m | 1 blk/min | 3 links to repair
[216/937] ok Authors/Conan_Doyle/Atomized/THE_BRAVOES_OF_MARKET_DRAYTON/part/part_02 (DESKTOP-L2KS9QK's conflicted copy 2026-07-31).md | blocks 651 | 508m | 1 blk/min
[217/937] ok Authors/Conan_Doyle/Atomized/THE_BRITISH_CAMPAIGN_IN_FRANCE_AND_FLANDERS_VOLUME/Chapter_05.md | blocks 654 | 508m | 1 blk/min
[218/937] ok Authors/Conan_Doyle/Atomized/THE_BRITISH_CAMPAIGN_IN_FRANCE_AND_FLANDERS_VOLUME/Chapter_06.md | blocks 658 | 509m | 1 blk/min
[219/937] ok Authors/Conan_Doyle/Atomized/THE_BRAVOES_OF_MARKET_DRAYTON/part/part_02.md | blocks 661 | 509m | 1 blk/min
[220/937] ok Authors/Conan_Doyle/Atomized/THE_ADVENTURES_OF_SHERLOCK_HOLMES/Story_12_THE_ADVENTURE_OF_THE_COPPER_BEECHES.md | blocks 665 | 516m | 1 blk/min | 3 links to repair
[221/937] ok Authors/Conan_Doyle/Atomized/THE_BRITISH_CAMPAIGN_IN_FRANCE_AND_FLANDERS_VOLUME/Chapter_07/part_02.md | blocks 668 | 519m | 1 blk/min
[222/937] ok Authors/Conan_Doyle/Atomized/THE_BRITISH_CAMPAIGN_IN_FRANCE_AND_FLANDERS_VOLUME/Chapter_07/part_04 (DESKTOP-L2KS9QK's conflicted copy 2026-07-31).md | blocks 693 | 524m | 1 blk/min
[223/937] ok Authors/Conan_Doyle/Atomized/THE_BRITISH_CAMPAIGN_IN_FRANCE_AND_FLANDERS_VOLUME/Chapter_07/part_04.md | blocks 718 | 524m | 1 blk/min
[224/937] ok Authors/Conan_Doyle/Atomized/THE_BRITISH_CAMPAIGN_IN_FRANCE_AND_FLANDERS_VOLUME/Chapter_07/part_01.md | blocks 723 | 525m | 1 blk/min
[225/937] ok Authors/Conan_Doyle/Atomized/THE_BRITISH_CAMPAIGN_IN_FRANCE_AND_FLANDERS_VOLUME/Chapter_07/part_03.md | blocks 825 | 537m | 2 blk/min
[226/937] ok Authors/Conan_Doyle/Atomized/THE_BRITISH_CAMPAIGN_IN_FRANCE_AND_FLANDERS_VOLUME/Chapter_07/part_06.md | blocks 853 | 538m | 2 blk/min
[227/937] ok Authors/Conan_Doyle/Atomized/THE_BRITISH_CAMPAIGN_IN_FRANCE_AND_FLANDERS_VOLUME/Chapter_07/part_07.md | blocks 856 | 546m | 2 blk/min
[228/937] ok Authors/Conan_Doyle/Atomized/THE_BRITISH_CAMPAIGN_IN_FRANCE_AND_FLANDERS_VOLUME/Chapter_07/part_05.md | blocks 859 | 546m | 2 blk/min
[229/937] ok Authors/Conan_Doyle/Atomized/THE_BRITISH_CAMPAIGN_IN_FRANCE_AND_FLANDERS_VOLUME/Chapter_07/part_08.md | blocks 882 | 549m | 2 blk/min
[230/937] ok Authors/Conan_Doyle/Atomized/THE_BRITISH_CAMPAIGN_IN_FRANCE_AND_FLANDERS_VOLUME/Chapter_07/part_11.md | blocks 885 | 549m | 2 blk/min
[231/937] ok Authors/Conan_Doyle/Atomized/THE_BRITISH_CAMPAIGN_IN_FRANCE_AND_FLANDERS_VOLUME/Chapter_07/part_12 (DESKTOP-L2KS9QK's conflicted copy 2026-07-31).md | blocks 915 | 552m | 2 blk/min
[232/937] ok Authors/Conan_Doyle/Atomized/THE_BRITISH_CAMPAIGN_IN_FRANCE_AND_FLANDERS_VOLUME/Chapter_07/part_12.md | blocks 945 | 552m | 2 blk/min
[233/937] ok Authors/Conan_Doyle/Atomized/THE_BRAVOES_OF_MARKET_DRAYTON/part/part_03.md | blocks 948 | 557m | 2 blk/min
[234/937] ok Authors/Conan_Doyle/Atomized/THE_BRITISH_CAMPAIGN_IN_FRANCE_AND_FLANDERS_VOLUME/Chapter_07/part_13 (DESKTOP-L2KS9QK's conflicted copy 2026-07-31).md | blocks 995 | 561m | 2 blk/min
[235/937] ok Authors/Conan_Doyle/Atomized/THE_BRITISH_CAMPAIGN_IN_FRANCE_AND_FLANDERS_VOLUME/Chapter_07/part_09.md | blocks 998 | 562m | 2 blk/min
[236/937] ok Authors/Conan_Doyle/Atomized/THE_BRITISH_CAMPAIGN_IN_FRANCE_AND_FLANDERS_VOLUME/Chapter_07/part_13.md | blocks 1045 | 564m | 2 blk/min
[237/937] ok Authors/Conan_Doyle/Atomized/THE_BRITISH_CAMPAIGN_IN_FRANCE_AND_FLANDERS_VOLUME/Chapter_08/part_01.md | blocks 1050 | 567m | 2 blk/min
[238/937] ok Authors/Conan_Doyle/Atomized/THE_BRITISH_CAMPAIGN_IN_FRANCE_AND_FLANDERS_VOLUME/Chapter_07/part_10.md | blocks 1085 | 570m | 2 blk/min
[239/937] ok Authors/Conan_Doyle/Atomized/THE_BRITISH_CAMPAIGN_IN_FRANCE_AND_FLANDERS_VOLUME/Chapter_08/part_02.md | blocks 1088 | 581m | 2 blk/min
[240/937] ok Authors/Conan_Doyle/Atomized/THE_BRITISH_CAMPAIGN_IN_FRANCE_AND_FLANDERS_VOLUME/Chapter_08/part_05.md | blocks 1091 | 583m | 2 blk/min
[241/937] ok Authors/Conan_Doyle/Atomized/THE_BRITISH_CAMPAIGN_IN_FRANCE_AND_FLANDERS_VOLUME/Chapter_08/part_03.md | blocks 1094 | 584m | 2 blk/min
[242/937] ok Authors/Conan_Doyle/Atomized/THE_BRITISH_CAMPAIGN_IN_FRANCE_AND_FLANDERS_VOLUME/Chapter_08/part_04.md | blocks 1097 | 584m | 2 blk/min
[243/937] ok Authors/Conan_Doyle/Atomized/THE_BRITISH_CAMPAIGN_IN_FRANCE_AND_FLANDERS_VOLUME/Chapter_08/part_08.md | blocks 1100 | 592m | 2 blk/min
[244/937] ok Authors/Conan_Doyle/Atomized/THE_BRITISH_CAMPAIGN_IN_FRANCE_AND_FLANDERS_VOLUME/Chapter_08/part_07.md | blocks 1103 | 596m | 2 blk/min
[245/937] ok Authors/Conan_Doyle/Atomized/THE_BRITISH_CAMPAIGN_IN_FRANCE_AND_FLANDERS_VOLUME/Chapter_08/part_06.md | blocks 1106 | 599m | 2 blk/min
[246/937] ok Authors/Conan_Doyle/Atomized/THE_BRITISH_CAMPAIGN_IN_FRANCE_AND_FLANDERS_VOLUME/Chapter_08/part_09.md | blocks 1109 | 604m | 2 blk/min
[247/937] ok Authors/Conan_Doyle/Atomized/THE_BRITISH_CAMPAIGN_IN_FRANCE_AND_FLANDERS_VOLUME/Chapter_09/part_03.md | blocks 1112 | 609m | 2 blk/min
[248/937] ok Authors/Conan_Doyle/Atomized/THE_BRITISH_CAMPAIGN_IN_FRANCE_AND_FLANDERS_VOLUME/Chapter_09/part_01.md | blocks 1117 | 610m | 2 blk/min
[249/937] ok Authors/Conan_Doyle/Atomized/THE_BRITISH_CAMPAIGN_IN_FRANCE_AND_FLANDERS_VOLUME/Chapter_09/part_02.md | blocks 1120 | 611m | 2 blk/min
[250/937] ok Authors/Conan_Doyle/Atomized/THE_BRITISH_CAMPAIGN_IN_FRANCE_AND_FLANDERS_VOLUME/Chapter_09/part_04.md | blocks 1123 | 618m | 2 blk/min
[251/937] ok Authors/Conan_Doyle/Atomized/THE_BRITISH_CAMPAIGN_IN_FRANCE_AND_FLANDERS_VOLUME/Chapter_09/part_06.md | blocks 1126 | 619m | 2 blk/min
[252/937] ok Authors/Conan_Doyle/Atomized/THE_BRITISH_CAMPAIGN_IN_FRANCE_AND_FLANDERS_VOLUME/Chapter_09/part_07.md | blocks 1129 | 626m | 2 blk/min
[253/937] ok Authors/Conan_Doyle/Atomized/THE_BRITISH_CAMPAIGN_IN_FRANCE_AND_FLANDERS_VOLUME/Chapter_09/part_08 (DESKTOP-L2KS9QK's conflicted copy 2026-07-31).md | blocks 1132 | 627m | 2 blk/min
[254/937] ok Authors/Conan_Doyle/Atomized/THE_BRITISH_CAMPAIGN_IN_FRANCE_AND_FLANDERS_VOLUME/Chapter_09/part_08.md | blocks 1135 | 628m | 2 blk/min
[255/937] ok Authors/Conan_Doyle/Atomized/THE_BRITISH_CAMPAIGN_IN_FRANCE_AND_FLANDERS_VOLUME/Chapter_09/part_05.md | blocks 1138 | 630m | 2 blk/min
[256/937] ok Authors/Conan_Doyle/Atomized/THE_BRITISH_CAMPAIGN_IN_FRANCE_AND_FLANDERS_VOLUME/Chapter_09/part_11.md | blocks 1141 | 636m | 2 blk/min
[257/937] ok Authors/Conan_Doyle/Atomized/THE_BRITISH_CAMPAIGN_IN_FRANCE_AND_FLANDERS_VOLUME/Chapter_09/part_10.md | blocks 1144 | 642m | 2 blk/min
[258/937] ok Authors/Conan_Doyle/Atomized/THE_BRITISH_CAMPAIGN_IN_FRANCE_AND_FLANDERS_VOLUME/Chapter_09/part_09.md | blocks 1147 | 642m | 2 blk/min
[259/937] ok Authors/Conan_Doyle/Atomized/THE_BRITISH_CAMPAIGN_IN_FRANCE_AND_FLANDERS_VOLUME/Chapter_10/part_01 (DESKTOP-L2KS9QK's conflicted copy 2026-07-31).md | blocks 1152 | 646m | 2 blk/min
[260/937] ok Authors/Conan_Doyle/Atomized/THE_BRITISH_CAMPAIGN_IN_FRANCE_AND_FLANDERS_VOLUME/Chapter_09/part_12.md | blocks 1155 | 646m | 2 blk/min
[261/937] ok Authors/Conan_Doyle/Atomized/THE_BRITISH_CAMPAIGN_IN_FRANCE_AND_FLANDERS_VOLUME/Chapter_10/part_01.md | blocks 1160 | 651m | 2 blk/min
[262/937] ok Authors/Conan_Doyle/Atomized/THE_BRITISH_CAMPAIGN_IN_FRANCE_AND_FLANDERS_VOLUME/Chapter_10/part_04 (DESKTOP-L2KS9QK's conflicted copy 2026-07-31).md | blocks 1163 | 655m | 2 blk/min
[263/937] ok Authors/Conan_Doyle/Atomized/THE_BRITISH_CAMPAIGN_IN_FRANCE_AND_FLANDERS_VOLUME/Chapter_10/part_04.md | blocks 1166 | 661m | 2 blk/min
[264/937] ok Authors/Conan_Doyle/Atomized/THE_BRITISH_CAMPAIGN_IN_FRANCE_AND_FLANDERS_VOLUME/Chapter_10/part_03.md | blocks 1169 | 662m | 2 blk/min
[265/937] ok Authors/Conan_Doyle/Atomized/THE_BRITISH_CAMPAIGN_IN_FRANCE_AND_FLANDERS_VOLUME/Chapter_10/part_02.md | blocks 1172 | 666m | 2 blk/min
[266/937] ok Authors/Conan_Doyle/Atomized/THE_BRITISH_CAMPAIGN_IN_FRANCE_AND_FLANDERS_VOLUME/Chapter_10/part_05 (DESKTOP-L2KS9QK's conflicted copy 2026-07-31).md | blocks 1175 | 666m | 2 blk/min
[267/937] ok Authors/Conan_Doyle/Atomized/THE_BRITISH_CAMPAIGN_IN_FRANCE_AND_FLANDERS_VOLUME/Chapter_10/part_05.md | blocks 1178 | 672m | 2 blk/min
[268/937] ok Authors/Conan_Doyle/Atomized/THE_BRITISH_CAMPAIGN_IN_FRANCE_AND_FLANDERS_VOLUME/Chapter_10/part_06.md | blocks 1181 | 675m | 2 blk/min
FAIL Authors/Conan_Doyle/Atomized/THE_BRITISH_CAMPAIGN_IN_FRANCE_AND_FLANDERS_VOLUME/Chapter_10/part_07 (DESKTOP-L2KS9QK's conflicted copy 2026-07-31).md: [Errno 2] No such file or directory: "/Users/g.borghi/Library/CloudStorage/Dropbox/insegnamento/Wiligelmo/SubjectBrain/English/VaultEnglish/Authors/Conan_Doyle/Atomized/THE_BRITISH_CAMPAIGN_IN_FRANCE_AND_FLANDERS_VOLUME/Chapter_10/part_07 (DESKTOP-L2KS9QK's conflicted copy 2026-07-31).md"
[270/937] ok Authors/Conan_Doyle/Atomized/THE_BRITISH_CAMPAIGN_IN_FRANCE_AND_FLANDERS_VOLUME/Chapter_10/part_07.md | blocks 1184 | 678m | 2 blk/min
[271/937] ok Authors/Conan_Doyle/Atomized/THE_BRITISH_CAMPAIGN_IN_FRANCE_AND_FLANDERS_VOLUME/Chapter_10/part_08.md | blocks 1187 | 684m | 2 blk/min
[272/937] ok Authors/Conan_Doyle/Atomized/THE_BRITISH_CAMPAIGN_IN_FRANCE_AND_FLANDERS_VOLUME/Chapter_11/part_01.md | blocks 1192 | 691m | 2 blk/min
19:56:23 [priorita] === START Chesterton (fuori coda, su richiesta) ===
### author run: Chesterton
### HY Dickens run | model=hy-mt1.5-7b host=http://localhost:1234 | workers=4 | pending atoms=142
cache warm with 177775 blocks
[1/142] ok Authors/Chesterton/Atomized/All_I_Survey/Chapter_16.md | blocks 11 | 4m | 3 blk/min | 15 links to repair
REJECT Authors/Chesterton/Atomized/All_I_Survey/Chapter_44.md: leftover mask token(s): 1 (e.g. [[L08..)
REJECT Authors/Chesterton/Atomized/ApprAndCritOfChDickens/Chapter_01_PAGE/part_01.md: leftover mask token(s): 1 (e.g. [[L01..)
REJECT Authors/Chesterton/Atomized/All_I_Survey/Chapter_23.md: leftover mask token(s): 2 (e.g. [[L02..)
REJECT Authors/Chesterton/Atomized/ApprAndCritOfChDickens/Chapter_01_PAGE/part_02.md: leftover mask token(s): 1 (e.g. [[L01..)
REJECT Authors/Chesterton/Atomized/ApprAndCritOfChDickens/Chapter_01_PAGE/part_03.md: leftover mask token(s): 1 (e.g. [[L01..)
REJECT Authors/Chesterton/Atomized/ApprAndCritOfChDickens/Chapter_01_PAGE/part_07.md: leftover mask token(s): 1 (e.g. [[L01..)
[8/142] ok Authors/Chesterton/Atomized/ApprAndCritOfChDickens/Chapter_01_PAGE/part_05.md | blocks 100 | 10m | 10 blk/min | 4 links to repair
REJECT Authors/Chesterton/Atomized/ApprAndCritOfChDickens/Chapter_01_PAGE/part_09.md: leftover mask token(s): 1 (e.g. [[L01..)
[10/142] ok Authors/Chesterton/Atomized/ApprAndCritOfChDickens/Chapter_01_PAGE/part_16.md | blocks 186 | 11m | 17 blk/min | 9 links to repair
REJECT Authors/Chesterton/Atomized/ApprAndCritOfChDickens/Chapter_01_PAGE/part_17.md: leftover mask token(s): 2 (e.g. [[L01..)
REJECT Authors/Chesterton/Atomized/ApprAndCritOfChDickens/Chapter_01_PAGE/part_18.md: leftover mask token(s): 4 (e.g. [[L01..)
[13/142] ok Authors/Chesterton/Atomized/ApprAndCritOfChDickens/Chapter_01_PAGE/part_21.md | blocks 274 | 13m | 21 blk/min | 7 links to repair
REJECT Authors/Chesterton/Atomized/ApprAndCritOfChDickens/Chapter_01_PAGE/part_24.md: leftover mask token(s): 3 (e.g. [[L01..)
[15/142] ok Authors/Chesterton/Atomized/ApprAndCritOfChDickens/Chapter_02_celebrated_characters_who_are/part_02.md | blocks 360 | 14m | 25 blk/min | 2 links to repair
REJECT Authors/Chesterton/Atomized/ApprAndCritOfChDickens/Chapter_01_PAGE/part_34.md: invented wikilink targets: ['L02)sangue”, “Che così possano, ”\n\n“Case luminose sono la terra del sole che tramonta…”, “li deridono per questo”.\n\n“[[Lion']; leftover mask token(s): 2 (e.g. [[L02..)
REJECT Authors/Chesterton/Atomized/ApprAndCritOfChDickens/Chapter_02_celebrated_characters_who_are/part_03.md: leftover mask token(s): 2 (e.g. [[L01..)
REJECT Authors/Chesterton/Atomized/ApprAndCritOfChDickens/Chapter_02_celebrated_characters_who_are/part_04.md: leftover mask token(s): 1 (e.g. [[L02..)
REJECT Authors/Chesterton/Atomized/ApprAndCritOfChDickens/Chapter_02_celebrated_characters_who_are/part_05.md: leftover mask token(s): 2 (e.g. [[L01..)
REJECT Authors/Chesterton/Atomized/ApprAndCritOfChDickens/Chapter_02_celebrated_characters_who_are/part_06.md: leftover mask token(s): 3 (e.g. [[L01..)
REJECT Authors/Chesterton/Atomized/ApprAndCritOfChDickens/Chapter_02_celebrated_characters_who_are/part_07.md: leftover mask token(s): 3 (e.g. [[L02..)
REJECT Authors/Chesterton/Atomized/ApprAndCritOfChDickens/Chapter_02_celebrated_characters_who_are/part_08.md: leftover mask token(s): 1 (e.g. [[L01..)
[23/142] ok Authors/Chesterton/Atomized/ApprAndCritOfChDickens/Chapter_02_celebrated_characters_who_are/part_09.md | blocks 445 | 21m | 22 blk/min | 6 links to repair
[24/142] ok Authors/Chesterton/Atomized/ApprAndCritOfChDickens/Chapter_02_celebrated_characters_who_are/part_11.md | blocks 532 | 21m | 26 blk/min | 6 links to repair
REJECT Authors/Chesterton/Atomized/ApprAndCritOfChDickens/Chapter_02_celebrated_characters_who_are/part_14.md: leftover mask token(s): 2 (e.g. [[L02..)
REJECT Authors/Chesterton/Atomized/ApprAndCritOfChDickens/Chapter_02_celebrated_characters_who_are/part_15.md: leftover mask token(s): 3 (e.g. [[L01..)
REJECT Authors/Chesterton/Atomized/ApprAndCritOfChDickens/Chapter_02_celebrated_characters_who_are/part_21.md: leftover mask token(s): 1 (e.g. [[L01..)
REJECT Authors/Chesterton/Atomized/ApprAndCritOfChDickens/Chapter_02_celebrated_characters_who_are/part_24.md: leftover mask token(s): 2 (e.g. [[L02..)
REJECT Authors/Chesterton/Atomized/ApprAndCritOfChDickens/Chapter_02_celebrated_characters_who_are/part_27.md: leftover mask token(s): 5 (e.g. [[L01..)
REJECT Authors/Chesterton/Atomized/ApprAndCritOfChDickens/Chapter_02_celebrated_characters_who_are/part_28.md: leftover mask token(s): 4 (e.g. [[L02..)
[31/142] ok Authors/Chesterton/Atomized/ApprAndCritOfChDickens/Chapter_02_celebrated_characters_who_are/part_29.md | blocks 618 | 29m | 22 blk/min | 3 links to repair
[32/142] ok Authors/Chesterton/Atomized/Common_Man/Story_11_Giotto_And_St_Francis/part_04.md | blocks 621 | 29m | 21 blk/min | 20 links to repair
REJECT Authors/Chesterton/Atomized/ApprAndCritOfChDickens/Chapter_02_celebrated_characters_who_are/part_30.md: leftover mask token(s): 1 (e.g. [[L01..)
REJECT Authors/Chesterton/Atomized/ApprAndCritOfChDickens/Chapter_02_celebrated_characters_who_are/part_31.md: leftover mask token(s): 3 (e.g. [[L01..)
[35/142] ok Authors/Chesterton/Atomized/Don_Quixote/Chapter_07/part_03.md | blocks 635 | 31m | 21 blk/min | 16 links to repair
REJECT Authors/Chesterton/Atomized/FourFaultlessFelons/Story_01_Clue_Of_The_Pressman/part_04.md: leftover mask token(s): 1 (e.g. [[L01..)
[37/142] ok Authors/Chesterton/Atomized/Common_Man/Story_34_If_I_Had_Only_One_Sermon_To_Preach/part_01.md | blocks 643 | 33m | 20 blk/min | 23 links to repair
[38/142] ok Authors/Chesterton/Atomized/Fancies_Versis_Fads/Chapter_01_MANUFACTURERS/part_23.md | blocks 649 | 33m | 20 blk/min | 26 links to repair
REJECT Authors/Chesterton/Atomized/FourFaultlessFelons/Story_03_Ii_The_Boy_Who_Made_A_Scene/part_01.md: leftover mask token(s): 1 (e.g. [[L01..)
REJECT Authors/Chesterton/Atomized/FourFaultlessFelons/Story_04_Iii_The_Man_Who_Could_Not_Hate/part_01.md: leftover mask token(s): 1 (e.g. [[L01..)
REJECT Authors/Chesterton/Atomized/FourFaultlessFelons/Story_02_The_Moderate_Murderer.md: leftover mask token(s): 4 (e.g. [[L01..)
[42/142] ok Authors/Chesterton/Atomized/FourFaultlessFelons/Story_03_Ii_The_Boy_Who_Made_A_Scene/part_02.md | blocks 771 | 37m | 21 blk/min | 5 links to repair
[43/142] ok Authors/Chesterton/Atomized/FourFaultlessFelons/Story_04_Iii_The_Man_Who_Could_Not_Hate/part_02.md | blocks 867 | 38m | 23 blk/min | 6 links to repair
REJECT Authors/Chesterton/Atomized/FourFaultlessFelons/Story_04_Iii_The_Man_Who_Could_Not_Hate/part_03.md: leftover mask token(s): 4 (e.g. [[L01..)
REJECT Authors/Chesterton/Atomized/FourFaultlessFelons/Story_04_Iii_The_Man_Who_Could_Not_Hate/part_04.md: leftover mask token(s): 2 (e.g. [[L01..)
REJECT Authors/Chesterton/Atomized/FourFaultlessFelons/Story_04_Iii_The_Man_Who_Could_Not_Hate/part_05.md: leftover mask token(s): 4 (e.g. [[L01..)
REJECT Authors/Chesterton/Atomized/FourFaultlessFelons/Story_04_Iii_The_Man_Who_Could_Not_Hate/part_06.md: leftover mask token(s): 2 (e.g. [[L01..)
REJECT Authors/Chesterton/Atomized/FourFaultlessFelons/Story_05_V_The_Theory_Of_Moderate_Murder/part_01.md: leftover mask token(s): 4 (e.g. [[L01..)
REJECT Authors/Chesterton/Atomized/FourFaultlessFelons/Story_06_Vi_The_Thing_That_Really_Happened/part_01.md: leftover mask token(s): 1 (e.g. [[L02..)
REJECT Authors/Chesterton/Atomized/FourFaultlessFelons/Story_05_V_The_Theory_Of_Moderate_Murder/part_02.md: leftover mask token(s): 2 (e.g. [[L01..)
REJECT Authors/Chesterton/Atomized/FourFaultlessFelons/Story_06_Vi_The_Thing_That_Really_Happened/part_02.md: leftover mask token(s): 3 (e.g. [[L02..)
REJECT Authors/Chesterton/Atomized/FourFaultlessFelons/Story_06_Vi_The_Thing_That_Really_Happened/part_03.md: leftover mask token(s): 1 (e.g. [[L01..)
REJECT Authors/Chesterton/Atomized/FourFaultlessFelons/Story_11_An_Hour_Harrington/part_02.md: leftover mask token(s): 1 (e.g. [[L01..)
[54/142] ok Authors/Chesterton/Atomized/FourFaultlessFelons/Story_11_An_Hour_Harrington/part_03.md | blocks 959 | 46m | 21 blk/min | 8 links to repair
REJECT Authors/Chesterton/Atomized/FourFaultlessFelons/Story_12_The_Ecstatic_Thief/part_01.md: leftover mask token(s): 1 (e.g. [[L01..)
REJECT Authors/Chesterton/Atomized/FourFaultlessFelons/Story_11_An_Hour_Harrington/part_04.md: leftover mask token(s): 3 (e.g. [[L01..)
REJECT Authors/Chesterton/Atomized/FourFaultlessFelons/Story_13_Ii_The_Burglar_And_The_Brooch/part_01.md: leftover mask token(s): 1 (e.g. [[L01..)
REJECT Authors/Chesterton/Atomized/FourFaultlessFelons/Story_12_The_Ecstatic_Thief/part_02.md: leftover mask token(s): 3 (e.g. [[L01..)
[59/142] ok Authors/Chesterton/Atomized/FourFaultlessFelons/Story_13_Ii_The_Burglar_And_The_Brooch/part_02.md | blocks 1051 | 51m | 21 blk/min | 4 links to repair
REJECT Authors/Chesterton/Atomized/FourFaultlessFelons/Story_13_Ii_The_Burglar_And_The_Brooch/part_04.md: leftover mask token(s): 2 (e.g. [[L01..)
REJECT Authors/Chesterton/Atomized/FourFaultlessFelons/Story_14_V_The_Thief_On_Trial/part_02.md: leftover mask token(s): 1 (e.g. [[L02..)
REJECT Authors/Chesterton/Atomized/FourFaultlessFelons/Story_17_Ii_The_Procession_Of_The_Plotters/part_02.md: leftover mask token(s): 1 (e.g. [[L02..)
REJECT Authors/Chesterton/Atomized/FourFaultlessFelons/Story_17_Ii_The_Procession_Of_The_Plotters/part_03.md: leftover mask token(s): 6 (e.g. [[L01..)
REJECT Authors/Chesterton/Atomized/FourFaultlessFelons/Story_18_Iii_The_Princess_Intervenes/part_01.md: leftover mask token(s): 1 (e.g. [[L01..)
[65/142] ok Authors/Chesterton/Atomized/FourFaultlessFelons/Story_18_Iii_The_Princess_Intervenes/part_02.md | blocks 1139 | 54m | 21 blk/min | 4 links to repair
REJECT Authors/Chesterton/Atomized/FourFaultlessFelons/Story_18_Iii_The_Princess_Intervenes/part_04.md: leftover mask token(s): 1 (e.g. [[L01..)
[67/142] ok Authors/Chesterton/Atomized/FourFaultlessFelons/Story_18_Iii_The_Princess_Intervenes/part_03.md | blocks 1228 | 55m | 22 blk/min | 2 links to repair
REJECT Authors/Chesterton/Atomized/FourFaultlessFelons/Story_19_Iv_The_Unreasonableness_Of_Woman/part_01.md: leftover mask token(s): 1 (e.g. [[L01..)
[69/142] ok Authors/Chesterton/Atomized/FourFaultlessFelons/Story_19_Iv_The_Unreasonableness_Of_Woman/part_03.md | blocks 1274 | 56m | 23 blk/min | 2 links to repair
[70/142] ok Authors/Chesterton/Atomized/FourFaultlessFelons/Story_19_Iv_The_Unreasonableness_Of_Woman/part_02.md | blocks 1366 | 57m | 24 blk/min | 6 links to repair
20:53:16 [priorita] === START Chesterton (restart con fix repair_mask_codes) ===
### author run: Chesterton
### HY Dickens run | model=hy-mt1.5-7b host=http://localhost:1234 | workers=4 | pending atoms=86
cache warm with 183528 blocks
REJECT Authors/Chesterton/Atomized/FourFaultlessFelons/Story_03_Ii_The_Boy_Who_Made_A_Scene/part_01.md: leftover mask token(s): 1 (e.g. [[L01..)
REJECT Authors/Chesterton/Atomized/FourFaultlessFelons/Story_05_V_The_Theory_Of_Moderate_Murder/part_02.md: leftover mask token(s): 2 (e.g. [[L01..)
REJECT Authors/Chesterton/Atomized/FourFaultlessFelons/Story_04_Iii_The_Man_Who_Could_Not_Hate/part_05.md: leftover mask token(s): 4 (e.g. [[L01..)
REJECT Authors/Chesterton/Atomized/FourFaultlessFelons/Story_11_An_Hour_Harrington/part_04.md: leftover mask token(s): 3 (e.g. [[L01..)
REJECT Authors/Chesterton/Atomized/FourFaultlessFelons/Story_12_The_Ecstatic_Thief/part_01.md: leftover mask token(s): 1 (e.g. [[L01..)
REJECT Authors/Chesterton/Atomized/FourFaultlessFelons/Story_13_Ii_The_Burglar_And_The_Brooch/part_01.md: leftover mask token(s): 1 (e.g. [[L01..)
REJECT Authors/Chesterton/Atomized/FourFaultlessFelons/Story_12_The_Ecstatic_Thief/part_02.md: leftover mask token(s): 3 (e.g. [[L01..)
REJECT Authors/Chesterton/Atomized/FourFaultlessFelons/Story_13_Ii_The_Burglar_And_The_Brooch/part_04.md: leftover mask token(s): 2 (e.g. [[L01..)
REJECT Authors/Chesterton/Atomized/FourFaultlessFelons/Story_14_V_The_Thief_On_Trial/part_02.md: leftover mask token(s): 1 (e.g. [[L02..)
REJECT Authors/Chesterton/Atomized/FourFaultlessFelons/Story_17_Ii_The_Procession_Of_The_Plotters/part_02.md: leftover mask token(s): 1 (e.g. [[L02..)
REJECT Authors/Chesterton/Atomized/FourFaultlessFelons/Story_17_Ii_The_Procession_Of_The_Plotters/part_03.md: leftover mask token(s): 6 (e.g. [[L01..)
REJECT Authors/Chesterton/Atomized/FourFaultlessFelons/Story_18_Iii_The_Princess_Intervenes/part_01.md: leftover mask token(s): 1 (e.g. [[L01..)
REJECT Authors/Chesterton/Atomized/FourFaultlessFelons/Story_18_Iii_The_Princess_Intervenes/part_04.md: leftover mask token(s): 1 (e.g. [[L01..)
REJECT Authors/Chesterton/Atomized/FourFaultlessFelons/Story_19_Iv_The_Unreasonableness_Of_Woman/part_01.md: leftover mask token(s): 1 (e.g. [[L01..)
REJECT Authors/Chesterton/Atomized/FourFaultlessFelons/Story_20_V_The_Terms_Of_A_Traitor/part_01.md: leftover mask token(s): 1 (e.g. [[L01..)
[16/86] ok Authors/Chesterton/Atomized/FourFaultlessFelons/Story_20_V_The_Terms_Of_A_Traitor/part_03.md | blocks 80 | 1m | 89 blk/min
REJECT Authors/Chesterton/Atomized/FourFaultlessFelons/Story_20_V_The_Terms_Of_A_Traitor/part_02.md: leftover mask token(s): 1 (e.g. [[L01..)
REJECT Authors/Chesterton/Atomized/FourFaultlessFelons/Story_21_Vi_The_Speaking_Of_The_Word/part_01.md: invented wikilink targets: ['L01>sogno】: “Non vinceresti, ”\n\n“Catturarci così facilmente… Basterà pronunciare quella Parola e il mondo sarà nostro.”\n\nDistrutto.\n\nPoi il boccale strano fu aperto, togliendo il tappo [[Grotesque']; leftover mask token(s): 3 (e.g. [[L01..)
[19/86] ok Authors/Chesterton/Atomized/FourFaultlessFelons/Story_21_Vi_The_Speaking_Of_The_Word/part_03.md | blocks 130 | 2m | 54 blk/min | 2 links to repair
[20/86] ok Authors/Chesterton/Atomized/FourFaultlessFelons/Story_22_Epilogue_Of_The_Pressman.md | blocks 199 | 3m | 58 blk/min | 12 links to repair
[21/86] ok Authors/Chesterton/Atomized/FourFaultlessFelons/Story_21_Vi_The_Speaking_Of_The_Word/part_02.md | blocks 292 | 4m | 74 blk/min | 2 links to repair
[22/86] ok Authors/Chesterton/Atomized/GKC_Autobiography/Chapter_01/part_03.md | blocks 303 | 5m | 61 blk/min | 21 links to repair
20:59:55 [priorita] === START Chesterton (fix CJK brackets + dump corpi rigettati) ===
### author run: Chesterton
### HY Dickens run | model=hy-mt1.5-7b host=http://localhost:1234 | workers=4 | pending atoms=78
cache warm with 183944 blocks
REJECT Authors/Chesterton/Atomized/FourFaultlessFelons/Story_04_Iii_The_Man_Who_Could_Not_Hate/part_05.md: leftover mask token(s): 4 (e.g. [[L01..)
REJECT Authors/Chesterton/Atomized/FourFaultlessFelons/Story_11_An_Hour_Harrington/part_04.md: leftover mask token(s): 3 (e.g. [[L01..)
REJECT Authors/Chesterton/Atomized/FourFaultlessFelons/Story_03_Ii_The_Boy_Who_Made_A_Scene/part_01.md: leftover mask token(s): 1 (e.g. [[L01..)
REJECT Authors/Chesterton/Atomized/FourFaultlessFelons/Story_12_The_Ecstatic_Thief/part_02.md: leftover mask token(s): 3 (e.g. [[L01..)
REJECT Authors/Chesterton/Atomized/FourFaultlessFelons/Story_13_Ii_The_Burglar_And_The_Brooch/part_01.md: leftover mask token(s): 1 (e.g. [[L01..)
REJECT Authors/Chesterton/Atomized/FourFaultlessFelons/Story_14_V_The_Thief_On_Trial/part_02.md: leftover mask token(s): 1 (e.g. [[L02..)
REJECT Authors/Chesterton/Atomized/FourFaultlessFelons/Story_17_Ii_The_Procession_Of_The_Plotters/part_02.md: leftover mask token(s): 1 (e.g. [[L02..)
REJECT Authors/Chesterton/Atomized/FourFaultlessFelons/Story_17_Ii_The_Procession_Of_The_Plotters/part_03.md: leftover mask token(s): 6 (e.g. [[L01..)
REJECT Authors/Chesterton/Atomized/FourFaultlessFelons/Story_18_Iii_The_Princess_Intervenes/part_01.md: leftover mask token(s): 1 (e.g. [[L01..)
REJECT Authors/Chesterton/Atomized/FourFaultlessFelons/Story_18_Iii_The_Princess_Intervenes/part_04.md: leftover mask token(s): 1 (e.g. [[L01..)
REJECT Authors/Chesterton/Atomized/FourFaultlessFelons/Story_19_Iv_The_Unreasonableness_Of_Woman/part_01.md: leftover mask token(s): 1 (e.g. [[L01..)
REJECT Authors/Chesterton/Atomized/FourFaultlessFelons/Story_20_V_The_Terms_Of_A_Traitor/part_01.md: leftover mask token(s): 1 (e.g. [[L01..)
REJECT Authors/Chesterton/Atomized/FourFaultlessFelons/Story_20_V_The_Terms_Of_A_Traitor/part_02.md: leftover mask token(s): 1 (e.g. [[L01..)
REJECT Authors/Chesterton/Atomized/FourFaultlessFelons/Story_21_Vi_The_Speaking_Of_The_Word/part_01.md: invented wikilink targets: ['L01>sogno】: “Non vinceresti, ”\n\n“Catturarci così facilmente… Basterà pronunciare quella Parola e il mondo sarà nostro.”\n\nDistrutto.\n\nPoi il boccale strano fu aperto, togliendo il tappo [[Grotesque']; leftover mask token(s): 3 (e.g. [[L01..)
[15/78] ok Authors/Chesterton/Atomized/Incredulity/Story_06_The_Dagger_with_Wings/part_07.md | blocks 9 | 2m | 4 blk/min | 5 links to repair
[16/78] ok Authors/Chesterton/Atomized/Incredulity/Story_02_The_Arrow_of_Heaven/part_04.md | blocks 38 | 3m | 14 blk/min | 2 links to repair
[17/78] ok Authors/Chesterton/Atomized/GKC_Come_to_Think/Story_27_ON_A_HUMILIATING_HERESY.md | blocks 46 | 4m | 12 blk/min | 7 links to repair
21:05:00 [priorita] === START Chesterton (guardia cache avvelenata) ===
### author run: Chesterton
### HY Dickens run | model=hy-mt1.5-7b host=http://localhost:1234 | workers=4 | pending atoms=69
cache warm with 184123 blocks
[1/69] ok Authors/Chesterton/Atomized/FourFaultlessFelons/Story_03_Ii_The_Boy_Who_Made_A_Scene/part_01.md | blocks 88 | 0m | 2615 blk/min
[2/69] ok Authors/Chesterton/Atomized/FourFaultlessFelons/Story_17_Ii_The_Procession_Of_The_Plotters/part_02.md | blocks 179 | 0m | 4942 blk/min
[3/69] ok Authors/Chesterton/Atomized/FourFaultlessFelons/Story_18_Iii_The_Princess_Intervenes/part_04.md | blocks 231 | 0m | 3598 blk/min
[4/69] ok Authors/Chesterton/Atomized/FourFaultlessFelons/Story_19_Iv_The_Unreasonableness_Of_Woman/part_01.md | blocks 321 | 0m | 3483 blk/min
[5/69] ok Authors/Chesterton/Atomized/FourFaultlessFelons/Story_20_V_The_Terms_Of_A_Traitor/part_01.md | blocks 409 | 0m | 4429 blk/min
[6/69] ok Authors/Chesterton/Atomized/FourFaultlessFelons/Story_04_Iii_The_Man_Who_Could_Not_Hate/part_05.md | blocks 497 | 0m | 3508 blk/min
[7/69] ok Authors/Chesterton/Atomized/FourFaultlessFelons/Story_12_The_Ecstatic_Thief/part_02.md | blocks 623 | 0m | 3627 blk/min
REJECT Authors/Chesterton/Atomized/FourFaultlessFelons/Story_21_Vi_The_Speaking_Of_The_Word/part_01.md: leftover mask token(s): 1 (e.g. [[L01..)
[9/69] ok Authors/Chesterton/Atomized/Magic/part/part_01.md | blocks 731 | 1m | 528 blk/min | 2 links to repair
[10/69] ok Authors/Chesterton/Atomized/Magic/part/part_05.md | blocks 838 | 2m | 449 blk/min
FAIL Authors/Chesterton/Atomized/Magic/part/part_08.md: fabricated output: 70 chars EN -> 230 chars IT
[12/69] ok Authors/Chesterton/Atomized/Magic/part/part_16.md | blocks 891 | 4m | 206 blk/min | 3 links to repair
[13/69] ok Authors/Chesterton/Atomized/Magic/part/part_09.md | blocks 990 | 5m | 183 blk/min | 12 links to repair
[14/69] ok Authors/Chesterton/Atomized/Magic/part/part_15.md | blocks 1101 | 6m | 197 blk/min | 4 links to repair
[15/69] ok Authors/Chesterton/Atomized/Man_Orthodox/Story_33_Humour_And_Gravity.md | blocks 1110 | 7m | 160 blk/min | 7 links to repair
REJECT Authors/Chesterton/Atomized/MrPond/Story_04_A_Tall_Story/part_01.md: leftover mask token(s): 1 (e.g. [[L02..)
[17/69] ok Authors/Chesterton/Atomized/MrPond/Story_04_A_Tall_Story/part_02.md | blocks 1211 | 9m | 128 blk/min | 2 links to repair
[18/69] ok Authors/Chesterton/Atomized/MrPond/Story_04_A_Tall_Story/part_03.md | blocks 1309 | 10m | 125 blk/min | 5 links to repair
[19/69] ok Authors/Chesterton/Atomized/MrPond/Story_04_A_Tall_Story/part_04.md | blocks 1411 | 13m | 111 blk/min | 9 links to repair
[20/69] ok Authors/Chesterton/Atomized/MrPond/Story_04_A_Tall_Story/part_06.md | blocks 1508 | 13m | 117 blk/min | 9 links to repair
[21/69] ok Authors/Chesterton/Atomized/MrPond/Story_04_A_Tall_Story/part_07.md | blocks 1606 | 14m | 115 blk/min | 5 links to repair
[22/69] ok Authors/Chesterton/Atomized/Irish_Impressions/Story_07_The_Mistake_of_Ireland.md | blocks 1610 | 16m | 102 blk/min | 76 links to repair
[23/69] ok Authors/Chesterton/Atomized/MrPond/Story_04_A_Tall_Story/part_08.md | blocks 1704 | 16m | 106 blk/min | 7 links to repair
[24/69] ok Authors/Chesterton/Atomized/MrPond/Story_04_A_Tall_Story/part_09.md | blocks 1800 | 16m | 111 blk/min | 4 links to repair
[25/69] ok Authors/Chesterton/Atomized/MrPond/Story_04_A_Tall_Story/part_10.md | blocks 1901 | 17m | 110 blk/min | 6 links to repair
[26/69] ok Authors/Chesterton/Atomized/MrPond/Story_04_A_Tall_Story/part_11.md | blocks 1998 | 19m | 108 blk/min | 5 links to repair
[27/69] ok Authors/Chesterton/Atomized/MrPond/Story_04_A_Tall_Story/part_12.md | blocks 2094 | 19m | 111 blk/min | 2 links to repair
[28/69] ok Authors/Chesterton/Atomized/MrPond/Story_04_A_Tall_Story/part_13.md | blocks 2185 | 19m | 115 blk/min | 6 links to repair
[29/69] ok Authors/Chesterton/Atomized/MrPond/Story_04_A_Tall_Story/part_14.md | blocks 2279 | 20m | 114 blk/min | 2 links to repair
[30/69] ok Authors/Chesterton/Atomized/MrPond/Story_04_A_Tall_Story/part_15.md | blocks 2375 | 21m | 114 blk/min | 1 links to repair
[31/69] ok Authors/Chesterton/Atomized/MrPond/Story_04_A_Tall_Story/part_16.md | blocks 2474 | 21m | 118 blk/min | 4 links to repair
[32/69] ok Authors/Chesterton/Atomized/MrPond/Story_04_A_Tall_Story/part_17.md | blocks 2570 | 21m | 121 blk/min | 7 links to repair
[33/69] ok Authors/Chesterton/Atomized/MrPond/Story_04_A_Tall_Story/part_18.md | blocks 2669 | 22m | 120 blk/min | 4 links to repair
[34/69] ok Authors/Chesterton/Atomized/MrPond/Story_04_A_Tall_Story/part_19.md | blocks 2768 | 23m | 119 blk/min | 10 links to repair
[35/69] ok Authors/Chesterton/Atomized/MrPond/Story_04_A_Tall_Story/part_20.md | blocks 2865 | 23m | 123 blk/min | 6 links to repair
[36/69] ok Authors/Chesterton/Atomized/MrPond/Story_04_A_Tall_Story/part_21.md | blocks 2964 | 23m | 126 blk/min | 2 links to repair
[37/69] ok Authors/Chesterton/Atomized/MrPond/Story_04_A_Tall_Story/part_29.md | blocks 3063 | 25m | 125 blk/min | 9 links to repair
REJECT Authors/Chesterton/Atomized/MrPond/Story_05_Louis_and_shouted_as_if_on_parade/part_01.md: leftover mask token(s): 1 (e.g. [[L01..)
[39/69] ok Authors/Chesterton/Atomized/MrPond/Story_05_Louis_and_shouted_as_if_on_parade/part_02.md | blocks 3162 | 26m | 124 blk/min | 5 links to repair
[40/69] ok Authors/Chesterton/Atomized/MrPond/Story_05_Louis_and_shouted_as_if_on_parade/part_03.md | blocks 3262 | 26m | 127 blk/min | 5 links to repair
[41/69] ok Authors/Chesterton/Atomized/MrPond/Story_05_Louis_and_shouted_as_if_on_parade/part_04.md | blocks 3357 | 27m | 124 blk/min | 3 links to repair
[42/69] ok Authors/Chesterton/Atomized/MrPond/Story_05_Louis_and_shouted_as_if_on_parade/part_05.md | blocks 3457 | 28m | 125 blk/min | 6 links to repair
[43/69] ok Authors/Chesterton/Atomized/MrPond/Story_05_Louis_and_shouted_as_if_on_parade/part_06.md | blocks 3555 | 28m | 127 blk/min | 8 links to repair
[44/69] ok Authors/Chesterton/Atomized/MrPond/Story_05_Louis_and_shouted_as_if_on_parade/part_08.md | blocks 3648 | 28m | 130 blk/min | 5 links to repair
[45/69] ok Authors/Chesterton/Atomized/St_Francis/Chapter_01/part_01.md | blocks 3656 | 30m | 123 blk/min | 25 links to repair
[46/69] ok Authors/Chesterton/Atomized/Spice_Of_Life/Chapter_06_THE_SPICE_OF_LIFE/part_02.md | blocks 3669 | 30m | 120 blk/min | 15 links to repair
[47/69] ok Authors/Chesterton/Atomized/The_Flying_Inn/Chapter_05_THE_ASTONISHMENT_OF_THE_AGENT/part_02.md | blocks 3717 | 31m | 119 blk/min | 12 links to repair
[48/69] ok Authors/Chesterton/Atomized/The_Flying_Inn/Chapter_06_THE_HOLE_IN_HEAVEN/part_03.md | blocks 3822 | 31m | 121 blk/min | 28 links to repair
[49/69] ok Authors/Chesterton/Atomized/The_Flying_Inn/Chapter_22_THE_CHEMISTRY_OF_MR_CROOKE/part_04.md | blocks 3850 | 32m | 120 blk/min | 3 links to repair
REJECT Authors/Chesterton/Atomized/The_Flying_Inn/Chapter_10_THE_CHARACTER_OF_quoodle_QUOOD/part_03.md: invented wikilink targets: ['Wonder']
[51/69] ok Authors/Chesterton/Atomized/The_Man_Who_Knew_Too_Much/Story_06_The_Hole_in_the_Wall/part_05.md | blocks 3930 | 33m | 118 blk/min | 6 links to repair
[52/69] ok Authors/Chesterton/Atomized/Twelve_Types/Story_08_THOMAS_CARLYLE/part_02.md | blocks 4013 | 34m | 117 blk/min | 9 links to repair
[53/69] ok Authors/Chesterton/Atomized/UtopiaUsurers/Story_07_Unbusinesslike_Business.md | blocks 4103 | 36m | 115 blk/min | 3 links to repair
[54/69] ok Authors/Chesterton/Atomized/Tremendous_Trifles/Chapter_04.md | blocks 4112 | 36m | 114 blk/min | 18 links to repair
[55/69] ok Authors/Chesterton/Atomized/UtopiaUsurers/Story_08_The_War_on_Holidays.md | blocks 4214 | 36m | 116 blk/min | 8 links to repair
[56/69] ok Authors/Chesterton/Atomized/VariedTypes/Story_08_Thomas_Carlyle/part_02.md | blocks 4298 | 37m | 118 blk/min | 2 links to repair
[57/69] ok Authors/Chesterton/Atomized/UtopiaUsurers/Story_13_THE_MASK_OF_SOCIALISM/part_09.md | blocks 4389 | 37m | 120 blk/min | 7 links to repair
REJECT Authors/Chesterton/Atomized/WineWaterSong/part/part_01.md: leftover mask token(s): 1 (e.g. [[L02..)
[58/69] ok Authors/Chesterton/Atomized/William_Cobbett/Chapter_06/part_06.md | blocks 4395 | 38m | 115 blk/min | 3 links to repair
[60/69] ok Authors/Chesterton/Atomized/Victorian_Age/Chapter_03/part_03.md | blocks 4481 | 38m | 117 blk/min | 3 links to repair
[61/69] ok Authors/Chesterton/Atomized/WhatISawInAmerica/Story_10_The_Spirit_Of_England_281/part_58.md | blocks 4568 | 39m | 119 blk/min | 6 links to repair
[62/69] ok Authors/Chesterton/Atomized/aristocrat/part/part_01.md | blocks 4575 | 39m | 116 blk/min | 3 links to repair
[63/69] ok Authors/Chesterton/Atomized/innocence/Story_07_The_Wrong_Shape/part_07.md | blocks 4614 | 39m | 117 blk/min | 3 links to repair
[64/69] ok Authors/Chesterton/Atomized/alarms_and_discursions/Chapter_03/part_19.md | blocks 4640 | 40m | 115 blk/min | 7 links to repair
[65/69] ok Authors/Chesterton/Atomized/innocence/Story_05_The_Invisible_Man/part_03.md | blocks 4659 | 41m | 115 blk/min
Exception in thread Thread-3:
Traceback (most recent call last):
  File "/Library/Developer/CommandLineTools/Library/Frameworks/Python3.framework/Versions/3.9/lib/python3.9/threading.py", line 973, in _bootstrap_inner
    self.run()
  File "/Library/Developer/CommandLineTools/Library/Frameworks/Python3.framework/Versions/3.9/lib/python3.9/threading.py", line 910, in run
    self._target(*self._args, **self._kwargs)
  File "/Users/g.borghi/Library/CloudStorage/Dropbox/insegnamento/Wiligelmo/SubjectBrain/English/quartz-eng-lit/scripts/translate/run_dickens_hy.py", line 225, in worker
    q.task_done()
  File "/Library/Developer/CommandLineTools/Library/Frameworks/Python3.framework/Versions/3.9/lib/python3.9/queue.py", line 75, in task_done
    raise ValueError('task_done() called too many times')
ValueError: task_done() called too many times
[66/69] ok Authors/Chesterton/Atomized/manalive/Chapter_02/part_03.md | blocks 4672 | 41m | 113 blk/min
Exception in thread Thread-4:
Traceback (most recent call last):
  File "/Library/Developer/CommandLineTools/Library/Frameworks/Python3.framework/Versions/3.9/lib/python3.9/threading.py", line 973, in _bootstrap_inner
    self.run()
  File "/Library/Developer/CommandLineTools/Library/Frameworks/Python3.framework/Versions/3.9/lib/python3.9/threading.py", line 910, in run
    self._target(*self._args, **self._kwargs)
  File "/Users/g.borghi/Library/CloudStorage/Dropbox/insegnamento/Wiligelmo/SubjectBrain/English/quartz-eng-lit/scripts/translate/run_dickens_hy.py", line 225, in worker
    q.task_done()
  File "/Library/Developer/CommandLineTools/Library/Frameworks/Python3.framework/Versions/3.9/lib/python3.9/queue.py", line 75, in task_done
    raise ValueError('task_done() called too many times')
ValueError: task_done() called too many times
[67/69] ok Authors/Chesterton/Atomized/scandal_Fr_Brown/Story_07_The_gardens_had_been_tended_so_carefully/part_01.md | blocks 4686 | 43m | 108 blk/min | 7 links to repair
Exception in thread Thread-2:
Traceback (most recent call last):
  File "/Library/Developer/CommandLineTools/Library/Frameworks/Python3.framework/Versions/3.9/lib/python3.9/threading.py", line 973, in _bootstrap_inner
    self.run()
  File "/Library/Developer/CommandLineTools/Library/Frameworks/Python3.framework/Versions/3.9/lib/python3.9/threading.py", line 910, in run
    self._target(*self._args, **self._kwargs)
  File "/Users/g.borghi/Library/CloudStorage/Dropbox/insegnamento/Wiligelmo/SubjectBrain/English/quartz-eng-lit/scripts/translate/run_dickens_hy.py", line 225, in worker
    except Exception as e:
  File "/Library/Developer/CommandLineTools/Library/Frameworks/Python3.framework/Versions/3.9/lib/python3.9/queue.py", line 75, in task_done
    raise ValueError('task_done() called too many times')
ValueError: task_done() called too many times
REJECT Authors/Chesterton/Atomized/scandal_Fr_Brown/Story_11_The_Vampire_of_the_Village/part_03.md: invented wikilink targets: ['Padre Brown']
FAIL Authors/Chesterton/Atomized/scandal_Fr_Brown/Story_11_The_Vampire_of_the_Village/part_03.md: task_done() called too many times
Exception in thread Thread-1:
Traceback (most recent call last):
  File "/Library/Developer/CommandLineTools/Library/Frameworks/Python3.framework/Versions/3.9/lib/python3.9/threading.py", line 973, in _bootstrap_inner
    self.run()
  File "/Library/Developer/CommandLineTools/Library/Frameworks/Python3.framework/Versions/3.9/lib/python3.9/threading.py", line 910, in run
    self._target(*self._args, **self._kwargs)
  File "/Users/g.borghi/Library/CloudStorage/Dropbox/insegnamento/Wiligelmo/SubjectBrain/English/quartz-eng-lit/scripts/translate/run_dickens_hy.py", line 225, in worker
    except Exception as e:
  File "/Library/Developer/CommandLineTools/Library/Frameworks/Python3.framework/Versions/3.9/lib/python3.9/queue.py", line 75, in task_done
    raise ValueError('task_done() called too many times')
ValueError: task_done() called too many times

DONE: 61 written, 8 failed, cache 188326 blocks, 44m
21:48:46 [priorita] === END Chesterton (rc=0) ===
2026-08-03 21:49:26 [chain] Chesterton finito -> riparte la coda ordinaria
2026-08-03 21:49:26 [queue] up | pid=31098 | authors=Conan_Doyle Bronte Poe Austen Whitman Wilde Dickinson Chesterton Dickens Belloc Sayers
2026-08-03 21:49:26 [queue] === START Conan_Doyle ===
### author run: Conan_Doyle
### HY Dickens run | model=hy-mt1.5-7b host=http://localhost:1234 | workers=4 | pending atoms=660
cache warm with 188326 blocks
2026-08-03 21:49:50 [queue] up | pid=36900 | authors=Conan_Doyle Bronte Poe Austen Whitman Wilde Dickinson Chesterton Dickens Belloc Sayers
2026-08-03 21:49:50 [queue] === START Conan_Doyle ===
### author run: Conan_Doyle
### HY Dickens run | model=hy-mt1.5-7b host=http://localhost:1234 | workers=4 | pending atoms=660
cache warm with 188326 blocks
2026-08-03 21:57:43 [queue] === RESTART coda: fix task_done + guardia CJK/quadre ===
2026-08-03 21:57:43 [queue] up | pid=37894 | authors=Conan_Doyle Bronte Poe Austen Whitman Wilde Dickinson Chesterton Dickens Belloc Sayers
2026-08-03 21:57:44 [queue] === START Conan_Doyle ===
### author run: Conan_Doyle
### HY Dickens run | model=hy-mt1.5-7b host=http://localhost:1234 | workers=4 | pending atoms=673
cache warm with 188326 blocks
REJECT Authors/Conan_Doyle/Atomized/MEMORIES_AND_ADVENTURES/Chapter_16_AN_INTERLUDE_OF_PEACE.md: unbalanced wikilink brackets: 3 [[ vs 2 ]] (EN balanced at 8)
REJECT Authors/Conan_Doyle/Atomized/MEMORIES_AND_ADVENTURES/Chapter_15_ON_THE_EDGE_OF_A_STORM.md: unbalanced wikilink brackets: 4 [[ vs 3 ]] (EN balanced at 6)
REJECT Authors/Conan_Doyle/Atomized/MEMORIES_AND_ADVENTURES/Chapter_19_FINAL_EXPERIENCES_IN_SOUTH_AFR.md: unbalanced wikilink brackets: 10 [[ vs 8 ]] (EN balanced at 17)
2026-08-03 22:08:20 [queue] === RESTART coda: esenzione strutturale per wikilink annidati nella fonte ===
2026-08-03 22:08:20 [queue] up | pid=38806 | authors=Conan_Doyle Bronte Poe Austen Whitman Wilde Dickinson Chesterton Dickens Belloc Sayers
2026-08-03 22:08:20 [queue] === START Conan_Doyle ===
### author run: Conan_Doyle
### HY Dickens run | model=hy-mt1.5-7b host=http://localhost:1234 | workers=4 | pending atoms=673
cache warm with 188326 blocks
[1/673] ok Authors/Conan_Doyle/Atomized/MEMORIES_AND_ADVENTURES/Chapter_16_AN_INTERLUDE_OF_PEACE.md | blocks 3 | 0m | 6895 blk/min
[2/673] ok Authors/Conan_Doyle/Atomized/MEMORIES_AND_ADVENTURES/Chapter_15_ON_THE_EDGE_OF_A_STORM.md | blocks 6 | 0m | 10747 blk/min
[3/673] ok Authors/Conan_Doyle/Atomized/MEMORIES_AND_ADVENTURES/Chapter_19_FINAL_EXPERIENCES_IN_SOUTH_AFR.md | blocks 9 | 0m | 12574 blk/min
[4/673] ok Authors/Conan_Doyle/Atomized/MEMORIES_AND_ADVENTURES/Chapter_17_THE_START_FOR_SOUTH_AFRICA.md | blocks 12 | 0m | 16591 blk/min
[5/673] ok Authors/Conan_Doyle/Atomized/MEMORIES_AND_ADVENTURES/Chapter_21_MY_POLITICAL_ADVENTURES.md | blocks 15 | 0m | 18591 blk/min
[6/673] ok Authors/Conan_Doyle/Atomized/MEMORIES_AND_ADVENTURES/Chapter_23_THE_YEARS_BETWEEN_THE_WARS.md | blocks 18 | 0m | 14249 blk/min
[7/673] ok Authors/Conan_Doyle/Atomized/MEMORIES_AND_ADVENTURES/Chapter_22_THE_YEARS_BETWEEN_THE_WARS.md | blocks 21 | 0m | 16592 blk/min
[8/673] ok Authors/Conan_Doyle/Atomized/MEMORIES_AND_ADVENTURES/Chapter_32_BREAKING_THE_HINDENBURG_LINE.md | blocks 24 | 0m | 13850 blk/min
[9/673] ok Authors/Conan_Doyle/Atomized/MEMORIES_AND_ADVENTURES/Chapter_25_SOME_RECOLLECTIONS_OF_SPORT.md | blocks 27 | 0m | 15567 blk/min
2026-08-03 22:11:49 [queue] === RESTART coda: regola quadre a franchigia contata ===
2026-08-03 22:11:49 [queue] up | pid=39150 | authors=Conan_Doyle Bronte Poe Austen Whitman Wilde Dickinson Chesterton Dickens Belloc Sayers
2026-08-03 22:11:49 [queue] === START Conan_Doyle ===
### author run: Conan_Doyle
### HY Dickens run | model=hy-mt1.5-7b host=http://localhost:1234 | workers=4 | pending atoms=664
cache warm with 188326 blocks
REJECT Authors/Conan_Doyle/Atomized/MICAH_CLARKE/Chapter_08_Of_our_Start_for_the_Wars.md: leaked CJK character(s): 1 (e.g. 半)
REJECT Authors/Conan_Doyle/Atomized/TALES_OF_TERROR_AND_MYSTERY/Story_07_The_Japanned_Box.md: leaked CJK character(s): 1 (e.g. 半)
REJECT Authors/Conan_Doyle/Atomized/ROUND_THE_RED_LAMP/Story_03_A_STRAGGLER_OF_15.md: leaked CJK character(s): 1 (e.g. 半)
2026-08-03 22:25:52 [queue] === RESTART coda: riparazione del leak "half" (U+534A) ===
2026-08-03 22:25:56 [queue] up | pid=40512 | authors=Conan_Doyle Bronte Poe Austen Whitman Wilde Dickinson Chesterton Dickens Belloc Sayers
2026-08-03 22:25:56 [queue] === START Conan_Doyle ===
### author run: Conan_Doyle
### HY Dickens run | model=hy-mt1.5-7b host=http://localhost:1234 | workers=4 | pending atoms=664
cache warm with 188326 blocks
[1/664] ok Authors/Conan_Doyle/Atomized/MICAH_CLARKE/Chapter_08_Of_our_Start_for_the_Wars.md | blocks 3 | 7m | 0 blk/min
[2/664] ok Authors/Conan_Doyle/Atomized/TALES_OF_TERROR_AND_MYSTERY/Story_07_The_Japanned_Box.md | blocks 6 | 9m | 1 blk/min | 4 links to repair
[3/664] ok Authors/Conan_Doyle/Atomized/ROUND_THE_RED_LAMP/Story_03_A_STRAGGLER_OF_15.md | blocks 9 | 10m | 1 blk/min | 1 links to repair
[4/664] ok Authors/Conan_Doyle/Atomized/MICAH_CLARKE/Chapter_18_Of_Master_Stephen_Timewell_May.md | blocks 12 | 14m | 1 blk/min | 2 links to repair
[5/664] ok Authors/Conan_Doyle/Atomized/THE_BRITISH_CAMPAIGN_IN_FRANCE_AND_FLANDERS_VOLUME/Chapter_10/part_09.md | blocks 15 | 25m | 1 blk/min
[6/664] ok Authors/Conan_Doyle/Atomized/THE_BRITISH_CAMPAIGN_IN_FRANCE_AND_FLANDERS_VOLUME/Chapter_10/part_10.md | blocks 18 | 27m | 1 blk/min
[7/664] ok Authors/Conan_Doyle/Atomized/THE_BRITISH_CAMPAIGN_IN_FRANCE_AND_FLANDERS_VOLUME/Chapter_10/part_11.md | blocks 21 | 27m | 1 blk/min
[8/664] ok Authors/Conan_Doyle/Atomized/THE_BRITISH_CAMPAIGN_IN_FRANCE_AND_FLANDERS_VOLUME/Chapter_11/part_02.md | blocks 24 | 34m | 1 blk/min
[9/664] ok Authors/Conan_Doyle/Atomized/THE_BRITISH_CAMPAIGN_IN_FRANCE_AND_FLANDERS_VOLUME/Chapter_11/part_03.md | blocks 27 | 42m | 1 blk/min
[10/664] ok Authors/Conan_Doyle/Atomized/THE_BRITISH_CAMPAIGN_IN_FRANCE_AND_FLANDERS_VOLUME/Chapter_11/part_06.md | blocks 30 | 45m | 1 blk/min
[11/664] ok Authors/Conan_Doyle/Atomized/THE_BRITISH_CAMPAIGN_IN_FRANCE_AND_FLANDERS_VOLUME/Chapter_11/part_04.md | blocks 33 | 46m | 1 blk/min
[12/664] ok Authors/Conan_Doyle/Atomized/THE_BRITISH_CAMPAIGN_IN_FRANCE_AND_FLANDERS_VOLUME/Chapter_11/part_05.md | blocks 36 | 50m | 1 blk/min
[13/664] ok Authors/Conan_Doyle/Atomized/THE_BRITISH_CAMPAIGN_IN_FRANCE_AND_FLANDERS_VOLUME/Chapter_11/part_08.md | blocks 39 | 55m | 1 blk/min
[14/664] ok Authors/Conan_Doyle/Atomized/THE_BRITISH_CAMPAIGN_IN_FRANCE_AND_FLANDERS_VOLUME/Chapter_11/part_07.md | blocks 42 | 57m | 1 blk/min
[15/664] ok Authors/Conan_Doyle/Atomized/THE_BRITISH_CAMPAIGN_IN_FRANCE_AND_FLANDERS_VOLUME/Chapter_11/part_09.md | blocks 45 | 67m | 1 blk/min
[16/664] ok Authors/Conan_Doyle/Atomized/THE_BRITISH_CAMPAIGN_IN_FRANCE_AND_FLANDERS_VOLUME/Chapter_12/part_01.md | blocks 49 | 70m | 1 blk/min
[17/664] ok Authors/Conan_Doyle/Atomized/THE_BRITISH_CAMPAIGN_IN_FRANCE_AND_FLANDERS_VOLUME/Chapter_11/part_11.md | blocks 52 | 71m | 1 blk/min
[18/664] ok Authors/Conan_Doyle/Atomized/THE_BRITISH_CAMPAIGN_IN_FRANCE_AND_FLANDERS_VOLUME/Chapter_12/part_02.md | blocks 55 | 77m | 1 blk/min
[19/664] ok Authors/Conan_Doyle/Atomized/THE_BRITISH_CAMPAIGN_IN_FRANCE_AND_FLANDERS_VOLUME/Chapter_11/part_10.md | blocks 58 | 78m | 1 blk/min
[20/664] ok Authors/Conan_Doyle/Atomized/THE_BRITISH_CAMPAIGN_IN_FRANCE_AND_FLANDERS_VOLUME/Chapter_12/part_05.md | blocks 61 | 82m | 1 blk/min
[21/664] ok Authors/Conan_Doyle/Atomized/THE_BRITISH_CAMPAIGN_IN_FRANCE_AND_FLANDERS_VOLUME/Chapter_12/part_03.md | blocks 64 | 92m | 1 blk/min
[22/664] ok Authors/Conan_Doyle/Atomized/THE_BRITISH_CAMPAIGN_IN_FRANCE_AND_FLANDERS_VOLUME/Chapter_12/part_07.md | blocks 67 | 95m | 1 blk/min
[23/664] ok Authors/Conan_Doyle/Atomized/THE_BRITISH_CAMPAIGN_IN_FRANCE_AND_FLANDERS_VOLUME/Chapter_12/part_06.md | blocks 70 | 96m | 1 blk/min
[24/664] ok Authors/Conan_Doyle/Atomized/THE_BRITISH_CAMPAIGN_IN_FRANCE_AND_FLANDERS_VOLUME/Chapter_12/part_08.md | blocks 73 | 104m | 1 blk/min
[25/664] ok Authors/Conan_Doyle/Atomized/THE_BRITISH_CAMPAIGN_IN_FRANCE_AND_FLANDERS_VOLUME/Chapter_12/part_04.md | blocks 76 | 104m | 1 blk/min
[26/664] ok Authors/Conan_Doyle/Atomized/THE_BRITISH_CAMPAIGN_IN_FRANCE_AND_FLANDERS_VOLUME/Chapter_12/part_12.md | blocks 79 | 108m | 1 blk/min
[27/664] ok Authors/Conan_Doyle/Atomized/THE_BRITISH_CAMPAIGN_IN_FRANCE_AND_FLANDERS_VOLUME/Chapter_12/part_10.md | blocks 82 | 109m | 1 blk/min
[28/664] ok Authors/Conan_Doyle/Atomized/THE_BRITISH_CAMPAIGN_IN_FRANCE_AND_FLANDERS_VOLUME/Chapter_12/part_09.md | blocks 85 | 110m | 1 blk/min
[29/664] ok Authors/Conan_Doyle/Atomized/THE_BRITISH_CAMPAIGN_IN_FRANCE_AND_FLANDERS_VOLUME/Chapter_12/part_13.md | blocks 89 | 113m | 1 blk/min
[30/664] ok Authors/Conan_Doyle/Atomized/THE_BRITISH_CAMPAIGN_IN_FRANCE_AND_FLANDERS_VOLUME/Chapter_12/part_11.md | blocks 92 | 113m | 1 blk/min
[31/664] ok Authors/Conan_Doyle/Atomized/THE_CAPTAIN_OF_THE_POLESTAR_AND_OTHER_TALES/Story_03_THE_GREAT_KEINPLATZ_EXPERIMENT.md | blocks 95 | 123m | 1 blk/min | 1 links to repair
[32/664] ok Authors/Conan_Doyle/Atomized/THE_CAPTAIN_OF_THE_POLESTAR_AND_OTHER_TALES/Story_01_THE_CAPTAIN_OF_THE_POLE_STAR.md | blocks 98 | 127m | 1 blk/min | 9 links to repair
[33/664] ok Authors/Conan_Doyle/Atomized/THE_CAPTAIN_OF_THE_POLESTAR_AND_OTHER_TALES/Story_04_THE_MAN_FROM_ARCHANGEL.md | blocks 101 | 129m | 1 blk/min | 3 links to repair
[34/664] ok Authors/Conan_Doyle/Atomized/THE_CAPTAIN_OF_THE_POLESTAR_AND_OTHER_TALES/Story_02_F_HABAKUK_JEPHSONS_STATEMENT.md | blocks 104 | 133m | 1 blk/min | 3 links to repair
[35/664] ok Authors/Conan_Doyle/Atomized/THE_CAPTAIN_OF_THE_POLESTAR_AND_OTHER_TALES/Story_05_THAT_LITTLE_SQUARE_BOX.md | blocks 107 | 136m | 1 blk/min | 7 links to repair
[36/664] ok Authors/Conan_Doyle/Atomized/THE_CAPTAIN_OF_THE_POLESTAR_AND_OTHER_TALES/Story_06_JOHN_HUXFORDS_HIATUS.md | blocks 110 | 141m | 1 blk/min | 4 links to repair
[37/664] ok Authors/Conan_Doyle/Atomized/THE_CAPTAIN_OF_THE_POLESTAR_AND_OTHER_TALES/Story_07_CYPRIAN_OVERBECK_WELLS_A_LITERARY_MOSAIC.md | blocks 113 | 141m | 1 blk/min | 3 links to repair
[38/664] ok Authors/Conan_Doyle/Atomized/THE_CAPTAIN_OF_THE_POLESTAR_AND_OTHER_TALES/Story_09_ELIAS_B_HOPKINS_THE_PARSON_OF_JACKMANS_G.md | blocks 117 | 147m | 1 blk/min
[39/664] ok Authors/Conan_Doyle/Atomized/THE_CAPTAIN_OF_THE_POLESTAR_AND_OTHER_TALES/Story_08_JOHN_BARRINGTON_COWLES.md | blocks 120 | 149m | 1 blk/min | 2 links to repair
[40/664] ok Authors/Conan_Doyle/Atomized/THE_CASE_BOOK_OF_SHERLOCK_HOLMES/Story_01_ADVENTURE_I_THE_ADVENTURE_OF_THE_MAZARIN.md | blocks 123 | 152m | 1 blk/min
[41/664] ok Authors/Conan_Doyle/Atomized/THE_CASE_BOOK_OF_SHERLOCK_HOLMES/Story_02_ADVENTURE_II_THE_PROBLEM_OF_THOR_BRIDGE.md | blocks 126 | 158m | 1 blk/min
[42/664] ok Authors/Conan_Doyle/Atomized/THE_CASE_BOOK_OF_SHERLOCK_HOLMES/Story_03_ADVENTURE_III_THE_ADVENTURE_OF_THE_CREEP.md | blocks 129 | 160m | 1 blk/min
[43/664] ok Authors/Conan_Doyle/Atomized/THE_CASE_BOOK_OF_SHERLOCK_HOLMES/Story_04_ADVENTURE_IV_THE_ADVENTURE_OF_THE_SUSSEX.md | blocks 132 | 160m | 1 blk/min
[44/664] ok Authors/Conan_Doyle/Atomized/THE_CASE_BOOK_OF_SHERLOCK_HOLMES/Story_05_ADVENTURE_V_THE_ADVENTURE_OF_THE_THREE_G.md | blocks 135 | 163m | 1 blk/min
[45/664] ok Authors/Conan_Doyle/Atomized/THE_CASE_BOOK_OF_SHERLOCK_HOLMES/Story_08_ADVENTURE_VIII_THE_ADVENTURE_OF_THE_RETI.md | blocks 138 | 170m | 1 blk/min
[46/664] ok Authors/Conan_Doyle/Atomized/THE_CASE_BOOK_OF_SHERLOCK_HOLMES/Story_07_ADVENTURE_VII_THE_ADVENTURE_OF_THE_BLANC.md | blocks 141 | 174m | 1 blk/min
[47/664] ok Authors/Conan_Doyle/Atomized/THE_CASE_BOOK_OF_SHERLOCK_HOLMES/Story_09_ADVENTURE_IX_THE_ADVENTURE_OF_THE_THREE.md | blocks 144 | 174m | 1 blk/min
[48/664] ok Authors/Conan_Doyle/Atomized/THE_CASE_BOOK_OF_SHERLOCK_HOLMES/Story_06_ADVENTURE_VI_THE_ADVENTURE_OF_THE_ILLUST.md | blocks 147 | 175m | 1 blk/min
[49/664] ok Authors/Conan_Doyle/Atomized/THE_CASE_BOOK_OF_SHERLOCK_HOLMES/Story_12_ADVENTURE_XII_THE_ADVENTURE_OF_SHOSCOMBE/part_02.md | blocks 152 | 176m | 1 blk/min
[50/664] ok Authors/Conan_Doyle/Atomized/THE_CASE_BOOK_OF_SHERLOCK_HOLMES/Story_11_ADVENTURE_XI_THE_ADVENTURE_OF_THE_VEILED.md | blocks 155 | 181m | 1 blk/min
[51/664] ok Authors/Conan_Doyle/Atomized/THE_CASE_BOOK_OF_SHERLOCK_HOLMES/Story_10_ADVENTURE_X_THE_ADVENTURE_OF_THE_LIONS_M.md | blocks 158 | 183m | 1 blk/min
[52/664] ok Authors/Conan_Doyle/Atomized/THE_CASE_BOOK_OF_SHERLOCK_HOLMES/Story_12_ADVENTURE_XII_THE_ADVENTURE_OF_SHOSCOMBE/part_01.md | blocks 161 | 185m | 1 blk/min
[53/664] ok Authors/Conan_Doyle/Atomized/THE_CASE_OF_MR_GEORGE_EDALJI/Story_02_CASE_OF_GEORGE_EDALJI_LETTER_FROM_SIR_A.md | blocks 164 | 186m | 1 blk/min
[54/664] ok Authors/Conan_Doyle/Atomized/THE_CASE_OF_MR_GEORGE_EDALJI/Story_05_STATEMENT_OF_THE_CASE_AGAINST_ROYDEN_SHA.md | blocks 167 | 186m | 1 blk/min
[55/664] ok Authors/Conan_Doyle/Atomized/THE_CASE_OF_MR_GEORGE_EDALJI/Story_06_EVIDENCE_OF_HIS_CHARACTER_BEFORE_THE_CRI.md | blocks 170 | 187m | 1 blk/min
[56/664] ok Authors/Conan_Doyle/Atomized/THE_CASE_OF_MR_GEORGE_EDALJI/Story_03_WHO_WROTE_THE_LETTERS_No_2.md | blocks 173 | 188m | 1 blk/min
[57/664] ok Authors/Conan_Doyle/Atomized/THE_CASE_OF_MR_GEORGE_EDALJI/Story_04_THE_MARTIN_MOLTON_LETTERS_No_3.md | blocks 176 | 189m | 1 blk/min
[58/664] ok Authors/Conan_Doyle/Atomized/THE_CASE_OF_MR_GEORGE_EDALJI/Story_07_MR_WYNNES_STATEMENT.md | blocks 180 | 192m | 1 blk/min
[59/664] ok Authors/Conan_Doyle/Atomized/THE_CASE_OF_MR_OSCAR_SLATER/part/part_02.md | blocks 183 | 197m | 1 blk/min
[60/664] ok Authors/Conan_Doyle/Atomized/THE_CASE_OF_MR_GEORGE_EDALJI/Story_01_THE_CASE_OF_MR_GEORGE_EDALJI.md | blocks 186 | 202m | 1 blk/min | 3 links to repair
[61/664] ok Authors/Conan_Doyle/Atomized/THE_COMING_OF_THE_FAIRIES/Chapter_01/part_01.md | blocks 189 | 203m | 1 blk/min | 3 links to repair
[62/664] ok Authors/Conan_Doyle/Atomized/THE_COMING_OF_THE_FAIRIES/Chapter_01/part_02.md | blocks 192 | 204m | 1 blk/min | 1 links to repair
[63/664] ok Authors/Conan_Doyle/Atomized/THE_COMING_OF_THE_FAIRIES/Chapter_02.md | blocks 195 | 210m | 1 blk/min | 3 links to repair
[64/664] ok Authors/Conan_Doyle/Atomized/THE_CASE_OF_MR_OSCAR_SLATER/part/part_01.md | blocks 201 | 214m | 1 blk/min | 1 links to repair
[65/664] ok Authors/Conan_Doyle/Atomized/THE_COMING_OF_THE_FAIRIES/Chapter_04.md | blocks 204 | 215m | 1 blk/min | 1 links to repair
[66/664] ok Authors/Conan_Doyle/Atomized/THE_COMING_OF_THE_FAIRIES/Chapter_03.md | blocks 207 | 217m | 1 blk/min | 4 links to repair
[67/664] ok Authors/Conan_Doyle/Atomized/THE_CASE_OF_MR_OSCAR_SLATER/part/part_03.md | blocks 210 | 218m | 1 blk/min
[68/664] ok Authors/Conan_Doyle/Atomized/THE_COMING_OF_THE_FAIRIES/Chapter_06/part_02.md | blocks 213 | 219m | 1 blk/min
[69/664] ok Authors/Conan_Doyle/Atomized/THE_COMING_OF_THE_FAIRIES/Chapter_05.md | blocks 216 | 219m | 1 blk/min | 1 links to repair
[70/664] ok Authors/Conan_Doyle/Atomized/THE_COMING_OF_THE_FAIRIES/Chapter_13.md | blocks 219 | 219m | 1 blk/min
[71/664] ok Authors/Conan_Doyle/Atomized/THE_COMING_OF_THE_FAIRIES/Chapter_06/part_01.md | blocks 222 | 222m | 1 blk/min | 1 links to repair
[72/664] ok Authors/Conan_Doyle/Atomized/THE_CRIME_OF_THE_CONGO/Chapter_01.md | blocks 227 | 222m | 1 blk/min | 1 links to repair
[73/664] ok Authors/Conan_Doyle/Atomized/THE_COMING_OF_THE_FAIRIES/Chapter_07.md | blocks 230 | 224m | 1 blk/min
[74/664] ok Authors/Conan_Doyle/Atomized/THE_CRIME_OF_THE_CONGO/Chapter_02.md | blocks 233 | 226m | 1 blk/min | 2 links to repair
[75/664] ok Authors/Conan_Doyle/Atomized/THE_COMING_OF_THE_FAIRIES/Chapter_08.md | blocks 237 | 227m | 1 blk/min | 2 links to repair
[76/664] ok Authors/Conan_Doyle/Atomized/THE_CRIME_OF_THE_CONGO/Chapter_04.md | blocks 240 | 227m | 1 blk/min
[77/664] ok Authors/Conan_Doyle/Atomized/THE_CRIME_OF_THE_CONGO/Chapter_06.md | blocks 243 | 232m | 1 blk/min | 1 links to repair
[78/664] ok Authors/Conan_Doyle/Atomized/THE_CRIME_OF_THE_CONGO/Chapter_03.md | blocks 246 | 234m | 1 blk/min | 2 links to repair
[79/664] ok Authors/Conan_Doyle/Atomized/THE_CRIME_OF_THE_CONGO/Chapter_07.md | blocks 249 | 235m | 1 blk/min | 5 links to repair
[80/664] ok Authors/Conan_Doyle/Atomized/THE_CRIME_OF_THE_CONGO/Chapter_05.md | blocks 252 | 235m | 1 blk/min | 1 links to repair
[81/664] ok Authors/Conan_Doyle/Atomized/THE_CRIME_OF_THE_CONGO/Chapter_11.md | blocks 255 | 238m | 1 blk/min
[82/664] ok Authors/Conan_Doyle/Atomized/THE_CRIME_OF_THE_CONGO/Chapter_08.md | blocks 258 | 240m | 1 blk/min | 4 links to repair
[83/664] ok Authors/Conan_Doyle/Atomized/THE_CRIME_OF_THE_CONGO/Chapter_10.md | blocks 261 | 242m | 1 blk/min | 4 links to repair
[84/664] ok Authors/Conan_Doyle/Atomized/THE_CRIME_OF_THE_CONGO/Chapter_13.md | blocks 264 | 243m | 1 blk/min | 1 links to repair
[85/664] ok Authors/Conan_Doyle/Atomized/THE_CRIME_OF_THE_CONGO/Chapter_14.md | blocks 267 | 245m | 1 blk/min
[86/664] ok Authors/Conan_Doyle/Atomized/THE_CRIME_OF_THE_CONGO/Chapter_15/part_01.md | blocks 270 | 246m | 1 blk/min
[87/664] ok Authors/Conan_Doyle/Atomized/THE_CRIME_OF_THE_CONGO/Chapter_15/part_02.md | blocks 274 | 247m | 1 blk/min
[88/664] ok Authors/Conan_Doyle/Atomized/THE_CRIME_OF_THE_CONGO/Chapter_12.md | blocks 277 | 248m | 1 blk/min | 1 links to repair
[89/664] ok Authors/Conan_Doyle/Atomized/THE_CRIME_OF_THE_CONGO/Chapter_09.md | blocks 280 | 248m | 1 blk/min | 2 links to repair
[90/664] ok Authors/Conan_Doyle/Atomized/THE_DEALINGS_OF_CAPTAIN_SHARKEY_AND_OTHER_TALES_OF/Story_01_TALES_OF_PIRATES.md | blocks 283 | 254m | 1 blk/min
[91/664] ok Authors/Conan_Doyle/Atomized/THE_DEALINGS_OF_CAPTAIN_SHARKEY_AND_OTHER_TALES_OF/Story_02_THE_DEALINGS_OF_CAPTAIN_SHARKEY_WITH_STE.md | blocks 286 | 255m | 1 blk/min
[92/664] ok Authors/Conan_Doyle/Atomized/THE_DEALINGS_OF_CAPTAIN_SHARKEY_AND_OTHER_TALES_OF/Story_04_HOW_COPLEY_BANKS_SLEW_CAPTAIN_SHARKEY.md | blocks 289 | 256m | 1 blk/min
[93/664] ok Authors/Conan_Doyle/Atomized/THE_DEALINGS_OF_CAPTAIN_SHARKEY_AND_OTHER_TALES_OF/Story_03_THE_BLIGHTING_OF_SHARKEY.md | blocks 292 | 256m | 1 blk/min
[94/664] ok Authors/Conan_Doyle/Atomized/THE_DEALINGS_OF_CAPTAIN_SHARKEY_AND_OTHER_TALES_OF/Story_05_THE_SLAPPING_SAL.md | blocks 295 | 260m | 1 blk/min
[95/664] ok Authors/Conan_Doyle/Atomized/THE_DEALINGS_OF_CAPTAIN_SHARKEY_AND_OTHER_TALES_OF/Story_06_A_PIRATE_OF_THE_LAND_ONE_CROWDED_HOUR.md | blocks 298 | 264m | 1 blk/min
[96/664] ok Authors/Conan_Doyle/Atomized/THE_DEALINGS_OF_CAPTAIN_SHARKEY_AND_OTHER_TALES_OF/Story_07_TALES_OF_BLUE_WATER.md | blocks 301 | 265m | 1 blk/min
[97/664] ok Authors/Conan_Doyle/Atomized/THE_DEALINGS_OF_CAPTAIN_SHARKEY_AND_OTHER_TALES_OF/Story_10_JELLANDS_VOYAGE.md | blocks 304 | 269m | 1 blk/min
[98/664] ok Authors/Conan_Doyle/Atomized/THE_DEALINGS_OF_CAPTAIN_SHARKEY_AND_OTHER_TALES_OF/Story_09_THE_FIEND_OF_THE_COOPERAGE.md | blocks 307 | 269m | 1 blk/min
[99/664] ok Authors/Conan_Doyle/Atomized/THE_DEALINGS_OF_CAPTAIN_SHARKEY_AND_OTHER_TALES_OF/Story_08_THE_CAPTAIN_OF_THE_POLESTAR.md | blocks 310 | 274m | 1 blk/min
[100/664] ok Authors/Conan_Doyle/Atomized/THE_DEBATABLE_CASE_OF_MRS_EMSLEY/part/part_02.md | blocks 313 | 282m | 1 blk/min
[101/664] ok Authors/Conan_Doyle/Atomized/THE_DEALINGS_OF_CAPTAIN_SHARKEY_AND_OTHER_TALES_OF/Story_12_THAT_LITTLE_SQUARE_BOX.md | blocks 317 | 282m | 1 blk/min
[102/664] ok Authors/Conan_Doyle/Atomized/THE_DOINGS_OF_RAFFLES_HAW/Chapter_01_A_DOUBLE_ENIGMA.md | blocks 320 | 288m | 1 blk/min
[103/664] ok Authors/Conan_Doyle/Atomized/THE_DEALINGS_OF_CAPTAIN_SHARKEY_AND_OTHER_TALES_OF/Story_11_J_HABAKUK_JEPHSONS_STATEMENT.md | blocks 323 | 288m | 1 blk/min
REJECT Authors/Conan_Doyle/Atomized/THE_DOINGS_OF_RAFFLES_HAW/Chapter_02_THE_TENANT_OF_THE_NEW_HALL.md: leaked CJK character(s): 2 (e.g. 粗鲁)
[105/664] ok Authors/Conan_Doyle/Atomized/THE_DOINGS_OF_RAFFLES_HAW/Chapter_03_A_HOUSE_OF_WONDERS.md | blocks 326 | 293m | 1 blk/min | 2 links to repair
[106/664] ok Authors/Conan_Doyle/Atomized/THE_DOINGS_OF_RAFFLES_HAW/Chapter_05_LAURAS_REQUEST.md | blocks 329 | 293m | 1 blk/min
[107/664] ok Authors/Conan_Doyle/Atomized/THE_DOINGS_OF_RAFFLES_HAW/Chapter_04_FROM_CLIME_TO_CLIME.md | blocks 332 | 293m | 1 blk/min | 1 links to repair
[108/664] ok Authors/Conan_Doyle/Atomized/THE_DOINGS_OF_RAFFLES_HAW/Chapter_06_A_STRANGE_VISITOR.md | blocks 335 | 294m | 1 blk/min
[109/664] ok Authors/Conan_Doyle/Atomized/THE_DOINGS_OF_RAFFLES_HAW/Chapter_07_THE_WORKINGS_OF_WEALTH.md | blocks 338 | 297m | 1 blk/min
[110/664] ok Authors/Conan_Doyle/Atomized/THE_DOINGS_OF_RAFFLES_HAW/Chapter_08_A_BILLIONAIRES_PLANS.md | blocks 341 | 298m | 1 blk/min
2026-08-04 03:24:59 [queue] === RESTART coda: riparazione mirata dello span cinese (repair_cjk_span) ===
2026-08-04 03:24:59 [queue] up | pid=63854 | authors=Conan_Doyle Bronte Poe Austen Whitman Wilde Dickinson Chesterton Dickens Belloc Sayers
2026-08-04 03:24:59 [queue] === START Conan_Doyle ===
### author run: Conan_Doyle
### HY Dickens run | model=hy-mt1.5-7b host=http://localhost:1234 | workers=4 | pending atoms=555
cache warm with 188452 blocks
[1/555] ok Authors/Conan_Doyle/Atomized/THE_DOINGS_OF_RAFFLES_HAW/Chapter_09_A_NEW_DEPARTURE.md | blocks 3 | 4m | 1 blk/min
[2/555] ok Authors/Conan_Doyle/Atomized/THE_DOINGS_OF_RAFFLES_HAW/Chapter_10_THE_GREAT_SECRET.md | blocks 6 | 5m | 1 blk/min
[3/555] ok Authors/Conan_Doyle/Atomized/THE_DOINGS_OF_RAFFLES_HAW/Chapter_02_THE_TENANT_OF_THE_NEW_HALL.md | blocks 9 | 6m | 2 blk/min | 1 links to repair
[4/555] ok Authors/Conan_Doyle/Atomized/THE_DOINGS_OF_RAFFLES_HAW/Chapter_11_A_CHEMICAL_DEMONSTRATION.md | blocks 12 | 8m | 2 blk/min
[5/555] ok Authors/Conan_Doyle/Atomized/THE_DOINGS_OF_RAFFLES_HAW/Chapter_12_A_FAMILY_JAR.md | blocks 15 | 9m | 2 blk/min
[6/555] ok Authors/Conan_Doyle/Atomized/THE_DOINGS_OF_RAFFLES_HAW/Chapter_13_A_MIDNIGHT_VENTURE.md | blocks 18 | 10m | 2 blk/min
[7/555] ok Authors/Conan_Doyle/Atomized/THE_DOINGS_OF_RAFFLES_HAW/Chapter_15_THE_GREATER_SECRET.md | blocks 22 | 11m | 2 blk/min | 1 links to repair
[8/555] ok Authors/Conan_Doyle/Atomized/THE_DOINGS_OF_RAFFLES_HAW/Chapter_14_THE_SPREAD_OF_THE_BLIGHT.md | blocks 25 | 13m | 2 blk/min
[9/555] ok Authors/Conan_Doyle/Atomized/THE_EDGE_OF_THE_UNKNOWN/Chapter_01/part_03.md | blocks 28 | 23m | 1 blk/min
[10/555] ok Authors/Conan_Doyle/Atomized/THE_EDGE_OF_THE_UNKNOWN/Chapter_01/part_01.md | blocks 31 | 24m | 1 blk/min | 1 links to repair
[11/555] ok Authors/Conan_Doyle/Atomized/THE_EDGE_OF_THE_UNKNOWN/Chapter_01/part_02.md | blocks 34 | 25m | 1 blk/min | 1 links to repair
[12/555] ok Authors/Conan_Doyle/Atomized/THE_EDGE_OF_THE_UNKNOWN/Chapter_01/part_04.md | blocks 37 | 25m | 1 blk/min
[13/555] ok Authors/Conan_Doyle/Atomized/THE_EDGE_OF_THE_UNKNOWN/Chapter_01/part_07.md | blocks 40 | 30m | 1 blk/min | 2 links to repair
[14/555] ok Authors/Conan_Doyle/Atomized/THE_EDGE_OF_THE_UNKNOWN/Chapter_01/part_05.md | blocks 43 | 33m | 1 blk/min
[15/555] ok Authors/Conan_Doyle/Atomized/THE_EDGE_OF_THE_UNKNOWN/Chapter_01/part_06.md | blocks 46 | 35m | 1 blk/min
[16/555] ok Authors/Conan_Doyle/Atomized/THE_EDGE_OF_THE_UNKNOWN/Chapter_01/part_10.md | blocks 49 | 39m | 1 blk/min
[17/555] ok Authors/Conan_Doyle/Atomized/THE_EDGE_OF_THE_UNKNOWN/Chapter_01/part_08.md | blocks 52 | 40m | 1 blk/min | 1 links to repair
[18/555] ok Authors/Conan_Doyle/Atomized/THE_EDGE_OF_THE_UNKNOWN/Chapter_01/part_09.md | blocks 55 | 42m | 1 blk/min | 2 links to repair
[19/555] ok Authors/Conan_Doyle/Atomized/THE_EDGE_OF_THE_UNKNOWN/Chapter_01/part_11.md | blocks 58 | 47m | 1 blk/min
[20/555] ok Authors/Conan_Doyle/Atomized/THE_DEBATABLE_CASE_OF_MRS_EMSLEY/part/part_01.md | blocks 61 | 50m | 1 blk/min | 2 links to repair
[21/555] ok Authors/Conan_Doyle/Atomized/THE_EDGE_OF_THE_UNKNOWN/Chapter_01/part_13.md | blocks 64 | 53m | 1 blk/min | 4 links to repair
REJECT Authors/Conan_Doyle/Atomized/THE_EDGE_OF_THE_UNKNOWN/Chapter_01/part_12.md: leftover mask token(s): 1 (e.g. [[L02..); unbalanced wikilink brackets: 5 [[ vs 4 ]] (EN balanced at 6)
[23/555] ok Authors/Conan_Doyle/Atomized/THE_EDGE_OF_THE_UNKNOWN/Chapter_01/part_15.md | blocks 69 | 59m | 1 blk/min | 1 links to repair
[24/555] ok Authors/Conan_Doyle/Atomized/THE_EDGE_OF_THE_UNKNOWN/Chapter_01/part_14.md | blocks 72 | 60m | 1 blk/min | 1 links to repair
[25/555] ok Authors/Conan_Doyle/Atomized/THE_EXPLOITS_OF_BRIGADIER_GERARD/Story_02_HOW_THE_BRIGADIER_SLEW_THE_BROTHERS_OF_A.md | blocks 75 | 69m | 1 blk/min | 4 links to repair
[26/555] ok Authors/Conan_Doyle/Atomized/THE_EXPLOITS_OF_BRIGADIER_GERARD/Story_01_HOW_THE_BRIGADIER_CAME_TO_THE_CASTLE_OF.md | blocks 78 | 69m | 1 blk/min | 4 links to repair
2026-08-04 04:34:57 [queue] === RESTART coda: riparazione dei codici maschera chiusi da virgolette (UNCLOSED_CODE_RE) ===
2026-08-04 04:34:57 [queue] up | pid=69488 | authors=Conan_Doyle Bronte Poe Austen Whitman Wilde Dickinson Chesterton Dickens Belloc Sayers
2026-08-04 04:34:57 [queue] === START Conan_Doyle ===
### author run: Conan_Doyle
### HY Dickens run | model=hy-mt1.5-7b host=http://localhost:1234 | workers=4 | pending atoms=530
cache warm with 188483 blocks
[1/530] ok Authors/Conan_Doyle/Atomized/THE_EDGE_OF_THE_UNKNOWN/Chapter_01/part_12.md | blocks 3 | 12m | 0 blk/min | 1 links to repair
[2/530] ok Authors/Conan_Doyle/Atomized/THE_EXPLOITS_OF_BRIGADIER_GERARD/Story_04_HOW_THE_KING_HELD_THE_BRIGADIER.md | blocks 6 | 16m | 0 blk/min | 5 links to repair
[3/530] ok Authors/Conan_Doyle/Atomized/THE_EXPLOITS_OF_BRIGADIER_GERARD/Story_05_HOW_THE_BRIGADIER_TOOK_THE_FIELD_AGAINST.md | blocks 9 | 17m | 1 blk/min | 7 links to repair
[4/530] ok Authors/Conan_Doyle/Atomized/THE_EXPLOITS_OF_BRIGADIER_GERARD/Story_03_HOW_THE_BRIGADIER_HELD_THE_KING.md | blocks 12 | 20m | 1 blk/min | 2 links to repair
[5/530] ok Authors/Conan_Doyle/Atomized/THE_FIRM_OF_GIRDLESTONE/Chapter_01.md | blocks 18 | 20m | 1 blk/min
[6/530] ok Authors/Conan_Doyle/Atomized/THE_EXPLOITS_OF_BRIGADIER_GERARD/Story_06_HOW_THE_BRIGADIER_PLAYED_FOR_A_KINGDOM.md | blocks 21 | 27m | 1 blk/min | 9 links to repair
[7/530] ok Authors/Conan_Doyle/Atomized/THE_FIRM_OF_GIRDLESTONE/Chapter_02.md | blocks 24 | 28m | 1 blk/min | 1 links to repair
[8/530] ok Authors/Conan_Doyle/Atomized/THE_FIRM_OF_GIRDLESTONE/Chapter_04.md | blocks 27 | 30m | 1 blk/min | 4 links to repair
[9/530] ok Authors/Conan_Doyle/Atomized/THE_FIRM_OF_GIRDLESTONE/Chapter_06.md | blocks 30 | 34m | 1 blk/min
[10/530] ok Authors/Conan_Doyle/Atomized/THE_FIRM_OF_GIRDLESTONE/Chapter_05.md | blocks 33 | 34m | 1 blk/min | 1 links to repair
[11/530] ok Authors/Conan_Doyle/Atomized/THE_EXPLOITS_OF_BRIGADIER_GERARD/Story_08_HOW_THE_BRIGADIER_WAS_TEMPTED_BY_THE_DEV.md | blocks 37 | 34m | 1 blk/min | 7 links to repair
[12/530] ok Authors/Conan_Doyle/Atomized/THE_EXPLOITS_OF_BRIGADIER_GERARD/Story_07_HOW_THE_BRIGADIER_WON_HIS_MEDAL.md | blocks 40 | 36m | 1 blk/min | 12 links to repair
[13/530] ok Authors/Conan_Doyle/Atomized/THE_FIRM_OF_GIRDLESTONE/Chapter_07.md | blocks 43 | 38m | 1 blk/min
[14/530] ok Authors/Conan_Doyle/Atomized/THE_FIRM_OF_GIRDLESTONE/Chapter_10.md | blocks 46 | 39m | 1 blk/min
[15/530] ok Authors/Conan_Doyle/Atomized/THE_FIRM_OF_GIRDLESTONE/Chapter_09.md | blocks 49 | 39m | 1 blk/min
[16/530] ok Authors/Conan_Doyle/Atomized/THE_FIRM_OF_GIRDLESTONE/Chapter_08.md | blocks 52 | 43m | 1 blk/min
[17/530] ok Authors/Conan_Doyle/Atomized/THE_FIRM_OF_GIRDLESTONE/Chapter_12.md | blocks 55 | 45m | 1 blk/min | 1 links to repair
[18/530] ok Authors/Conan_Doyle/Atomized/THE_FIRM_OF_GIRDLESTONE/Chapter_13.md | blocks 58 | 45m | 1 blk/min | 2 links to repair
[19/530] ok Authors/Conan_Doyle/Atomized/THE_FIRM_OF_GIRDLESTONE/Chapter_16.md | blocks 61 | 48m | 1 blk/min
[20/530] ok Authors/Conan_Doyle/Atomized/THE_FIRM_OF_GIRDLESTONE/Chapter_14.md | blocks 64 | 48m | 1 blk/min | 1 links to repair
[21/530] ok Authors/Conan_Doyle/Atomized/THE_FIRM_OF_GIRDLESTONE/Chapter_11.md | blocks 67 | 49m | 1 blk/min | 1 links to repair
[22/530] ok Authors/Conan_Doyle/Atomized/THE_FIRM_OF_GIRDLESTONE/Chapter_15.md | blocks 70 | 52m | 1 blk/min
[23/530] ok Authors/Conan_Doyle/Atomized/THE_FIRM_OF_GIRDLESTONE/Chapter_17.md | blocks 73 | 53m | 1 blk/min
[24/530] ok Authors/Conan_Doyle/Atomized/THE_FIRM_OF_GIRDLESTONE/Chapter_18.md | blocks 76 | 54m | 1 blk/min | 2 links to repair
[25/530] ok Authors/Conan_Doyle/Atomized/THE_FIRM_OF_GIRDLESTONE/Chapter_20.md | blocks 79 | 56m | 1 blk/min
[26/530] ok Authors/Conan_Doyle/Atomized/THE_FIRM_OF_GIRDLESTONE/Chapter_19.md | blocks 82 | 58m | 1 blk/min | 1 links to repair
[27/530] ok Authors/Conan_Doyle/Atomized/THE_FIRM_OF_GIRDLESTONE/Chapter_24.md | blocks 85 | 61m | 1 blk/min
[28/530] ok Authors/Conan_Doyle/Atomized/THE_FIRM_OF_GIRDLESTONE/Chapter_21.md | blocks 88 | 61m | 1 blk/min | 1 links to repair
[29/530] ok Authors/Conan_Doyle/Atomized/THE_FIRM_OF_GIRDLESTONE/Chapter_23.md | blocks 91 | 62m | 1 blk/min | 1 links to repair
[30/530] ok Authors/Conan_Doyle/Atomized/THE_FIRM_OF_GIRDLESTONE/Chapter_22.md | blocks 94 | 63m | 1 blk/min
[31/530] ok Authors/Conan_Doyle/Atomized/THE_FIRM_OF_GIRDLESTONE/Chapter_25.md | blocks 97 | 66m | 1 blk/min
[32/530] ok Authors/Conan_Doyle/Atomized/THE_FIRM_OF_GIRDLESTONE/Chapter_27.md | blocks 100 | 66m | 2 blk/min
[33/530] ok Authors/Conan_Doyle/Atomized/THE_FIRM_OF_GIRDLESTONE/Chapter_26.md | blocks 103 | 67m | 2 blk/min
[34/530] ok Authors/Conan_Doyle/Atomized/THE_FIRM_OF_GIRDLESTONE/Chapter_28.md | blocks 106 | 69m | 2 blk/min
[35/530] ok Authors/Conan_Doyle/Atomized/THE_FIRM_OF_GIRDLESTONE/Chapter_29.md | blocks 109 | 69m | 2 blk/min | 3 links to repair
[36/530] ok Authors/Conan_Doyle/Atomized/THE_FIRM_OF_GIRDLESTONE/Chapter_30.md | blocks 112 | 72m | 2 blk/min
[37/530] ok Authors/Conan_Doyle/Atomized/THE_FIRM_OF_GIRDLESTONE/Chapter_33.md | blocks 115 | 73m | 2 blk/min | 1 links to repair
[38/530] ok Authors/Conan_Doyle/Atomized/THE_FIRM_OF_GIRDLESTONE/Chapter_32.md | blocks 118 | 75m | 2 blk/min
[39/530] ok Authors/Conan_Doyle/Atomized/THE_FIRM_OF_GIRDLESTONE/Chapter_31.md | blocks 121 | 77m | 2 blk/min | 5 links to repair
[40/530] ok Authors/Conan_Doyle/Atomized/THE_FIRM_OF_GIRDLESTONE/Chapter_34.md | blocks 124 | 77m | 2 blk/min
[41/530] ok Authors/Conan_Doyle/Atomized/THE_FIRM_OF_GIRDLESTONE/Chapter_35.md | blocks 127 | 79m | 2 blk/min
[42/530] ok Authors/Conan_Doyle/Atomized/THE_FIRM_OF_GIRDLESTONE/Chapter_36.md | blocks 130 | 79m | 2 blk/min
[43/530] ok Authors/Conan_Doyle/Atomized/THE_FIRM_OF_GIRDLESTONE/Chapter_38.md | blocks 133 | 81m | 2 blk/min
[44/530] ok Authors/Conan_Doyle/Atomized/THE_FIRM_OF_GIRDLESTONE/Chapter_37.md | blocks 136 | 81m | 2 blk/min
[45/530] ok Authors/Conan_Doyle/Atomized/THE_FIRM_OF_GIRDLESTONE/Chapter_40.md | blocks 139 | 82m | 2 blk/min | 2 links to repair
[46/530] ok Authors/Conan_Doyle/Atomized/THE_FIRM_OF_GIRDLESTONE/Chapter_39.md | blocks 142 | 83m | 2 blk/min | 1 links to repair
[47/530] ok Authors/Conan_Doyle/Atomized/THE_FIRM_OF_GIRDLESTONE/Chapter_41.md | blocks 145 | 86m | 2 blk/min | 1 links to repair
[48/530] ok Authors/Conan_Doyle/Atomized/THE_FIRM_OF_GIRDLESTONE/Chapter_43.md | blocks 148 | 87m | 2 blk/min
[49/530] ok Authors/Conan_Doyle/Atomized/THE_FIRM_OF_GIRDLESTONE/Chapter_42.md | blocks 151 | 87m | 2 blk/min
[50/530] ok Authors/Conan_Doyle/Atomized/THE_FIRM_OF_GIRDLESTONE/Chapter_44.md | blocks 154 | 87m | 2 blk/min
[51/530] ok Authors/Conan_Doyle/Atomized/THE_FIRM_OF_GIRDLESTONE/Chapter_45.md | blocks 157 | 91m | 2 blk/min
[52/530] ok Authors/Conan_Doyle/Atomized/THE_FIRM_OF_GIRDLESTONE/Chapter_48.md | blocks 160 | 92m | 2 blk/min | 1 links to repair
[53/530] ok Authors/Conan_Doyle/Atomized/THE_FIRM_OF_GIRDLESTONE/Chapter_46.md | blocks 163 | 92m | 2 blk/min
[54/530] ok Authors/Conan_Doyle/Atomized/THE_FIRM_OF_GIRDLESTONE/Chapter_47.md | blocks 166 | 94m | 2 blk/min | 2 links to repair
[55/530] ok Authors/Conan_Doyle/Atomized/THE_GREAT_BOER_WAR/Chapter_01_THE_END.md | blocks 170 | 95m | 2 blk/min
[56/530] ok Authors/Conan_Doyle/Atomized/THE_GREAT_BOER_WAR/Chapter_02_THE_BOER_NATIONS.md | blocks 173 | 95m | 2 blk/min
[57/530] ok Authors/Conan_Doyle/Atomized/THE_FIRM_OF_GIRDLESTONE/Chapter_51.md | blocks 177 | 95m | 2 blk/min
[58/530] ok Authors/Conan_Doyle/Atomized/THE_FIRM_OF_GIRDLESTONE/Chapter_49.md | blocks 180 | 100m | 2 blk/min | 2 links to repair
[59/530] ok Authors/Conan_Doyle/Atomized/THE_FIRM_OF_GIRDLESTONE/Chapter_50.md | blocks 183 | 101m | 2 blk/min | 3 links to repair
[60/530] ok Authors/Conan_Doyle/Atomized/THE_GREAT_BOER_WAR/Chapter_04_THE_NEGOTIATIONS.md | blocks 186 | 104m | 2 blk/min | 4 links to repair
[61/530] ok Authors/Conan_Doyle/Atomized/THE_GREAT_BOER_WAR/Chapter_03_THE_CAUSE_OF_QUARREL.md | blocks 189 | 107m | 2 blk/min | 1 links to repair
[62/530] ok Authors/Conan_Doyle/Atomized/THE_GREAT_BOER_WAR/Chapter_07_ELANDSLAAGTE_AND_RIETFONTEIN.md | blocks 192 | 112m | 2 blk/min | 4 links to repair
[63/530] ok Authors/Conan_Doyle/Atomized/THE_GREAT_BOER_WAR/Chapter_05_THE_EVE_OF_WAR.md | blocks 195 | 113m | 2 blk/min | 1 links to repair
[64/530] ok Authors/Conan_Doyle/Atomized/THE_GREAT_BOER_WAR/Chapter_06_TALANA_HILL.md | blocks 198 | 113m | 2 blk/min | 5 links to repair
[65/530] ok Authors/Conan_Doyle/Atomized/THE_GREAT_BOER_WAR/Chapter_08_THE_BATTLE_OF_LADYSMITH.md | blocks 201 | 117m | 2 blk/min | 2 links to repair
[66/530] ok Authors/Conan_Doyle/Atomized/THE_GREAT_BOER_WAR/Chapter_11_THE_BATTLE_OF_STORMBERG.md | blocks 204 | 119m | 2 blk/min | 2 links to repair
[67/530] ok Authors/Conan_Doyle/Atomized/THE_GREAT_BOER_WAR/Chapter_10_BATTLE_OF_MAGERSFONTEIN.md | blocks 207 | 123m | 2 blk/min | 3 links to repair
[68/530] ok Authors/Conan_Doyle/Atomized/THE_GREAT_BOER_WAR/Chapter_13_THE_DARK_HOUR.md | blocks 210 | 127m | 2 blk/min | 4 links to repair
[69/530] ok Authors/Conan_Doyle/Atomized/THE_GREAT_BOER_WAR/Chapter_09_LORD_METHUENS_ADVANCE.md | blocks 213 | 128m | 2 blk/min | 3 links to repair
[70/530] ok Authors/Conan_Doyle/Atomized/THE_GREAT_BOER_WAR/Chapter_12_BATTLE_OF_COLENSO.md | blocks 216 | 131m | 2 blk/min | 4 links to repair
[71/530] ok Authors/Conan_Doyle/Atomized/THE_GREAT_BOER_WAR/Chapter_15_THE_COLESBERG_OPERATIONS.md | blocks 219 | 136m | 2 blk/min | 3 links to repair
[72/530] ok Authors/Conan_Doyle/Atomized/THE_GREAT_BOER_WAR/Chapter_17_VAALKRANZ.md | blocks 222 | 137m | 2 blk/min | 2 links to repair
[73/530] ok Authors/Conan_Doyle/Atomized/THE_GREAT_BOER_WAR/Chapter_14_THE_SIEGE_OF_LADYSMITH.md | blocks 225 | 140m | 2 blk/min | 7 links to repair
[74/530] ok Authors/Conan_Doyle/Atomized/THE_GREAT_BOER_WAR/Chapter_16_SPION_KOP.md | blocks 228 | 141m | 2 blk/min | 4 links to repair
[75/530] ok Authors/Conan_Doyle/Atomized/THE_GREAT_BOER_WAR/Chapter_21_ROBERTSS_ADVANCE_ON_BLOEMFONTE.md | blocks 231 | 148m | 2 blk/min | 1 links to repair
[76/530] ok Authors/Conan_Doyle/Atomized/THE_GREAT_BOER_WAR/Chapter_18_BULLERS_FINAL_ADVANCE.md | blocks 234 | 150m | 2 blk/min | 4 links to repair
[77/530] ok Authors/Conan_Doyle/Atomized/THE_GREAT_BOER_WAR/Chapter_19_THE_SIEGE_AND_RELIEF_OF_KIMBER.md | blocks 237 | 150m | 2 blk/min | 2 links to repair
[78/530] ok Authors/Conan_Doyle/Atomized/THE_GREAT_BOER_WAR/Chapter_20_PAARDEBERG.md | blocks 240 | 155m | 2 blk/min | 4 links to repair
[79/530] ok Authors/Conan_Doyle/Atomized/THE_GREAT_BOER_WAR/Chapter_22_STRATEGIC_EFFECTS_OF_LORD_ROBE.md | blocks 243 | 160m | 2 blk/min | 4 links to repair
[80/530] ok Authors/Conan_Doyle/Atomized/THE_GREAT_BOER_WAR/Chapter_24_THE_CLEARING_OF_THE_SOUTH_EAST.md | blocks 246 | 160m | 2 blk/min | 4 links to repair
[81/530] ok Authors/Conan_Doyle/Atomized/THE_GREAT_BOER_WAR/Chapter_23_THE_HALT_AT_BLOEMFONTEIN.md | blocks 249 | 163m | 2 blk/min | 4 links to repair
[82/530] ok Authors/Conan_Doyle/Atomized/THE_GREAT_BOER_WAR/Chapter_25_THE_SIEGE_OF_MAFEKING.md | blocks 252 | 167m | 2 blk/min | 4 links to repair
[83/530] ok Authors/Conan_Doyle/Atomized/THE_GREAT_BOER_WAR/Chapter_27_DIAMOND_HILL_RUNDLES_OPERATION.md | blocks 255 | 168m | 2 blk/min | 3 links to repair
[84/530] ok Authors/Conan_Doyle/Atomized/THE_GREAT_BOER_WAR/Chapter_26_THE_MARCH_ON_PRETORIA.md | blocks 258 | 175m | 1 blk/min | 7 links to repair
[85/530] ok Authors/Conan_Doyle/Atomized/THE_GREAT_BOER_WAR/Chapter_28_THE_LINES_OF_COMMUNICATION.md | blocks 261 | 176m | 1 blk/min | 3 links to repair
[86/530] ok Authors/Conan_Doyle/Atomized/THE_GREAT_BOER_WAR/Chapter_29_THE_HALT_AT_PRETORIA.md | blocks 264 | 178m | 1 blk/min | 2 links to repair
[87/530] ok Authors/Conan_Doyle/Atomized/THE_GREAT_BOER_WAR/Chapter_30_THE_ADVANCE_TO_KOMATIPOORT.md | blocks 267 | 183m | 1 blk/min | 3 links to repair
[88/530] ok Authors/Conan_Doyle/Atomized/THE_GREAT_BOER_WAR/Chapter_31_THE_CAMPAIGN_OF_DE_WET.md | blocks 270 | 189m | 1 blk/min | 4 links to repair
[89/530] ok Authors/Conan_Doyle/Atomized/THE_GREAT_BOER_WAR/Chapter_32_THE_GUERILLA_WARFARE_IN_THE_TR.md | blocks 273 | 192m | 1 blk/min | 5 links to repair
[90/530] ok Authors/Conan_Doyle/Atomized/THE_GREAT_BOER_WAR/Chapter_33_THE_SECOND_INVASION_OF_CAPE_CO.md | blocks 276 | 194m | 1 blk/min | 5 links to repair
[91/530] ok Authors/Conan_Doyle/Atomized/THE_GREAT_BOER_WAR/Chapter_34_THE_NORTHERN_OPERATIONS_FROM_J.md | blocks 279 | 198m | 1 blk/min | 3 links to repair
[92/530] ok Authors/Conan_Doyle/Atomized/THE_GREAT_BOER_WAR/Chapter_36_THE_GUERILLA_OPERATIONS_IN_CAP.md | blocks 282 | 205m | 1 blk/min | 4 links to repair
[93/530] ok Authors/Conan_Doyle/Atomized/THE_GREAT_BOER_WAR/Chapter_35_THE_WINTER_CAMPAIGN_APRIL_TO_S.md | blocks 285 | 209m | 1 blk/min | 5 links to repair
[94/530] ok Authors/Conan_Doyle/Atomized/THE_GREAT_BOER_WAR/Chapter_38_THE_CAMPAIGN_OF_JANUARY_TO_APR.md | blocks 288 | 210m | 1 blk/min | 4 links to repair
[95/530] ok Authors/Conan_Doyle/Atomized/THE_GREAT_BOER_WAR/Chapter_40_THE_END.md | blocks 292 | 217m | 1 blk/min | 2 links to repair
[96/530] ok Authors/Conan_Doyle/Atomized/THE_GREAT_BOER_WAR/Chapter_39_DE_LA_REYS_CAMPAIGN_OF_1902.md | blocks 295 | 218m | 1 blk/min | 3 links to repair
[97/530] ok Authors/Conan_Doyle/Atomized/THE_GREAT_BOER_WAR/Chapter_37_THE_SPRING_CAMPAIGN_SEPTEMBER.md | blocks 298 | 218m | 1 blk/min | 3 links to repair
[98/530] ok Authors/Conan_Doyle/Atomized/THE_GREAT_KEINPLATZ_EXPERIMENT_AND_OTHER_TALES_OF/Story_01_THE_BROWN_HAND.md | blocks 301 | 222m | 1 blk/min
[99/530] ok Authors/Conan_Doyle/Atomized/THE_GREAT_KEINPLATZ_EXPERIMENT_AND_OTHER_TALES_OF/Story_02_THE_USHER_OF_LEA_HOUSE_SCHOOL.md | blocks 304 | 229m | 1 blk/min
[100/530] ok Authors/Conan_Doyle/Atomized/THE_GREAT_KEINPLATZ_EXPERIMENT_AND_OTHER_TALES_OF/Story_04_THE_GREAT_KEINPLATZ_EXPERIMENT.md | blocks 307 | 229m | 1 blk/min
[101/530] ok Authors/Conan_Doyle/Atomized/THE_GREAT_KEINPLATZ_EXPERIMENT_AND_OTHER_TALES_OF/Story_03_B_24.md | blocks 310 | 230m | 1 blk/min
[102/530] ok Authors/Conan_Doyle/Atomized/THE_GREAT_KEINPLATZ_EXPERIMENT_AND_OTHER_TALES_OF/Story_08_THE_LOS_AMIGOS_FIASCO.md | blocks 313 | 235m | 1 blk/min
[103/530] ok Authors/Conan_Doyle/Atomized/THE_GREAT_KEINPLATZ_EXPERIMENT_AND_OTHER_TALES_OF/Story_05_CYPRIAN_OVERBECK_WELLS.md | blocks 316 | 237m | 1 blk/min
[104/530] ok Authors/Conan_Doyle/Atomized/THE_GREAT_KEINPLATZ_EXPERIMENT_AND_OTHER_TALES_OF/Story_09_HOW_IT_HAPPENED.md | blocks 319 | 238m | 1 blk/min
[105/530] ok Authors/Conan_Doyle/Atomized/THE_GREAT_KEINPLATZ_EXPERIMENT_AND_OTHER_TALES_OF/Story_06_PLAYING_WITH_FIRE.md | blocks 322 | 241m | 1 blk/min
[106/530] ok Authors/Conan_Doyle/Atomized/THE_GREAT_KEINPLATZ_EXPERIMENT_AND_OTHER_TALES_OF/Story_07_THE_RING_OF_THOTH.md | blocks 325 | 243m | 1 blk/min
[107/530] ok Authors/Conan_Doyle/Atomized/THE_GREAT_KEINPLATZ_EXPERIMENT_AND_OTHER_TALES_OF/Story_11_DE_PROFUNDIS.md | blocks 328 | 247m | 1 blk/min
[108/530] ok Authors/Conan_Doyle/Atomized/THE_GREAT_KEINPLATZ_EXPERIMENT_AND_OTHER_TALES_OF/Story_12_THE_LIFT.md | blocks 332 | 250m | 1 blk/min
[109/530] ok Authors/Conan_Doyle/Atomized/THE_GREAT_SHADOW/Chapter_01.md | blocks 335 | 252m | 1 blk/min | 1 links to repair
[110/530] ok Authors/Conan_Doyle/Atomized/THE_GREAT_SHADOW/Chapter_02.md | blocks 338 | 254m | 1 blk/min | 2 links to repair
[111/530] ok Authors/Conan_Doyle/Atomized/THE_GREAT_SHADOW/Chapter_03.md | blocks 341 | 256m | 1 blk/min | 3 links to repair
[112/530] ok Authors/Conan_Doyle/Atomized/THE_GREAT_SHADOW/Chapter_04.md | blocks 344 | 258m | 1 blk/min
[113/530] ok Authors/Conan_Doyle/Atomized/THE_GREAT_SHADOW/Chapter_06.md | blocks 347 | 260m | 1 blk/min
[114/530] ok Authors/Conan_Doyle/Atomized/THE_GREAT_SHADOW/Chapter_05.md | blocks 350 | 261m | 1 blk/min | 4 links to repair
[115/530] ok Authors/Conan_Doyle/Atomized/THE_GREAT_SHADOW/Chapter_09.md | blocks 353 | 263m | 1 blk/min
[116/530] ok Authors/Conan_Doyle/Atomized/THE_GREAT_SHADOW/Chapter_08.md | blocks 356 | 263m | 1 blk/min | 1 links to repair
[117/530] ok Authors/Conan_Doyle/Atomized/THE_GREAT_SHADOW/Chapter_07.md | blocks 359 | 266m | 1 blk/min | 2 links to repair
[118/530] ok Authors/Conan_Doyle/Atomized/THE_GREAT_KEINPLATZ_EXPERIMENT_AND_OTHER_TALES_OF/Story_10_LOT_NO_249.md | blocks 362 | 266m | 1 blk/min
[119/530] ok Authors/Conan_Doyle/Atomized/THE_GREAT_SHADOW/Chapter_10.md | blocks 365 | 268m | 1 blk/min | 2 links to repair
[120/530] ok Authors/Conan_Doyle/Atomized/THE_GREAT_SHADOW/Chapter_14.md | blocks 368 | 271m | 1 blk/min
[121/530] ok Authors/Conan_Doyle/Atomized/THE_GREAT_SHADOW/Chapter_11.md | blocks 371 | 271m | 1 blk/min | 5 links to repair
[122/530] ok Authors/Conan_Doyle/Atomized/THE_GREAT_SHADOW/Chapter_15/part_01.md | blocks 374 | 274m | 1 blk/min
[123/530] ok Authors/Conan_Doyle/Atomized/THE_GREAT_SHADOW/Chapter_13.md | blocks 377 | 274m | 1 blk/min | 4 links to repair
[124/530] ok Authors/Conan_Doyle/Atomized/THE_GREAT_SHADOW/Chapter_12.md | blocks 380 | 275m | 1 blk/min | 3 links to repair
[125/530] ok Authors/Conan_Doyle/Atomized/THE_GREAT_SHADOW/Chapter_15/part_03.md | blocks 384 | 284m | 1 blk/min | 6 links to repair
[126/530] ok Authors/Conan_Doyle/Atomized/THE_GREAT_SHADOW/Chapter_15/part_02.md | blocks 387 | 284m | 1 blk/min | 4 links to repair
[127/530] ok Authors/Conan_Doyle/Atomized/THE_GREEN_FLAG_AND_OTHER_STORIES/Story_02_CAPTAIN_SHARKEY.md | blocks 390 | 289m | 1 blk/min | 4 links to repair
[128/530] ok Authors/Conan_Doyle/Atomized/THE_GREEN_FLAG_AND_OTHER_STORIES/Story_01_THE_GREEN_FLAG.md | blocks 393 | 290m | 1 blk/min | 10 links to repair
[129/530] ok Authors/Conan_Doyle/Atomized/THE_GREEN_FLAG_AND_OTHER_STORIES/Story_04_HOW_COPLEY_BANKS_SLEW_CAPTAIN_SHARKEY.md | blocks 396 | 293m | 1 blk/min | 9 links to repair
[130/530] ok Authors/Conan_Doyle/Atomized/THE_GREEN_FLAG_AND_OTHER_STORIES/Story_03_THE_DEALINGS_OF_CAPTAIN_SHARKEY_WITH_STE.md | blocks 399 | 299m | 1 blk/min | 8 links to repair
[131/530] ok Authors/Conan_Doyle/Atomized/THE_GREEN_FLAG_AND_OTHER_STORIES/Story_06_THE_LORD_OF_CHATEAU_NOIR.md | blocks 402 | 303m | 1 blk/min | 2 links to repair
[132/530] ok Authors/Conan_Doyle/Atomized/THE_GREEN_FLAG_AND_OTHER_STORIES/Story_07_THE_STRIPED_CHEST.md | blocks 405 | 304m | 1 blk/min | 6 links to repair
[133/530] ok Authors/Conan_Doyle/Atomized/THE_GREEN_FLAG_AND_OTHER_STORIES/Story_09_THE_KING_OF_THE_FOXES.md | blocks 408 | 313m | 1 blk/min | 1 links to repair
[134/530] ok Authors/Conan_Doyle/Atomized/THE_GREEN_FLAG_AND_OTHER_STORIES/Story_08_A_SHADOW_BEFORE.md | blocks 411 | 315m | 1 blk/min | 4 links to repair
[135/530] ok Authors/Conan_Doyle/Atomized/THE_GREEN_FLAG_AND_OTHER_STORIES/Story_11_THE_DEBUT_OF_BIMBASHI_JOYCE.md | blocks 414 | 321m | 1 blk/min | 4 links to repair
[136/530] ok Authors/Conan_Doyle/Atomized/THE_GREEN_FLAG_AND_OTHER_STORIES/Story_12_A_FOREIGN_OFFICE_ROMANCE.md | blocks 418 | 323m | 1 blk/min | 2 links to repair
[137/530] ok Authors/Conan_Doyle/Atomized/THE_GREEN_FLAG_AND_OTHER_STORIES/Story_05_THE_CROXLEY_MASTER.md | blocks 421 | 323m | 1 blk/min | 8 links to repair
FAIL Authors/Conan_Doyle/Atomized/THE_GULLY_OF_BLUEMANSDYKE_AND_OTHER_STORIES/Story_02_THE_PARSON_OF_JACKMANS_GULCH.md: fabricated output: 2274 chars EN -> 5632 chars IT
[139/530] ok Authors/Conan_Doyle/Atomized/THE_GREEN_FLAG_AND_OTHER_STORIES/Story_10_THE_THREE_CORRESPONDENTS.md | blocks 424 | 335m | 1 blk/min | 3 links to repair
[140/530] ok Authors/Conan_Doyle/Atomized/THE_GULLY_OF_BLUEMANSDYKE_AND_OTHER_STORIES/Story_03_MY_FRIEND_THE_MURDERER.md | blocks 427 | 341m | 1 blk/min | 3 links to repair
[141/530] ok Authors/Conan_Doyle/Atomized/THE_GULLY_OF_BLUEMANSDYKE_AND_OTHER_STORIES/Story_01_THE_GULLY_OF_BLUEMANSDYKE.md | blocks 430 | 343m | 1 blk/min | 4 links to repair
[142/530] ok Authors/Conan_Doyle/Atomized/THE_GULLY_OF_BLUEMANSDYKE_AND_OTHER_STORIES/Story_04_THE_SILVER_HATCHET.md | blocks 433 | 348m | 1 blk/min | 2 links to repair
[143/530] ok Authors/Conan_Doyle/Atomized/THE_HISTORY_OF_SPIRITUALISM_VOLUME_I/Chapter_01.md | blocks 438 | 350m | 1 blk/min
[144/530] ok Authors/Conan_Doyle/Atomized/THE_GULLY_OF_BLUEMANSDYKE_AND_OTHER_STORIES/Story_07_A_NIGHT_AMONG_THE_NIHILISTS.md | blocks 442 | 354m | 1 blk/min | 3 links to repair
[145/530] ok Authors/Conan_Doyle/Atomized/THE_GULLY_OF_BLUEMANSDYKE_AND_OTHER_STORIES/Story_05_THE_MAN_FROM_ARCHANGEL.md | blocks 445 | 354m | 1 blk/min | 3 links to repair
[146/530] ok Authors/Conan_Doyle/Atomized/THE_GULLY_OF_BLUEMANSDYKE_AND_OTHER_STORIES/Story_06_THAT_LITTLE_SQUARE_BOX.md | blocks 448 | 357m | 1 blk/min | 1 links to repair
[147/530] ok Authors/Conan_Doyle/Atomized/THE_HISTORY_OF_SPIRITUALISM_VOLUME_I/Chapter_02.md | blocks 451 | 360m | 1 blk/min | 1 links to repair
[148/530] ok Authors/Conan_Doyle/Atomized/THE_HISTORY_OF_SPIRITUALISM_VOLUME_I/Chapter_04.md | blocks 454 | 366m | 1 blk/min | 3 links to repair
[149/530] ok Authors/Conan_Doyle/Atomized/THE_HISTORY_OF_SPIRITUALISM_VOLUME_I/Chapter_03.md | blocks 457 | 369m | 1 blk/min | 6 links to repair
[150/530] ok Authors/Conan_Doyle/Atomized/THE_HISTORY_OF_SPIRITUALISM_VOLUME_I/Chapter_05.md | blocks 460 | 379m | 1 blk/min | 4 links to repair
[151/530] ok Authors/Conan_Doyle/Atomized/THE_HISTORY_OF_SPIRITUALISM_VOLUME_I/Chapter_06.md | blocks 463 | 381m | 1 blk/min | 5 links to repair
[152/530] ok Authors/Conan_Doyle/Atomized/THE_HISTORY_OF_SPIRITUALISM_VOLUME_I/Chapter_08.md | blocks 466 | 384m | 1 blk/min | 2 links to repair
[153/530] ok Authors/Conan_Doyle/Atomized/THE_HISTORY_OF_SPIRITUALISM_VOLUME_I/Chapter_07.md | blocks 469 | 387m | 1 blk/min | 4 links to repair
[154/530] ok Authors/Conan_Doyle/Atomized/THE_HISTORY_OF_SPIRITUALISM_VOLUME_I/Chapter_09.md | blocks 472 | 389m | 1 blk/min | 1 links to repair
[155/530] ok Authors/Conan_Doyle/Atomized/THE_HISTORY_OF_SPIRITUALISM_VOLUME_I/Chapter_11.md | blocks 475 | 397m | 1 blk/min | 2 links to repair
[156/530] ok Authors/Conan_Doyle/Atomized/THE_HISTORY_OF_SPIRITUALISM_VOLUME_I/Chapter_10.md | blocks 478 | 401m | 1 blk/min | 2 links to repair
[157/530] ok Authors/Conan_Doyle/Atomized/THE_HISTORY_OF_SPIRITUALISM_VOLUME_I/Chapter_12.md | blocks 481 | 401m | 1 blk/min | 1 links to repair
[158/530] ok Authors/Conan_Doyle/Atomized/THE_HISTORY_OF_SPIRITUALISM_VOLUME_I/Chapter_13.md | blocks 484 | 409m | 1 blk/min | 7 links to repair
[159/530] ok Authors/Conan_Doyle/Atomized/THE_HISTORY_OF_SPIRITUALISM_VOLUME_I/Chapter_16.md | blocks 487 | 410m | 1 blk/min
[160/530] ok Authors/Conan_Doyle/Atomized/THE_HISTORY_OF_SPIRITUALISM_VOLUME_I/Chapter_17.md | blocks 490 | 410m | 1 blk/min
[161/530] ok Authors/Conan_Doyle/Atomized/THE_HISTORY_OF_SPIRITUALISM_VOLUME_I/Chapter_15/part_02.md | blocks 494 | 412m | 1 blk/min | 2 links to repair
[162/530] ok Authors/Conan_Doyle/Atomized/THE_HISTORY_OF_SPIRITUALISM_VOLUME_I/Chapter_14.md | blocks 497 | 413m | 1 blk/min | 1 links to repair
[163/530] ok Authors/Conan_Doyle/Atomized/THE_HISTORY_OF_SPIRITUALISM_VOLUME_I/Chapter_15/part_01.md | blocks 500 | 416m | 1 blk/min | 1 links to repair
[164/530] ok Authors/Conan_Doyle/Atomized/THE_HISTORY_OF_SPIRITUALISM_VOLUME_II/Chapter_01.md | blocks 503 | 422m | 1 blk/min | 1 links to repair
[165/530] ok Authors/Conan_Doyle/Atomized/THE_HISTORY_OF_SPIRITUALISM_VOLUME_II/Chapter_03.md | blocks 506 | 434m | 1 blk/min | 1 links to repair
[166/530] ok Authors/Conan_Doyle/Atomized/THE_HISTORY_OF_SPIRITUALISM_VOLUME_II/Chapter_04.md | blocks 509 | 434m | 1 blk/min | 1 links to repair
[167/530] ok Authors/Conan_Doyle/Atomized/THE_HISTORY_OF_SPIRITUALISM_VOLUME_II/Chapter_02.md | blocks 512 | 435m | 1 blk/min | 3 links to repair
[168/530] ok Authors/Conan_Doyle/Atomized/THE_HISTORY_OF_SPIRITUALISM_VOLUME_II/Chapter_05.md | blocks 515 | 437m | 1 blk/min | 2 links to repair
[169/530] ok Authors/Conan_Doyle/Atomized/THE_HISTORY_OF_SPIRITUALISM_VOLUME_II/Chapter_06.md | blocks 518 | 445m | 1 blk/min | 5 links to repair
[170/530] ok Authors/Conan_Doyle/Atomized/THE_HISTORY_OF_SPIRITUALISM_VOLUME_II/Chapter_09.md | blocks 521 | 448m | 1 blk/min | 4 links to repair
[171/530] ok Authors/Conan_Doyle/Atomized/THE_HISTORY_OF_SPIRITUALISM_VOLUME_II/Chapter_08.md | blocks 524 | 452m | 1 blk/min | 2 links to repair
[172/530] ok Authors/Conan_Doyle/Atomized/THE_HISTORY_OF_SPIRITUALISM_VOLUME_II/Chapter_11/part_01.md | blocks 527 | 456m | 1 blk/min | 4 links to repair
[173/530] ok Authors/Conan_Doyle/Atomized/THE_HISTORY_OF_SPIRITUALISM_VOLUME_II/Chapter_10.md | blocks 530 | 457m | 1 blk/min | 6 links to repair
[174/530] ok Authors/Conan_Doyle/Atomized/THE_HOLOCAUST_OF_MANOR_PLACE/part/part_02.md | blocks 533 | 460m | 1 blk/min | 1 links to repair
[175/530] ok Authors/Conan_Doyle/Atomized/THE_HOUND_OF_THE_BASKERVILLES/Chapter_01.md | blocks 536 | 462m | 1 blk/min | 5 links to repair
[176/530] ok Authors/Conan_Doyle/Atomized/THE_HISTORY_OF_SPIRITUALISM_VOLUME_II/Chapter_11/part_02.md | blocks 540 | 463m | 1 blk/min | 2 links to repair
[177/530] ok Authors/Conan_Doyle/Atomized/THE_HOUND_OF_THE_BASKERVILLES/Chapter_03.md | blocks 543 | 469m | 1 blk/min | 5 links to repair
[178/530] ok Authors/Conan_Doyle/Atomized/THE_HOUND_OF_THE_BASKERVILLES/Chapter_05.md | blocks 546 | 471m | 1 blk/min | 2 links to repair
[179/530] ok Authors/Conan_Doyle/Atomized/THE_HOUND_OF_THE_BASKERVILLES/Chapter_04.md | blocks 549 | 476m | 1 blk/min | 3 links to repair
[180/530] ok Authors/Conan_Doyle/Atomized/THE_HOUND_OF_THE_BASKERVILLES/Chapter_06.md | blocks 552 | 479m | 1 blk/min | 5 links to repair
[181/530] ok Authors/Conan_Doyle/Atomized/THE_HOLOCAUST_OF_MANOR_PLACE/part/part_01.md | blocks 555 | 483m | 1 blk/min | 3 links to repair
[182/530] ok Authors/Conan_Doyle/Atomized/THE_HOUND_OF_THE_BASKERVILLES/Chapter_08.md | blocks 558 | 484m | 1 blk/min | 1 links to repair
[183/530] ok Authors/Conan_Doyle/Atomized/THE_HOUND_OF_THE_BASKERVILLES/Chapter_07.md | blocks 561 | 485m | 1 blk/min | 7 links to repair
[184/530] ok Authors/Conan_Doyle/Atomized/THE_HOUND_OF_THE_BASKERVILLES/Chapter_10.md | blocks 564 | 491m | 1 blk/min | 3 links to repair
[185/530] ok Authors/Conan_Doyle/Atomized/THE_HOUND_OF_THE_BASKERVILLES/Chapter_11.md | blocks 567 | 493m | 1 blk/min | 2 links to repair
[186/530] ok Authors/Conan_Doyle/Atomized/THE_HOUND_OF_THE_BASKERVILLES/Chapter_09.md | blocks 570 | 493m | 1 blk/min | 3 links to repair
[187/530] ok Authors/Conan_Doyle/Atomized/THE_HOUND_OF_THE_BASKERVILLES/Chapter_12.md | blocks 573 | 495m | 1 blk/min | 4 links to repair
[188/530] ok Authors/Conan_Doyle/Atomized/THE_LAND_OF_MIST/Story_01_In_Which_Our_Special_Commissioners_Make.md | blocks 576 | 501m | 1 blk/min | 5 links to repair
[189/530] ok Authors/Conan_Doyle/Atomized/THE_HOUND_OF_THE_BASKERVILLES/Chapter_15.md | blocks 580 | 504m | 1 blk/min | 7 links to repair
[190/530] ok Authors/Conan_Doyle/Atomized/THE_HOUND_OF_THE_BASKERVILLES/Chapter_13.md | blocks 583 | 505m | 1 blk/min | 10 links to repair
[191/530] ok Authors/Conan_Doyle/Atomized/THE_HOUND_OF_THE_BASKERVILLES/Chapter_14.md | blocks 586 | 505m | 1 blk/min | 4 links to repair
[192/530] ok Authors/Conan_Doyle/Atomized/THE_LAND_OF_MIST/Story_03_In_Which_Professor_Challenger_Gives_His.md | blocks 589 | 509m | 1 blk/min
[193/530] ok Authors/Conan_Doyle/Atomized/THE_LAND_OF_MIST/Story_02_Which_Describes_an_Evening_in_Strange_Co.md | blocks 592 | 517m | 1 blk/min | 1 links to repair
[194/530] ok Authors/Conan_Doyle/Atomized/THE_LAND_OF_MIST/Story_05_Where_Our_Commissioners_Have_A_Remarkabl.md | blocks 595 | 518m | 1 blk/min | 1 links to repair
[195/530] ok Authors/Conan_Doyle/Atomized/THE_LAND_OF_MIST/Story_06_In_Which_The_Reader_Is_Shown_The_Habits/part_01.md | blocks 598 | 520m | 1 blk/min
2026-08-04 13:17:49 [queue] === END Conan_Doyle (rc=0) ===
2026-08-04 13:17:49 [queue] === START Bronte ===
### author run: Bronte
### HY Dickens run | model=hy-mt1.5-7b host=http://localhost:1234 | workers=4 | pending atoms=746
cache warm with 188710 blocks
[1/746] ok Authors/Bronte/Atomized/Agnes_Grey/Chapter_16/part_02.md | blocks 34 | 0m | 382 blk/min
2026-08-04 13:18:19 [queue] up | pid=12982 | authors=Conan_Doyle Dickens Belloc Wilde Austen Whitman Poe Bronte
2026-08-04 13:18:19 [queue] === START Conan_Doyle ===
### author run: Conan_Doyle
### HY Dickens run | model=hy-mt1.5-7b host=http://localhost:1234 | workers=4 | pending atoms=336
cache warm with 188710 blocks
[1/336] ok Authors/Conan_Doyle/Atomized/THE_LAND_OF_MIST/Story_06_In_Which_The_Reader_Is_Shown_The_Habits/part_02.md | blocks 3 | 9m | 0 blk/min
FAIL Authors/Conan_Doyle/Atomized/THE_GULLY_OF_BLUEMANSDYKE_AND_OTHER_STORIES/Story_02_THE_PARSON_OF_JACKMANS_GULCH.md: fabricated output: 2274 chars EN -> 5632 chars IT
[3/336] ok Authors/Conan_Doyle/Atomized/THE_LAND_OF_MIST/Story_06_In_Which_The_Reader_Is_Shown_The_Habits/part_03.md | blocks 6 | 14m | 0 blk/min | 3 links to repair
[4/336] ok Authors/Conan_Doyle/Atomized/THE_LAND_OF_MIST/Story_06_In_Which_The_Reader_Is_Shown_The_Habits/part_04.md | blocks 9 | 15m | 1 blk/min | 2 links to repair
[5/336] ok Authors/Conan_Doyle/Atomized/THE_LAND_OF_MIST/Story_04_Which_Describes_Some_Strange_Doings_In_H.md | blocks 12 | 18m | 1 blk/min | 2 links to repair
[6/336] ok Authors/Conan_Doyle/Atomized/THE_LAND_OF_MIST/Story_06_In_Which_The_Reader_Is_Shown_The_Habits/part_05.md | blocks 15 | 20m | 1 blk/min | 3 links to repair
[7/336] ok Authors/Conan_Doyle/Atomized/THE_LAND_OF_MIST/Story_06_In_Which_The_Reader_Is_Shown_The_Habits/part_07.md | blocks 18 | 22m | 1 blk/min | 2 links to repair
[8/336] ok Authors/Conan_Doyle/Atomized/THE_LAND_OF_MIST/Story_06_In_Which_The_Reader_Is_Shown_The_Habits/part_06.md | blocks 21 | 22m | 1 blk/min
[9/336] ok Authors/Conan_Doyle/Atomized/THE_LAND_OF_MIST/Story_06_In_Which_The_Reader_Is_Shown_The_Habits/part_09.md | blocks 24 | 28m | 1 blk/min | 1 links to repair
[10/336] ok Authors/Conan_Doyle/Atomized/THE_LAND_OF_MIST/Story_06_In_Which_The_Reader_Is_Shown_The_Habits/part_10.md | blocks 27 | 29m | 1 blk/min | 1 links to repair
[11/336] ok Authors/Conan_Doyle/Atomized/THE_LAND_OF_MIST/Story_06_In_Which_The_Reader_Is_Shown_The_Habits/part_08.md | blocks 30 | 30m | 1 blk/min | 4 links to repair
[12/336] ok Authors/Conan_Doyle/Atomized/THE_LAND_OF_MIST/Story_06_In_Which_The_Reader_Is_Shown_The_Habits/part_11.md | blocks 33 | 30m | 1 blk/min | 5 links to repair
[13/336] ok Authors/Conan_Doyle/Atomized/THE_LAND_OF_MIST/Story_06_In_Which_The_Reader_Is_Shown_The_Habits/part_12.md | blocks 37 | 31m | 1 blk/min
[14/336] ok Authors/Conan_Doyle/Atomized/THE_LAST_GALLEY/Story_03_THROUGH_THE_VEIL.md | blocks 40 | 34m | 1 blk/min | 3 links to repair
[15/336] ok Authors/Conan_Doyle/Atomized/THE_LAST_GALLEY/Story_02_THE_CONTEST.md | blocks 43 | 35m | 1 blk/min
[16/336] ok Authors/Conan_Doyle/Atomized/THE_LAST_GALLEY/Story_01_THE_LAST_GALLEY.md | blocks 46 | 35m | 1 blk/min | 7 links to repair
[17/336] ok Authors/Conan_Doyle/Atomized/THE_LAST_GALLEY/Story_04_AN_ICONOCLAST.md | blocks 49 | 36m | 1 blk/min | 1 links to repair
[18/336] ok Authors/Conan_Doyle/Atomized/THE_LAST_GALLEY/Story_05_GIANT_MAXIMIN/part_03.md | blocks 52 | 38m | 1 blk/min | 3 links to repair
[19/336] ok Authors/Conan_Doyle/Atomized/THE_LAST_GALLEY/Story_05_GIANT_MAXIMIN/part_01.md | blocks 55 | 38m | 1 blk/min | 3 links to repair
[20/336] ok Authors/Conan_Doyle/Atomized/THE_LAST_GALLEY/Story_05_GIANT_MAXIMIN/part_02.md | blocks 58 | 39m | 2 blk/min | 6 links to repair
2026-08-04 14:00:22 [queue] up | pid=18185 | authors=Conan_Doyle Dickens Belloc Wilde Austen Whitman Poe Dickinson Bronte
2026-08-04 14:00:22 [queue] === START Conan_Doyle ===
### author run: Conan_Doyle
### HY Dickens run | model=hy-mt1.5-7b host=http://localhost:1234 | workers=4 | pending atoms=317
cache warm with 188731 blocks
[1/317] ok Authors/Conan_Doyle/Atomized/THE_LAST_GALLEY/Story_07_THE_LAST_OF_THE_LEGIONS.md | blocks 3 | 4m | 1 blk/min | 3 links to repair
[2/317] ok Authors/Conan_Doyle/Atomized/THE_LAST_GALLEY/Story_08_THE_FIRST_CARGO.md | blocks 6 | 5m | 1 blk/min | 3 links to repair
[3/317] ok Authors/Conan_Doyle/Atomized/THE_LAST_GALLEY/Story_06_THE_COMING_OF_THE_HUNS.md | blocks 9 | 7m | 1 blk/min | 3 links to repair
FAIL Authors/Conan_Doyle/Atomized/THE_GULLY_OF_BLUEMANSDYKE_AND_OTHER_STORIES/Story_02_THE_PARSON_OF_JACKMANS_GULCH.md: fabricated output: 2274 chars EN -> 5632 chars IT
[5/317] ok Authors/Conan_Doyle/Atomized/THE_LAST_GALLEY/Story_10_THE_RED_STAR.md | blocks 13 | 11m | 1 blk/min | 7 links to repair
[6/317] ok Authors/Conan_Doyle/Atomized/THE_LAST_GALLEY/Story_09_THE_HOME_COMING.md | blocks 16 | 13m | 1 blk/min | 1 links to repair
[7/317] ok Authors/Conan_Doyle/Atomized/THE_LAST_GALLEY/Story_11_THE_SILVER_MIRROR.md | blocks 19 | 13m | 1 blk/min | 2 links to repair
[8/317] ok Authors/Conan_Doyle/Atomized/THE_LAST_GALLEY/Story_13_THE_MARRIAGE_OF_THE_BRIGADIER.md | blocks 22 | 18m | 1 blk/min | 3 links to repair
[9/317] ok Authors/Conan_Doyle/Atomized/THE_LAST_GALLEY/Story_12_THE_BLIGHTING_OF_SHARKEY.md | blocks 25 | 20m | 1 blk/min | 5 links to repair
[10/317] ok Authors/Conan_Doyle/Atomized/THE_LAST_GALLEY/Story_15_OUT_OF_THE_RUNNING.md | blocks 28 | 23m | 1 blk/min | 2 links to repair
[11/317] ok Authors/Conan_Doyle/Atomized/THE_LAST_GALLEY/Story_16_DE_PROFUNDIS.md | blocks 31 | 25m | 1 blk/min | 3 links to repair
[12/317] ok Authors/Conan_Doyle/Atomized/THE_LAST_GALLEY/Story_17_THE_GREAT_BROWN_PERICORD_MOTOR.md | blocks 34 | 25m | 1 blk/min | 2 links to repair
[13/317] ok Authors/Conan_Doyle/Atomized/THE_LAST_OF_THE_LEGIONS_AND_OTHER_TALES_OF_LONG_AG/Story_01_THE_LAST_OF_THE_LEGIONS.md | blocks 37 | 29m | 1 blk/min
[14/317] ok Authors/Conan_Doyle/Atomized/THE_LAST_GALLEY/Story_14_THE_LORD_OF_FALCONBRIDGE.md | blocks 40 | 30m | 1 blk/min | 3 links to repair
[15/317] ok Authors/Conan_Doyle/Atomized/THE_LAST_OF_THE_LEGIONS_AND_OTHER_TALES_OF_LONG_AG/Story_02_THE_LAST_GALLEY.md | blocks 43 | 31m | 1 blk/min
[16/317] ok Authors/Conan_Doyle/Atomized/THE_LAST_OF_THE_LEGIONS_AND_OTHER_TALES_OF_LONG_AG/Story_03_THROUGH_THE_VEIL.md | blocks 46 | 33m | 1 blk/min
[17/317] ok Authors/Conan_Doyle/Atomized/THE_LAST_OF_THE_LEGIONS_AND_OTHER_TALES_OF_LONG_AG/Story_05_THE_CONTEST.md | blocks 49 | 36m | 1 blk/min
[18/317] ok Authors/Conan_Doyle/Atomized/THE_LAST_GALLEY/Story_18_THE_TERROR_OF_BLUE_JOHN_GAP.md | blocks 53 | 37m | 1 blk/min | 2 links to repair
[19/317] ok Authors/Conan_Doyle/Atomized/THE_LAST_OF_THE_LEGIONS_AND_OTHER_TALES_OF_LONG_AG/Story_04_THE_COMING_OF_THE_HUNS.md | blocks 56 | 37m | 2 blk/min
[20/317] ok Authors/Conan_Doyle/Atomized/THE_LAST_OF_THE_LEGIONS_AND_OTHER_TALES_OF_LONG_AG/Story_06_THE_FIRST_CARGO.md | blocks 59 | 39m | 2 blk/min
[21/317] ok Authors/Conan_Doyle/Atomized/THE_LAST_OF_THE_LEGIONS_AND_OTHER_TALES_OF_LONG_AG/Story_07_AN_ICONOCLAST.md | blocks 62 | 41m | 2 blk/min
[22/317] ok Authors/Conan_Doyle/Atomized/THE_LAST_OF_THE_LEGIONS_AND_OTHER_TALES_OF_LONG_AG/Story_09_THE_RED_STAR.md | blocks 65 | 44m | 1 blk/min
[23/317] ok Authors/Conan_Doyle/Atomized/THE_LAST_OF_THE_LEGIONS_AND_OTHER_TALES_OF_LONG_AG/Story_10_THE_SILVER_MIRROR.md | blocks 68 | 46m | 1 blk/min
[24/317] ok Authors/Conan_Doyle/Atomized/THE_LAST_OF_THE_LEGIONS_AND_OTHER_TALES_OF_LONG_AG/Story_08_GIANT_MAXIMIN.md | blocks 71 | 48m | 1 blk/min
[25/317] ok Authors/Conan_Doyle/Atomized/THE_LAST_OF_THE_LEGIONS_AND_OTHER_TALES_OF_LONG_AG/Story_12_A_POINT_OF_CONTACT.md | blocks 74 | 48m | 2 blk/min
[26/317] ok Authors/Conan_Doyle/Atomized/THE_LAST_OF_THE_LEGIONS_AND_OTHER_TALES_OF_LONG_AG/Story_13_THE_CENTURION.md | blocks 78 | 50m | 2 blk/min
[27/317] ok Authors/Conan_Doyle/Atomized/THE_LAST_OF_THE_LEGIONS_AND_OTHER_TALES_OF_LONG_AG/Story_11_THE_HOME_COMING.md | blocks 81 | 50m | 2 blk/min
[28/317] ok Authors/Conan_Doyle/Atomized/THE_LOST_WORLD/Chapter_01.md | blocks 84 | 54m | 2 blk/min | 2 links to repair
[29/317] ok Authors/Conan_Doyle/Atomized/THE_LOST_WORLD/Chapter_03.md | blocks 87 | 54m | 2 blk/min | 2 links to repair
[30/317] ok Authors/Conan_Doyle/Atomized/THE_LOST_WORLD/Chapter_02.md | blocks 90 | 54m | 2 blk/min | 3 links to repair
[31/317] ok Authors/Conan_Doyle/Atomized/THE_LOST_WORLD/Chapter_04.md | blocks 93 | 60m | 2 blk/min | 4 links to repair
[32/317] ok Authors/Conan_Doyle/Atomized/THE_LOST_WORLD/Chapter_07.md | blocks 96 | 61m | 2 blk/min | 5 links to repair
[33/317] ok Authors/Conan_Doyle/Atomized/THE_LOST_WORLD/Chapter_06.md | blocks 99 | 61m | 2 blk/min | 3 links to repair
[34/317] ok Authors/Conan_Doyle/Atomized/THE_LOST_WORLD/Chapter_05.md | blocks 102 | 63m | 2 blk/min | 9 links to repair
[35/317] ok Authors/Conan_Doyle/Atomized/THE_LOST_WORLD/Chapter_08.md | blocks 105 | 70m | 1 blk/min | 9 links to repair
[36/317] ok Authors/Conan_Doyle/Atomized/THE_LOST_WORLD/Chapter_10.md | blocks 108 | 72m | 2 blk/min | 5 links to repair
[37/317] ok Authors/Conan_Doyle/Atomized/THE_LOST_WORLD/Chapter_11.md | blocks 111 | 73m | 2 blk/min | 10 links to repair
[38/317] ok Authors/Conan_Doyle/Atomized/THE_LOST_WORLD/Chapter_09.md | blocks 114 | 77m | 1 blk/min | 6 links to repair
[39/317] ok Authors/Conan_Doyle/Atomized/THE_LOST_WORLD/Chapter_12.md | blocks 117 | 81m | 1 blk/min | 4 links to repair
[40/317] ok Authors/Conan_Doyle/Atomized/THE_LOST_WORLD/Chapter_13.md | blocks 120 | 81m | 1 blk/min | 5 links to repair
[41/317] ok Authors/Conan_Doyle/Atomized/THE_LOVE_AFFAIR_OF_GEORGE_VINCENT_PARKER/Chapter_05.md | blocks 123 | 81m | 2 blk/min
[42/317] ok Authors/Conan_Doyle/Atomized/THE_LOVE_AFFAIR_OF_GEORGE_VINCENT_PARKER/Chapter_06.md | blocks 126 | 81m | 2 blk/min
[43/317] ok Authors/Conan_Doyle/Atomized/THE_LOST_WORLD/Chapter_14.md | blocks 129 | 85m | 2 blk/min | 6 links to repair
[44/317] ok Authors/Conan_Doyle/Atomized/THE_MAN_FROM_ARCHANGEL_AND_OTHER_TALES_OF_ADVENTUR/Story_01_TALES_OF_ADVENTURE.md | blocks 132 | 87m | 2 blk/min
[45/317] ok Authors/Conan_Doyle/Atomized/THE_MAN_FROM_ARCHANGEL_AND_OTHER_TALES_OF_ADVENTUR/Story_02_THE_SURGEON_OF_GASTER_FELL_HOW_THE_WOMAN.md | blocks 135 | 88m | 2 blk/min
[46/317] ok Authors/Conan_Doyle/Atomized/THE_LOST_WORLD/Chapter_15.md | blocks 138 | 89m | 2 blk/min | 3 links to repair
[47/317] ok Authors/Conan_Doyle/Atomized/THE_MAN_FROM_ARCHANGEL_AND_OTHER_TALES_OF_ADVENTUR/Story_03_HOW_I_WENT_FORTH_TO_GASTER_FELL.md | blocks 141 | 91m | 2 blk/min
[48/317] ok Authors/Conan_Doyle/Atomized/THE_MAN_FROM_ARCHANGEL_AND_OTHER_TALES_OF_ADVENTUR/Story_05_OF_THE_MAN_WHO_CAME_IN_THE_NIGHT.md | blocks 144 | 92m | 2 blk/min
[49/317] ok Authors/Conan_Doyle/Atomized/THE_MAN_FROM_ARCHANGEL_AND_OTHER_TALES_OF_ADVENTUR/Story_04_OF_THE_GREY_COTTAGE_IN_THE_GLEN.md | blocks 147 | 92m | 2 blk/min
[50/317] ok Authors/Conan_Doyle/Atomized/THE_LOST_WORLD/Chapter_16.md | blocks 151 | 93m | 2 blk/min | 7 links to repair
[51/317] ok Authors/Conan_Doyle/Atomized/THE_MAN_FROM_ARCHANGEL_AND_OTHER_TALES_OF_ADVENTUR/Story_08_THE_GREAT_BROWN_PERICORD_MOTOR.md | blocks 154 | 98m | 2 blk/min
[52/317] ok Authors/Conan_Doyle/Atomized/THE_MAN_FROM_ARCHANGEL_AND_OTHER_TALES_OF_ADVENTUR/Story_06_BORROWED_SCENES.md | blocks 157 | 99m | 2 blk/min
[53/317] ok Authors/Conan_Doyle/Atomized/THE_MAN_FROM_ARCHANGEL_AND_OTHER_TALES_OF_ADVENTUR/Story_11_BEHIND_THE_TIMES.md | blocks 160 | 102m | 2 blk/min
[54/317] ok Authors/Conan_Doyle/Atomized/THE_MAN_FROM_ARCHANGEL_AND_OTHER_TALES_OF_ADVENTUR/Story_09_THE_SEALED_ROOM.md | blocks 163 | 102m | 2 blk/min
[55/317] ok Authors/Conan_Doyle/Atomized/THE_MAN_FROM_ARCHANGEL_AND_OTHER_TALES_OF_ADVENTUR/Story_12_HIS_FIRST_OPERATION.md | blocks 166 | 106m | 2 blk/min
[56/317] ok Authors/Conan_Doyle/Atomized/THE_MAN_FROM_ARCHANGEL_AND_OTHER_TALES_OF_ADVENTUR/Story_07_THE_MAN_FROM_ARCHANGEL.md | blocks 169 | 107m | 2 blk/min
[57/317] ok Authors/Conan_Doyle/Atomized/THE_MAN_FROM_ARCHANGEL_AND_OTHER_TALES_OF_ADVENTUR/Story_13_THE_THIRD_GENERATION.md | blocks 172 | 109m | 2 blk/min
[58/317] ok Authors/Conan_Doyle/Atomized/THE_MAN_FROM_ARCHANGEL_AND_OTHER_TALES_OF_ADVENTUR/Story_10_TALES_OF_MEDICAL_LIFE.md | blocks 175 | 111m | 2 blk/min
[59/317] ok Authors/Conan_Doyle/Atomized/THE_MAN_FROM_ARCHANGEL_AND_OTHER_TALES_OF_ADVENTUR/Story_16_THE_SURGEON_TALKS.md | blocks 178 | 114m | 2 blk/min
[60/317] ok Authors/Conan_Doyle/Atomized/THE_MAN_FROM_ARCHANGEL_AND_OTHER_TALES_OF_ADVENTUR/Story_14_THE_CURSE_OF_EVE.md | blocks 181 | 114m | 2 blk/min
[61/317] ok Authors/Conan_Doyle/Atomized/THE_MAN_FROM_ARCHANGEL_AND_OTHER_TALES_OF_ADVENTUR/Story_15_A_MEDICAL_DOCUMENT.md | blocks 184 | 115m | 2 blk/min
[62/317] ok Authors/Conan_Doyle/Atomized/THE_MAN_FROM_ARCHANGEL_AND_OTHER_TALES_OF_ADVENTUR/Story_17_THE_DOCTORS_OF_HOYLAND.md | blocks 187 | 119m | 2 blk/min
[63/317] ok Authors/Conan_Doyle/Atomized/THE_MAN_FROM_ARCHANGEL_AND_OTHER_TALES_OF_ADVENTUR/Story_18_CRABBES_PRACTICE.md | blocks 191 | 122m | 2 blk/min
[64/317] ok Authors/Conan_Doyle/Atomized/THE_MARACOT_DEEP/Chapter_03.md | blocks 194 | 128m | 2 blk/min | 6 links to repair
[65/317] ok Authors/Conan_Doyle/Atomized/THE_MARACOT_DEEP/Chapter_02.md | blocks 197 | 130m | 2 blk/min | 7 links to repair
[66/317] ok Authors/Conan_Doyle/Atomized/THE_MARACOT_DEEP/Chapter_01.md | blocks 200 | 131m | 2 blk/min | 7 links to repair
[67/317] ok Authors/Conan_Doyle/Atomized/THE_MARACOT_DEEP/Chapter_04.md | blocks 203 | 133m | 2 blk/min | 4 links to repair
[68/317] ok Authors/Conan_Doyle/Atomized/THE_MARACOT_DEEP/Chapter_05.md | blocks 206 | 138m | 1 blk/min | 7 links to repair
[69/317] ok Authors/Conan_Doyle/Atomized/THE_MARACOT_DEEP/Chapter_06.md | blocks 209 | 142m | 1 blk/min | 4 links to repair
[70/317] ok Authors/Conan_Doyle/Atomized/THE_MARACOT_DEEP/Chapter_07.md | blocks 214 | 142m | 2 blk/min | 5 links to repair
[71/317] ok Authors/Conan_Doyle/Atomized/THE_MEMOIRS_OF_SHERLOCK_HOLMES/Story_01_Adventure_II_The_Yellow_Face.md | blocks 217 | 145m | 1 blk/min | 2 links to repair
[72/317] ok Authors/Conan_Doyle/Atomized/THE_MEMOIRS_OF_SHERLOCK_HOLMES/Story_02_Adventure_III_The_Stock_Brokers_Clerk.md | blocks 220 | 151m | 1 blk/min | 8 links to repair
[73/317] ok Authors/Conan_Doyle/Atomized/THE_MEMOIRS_OF_SHERLOCK_HOLMES/Story_04_Adventure_V_The_Musgrave_Ritual.md | blocks 223 | 155m | 1 blk/min | 1 links to repair
[74/317] ok Authors/Conan_Doyle/Atomized/THE_MEMOIRS_OF_SHERLOCK_HOLMES/Story_05_Adventure_VI_The_Reigate_Puzzle.md | blocks 226 | 158m | 1 blk/min | 1 links to repair
[75/317] ok Authors/Conan_Doyle/Atomized/THE_MEMOIRS_OF_SHERLOCK_HOLMES/Story_03_Adventure_IV_The_Gloria_Scott.md | blocks 229 | 158m | 1 blk/min | 1 links to repair
[76/317] ok Authors/Conan_Doyle/Atomized/THE_MEMOIRS_OF_SHERLOCK_HOLMES/Story_06_Adventure_VII_The_Crooked_Man.md | blocks 232 | 163m | 1 blk/min | 2 links to repair
[77/317] ok Authors/Conan_Doyle/Atomized/THE_MEMOIRS_OF_SHERLOCK_HOLMES/Story_07_Adventure_VIII_The_Resident_Patient.md | blocks 235 | 168m | 1 blk/min | 3 links to repair
[78/317] ok Authors/Conan_Doyle/Atomized/THE_MYSTERY_OF_CLOOMBER/Chapter_01_THE_HEGIRA_OF_THE_WESTS_FROM_E.md | blocks 238 | 169m | 1 blk/min | 1 links to repair
[79/317] ok Authors/Conan_Doyle/Atomized/THE_MEMOIRS_OF_SHERLOCK_HOLMES/Story_08_Adventure_IX_The_Greek_Interpreter.md | blocks 241 | 171m | 1 blk/min | 1 links to repair
[80/317] ok Authors/Conan_Doyle/Atomized/THE_MYSTERY_OF_CLOOMBER/Chapter_02_OF_THE_STRANGE_MANNER_IN_WHICH/part_01.md | blocks 244 | 173m | 1 blk/min
[81/317] ok Authors/Conan_Doyle/Atomized/THE_MYSTERY_OF_CLOOMBER/Chapter_02_OF_THE_STRANGE_MANNER_IN_WHICH/part_02.md | blocks 247 | 175m | 1 blk/min
[82/317] ok Authors/Conan_Doyle/Atomized/THE_MEMOIRS_OF_SHERLOCK_HOLMES/Story_10_Adventure_XI_The_Final_Problem.md | blocks 251 | 176m | 1 blk/min | 4 links to repair
[83/317] ok Authors/Conan_Doyle/Atomized/THE_MYSTERY_OF_CLOOMBER/Chapter_03_OF_A_YOUNG_MAN_WITH_A_GREY_HEA.md | blocks 254 | 176m | 1 blk/min
[84/317] ok Authors/Conan_Doyle/Atomized/THE_MYSTERY_OF_CLOOMBER/Chapter_05_HOW_I_CAME_TO_BE_ENLISTED_AS_O.md | blocks 257 | 178m | 1 blk/min | 1 links to repair
[85/317] ok Authors/Conan_Doyle/Atomized/THE_MEMOIRS_OF_SHERLOCK_HOLMES/Story_09_Adventure_X_The_Naval_Treaty.md | blocks 260 | 182m | 1 blk/min | 2 links to repair
[86/317] ok Authors/Conan_Doyle/Atomized/THE_MYSTERY_OF_CLOOMBER/Chapter_06_OF_CORPORAL_RUFUS_SMITH_AND_HI.md | blocks 263 | 182m | 1 blk/min | 3 links to repair
[87/317] ok Authors/Conan_Doyle/Atomized/THE_MYSTERY_OF_CLOOMBER/Chapter_04_HOW_FOUR_OF_US_CAME_TO_BE_UNDE.md | blocks 266 | 182m | 1 blk/min | 7 links to repair
[88/317] ok Authors/Conan_Doyle/Atomized/THE_MYSTERY_OF_CLOOMBER/Chapter_09_OF_THE_LETTER_WHICH_CAME_FROM.md | blocks 269 | 183m | 1 blk/min
[89/317] ok Authors/Conan_Doyle/Atomized/THE_MYSTERY_OF_CLOOMBER/Chapter_07_STATEMENT_OF_ISRAEL_STAKES.md | blocks 272 | 185m | 1 blk/min | 3 links to repair
[90/317] ok Authors/Conan_Doyle/Atomized/THE_MYSTERY_OF_CLOOMBER/Chapter_08_NARRATIVE_OF_JOHN_EASTERLING_F.md | blocks 275 | 186m | 1 blk/min | 2 links to repair
[91/317] ok Authors/Conan_Doyle/Atomized/THE_MYSTERY_OF_CLOOMBER/Chapter_11_OF_THE_THREE_FOREIGN_MEN_UPON.md | blocks 278 | 187m | 1 blk/min
[92/317] ok Authors/Conan_Doyle/Atomized/THE_MYSTERY_OF_CLOOMBER/Chapter_10_OF_THE_CASTING_AWAY_OF_THE_BAR.md | blocks 281 | 190m | 1 blk/min | 3 links to repair
[93/317] ok Authors/Conan_Doyle/Atomized/THE_MYSTERY_OF_CLOOMBER/Chapter_12_IN_WHICH_I_SEE_THAT_WHICH_HAS.md | blocks 284 | 194m | 1 blk/min | 3 links to repair
[94/317] ok Authors/Conan_Doyle/Atomized/THE_MYSTERY_OF_CLOOMBER/Chapter_13_OF_THE_VISITOR_WHO_RAN_DOWN_TH.md | blocks 287 | 195m | 1 blk/min | 3 links to repair
[95/317] ok Authors/Conan_Doyle/Atomized/THE_NEW_REVELATION/Chapter_01.md | blocks 292 | 195m | 1 blk/min | 1 links to repair
[96/317] ok Authors/Conan_Doyle/Atomized/THE_MYSTERY_OF_CLOOMBER/Chapter_15_AT_THE_HOLE_OF_CREE.md | blocks 296 | 198m | 1 blk/min | 5 links to repair
[97/317] ok Authors/Conan_Doyle/Atomized/THE_MYSTERY_OF_CLOOMBER/Chapter_14_THE_DAY_BOOK_OF_JOHN_BERTHIER.md | blocks 299 | 200m | 1 blk/min | 5 links to repair
[98/317] ok Authors/Conan_Doyle/Atomized/THE_NEW_REVELATION/Chapter_03.md | blocks 302 | 202m | 1 blk/min | 5 links to repair
[99/317] ok Authors/Conan_Doyle/Atomized/THE_NEW_REVELATION/Chapter_04.md | blocks 305 | 204m | 1 blk/min | 1 links to repair
[100/317] ok Authors/Conan_Doyle/Atomized/THE_NEW_REVELATION/Chapter_02.md | blocks 308 | 206m | 1 blk/min | 2 links to repair
[101/317] ok Authors/Conan_Doyle/Atomized/THE_PARASITE/part/part_01.md | blocks 313 | 211m | 1 blk/min | 3 links to repair
[102/317] ok Authors/Conan_Doyle/Atomized/THE_PARASITE/part/part_02.md | blocks 316 | 211m | 1 blk/min | 1 links to repair
[103/317] ok Authors/Conan_Doyle/Atomized/THE_NEW_REVELATION/Chapter_05.md | blocks 320 | 212m | 2 blk/min | 2 links to repair
[104/317] ok Authors/Conan_Doyle/Atomized/THE_PARASITE/part/part_03.md | blocks 323 | 214m | 2 blk/min | 2 links to repair
[105/317] ok Authors/Conan_Doyle/Atomized/THE_PARASITE/part/part_04.md | blocks 327 | 220m | 1 blk/min
[106/317] ok Authors/Conan_Doyle/Atomized/THE_POISON_BELT/Chapter_02.md | blocks 330 | 222m | 1 blk/min
[107/317] ok Authors/Conan_Doyle/Atomized/THE_POISON_BELT/Chapter_01.md | blocks 333 | 224m | 1 blk/min | 2 links to repair
[108/317] ok Authors/Conan_Doyle/Atomized/THE_POISON_BELT/Chapter_03.md | blocks 336 | 225m | 1 blk/min
[109/317] ok Authors/Conan_Doyle/Atomized/THE_POISON_BELT/Chapter_04.md | blocks 339 | 228m | 1 blk/min | 2 links to repair
[110/317] ok Authors/Conan_Doyle/Atomized/THE_REFUGEES/Chapter_01.md | blocks 342 | 230m | 1 blk/min | 1 links to repair
[111/317] ok Authors/Conan_Doyle/Atomized/THE_POISON_BELT/Chapter_06.md | blocks 346 | 230m | 2 blk/min | 1 links to repair
[112/317] ok Authors/Conan_Doyle/Atomized/THE_POISON_BELT/Chapter_05.md | blocks 349 | 232m | 2 blk/min
[113/317] ok Authors/Conan_Doyle/Atomized/THE_REFUGEES/Chapter_04.md | blocks 352 | 236m | 1 blk/min | 2 links to repair
[114/317] ok Authors/Conan_Doyle/Atomized/THE_REFUGEES/Chapter_03.md | blocks 355 | 237m | 1 blk/min | 3 links to repair
[115/317] ok Authors/Conan_Doyle/Atomized/THE_REFUGEES/Chapter_05.md | blocks 358 | 239m | 2 blk/min | 2 links to repair
[116/317] ok Authors/Conan_Doyle/Atomized/THE_REFUGEES/Chapter_02.md | blocks 361 | 242m | 1 blk/min | 7 links to repair
[117/317] ok Authors/Conan_Doyle/Atomized/THE_REFUGEES/Chapter_08.md | blocks 364 | 245m | 1 blk/min | 1 links to repair
[118/317] ok Authors/Conan_Doyle/Atomized/THE_REFUGEES/Chapter_07.md | blocks 367 | 245m | 1 blk/min | 2 links to repair
[119/317] ok Authors/Conan_Doyle/Atomized/THE_REFUGEES/Chapter_06.md | blocks 370 | 248m | 1 blk/min | 7 links to repair
[120/317] ok Authors/Conan_Doyle/Atomized/THE_REFUGEES/Chapter_09.md | blocks 373 | 249m | 1 blk/min | 6 links to repair
[121/317] ok Authors/Conan_Doyle/Atomized/THE_REFUGEES/Chapter_13.md | blocks 376 | 252m | 1 blk/min | 6 links to repair
[122/317] ok Authors/Conan_Doyle/Atomized/THE_REFUGEES/Chapter_11.md | blocks 379 | 252m | 2 blk/min
[123/317] ok Authors/Conan_Doyle/Atomized/THE_REFUGEES/Chapter_10.md | blocks 382 | 254m | 2 blk/min | 5 links to repair
[124/317] ok Authors/Conan_Doyle/Atomized/THE_REFUGEES/Chapter_14.md | blocks 385 | 256m | 2 blk/min | 1 links to repair
[125/317] ok Authors/Conan_Doyle/Atomized/THE_REFUGEES/Chapter_12.md | blocks 388 | 257m | 2 blk/min | 3 links to repair
[126/317] ok Authors/Conan_Doyle/Atomized/THE_REFUGEES/Chapter_15.md | blocks 391 | 258m | 2 blk/min | 3 links to repair
[127/317] ok Authors/Conan_Doyle/Atomized/THE_REFUGEES/Chapter_16.md | blocks 394 | 260m | 2 blk/min | 1 links to repair
[128/317] ok Authors/Conan_Doyle/Atomized/THE_REFUGEES/Chapter_17.md | blocks 397 | 263m | 2 blk/min | 2 links to repair
[129/317] ok Authors/Conan_Doyle/Atomized/THE_REFUGEES/Chapter_18.md | blocks 400 | 263m | 2 blk/min | 2 links to repair
[130/317] ok Authors/Conan_Doyle/Atomized/THE_REFUGEES/Chapter_20.md | blocks 403 | 266m | 2 blk/min
[131/317] ok Authors/Conan_Doyle/Atomized/THE_REFUGEES/Chapter_19.md | blocks 406 | 266m | 2 blk/min | 8 links to repair
[132/317] ok Authors/Conan_Doyle/Atomized/THE_REFUGEES/Chapter_21.md | blocks 409 | 268m | 2 blk/min | 2 links to repair
[133/317] ok Authors/Conan_Doyle/Atomized/THE_REFUGEES/Chapter_22.md | blocks 412 | 268m | 2 blk/min | 4 links to repair
[134/317] ok Authors/Conan_Doyle/Atomized/THE_REFUGEES/Chapter_24.md | blocks 415 | 272m | 2 blk/min | 4 links to repair
[135/317] ok Authors/Conan_Doyle/Atomized/THE_REFUGEES/Chapter_25.md | blocks 418 | 272m | 2 blk/min
[136/317] ok Authors/Conan_Doyle/Atomized/THE_REFUGEES/Chapter_26.md | blocks 421 | 273m | 2 blk/min | 4 links to repair
[137/317] ok Authors/Conan_Doyle/Atomized/THE_REFUGEES/Chapter_23.md | blocks 424 | 276m | 2 blk/min | 9 links to repair
[138/317] ok Authors/Conan_Doyle/Atomized/THE_REFUGEES/Chapter_27.md | blocks 427 | 276m | 2 blk/min | 2 links to repair
[139/317] ok Authors/Conan_Doyle/Atomized/THE_REFUGEES/Chapter_28.md | blocks 430 | 278m | 2 blk/min | 4 links to repair
[140/317] ok Authors/Conan_Doyle/Atomized/THE_REFUGEES/Chapter_29.md | blocks 433 | 279m | 2 blk/min | 2 links to repair
[141/317] ok Authors/Conan_Doyle/Atomized/THE_REFUGEES/Chapter_30.md | blocks 436 | 280m | 2 blk/min | 2 links to repair
[142/317] ok Authors/Conan_Doyle/Atomized/THE_REFUGEES/Chapter_31.md | blocks 439 | 283m | 2 blk/min | 1 links to repair
[143/317] ok Authors/Conan_Doyle/Atomized/THE_REFUGEES/Chapter_34.md | blocks 442 | 285m | 2 blk/min | 3 links to repair
[144/317] ok Authors/Conan_Doyle/Atomized/THE_REFUGEES/Chapter_35.md | blocks 445 | 288m | 2 blk/min | 3 links to repair
[145/317] ok Authors/Conan_Doyle/Atomized/THE_REFUGEES/Chapter_33.md | blocks 448 | 290m | 2 blk/min | 6 links to repair
[146/317] ok Authors/Conan_Doyle/Atomized/THE_REFUGEES/Chapter_32.md | blocks 451 | 290m | 2 blk/min | 6 links to repair
[147/317] ok Authors/Conan_Doyle/Atomized/THE_REFUGEES/Chapter_36.md | blocks 454 | 292m | 2 blk/min | 1 links to repair
[148/317] ok Authors/Conan_Doyle/Atomized/THE_REFUGEES/Chapter_39.md | blocks 457 | 293m | 2 blk/min | 1 links to repair
[149/317] ok Authors/Conan_Doyle/Atomized/THE_REFUGEES/Chapter_38.md | blocks 460 | 293m | 2 blk/min
[150/317] ok Authors/Conan_Doyle/Atomized/THE_REFUGEES/Chapter_37.md | blocks 463 | 294m | 2 blk/min | 5 links to repair
[151/317] ok Authors/Conan_Doyle/Atomized/THE_REFUGEES/Chapter_40/part_02.md | blocks 468 | 296m | 2 blk/min | 2 links to repair
[152/317] ok Authors/Conan_Doyle/Atomized/THE_REFUGEES/Chapter_40/part_01.md | blocks 471 | 298m | 2 blk/min
[153/317] ok Authors/Conan_Doyle/Atomized/THE_RETURN_OF_SHERLOCK_HOLMES/Story_01_THE_ADVENTURE_OF_THE_EMPTY_HOUSE.md | blocks 474 | 310m | 2 blk/min | 3 links to repair
[154/317] ok Authors/Conan_Doyle/Atomized/THE_RETURN_OF_SHERLOCK_HOLMES/Story_04_THE_ADVENTURE_OF_THE_SOLITARY_CYCLIST.md | blocks 477 | 312m | 2 blk/min | 3 links to repair
[155/317] ok Authors/Conan_Doyle/Atomized/THE_RETURN_OF_SHERLOCK_HOLMES/Story_03_THE_ADVENTURE_OF_THE_DANCING_MEN.md | blocks 480 | 313m | 2 blk/min | 1 links to repair
[156/317] ok Authors/Conan_Doyle/Atomized/THE_RETURN_OF_SHERLOCK_HOLMES/Story_02_THE_ADVENTURE_OF_THE_NORWOOD_BUILDER.md | blocks 483 | 314m | 2 blk/min | 5 links to repair
[157/317] ok Authors/Conan_Doyle/Atomized/THE_RETURN_OF_SHERLOCK_HOLMES/Story_07_THE_ADVENTURE_OF_CHARLES_AUGUSTUS_MILVER.md | blocks 486 | 325m | 1 blk/min | 3 links to repair
[158/317] ok Authors/Conan_Doyle/Atomized/THE_RETURN_OF_SHERLOCK_HOLMES/Story_06_THE_ADVENTURE_OF_BLACK_PETER.md | blocks 489 | 326m | 2 blk/min | 7 links to repair
[159/317] ok Authors/Conan_Doyle/Atomized/THE_RETURN_OF_SHERLOCK_HOLMES/Story_08_THE_ADVENTURE_OF_THE_SIX_NAPOLEONS.md | blocks 492 | 331m | 1 blk/min | 6 links to repair
[160/317] ok Authors/Conan_Doyle/Atomized/THE_RETURN_OF_SHERLOCK_HOLMES/Story_05_THE_ADVENTURE_OF_THE_PRIORY_SCHOOL.md | blocks 495 | 331m | 1 blk/min | 1 links to repair
[161/317] ok Authors/Conan_Doyle/Atomized/THE_RETURN_OF_SHERLOCK_HOLMES/Story_09_THE_ADVENTURE_OF_THE_THREE_STUDENTS.md | blocks 498 | 338m | 1 blk/min | 1 links to repair
[162/317] ok Authors/Conan_Doyle/Atomized/THE_RETURN_OF_SHERLOCK_HOLMES/Story_10_THE_ADVENTURE_OF_THE_GOLDEN_PINCE_NEZ.md | blocks 501 | 341m | 1 blk/min | 6 links to repair
[163/317] ok Authors/Conan_Doyle/Atomized/THE_RETURN_OF_SHERLOCK_HOLMES/Story_11_THE_ADVENTURE_OF_THE_MISSING_THREE_QUART.md | blocks 504 | 345m | 1 blk/min | 7 links to repair
[164/317] ok Authors/Conan_Doyle/Atomized/THE_SIGN_OF_THE_FOUR/Chapter_01.md | blocks 507 | 346m | 1 blk/min | 5 links to repair
[165/317] ok Authors/Conan_Doyle/Atomized/THE_RETURN_OF_SHERLOCK_HOLMES/Story_12_THE_ADVENTURE_OF_THE_ABBEY_GRANGE.md | blocks 510 | 347m | 1 blk/min | 2 links to repair
[166/317] ok Authors/Conan_Doyle/Atomized/THE_SIGN_OF_THE_FOUR/Chapter_02.md | blocks 513 | 349m | 1 blk/min | 3 links to repair
[167/317] ok Authors/Conan_Doyle/Atomized/THE_SIGN_OF_THE_FOUR/Chapter_03.md | blocks 516 | 351m | 1 blk/min | 5 links to repair
[168/317] ok Authors/Conan_Doyle/Atomized/THE_SIGN_OF_THE_FOUR/Chapter_05.md | blocks 519 | 354m | 1 blk/min
[169/317] ok Authors/Conan_Doyle/Atomized/THE_SIGN_OF_THE_FOUR/Chapter_04.md | blocks 522 | 354m | 1 blk/min | 2 links to repair
[170/317] ok Authors/Conan_Doyle/Atomized/THE_RETURN_OF_SHERLOCK_HOLMES/Story_13_THE_ADVENTURE_OF_THE_SECOND_STAIN.md | blocks 526 | 357m | 1 blk/min | 2 links to repair
[171/317] ok Authors/Conan_Doyle/Atomized/THE_SIGN_OF_THE_FOUR/Chapter_06.md | blocks 529 | 358m | 1 blk/min | 3 links to repair
[172/317] ok Authors/Conan_Doyle/Atomized/THE_SIGN_OF_THE_FOUR/Chapter_08.md | blocks 532 | 360m | 1 blk/min | 5 links to repair
[173/317] ok Authors/Conan_Doyle/Atomized/THE_SIGN_OF_THE_FOUR/Chapter_07.md | blocks 535 | 363m | 1 blk/min | 5 links to repair
[174/317] ok Authors/Conan_Doyle/Atomized/THE_SIGN_OF_THE_FOUR/Chapter_10.md | blocks 538 | 364m | 1 blk/min | 2 links to repair
[175/317] ok Authors/Conan_Doyle/Atomized/THE_SIGN_OF_THE_FOUR/Chapter_09.md | blocks 541 | 365m | 1 blk/min | 1 links to repair
[176/317] ok Authors/Conan_Doyle/Atomized/THE_SIGN_OF_THE_FOUR/Chapter_11.md | blocks 544 | 366m | 1 blk/min | 1 links to repair
[177/317] ok Authors/Conan_Doyle/Atomized/THE_STARK_MUNRO_LETTERS/part/part_01.md | blocks 550 | 372m | 1 blk/min | 1 links to repair
[178/317] ok Authors/Conan_Doyle/Atomized/THE_STARK_MUNRO_LETTERS/part/part_02.md | blocks 553 | 373m | 1 blk/min
[179/317] ok Authors/Conan_Doyle/Atomized/THE_STARK_MUNRO_LETTERS/part/part_03.md | blocks 556 | 374m | 1 blk/min | 1 links to repair
[180/317] ok Authors/Conan_Doyle/Atomized/THE_STARK_MUNRO_LETTERS/part/part_04.md | blocks 559 | 380m | 1 blk/min | 2 links to repair
[181/317] ok Authors/Conan_Doyle/Atomized/THE_STARK_MUNRO_LETTERS/part/part_06.md | blocks 562 | 382m | 1 blk/min
[182/317] ok Authors/Conan_Doyle/Atomized/THE_SIGN_OF_THE_FOUR/Chapter_12.md | blocks 566 | 382m | 1 blk/min | 10 links to repair
[183/317] ok Authors/Conan_Doyle/Atomized/THE_STARK_MUNRO_LETTERS/part/part_05.md | blocks 569 | 383m | 1 blk/min | 1 links to repair
[184/317] ok Authors/Conan_Doyle/Atomized/THE_STARK_MUNRO_LETTERS/part/part_07.md | blocks 572 | 388m | 1 blk/min | 1 links to repair
[185/317] ok Authors/Conan_Doyle/Atomized/THE_STARK_MUNRO_LETTERS/part/part_09.md | blocks 575 | 390m | 1 blk/min
[186/317] ok Authors/Conan_Doyle/Atomized/THE_STARK_MUNRO_LETTERS/part/part_08.md | blocks 578 | 392m | 1 blk/min | 2 links to repair
[187/317] ok Authors/Conan_Doyle/Atomized/THE_STARK_MUNRO_LETTERS/part/part_10.md | blocks 581 | 392m | 1 blk/min | 2 links to repair
[188/317] ok Authors/Conan_Doyle/Atomized/THE_STARK_MUNRO_LETTERS/part/part_11.md | blocks 584 | 397m | 1 blk/min
[189/317] ok Authors/Conan_Doyle/Atomized/THE_STARK_MUNRO_LETTERS/part/part_12.md | blocks 587 | 398m | 1 blk/min | 1 links to repair
[190/317] ok Authors/Conan_Doyle/Atomized/THE_STARK_MUNRO_LETTERS/part/part_13.md | blocks 590 | 399m | 1 blk/min
[191/317] ok Authors/Conan_Doyle/Atomized/THE_STARK_MUNRO_LETTERS/part/part_14.md | blocks 593 | 400m | 1 blk/min | 2 links to repair
[192/317] ok Authors/Conan_Doyle/Atomized/THE_STARK_MUNRO_LETTERS/part/part_16.md | blocks 597 | 406m | 1 blk/min | 1 links to repair
[193/317] ok Authors/Conan_Doyle/Atomized/THE_STARK_MUNRO_LETTERS/part/part_15.md | blocks 600 | 406m | 1 blk/min | 1 links to repair
[194/317] ok Authors/Conan_Doyle/Atomized/THE_TRAGEDY_OF_THE_KOROSKO/Chapter_02.md | blocks 603 | 408m | 1 blk/min | 2 links to repair
[195/317] ok Authors/Conan_Doyle/Atomized/THE_TRAGEDY_OF_THE_KOROSKO/Chapter_01.md | blocks 606 | 409m | 1 blk/min | 2 links to repair
[196/317] ok Authors/Conan_Doyle/Atomized/THE_TRAGEDY_OF_THE_KOROSKO/Chapter_03.md | blocks 609 | 414m | 1 blk/min | 5 links to repair
[197/317] ok Authors/Conan_Doyle/Atomized/THE_TRAGEDY_OF_THE_KOROSKO/Chapter_04.md | blocks 612 | 415m | 1 blk/min | 2 links to repair
[198/317] ok Authors/Conan_Doyle/Atomized/THE_TRAGEDY_OF_THE_KOROSKO/Chapter_06.md | blocks 615 | 417m | 1 blk/min | 6 links to repair
[199/317] ok Authors/Conan_Doyle/Atomized/THE_TRAGEDY_OF_THE_KOROSKO/Chapter_07.md | blocks 618 | 418m | 1 blk/min | 5 links to repair
[200/317] ok Authors/Conan_Doyle/Atomized/THE_VALLEY_OF_FEAR/Chapter_01_The_Warning.md | blocks 621 | 424m | 1 blk/min | 3 links to repair
[201/317] ok Authors/Conan_Doyle/Atomized/THE_TRAGEDY_OF_THE_KOROSKO/Chapter_10.md | blocks 625 | 425m | 1 blk/min | 4 links to repair
[202/317] ok Authors/Conan_Doyle/Atomized/THE_TRAGEDY_OF_THE_KOROSKO/Chapter_08.md | blocks 628 | 425m | 1 blk/min | 3 links to repair
[203/317] ok Authors/Conan_Doyle/Atomized/THE_TRAGEDY_OF_THE_KOROSKO/Chapter_09.md | blocks 631 | 427m | 1 blk/min | 3 links to repair
[204/317] ok Authors/Conan_Doyle/Atomized/THE_VALLEY_OF_FEAR/Chapter_02_Sherlock_Holmes_Discourses.md | blocks 634 | 429m | 1 blk/min | 6 links to repair
[205/317] ok Authors/Conan_Doyle/Atomized/THE_VALLEY_OF_FEAR/Chapter_03_The_Tragedy_of_Birlstone.md | blocks 637 | 431m | 1 blk/min | 1 links to repair
[206/317] ok Authors/Conan_Doyle/Atomized/THE_VALLEY_OF_FEAR/Chapter_04_Darkness.md | blocks 640 | 432m | 1 blk/min | 2 links to repair
[207/317] ok Authors/Conan_Doyle/Atomized/THE_VALLEY_OF_FEAR/Chapter_05_The_People_of_the_Drama.md | blocks 643 | 434m | 1 blk/min | 3 links to repair
[208/317] ok Authors/Conan_Doyle/Atomized/THE_VALLEY_OF_FEAR/Chapter_06_A_Dawning_Light.md | blocks 646 | 437m | 1 blk/min | 3 links to repair
[209/317] ok Authors/Conan_Doyle/Atomized/THE_VALLEY_OF_FEAR/Chapter_08_The_Man.md | blocks 649 | 438m | 1 blk/min
[210/317] ok Authors/Conan_Doyle/Atomized/THE_VALLEY_OF_FEAR/Chapter_07_The_Solution.md | blocks 652 | 441m | 1 blk/min | 4 links to repair
[211/317] ok Authors/Conan_Doyle/Atomized/THE_VALLEY_OF_FEAR/Chapter_09_The_Bodymaster.md | blocks 655 | 445m | 1 blk/min | 1 links to repair
[212/317] ok Authors/Conan_Doyle/Atomized/THE_VALLEY_OF_FEAR/Chapter_11_The_Valley_of_Fear.md | blocks 658 | 445m | 1 blk/min | 1 links to repair
[213/317] ok Authors/Conan_Doyle/Atomized/THE_VALLEY_OF_FEAR/Chapter_10_Lodge_341_Vermissa.md | blocks 661 | 448m | 1 blk/min
[214/317] ok Authors/Conan_Doyle/Atomized/THE_VALLEY_OF_FEAR/Chapter_12_The_Darkest_Hour.md | blocks 664 | 450m | 1 blk/min | 1 links to repair
[215/317] ok Authors/Conan_Doyle/Atomized/THE_VALLEY_OF_FEAR/Chapter_13_Danger.md | blocks 667 | 450m | 1 blk/min | 1 links to repair
[216/317] ok Authors/Conan_Doyle/Atomized/THE_VALLEY_OF_FEAR/Chapter_14_The_Trapping_of_Birdy_Edwards.md | blocks 671 | 453m | 1 blk/min
[217/317] ok Authors/Conan_Doyle/Atomized/THE_VITAL_MESSAGE/Chapter_01.md | blocks 674 | 454m | 1 blk/min
[218/317] ok Authors/Conan_Doyle/Atomized/THE_VITAL_MESSAGE/Chapter_02.md | blocks 677 | 457m | 1 blk/min | 1 links to repair
[219/317] ok Authors/Conan_Doyle/Atomized/THE_VITAL_MESSAGE/Chapter_03.md | blocks 680 | 462m | 1 blk/min | 1 links to repair
[220/317] ok Authors/Conan_Doyle/Atomized/THE_VITAL_MESSAGE/Chapter_04.md | blocks 683 | 463m | 1 blk/min | 3 links to repair
[221/317] ok Authors/Conan_Doyle/Atomized/THE_VITAL_MESSAGE/Chapter_05/part_01.md | blocks 686 | 463m | 1 blk/min | 1 links to repair
[222/317] ok Authors/Conan_Doyle/Atomized/THE_VITAL_MESSAGE/Chapter_05/part_02.md | blocks 690 | 464m | 1 blk/min
[223/317] ok Authors/Conan_Doyle/Atomized/THE_WANDERINGS_OF_A_SPIRITUALIST/Chapter_01.md | blocks 693 | 469m | 1 blk/min | 1 links to repair
[224/317] ok Authors/Conan_Doyle/Atomized/THE_WANDERINGS_OF_A_SPIRITUALIST/Chapter_03.md | blocks 696 | 477m | 1 blk/min | 3 links to repair
[225/317] ok Authors/Conan_Doyle/Atomized/THE_WANDERINGS_OF_A_SPIRITUALIST/Chapter_05.md | blocks 699 | 479m | 1 blk/min | 3 links to repair
[226/317] ok Authors/Conan_Doyle/Atomized/THE_WANDERINGS_OF_A_SPIRITUALIST/Chapter_04.md | blocks 702 | 479m | 1 blk/min | 1 links to repair
[227/317] ok Authors/Conan_Doyle/Atomized/THE_WANDERINGS_OF_A_SPIRITUALIST/Chapter_02.md | blocks 705 | 482m | 1 blk/min | 8 links to repair
[228/317] ok Authors/Conan_Doyle/Atomized/THE_WANDERINGS_OF_A_SPIRITUALIST/Chapter_06.md | blocks 708 | 485m | 1 blk/min
[229/317] ok Authors/Conan_Doyle/Atomized/THE_WANDERINGS_OF_A_SPIRITUALIST/Chapter_08.md | blocks 711 | 490m | 1 blk/min | 4 links to repair
[230/317] ok Authors/Conan_Doyle/Atomized/THE_WANDERINGS_OF_A_SPIRITUALIST/Chapter_07.md | blocks 714 | 490m | 1 blk/min | 3 links to repair
[231/317] ok Authors/Conan_Doyle/Atomized/THE_WANDERINGS_OF_A_SPIRITUALIST/Chapter_09.md | blocks 717 | 493m | 1 blk/min | 6 links to repair
[232/317] ok Authors/Conan_Doyle/Atomized/THE_WANDERINGS_OF_A_SPIRITUALIST/Chapter_13.md | blocks 721 | 500m | 1 blk/min
[233/317] ok Authors/Conan_Doyle/Atomized/THE_WAR_IN_SOUTH_AFRICA/Chapter_01.md | blocks 726 | 501m | 1 blk/min
[234/317] ok Authors/Conan_Doyle/Atomized/THE_WANDERINGS_OF_A_SPIRITUALIST/Chapter_10.md | blocks 729 | 501m | 1 blk/min | 3 links to repair
[235/317] ok Authors/Conan_Doyle/Atomized/THE_WANDERINGS_OF_A_SPIRITUALIST/Chapter_11.md | blocks 732 | 502m | 1 blk/min | 2 links to repair
[236/317] ok Authors/Conan_Doyle/Atomized/THE_WANDERINGS_OF_A_SPIRITUALIST/Chapter_12.md | blocks 735 | 503m | 1 blk/min | 6 links to repair
[237/317] ok Authors/Conan_Doyle/Atomized/THE_WAR_IN_SOUTH_AFRICA/Chapter_05.md | blocks 738 | 512m | 1 blk/min | 3 links to repair
[238/317] ok Authors/Conan_Doyle/Atomized/THE_WAR_IN_SOUTH_AFRICA/Chapter_06.md | blocks 741 | 512m | 1 blk/min | 4 links to repair
[239/317] ok Authors/Conan_Doyle/Atomized/THE_WAR_IN_SOUTH_AFRICA/Chapter_03.md | blocks 744 | 513m | 1 blk/min | 3 links to repair
[240/317] ok Authors/Conan_Doyle/Atomized/THE_WAR_IN_SOUTH_AFRICA/Chapter_04.md | blocks 747 | 517m | 1 blk/min | 1 links to repair
[241/317] ok Authors/Conan_Doyle/Atomized/THE_WAR_IN_SOUTH_AFRICA/Chapter_07.md | blocks 750 | 519m | 1 blk/min | 4 links to repair
[242/317] ok Authors/Conan_Doyle/Atomized/THE_WAR_IN_SOUTH_AFRICA/Chapter_08.md | blocks 753 | 521m | 1 blk/min | 1 links to repair
[243/317] ok Authors/Conan_Doyle/Atomized/THE_WAR_IN_SOUTH_AFRICA/Chapter_10.md | blocks 756 | 524m | 1 blk/min | 3 links to repair
[244/317] ok Authors/Conan_Doyle/Atomized/THE_WAR_IN_SOUTH_AFRICA/Chapter_09.md | blocks 759 | 525m | 1 blk/min | 3 links to repair
[245/317] ok Authors/Conan_Doyle/Atomized/THE_WAR_IN_SOUTH_AFRICA/Chapter_12.md | blocks 763 | 526m | 1 blk/min | 1 links to repair
[246/317] ok Authors/Conan_Doyle/Atomized/THE_WHITE_COMPANY/Chapter_02_HOW_ALLEYNE_EDRICSON_CAME_OUT.md | blocks 766 | 529m | 1 blk/min
[247/317] ok Authors/Conan_Doyle/Atomized/THE_WHITE_COMPANY/Chapter_01_HOW_THE_BLACK_SHEEP_CAME_FORTH.md | blocks 769 | 530m | 1 blk/min
[248/317] ok Authors/Conan_Doyle/Atomized/THE_WHITE_COMPANY/Chapter_03_HOW_HORDLE_JOHN_COZENED_THE_FU.md | blocks 772 | 530m | 1 blk/min | 1 links to repair
[249/317] ok Authors/Conan_Doyle/Atomized/THE_WAR_IN_SOUTH_AFRICA/Chapter_11.md | blocks 775 | 533m | 1 blk/min | 6 links to repair
[250/317] ok Authors/Conan_Doyle/Atomized/THE_WHITE_COMPANY/Chapter_04_HOW_THE_BAILIFF_OF_SOUTHAMPTON.md | blocks 778 | 537m | 1 blk/min | 2 links to repair
[251/317] ok Authors/Conan_Doyle/Atomized/THE_WHITE_COMPANY/Chapter_05_HOW_A_STRANGE_COMPANY_GATHERED.md | blocks 781 | 538m | 1 blk/min
[252/317] ok Authors/Conan_Doyle/Atomized/THE_WHITE_COMPANY/Chapter_06_HOW_SAMKIN_AYLWARD_WAGERED_HIS.md | blocks 784 | 538m | 1 blk/min | 1 links to repair
[253/317] ok Authors/Conan_Doyle/Atomized/THE_WHITE_COMPANY/Chapter_07_HOW_THE_THREE_COMRADES_JOURNEY.md | blocks 787 | 540m | 1 blk/min
[254/317] ok Authors/Conan_Doyle/Atomized/THE_WHITE_COMPANY/Chapter_08_THE_THREE_FRIENDS.md | blocks 790 | 546m | 1 blk/min | 3 links to repair
[255/317] ok Authors/Conan_Doyle/Atomized/THE_WHITE_COMPANY/Chapter_11_HOW_A_YOUNG_SHEPHERD_HAD_A_PER.md | blocks 793 | 549m | 1 blk/min | 2 links to repair
[256/317] ok Authors/Conan_Doyle/Atomized/THE_WHITE_COMPANY/Chapter_09_HOW_STRANGE_THINGS_BEFELL_IN_M.md | blocks 796 | 551m | 1 blk/min | 3 links to repair
[257/317] ok Authors/Conan_Doyle/Atomized/THE_WHITE_COMPANY/Chapter_10_HOW_HORDLE_JOHN_FOUND_A_MAN_WH.md | blocks 799 | 552m | 1 blk/min | 4 links to repair
[258/317] ok Authors/Conan_Doyle/Atomized/THE_WHITE_COMPANY/Chapter_13_HOW_THE_WHITE_COMPANY_SET_FORT.md | blocks 802 | 554m | 1 blk/min | 1 links to repair
[259/317] ok Authors/Conan_Doyle/Atomized/THE_WHITE_COMPANY/Chapter_12_HOW_ALLEYNE_LEARNED_MORE_THAN.md | blocks 805 | 556m | 1 blk/min | 2 links to repair
[260/317] ok Authors/Conan_Doyle/Atomized/THE_WHITE_COMPANY/Chapter_14_HOW_SIR_NIGEL_SOUGHT_FOR_A_WAY.md | blocks 808 | 558m | 1 blk/min | 2 links to repair
[261/317] ok Authors/Conan_Doyle/Atomized/THE_WHITE_COMPANY/Chapter_16_HOW_THE_YELLOW_COG_FOUGHT_THE.md | blocks 811 | 559m | 1 blk/min
[262/317] ok Authors/Conan_Doyle/Atomized/THE_WHITE_COMPANY/Chapter_15_HOW_THE_YELLOW_COG_SAILED_FORT.md | blocks 814 | 560m | 1 blk/min | 2 links to repair
[263/317] ok Authors/Conan_Doyle/Atomized/THE_WHITE_COMPANY/Chapter_17_HOW_THE_YELLOW_COG_CROSSED_THE.md | blocks 817 | 563m | 1 blk/min | 1 links to repair
[264/317] ok Authors/Conan_Doyle/Atomized/THE_WHITE_COMPANY/Chapter_18_HOW_SIR_NIGEL_LORING_PUT_A_PAT.md | blocks 820 | 565m | 1 blk/min | 3 links to repair
[265/317] ok Authors/Conan_Doyle/Atomized/THE_WHITE_COMPANY/Chapter_20_HOW_ALLEYNE_WON_HIS_PLACE_IN_A.md | blocks 823 | 567m | 1 blk/min
[266/317] ok Authors/Conan_Doyle/Atomized/THE_WHITE_COMPANY/Chapter_19_HOW_THERE_WAS_STIR_AT_THE_ABBE.md | blocks 826 | 569m | 1 blk/min | 3 links to repair
[267/317] ok Authors/Conan_Doyle/Atomized/THE_WHITE_COMPANY/Chapter_21_HOW_AGOSTINO_PISANO_RISKED_HIS.md | blocks 829 | 570m | 1 blk/min | 1 links to repair
[268/317] ok Authors/Conan_Doyle/Atomized/THE_WHITE_COMPANY/Chapter_22_HOW_THE_BOWMEN_HELD_WASSAIL_AT.md | blocks 832 | 570m | 1 blk/min | 2 links to repair
[269/317] ok Authors/Conan_Doyle/Atomized/THE_WHITE_COMPANY/Chapter_23_HOW_ENGLAND_HELD_THE_LISTS_AT.md | blocks 835 | 573m | 1 blk/min | 1 links to repair
[270/317] ok Authors/Conan_Doyle/Atomized/THE_WHITE_COMPANY/Chapter_25_HOW_SIR_NIGEL_WROTE_TO_TWYNHAM.md | blocks 838 | 574m | 1 blk/min | 2 links to repair
[271/317] ok Authors/Conan_Doyle/Atomized/THE_WHITE_COMPANY/Chapter_24_HOW_A_CHAMPION_CAME_FORTH_FROM.md | blocks 841 | 575m | 1 blk/min
[272/317] ok Authors/Conan_Doyle/Atomized/THE_WHITE_COMPANY/Chapter_27_HOW_ROGER_CLUB_FOOT_WAS_PASSED.md | blocks 844 | 580m | 1 blk/min
[273/317] ok Authors/Conan_Doyle/Atomized/THE_WHITE_COMPANY/Chapter_26_HOW_THE_THREE_COMRADES_GAINED.md | blocks 847 | 580m | 1 blk/min | 5 links to repair
[274/317] ok Authors/Conan_Doyle/Atomized/THE_WHITE_COMPANY/Chapter_28_HOW_THE_COMRADES_CAME_OVER_THE.md | blocks 850 | 582m | 1 blk/min | 5 links to repair
[275/317] ok Authors/Conan_Doyle/Atomized/THE_WHITE_COMPANY/Chapter_29_HOW_THE_BLESSED_HOUR_OF_SIGHT.md | blocks 853 | 582m | 1 blk/min | 2 links to repair
[276/317] ok Authors/Conan_Doyle/Atomized/THE_WHITE_COMPANY/Chapter_30_HOW_THE_BRUSHWOOD_MEN_CAME_TO.md | blocks 856 | 585m | 1 blk/min
[277/317] ok Authors/Conan_Doyle/Atomized/THE_WHITE_COMPANY/Chapter_32_HOW_THE_COMPANY_TOOK_COUNSEL_R.md | blocks 859 | 587m | 1 blk/min | 9 links to repair
[278/317] ok Authors/Conan_Doyle/Atomized/THE_WHITE_COMPANY/Chapter_33_HOW_THE_ARMY_MADE_THE_PASSAGE.md | blocks 862 | 588m | 1 blk/min | 1 links to repair
[279/317] ok Authors/Conan_Doyle/Atomized/THE_WHITE_COMPANY/Chapter_31_HOW_FIVE_MEN_HELD_THE_KEEP_OF.md | blocks 865 | 589m | 1 blk/min | 3 links to repair
[280/317] ok Authors/Conan_Doyle/Atomized/THE_WHITE_COMPANY/Chapter_34_HOW_THE_COMPANY_MADE_SPORT_IN.md | blocks 868 | 593m | 1 blk/min
