### HY Dickens run | model=hy-mt1.5-7b host=http://localhost:1234 | workers=4 | pending atoms=2685
cache warm with 978 blocks
[1/2685] ok Authors/Dickens/Atomized/David_Copperfield/Chapter_43_ANOTHER_RETROSPECT/part_02.md | blocks 21 | 0m | 57 blk/min | 1 links to repair
[2/2685] ok Authors/Dickens/Atomized/David_Copperfield/Chapter_43_ANOTHER_RETROSPECT/part_03.md | blocks 46 | 1m | 55 blk/min | 4 links to repair
[3/2685] ok Authors/Dickens/Atomized/David_Copperfield/Chapter_44_OUR_HOUSEKEEPING/part_01.md | blocks 80 | 3m | 29 blk/min | 15 links to repair
[4/2685] ok Authors/Dickens/Atomized/David_Copperfield/Chapter_44_OUR_HOUSEKEEPING/part_03.md | blocks 92 | 3m | 32 blk/min | 10 links to repair
[5/2685] ok Authors/Dickens/Atomized/David_Copperfield/Chapter_44_OUR_HOUSEKEEPING/part_02.md | blocks 125 | 3m | 42 blk/min | 8 links to repair
[6/2685] ok Authors/Dickens/Atomized/David_Copperfield/Chapter_44_OUR_HOUSEKEEPING/part_04.md | blocks 156 | 4m | 40 blk/min | 12 links to repair
[7/2685] ok Authors/Dickens/Atomized/David_Copperfield/Chapter_44_OUR_HOUSEKEEPING/part_05.md | blocks 170 | 5m | 31 blk/min | 16 links to repair
[8/2685] ok Authors/Dickens/Atomized/David_Copperfield/Chapter_44_OUR_HOUSEKEEPING/part_06.md | blocks 190 | 6m | 34 blk/min | 12 links to repair
[9/2685] ok Authors/Dickens/Atomized/David_Copperfield/Chapter_45_MR_DICK_FULFILS_MY_AUNTS_PREDI/part_01.md | blocks 213 | 6m | 37 blk/min | 9 links to repair
[10/2685] ok Authors/Dickens/Atomized/David_Copperfield/Chapter_45_MR_DICK_FULFILS_MY_AUNTS_PREDI/part_02.md | blocks 255 | 6m | 42 blk/min | 5 links to repair
[11/2685] ok Authors/Dickens/Atomized/David_Copperfield/Chapter_45_MR_DICK_FULFILS_MY_AUNTS_PREDI/part_06.md | blocks 270 | 8m | 34 blk/min | 12 links to repair
[12/2685] ok Authors/Dickens/Atomized/David_Copperfield/Chapter_45_MR_DICK_FULFILS_MY_AUNTS_PREDI/part_04.md | blocks 298 | 8m | 35 blk/min | 11 links to repair
[13/2685] ok Authors/Dickens/Atomized/David_Copperfield/Chapter_45_MR_DICK_FULFILS_MY_AUNTS_PREDI/part_03.md | blocks 318 | 9m | 37 blk/min | 8 links to repair
[14/2685] ok Authors/Dickens/Atomized/David_Copperfield/Chapter_45_MR_DICK_FULFILS_MY_AUNTS_PREDI/part_05.md | blocks 342 | 9m | 39 blk/min | 11 links to repair
[15/2685] ok Authors/Dickens/Atomized/David_Copperfield/Chapter_46_INTELLIGENCE/part_02.md | blocks 368 | 11m | 35 blk/min | 5 links to repair
[16/2685] ok Authors/Dickens/Atomized/David_Copperfield/Chapter_46_INTELLIGENCE/part_03.md | blocks 393 | 11m | 35 blk/min | 6 links to repair
[17/2685] ok Authors/Dickens/Atomized/David_Copperfield/Chapter_46_INTELLIGENCE/part_01.md | blocks 422 | 11m | 38 blk/min | 9 links to repair
[18/2685] ok Authors/Dickens/Atomized/David_Copperfield/Chapter_46_INTELLIGENCE/part_04.md | blocks 454 | 11m | 40 blk/min | 6 links to repair
[19/2685] ok Authors/Dickens/Atomized/David_Copperfield/Chapter_46_INTELLIGENCE/part_05.md | blocks 487 | 13m | 38 blk/min | 7 links to repair
[20/2685] ok Authors/Dickens/Atomized/David_Copperfield/Chapter_47_MARTHA/part_02.md | blocks 514 | 14m | 36 blk/min | 14 links to repair
[21/2685] ok Authors/Dickens/Atomized/David_Copperfield/Chapter_47_MARTHA/part_03.md | blocks 541 | 15m | 37 blk/min | 8 links to repair
[22/2685] ok Authors/Dickens/Atomized/David_Copperfield/Chapter_47_MARTHA/part_01.md | blocks 558 | 15m | 37 blk/min | 21 links to repair
[23/2685] ok Authors/Dickens/Atomized/David_Copperfield/Chapter_47_MARTHA/part_04.md | blocks 593 | 16m | 37 blk/min | 11 links to repair
[24/2685] ok Authors/Dickens/Atomized/David_Copperfield/Chapter_48_DOMESTIC/part_02.md | blocks 618 | 17m | 37 blk/min | 10 links to repair
[25/2685] ok Authors/Dickens/Atomized/David_Copperfield/Chapter_48_DOMESTIC/part_01.md | blocks 630 | 17m | 37 blk/min | 14 links to repair
[26/2685] ok Authors/Dickens/Atomized/David_Copperfield/Chapter_48_DOMESTIC/part_03.md | blocks 663 | 18m | 37 blk/min | 7 links to repair
[27/2685] ok Authors/Dickens/Atomized/David_Copperfield/Chapter_49_I_AM_INVOLVED_IN_MYSTERY/part_02.md | blocks 683 | 19m | 35 blk/min | 11 links to repair
[28/2685] ok Authors/Dickens/Atomized/David_Copperfield/Chapter_49_I_AM_INVOLVED_IN_MYSTERY/part_01.md | blocks 702 | 20m | 36 blk/min | 8 links to repair
[29/2685] ok Authors/Dickens/Atomized/David_Copperfield/Chapter_48_DOMESTIC/part_04.md | blocks 728 | 20m | 36 blk/min | 12 links to repair
[30/2685] ok Authors/Dickens/Atomized/David_Copperfield/Chapter_49_I_AM_INVOLVED_IN_MYSTERY/part_03.md | blocks 754 | 21m | 36 blk/min | 11 links to repair
[31/2685] ok Authors/Dickens/Atomized/David_Copperfield/Chapter_49_I_AM_INVOLVED_IN_MYSTERY/part_05.md | blocks 766 | 21m | 36 blk/min | 9 links to repair
[32/2685] ok Authors/Dickens/Atomized/David_Copperfield/Chapter_49_I_AM_INVOLVED_IN_MYSTERY/part_04.md | blocks 791 | 22m | 36 blk/min | 13 links to repair
[33/2685] ok Authors/Dickens/Atomized/David_Copperfield/Chapter_50_Mr_PEGGOTTYS_DREAM_COMES_TRUE/part_01.md | blocks 811 | 23m | 36 blk/min | 18 links to repair
[34/2685] ok Authors/Dickens/Atomized/David_Copperfield/Chapter_50_Mr_PEGGOTTYS_DREAM_COMES_TRUE/part_02.md | blocks 832 | 23m | 35 blk/min | 7 links to repair
[35/2685] ok Authors/Dickens/Atomized/David_Copperfield/Chapter_50_Mr_PEGGOTTYS_DREAM_COMES_TRUE/part_03.md | blocks 854 | 24m | 35 blk/min | 16 links to repair
[36/2685] ok Authors/Dickens/Atomized/David_Copperfield/Chapter_50_Mr_PEGGOTTYS_DREAM_COMES_TRUE/part_04.md | blocks 871 | 25m | 35 blk/min | 11 links to repair
[37/2685] ok Authors/Dickens/Atomized/David_Copperfield/Chapter_51_THE_BEGINNING_OF_A_LONGER_Jour/part_01.md | blocks 891 | 27m | 33 blk/min | 19 links to repair
[38/2685] ok Authors/Dickens/Atomized/David_Copperfield/Chapter_51_THE_BEGINNING_OF_A_LONGER_Jour/part_03.md | blocks 916 | 27m | 34 blk/min | 17 links to repair
[39/2685] ok Authors/Dickens/Atomized/David_Copperfield/Chapter_51_THE_BEGINNING_OF_A_LONGER_Jour/part_04.md | blocks 943 | 27m | 35 blk/min | 5 links to repair
[40/2685] ok Authors/Dickens/Atomized/David_Copperfield/Chapter_51_THE_BEGINNING_OF_A_LONGER_Jour/part_02.md | blocks 955 | 28m | 34 blk/min | 19 links to repair
[41/2685] ok Authors/Dickens/Atomized/David_Copperfield/Chapter_51_THE_BEGINNING_OF_A_LONGER_Jour/part_07.md | blocks 967 | 29m | 33 blk/min | 3 links to repair
[42/2685] ok Authors/Dickens/Atomized/David_Copperfield/Chapter_51_THE_BEGINNING_OF_A_LONGER_Jour/part_05.md | blocks 986 | 30m | 33 blk/min | 15 links to repair
[43/2685] ok Authors/Dickens/Atomized/David_Copperfield/Chapter_51_THE_BEGINNING_OF_A_LONGER_Jour/part_06.md | blocks 1016 | 30m | 34 blk/min | 10 links to repair
[44/2685] ok Authors/Dickens/Atomized/David_Copperfield/Chapter_52_I_ASSIST_AT_AN_EXPLOSION/part_01.md | blocks 1036 | 31m | 34 blk/min | 12 links to repair
[45/2685] ok Authors/Dickens/Atomized/David_Copperfield/Chapter_52_I_ASSIST_AT_AN_EXPLOSION/part_02.md | blocks 1072 | 31m | 34 blk/min | 11 links to repair
[46/2685] ok Authors/Dickens/Atomized/David_Copperfield/Chapter_52_I_ASSIST_AT_AN_EXPLOSION/part_03.md | blocks 1101 | 32m | 34 blk/min | 8 links to repair
[47/2685] ok Authors/Dickens/Atomized/David_Copperfield/Chapter_52_I_ASSIST_AT_AN_EXPLOSION/part_05.md | blocks 1126 | 33m | 34 blk/min | 8 links to repair
[48/2685] ok Authors/Dickens/Atomized/David_Copperfield/Chapter_52_I_ASSIST_AT_AN_EXPLOSION/part_04.md | blocks 1149 | 33m | 34 blk/min | 8 links to repair
[49/2685] ok Authors/Dickens/Atomized/David_Copperfield/Chapter_52_I_ASSIST_AT_AN_EXPLOSION/part_06.md | blocks 1167 | 34m | 34 blk/min | 12 links to repair
[50/2685] ok Authors/Dickens/Atomized/David_Copperfield/Chapter_52_I_ASSIST_AT_AN_EXPLOSION/part_09.md | blocks 1179 | 34m | 34 blk/min | 4 links to repair
[51/2685] ok Authors/Dickens/Atomized/David_Copperfield/Chapter_52_I_ASSIST_AT_AN_EXPLOSION/part_08.md | blocks 1205 | 35m | 34 blk/min | 11 links to repair
[52/2685] ok Authors/Dickens/Atomized/David_Copperfield/Chapter_52_I_ASSIST_AT_AN_EXPLOSION/part_07.md | blocks 1241 | 35m | 35 blk/min | 5 links to repair
[53/2685] ok Authors/Dickens/Atomized/David_Copperfield/Chapter_54_Mr_MICAWBERS_TRANSACTIONS/part_03.md | blocks 1265 | 37m | 34 blk/min | 9 links to repair
[54/2685] ok Authors/Dickens/Atomized/David_Copperfield/Chapter_54_Mr_MICAWBERS_TRANSACTIONS/part_01.md | blocks 1283 | 38m | 34 blk/min | 9 links to repair
[55/2685] ok Authors/Dickens/Atomized/David_Copperfield/Chapter_54_Mr_MICAWBERS_TRANSACTIONS/part_02.md | blocks 1301 | 38m | 34 blk/min | 13 links to repair
[56/2685] ok Authors/Dickens/Atomized/David_Copperfield/Chapter_53_ANOTHER_RETROSPECT.md | blocks 1365 | 39m | 35 blk/min | 38 links to repair
[57/2685] ok Authors/Dickens/Atomized/David_Copperfield/Chapter_54_Mr_MICAWBERS_TRANSACTIONS/part_06.md | blocks 1397 | 40m | 35 blk/min | 13 links to repair
[58/2685] ok Authors/Dickens/Atomized/David_Copperfield/Chapter_54_Mr_MICAWBERS_TRANSACTIONS/part_04.md | blocks 1429 | 40m | 35 blk/min | 11 links to repair
[59/2685] ok Authors/Dickens/Atomized/David_Copperfield/Chapter_54_Mr_MICAWBERS_TRANSACTIONS/part_05.md | blocks 1451 | 41m | 35 blk/min | 9 links to repair
[60/2685] ok Authors/Dickens/Atomized/David_Copperfield/Chapter_55_TEMPEST/part_01.md | blocks 1477 | 42m | 35 blk/min | 18 links to repair
[61/2685] ok Authors/Dickens/Atomized/David_Copperfield/Chapter_55_TEMPEST/part_03.md | blocks 1498 | 44m | 34 blk/min | 9 links to repair
[62/2685] ok Authors/Dickens/Atomized/David_Copperfield/Chapter_55_TEMPEST/part_02.md | blocks 1509 | 44m | 34 blk/min | 21 links to repair
[63/2685] ok Authors/Dickens/Atomized/David_Copperfield/Chapter_56_THE_NEW_WOUND_AND_THE_OLD/part_01.md | blocks 1541 | 45m | 34 blk/min | 7 links to repair
[64/2685] ok Authors/Dickens/Atomized/David_Copperfield/Chapter_55_TEMPEST/part_04.md | blocks 1564 | 46m | 34 blk/min | 18 links to repair
[65/2685] ok Authors/Dickens/Atomized/David_Copperfield/Chapter_56_THE_NEW_WOUND_AND_THE_OLD/part_02.md | blocks 1598 | 47m | 34 blk/min | 14 links to repair
[66/2685] ok Authors/Dickens/Atomized/David_Copperfield/Chapter_57_THE_EMIGRANTS/part_01.md | blocks 1621 | 47m | 34 blk/min | 11 links to repair
[67/2685] ok Authors/Dickens/Atomized/David_Copperfield/Chapter_57_THE_EMIGRANTS/part_02.md | blocks 1645 | 48m | 34 blk/min | 6 links to repair
[68/2685] ok Authors/Dickens/Atomized/David_Copperfield/Chapter_57_THE_EMIGRANTS/part_03.md | blocks 1667 | 48m | 35 blk/min | 14 links to repair
[69/2685] ok Authors/Dickens/Atomized/David_Copperfield/Chapter_58_ABSENCE/part_03.md | blocks 1674 | 49m | 34 blk/min | 10 links to repair
[70/2685] ok Authors/Dickens/Atomized/David_Copperfield/Chapter_57_THE_EMIGRANTS/part_04.md | blocks 1691 | 50m | 34 blk/min | 15 links to repair
[71/2685] ok Authors/Dickens/Atomized/David_Copperfield/Chapter_58_ABSENCE/part_02.md | blocks 1707 | 50m | 34 blk/min | 17 links to repair
[72/2685] ok Authors/Dickens/Atomized/David_Copperfield/Chapter_58_ABSENCE/part_01.md | blocks 1722 | 52m | 33 blk/min | 20 links to repair
REJECT Authors/Dickens/Atomized/David_Copperfield/Chapter_59_RETURN/part_01.md: invented wikilink targets: ['L01']
[74/2685] ok Authors/Dickens/Atomized/David_Copperfield/Chapter_59_RETURN/part_02.md | blocks 1760 | 52m | 34 blk/min | 11 links to repair
[75/2685] ok Authors/Dickens/Atomized/David_Copperfield/Chapter_59_RETURN/part_03.md | blocks 1788 | 52m | 34 blk/min | 8 links to repair
[76/2685] ok Authors/Dickens/Atomized/David_Copperfield/Chapter_59_RETURN/part_05.md | blocks 1823 | 54m | 34 blk/min | 17 links to repair
[77/2685] ok Authors/Dickens/Atomized/David_Copperfield/Chapter_59_RETURN/part_06.md | blocks 1844 | 55m | 33 blk/min | 8 links to repair
[78/2685] ok Authors/Dickens/Atomized/David_Copperfield/Chapter_59_RETURN/part_04.md | blocks 1853 | 56m | 33 blk/min | 23 links to repair
[79/2685] ok Authors/Dickens/Atomized/David_Copperfield/Chapter_60_AGNES/part_01.md | blocks 1885 | 56m | 34 blk/min | 22 links to repair
[80/2685] ok Authors/Dickens/Atomized/David_Copperfield/Chapter_60_AGNES/part_02.md | blocks 1920 | 57m | 34 blk/min | 8 links to repair
[81/2685] ok Authors/Dickens/Atomized/David_Copperfield/Chapter_60_AGNES/part_03.md | blocks 1956 | 58m | 34 blk/min | 16 links to repair
[82/2685] ok Authors/Dickens/Atomized/David_Copperfield/Chapter_61_I_AM_SHOWN_TWO_INTERESTING_PEN/part_01.md | blocks 1977 | 58m | 34 blk/min | 8 links to repair
[83/2685] ok Authors/Dickens/Atomized/David_Copperfield/Chapter_61_I_AM_SHOWN_TWO_INTERESTING_PEN/part_02.md | blocks 2001 | 59m | 34 blk/min | 4 links to repair
[84/2685] ok Authors/Dickens/Atomized/David_Copperfield/Chapter_61_I_AM_SHOWN_TWO_INTERESTING_PEN/part_03.md | blocks 2027 | 59m | 34 blk/min | 9 links to repair
[85/2685] ok Authors/Dickens/Atomized/David_Copperfield/Chapter_61_I_AM_SHOWN_TWO_INTERESTING_PEN/part_04.md | blocks 2068 | 61m | 34 blk/min | 12 links to repair
[86/2685] ok Authors/Dickens/Atomized/David_Copperfield/Chapter_62_A_LIGHT_SHINES_ON_MY_WAY/part_02.md | blocks 2101 | 61m | 34 blk/min | 16 links to repair
[87/2685] ok Authors/Dickens/Atomized/David_Copperfield/Chapter_62_A_LIGHT_SHINES_ON_MY_WAY/part_03.md | blocks 2142 | 62m | 35 blk/min | 17 links to repair
[88/2685] ok Authors/Dickens/Atomized/David_Copperfield/Chapter_62_A_LIGHT_SHINES_ON_MY_WAY/part_01.md | blocks 2174 | 62m | 35 blk/min | 18 links to repair
[89/2685] ok Authors/Dickens/Atomized/David_Copperfield/Chapter_63_A_VISITOR/part_03.md | blocks 2193 | 63m | 35 blk/min | 3 links to repair
[90/2685] ok Authors/Dickens/Atomized/David_Copperfield/Chapter_63_A_VISITOR/part_01.md | blocks 2220 | 64m | 35 blk/min | 13 links to repair
[91/2685] ok Authors/Dickens/Atomized/David_Copperfield/Chapter_63_A_VISITOR/part_02.md | blocks 2248 | 66m | 34 blk/min | 18 links to repair
[92/2685] ok Authors/Dickens/Atomized/A_Childs_History_of_England/Story_01_The_Mudfog_And_Other_Sketches/part_01.md | blocks 2259 | 67m | 34 blk/min | 21 links to repair
[93/2685] ok Authors/Dickens/Atomized/A_Childs_History_of_England/Story_01_The_Mudfog_And_Other_Sketches/part_02.md | blocks 2279 | 67m | 34 blk/min | 12 links to repair
[94/2685] ok Authors/Dickens/Atomized/A_Childs_History_of_England/Story_01_The_Mudfog_And_Other_Sketches/part_03.md | blocks 2301 | 68m | 34 blk/min | 15 links to repair
[95/2685] ok Authors/Dickens/Atomized/David_Copperfield/Chapter_64_A_LAST_RETROSPECT.md | blocks 2338 | 68m | 34 blk/min | 24 links to repair
[96/2685] ok Authors/Dickens/Atomized/A_Childs_History_of_England/Story_01_The_Mudfog_And_Other_Sketches/part_05.md | blocks 2368 | 70m | 34 blk/min | 8 links to repair
[97/2685] ok Authors/Dickens/Atomized/A_Childs_History_of_England/Story_01_The_Mudfog_And_Other_Sketches/part_07.md | blocks 2385 | 71m | 34 blk/min | 7 links to repair
[98/2685] ok Authors/Dickens/Atomized/A_Childs_History_of_England/Story_01_The_Mudfog_And_Other_Sketches/part_04.md | blocks 2400 | 71m | 34 blk/min | 20 links to repair
[99/2685] ok Authors/Dickens/Atomized/A_Childs_History_of_England/Story_01_The_Mudfog_And_Other_Sketches/part_09.md | blocks 2417 | 72m | 33 blk/min | 5 links to repair
[100/2685] ok Authors/Dickens/Atomized/A_Childs_History_of_England/Story_01_The_Mudfog_And_Other_Sketches/part_10.md | blocks 2430 | 73m | 34 blk/min | 8 links to repair
[101/2685] ok Authors/Dickens/Atomized/A_Childs_History_of_England/Story_01_The_Mudfog_And_Other_Sketches/part_06.md | blocks 2439 | 73m | 34 blk/min | 24 links to repair
[102/2685] ok Authors/Dickens/Atomized/A_Childs_History_of_England/Story_01_The_Mudfog_And_Other_Sketches/part_08.md | blocks 2454 | 73m | 34 blk/min | 18 links to repair
[103/2685] ok Authors/Dickens/Atomized/A_Childs_History_of_England/Story_02_Great_Room_Pig_And_Tinder_Box/part_03.md | blocks 2466 | 74m | 33 blk/min | 4 links to repair
[104/2685] ok Authors/Dickens/Atomized/A_Childs_History_of_England/Story_02_Great_Room_Pig_And_Tinder_Box/part_02.md | blocks 2488 | 74m | 33 blk/min | 7 links to repair
[105/2685] ok Authors/Dickens/Atomized/A_Childs_History_of_England/Story_02_Great_Room_Pig_And_Tinder_Box/part_01.md | blocks 2499 | 76m | 33 blk/min | 8 links to repair
[106/2685] ok Authors/Dickens/Atomized/A_Childs_History_of_England/Story_03_Hay_Loft_Original_Pig/part_03.md | blocks 2522 | 76m | 33 blk/min | 6 links to repair
[107/2685] ok Authors/Dickens/Atomized/A_Childs_History_of_England/Story_03_Hay_Loft_Original_Pig/part_01.md | blocks 2542 | 77m | 33 blk/min | 13 links to repair
[108/2685] ok Authors/Dickens/Atomized/A_Childs_History_of_England/Story_03_Hay_Loft_Original_Pig/part_04.md | blocks 2566 | 78m | 33 blk/min | 10 links to repair
[109/2685] ok Authors/Dickens/Atomized/A_Childs_History_of_England/Story_03_Hay_Loft_Original_Pig/part_02.md | blocks 2581 | 78m | 33 blk/min | 16 links to repair
[110/2685] ok Authors/Dickens/Atomized/A_Childs_History_of_England/Story_03_Hay_Loft_Original_Pig/part_05.md | blocks 2608 | 80m | 33 blk/min | 10 links to repair
[111/2685] ok Authors/Dickens/Atomized/A_Childs_History_of_England/Story_04_Front_Parlour_Black_Boy_And_Stomach_Ache.md | blocks 2626 | 81m | 33 blk/min | 6 links to repair
[112/2685] ok Authors/Dickens/Atomized/A_Childs_History_of_England/Story_05_Large_Room_Boot_Jack_And_Countenance.md | blocks 2658 | 81m | 33 blk/min | 10 links to repair
[113/2685] ok Authors/Dickens/Atomized/A_Childs_History_of_England/Story_07_The_Pantomime_Of_Life/part_01.md | blocks 2667 | 83m | 32 blk/min | 15 links to repair
[114/2685] ok Authors/Dickens/Atomized/A_Childs_History_of_England/Story_07_The_Pantomime_Of_Life/part_02.md | blocks 2676 | 83m | 32 blk/min | 13 links to repair
[115/2685] ok Authors/Dickens/Atomized/A_Childs_History_of_England/Story_07_The_Pantomime_Of_Life/part_03.md | blocks 2685 | 84m | 32 blk/min | 12 links to repair
[116/2685] ok Authors/Dickens/Atomized/A_Childs_History_of_England/Story_06_Bar_Room_Black_Boy_And_Stomach_Ache.md | blocks 2706 | 84m | 32 blk/min | 8 links to repair
[117/2685] ok Authors/Dickens/Atomized/A_Childs_History_of_England/Story_07_The_Pantomime_Of_Life/part_04.md | blocks 2720 | 86m | 32 blk/min | 12 links to repair
[118/2685] ok Authors/Dickens/Atomized/A_Childs_History_of_England/Story_07_The_Pantomime_Of_Life/part_06.md | blocks 2737 | 86m | 32 blk/min | 12 links to repair
[119/2685] ok Authors/Dickens/Atomized/American_Notes/Chapter_01.md | blocks 2742 | 86m | 32 blk/min
[120/2685] ok Authors/Dickens/Atomized/A_Childs_History_of_England/Story_07_The_Pantomime_Of_Life/part_05.md | blocks 2750 | 86m | 32 blk/min | 11 links to repair
[121/2685] ok Authors/Dickens/Atomized/A_Childs_History_of_England/Story_07_The_Pantomime_Of_Life/part_07.md | blocks 2770 | 87m | 32 blk/min | 25 links to repair
[122/2685] ok Authors/Dickens/Atomized/A_Childs_History_of_England/Story_07_The_Pantomime_Of_Life/part_08.md | blocks 2778 | 88m | 32 blk/min | 8 links to repair
[123/2685] ok Authors/Dickens/Atomized/American_Notes/Chapter_02/part_01.md | blocks 2785 | 88m | 31 blk/min | 12 links to repair
[124/2685] ok Authors/Dickens/Atomized/American_Notes/Chapter_02/part_03.md | blocks 2792 | 90m | 31 blk/min | 20 links to repair
[125/2685] ok Authors/Dickens/Atomized/American_Notes/Chapter_02/part_02.md | blocks 2799 | 90m | 31 blk/min | 16 links to repair
[126/2685] ok Authors/Dickens/Atomized/American_Notes/Chapter_03/part_01.md | blocks 2808 | 91m | 31 blk/min | 27 links to repair
[127/2685] ok Authors/Dickens/Atomized/American_Notes/Chapter_03/part_02.md | blocks 2816 | 91m | 31 blk/min | 19 links to repair
[128/2685] ok Authors/Dickens/Atomized/American_Notes/Chapter_03/part_06.md | blocks 2833 | 92m | 31 blk/min | 7 links to repair
[129/2685] ok Authors/Dickens/Atomized/American_Notes/Chapter_03/part_03.md | blocks 2840 | 94m | 30 blk/min | 21 links to repair
[130/2685] ok Authors/Dickens/Atomized/American_Notes/Chapter_03/part_05.md | blocks 2848 | 94m | 30 blk/min | 4 links to repair
[131/2685] ok Authors/Dickens/Atomized/American_Notes/Chapter_03/part_04.md | blocks 2855 | 95m | 30 blk/min | 18 links to repair
[132/2685] ok Authors/Dickens/Atomized/American_Notes/Chapter_04/part_01.md | blocks 2866 | 96m | 30 blk/min | 13 links to repair
[133/2685] ok Authors/Dickens/Atomized/American_Notes/Chapter_04/part_02.md | blocks 2874 | 97m | 30 blk/min | 9 links to repair
[134/2685] ok Authors/Dickens/Atomized/American_Notes/Chapter_04/part_03.md | blocks 2887 | 97m | 30 blk/min | 12 links to repair
[135/2685] ok Authors/Dickens/Atomized/American_Notes/Chapter_04/part_04.md | blocks 2903 | 98m | 30 blk/min | 4 links to repair
[136/2685] ok Authors/Dickens/Atomized/American_Notes/Chapter_04/part_05.md | blocks 2918 | 98m | 30 blk/min | 3 links to repair
[137/2685] ok Authors/Dickens/Atomized/American_Notes/Chapter_04/part_06.md | blocks 2936 | 100m | 29 blk/min | 9 links to repair
[138/2685] ok Authors/Dickens/Atomized/American_Notes/Chapter_04/part_07.md | blocks 2951 | 100m | 30 blk/min | 4 links to repair
[139/2685] ok Authors/Dickens/Atomized/American_Notes/Chapter_04/part_09.md | blocks 2963 | 101m | 29 blk/min | 11 links to repair
[140/2685] ok Authors/Dickens/Atomized/American_Notes/Chapter_04/part_08.md | blocks 2976 | 101m | 29 blk/min | 12 links to repair
[141/2685] ok Authors/Dickens/Atomized/American_Notes/Chapter_04/part_10.md | blocks 2987 | 103m | 29 blk/min | 18 links to repair
[142/2685] ok Authors/Dickens/Atomized/American_Notes/Chapter_04/part_11.md | blocks 2996 | 103m | 29 blk/min | 18 links to repair
[143/2685] ok Authors/Dickens/Atomized/American_Notes/Chapter_04/part_14.md | blocks 3004 | 105m | 29 blk/min | 4 links to repair
[144/2685] ok Authors/Dickens/Atomized/American_Notes/Chapter_04/part_12.md | blocks 3013 | 105m | 29 blk/min | 25 links to repair
[145/2685] ok Authors/Dickens/Atomized/American_Notes/Chapter_05/part_01.md | blocks 3024 | 106m | 29 blk/min | 19 links to repair
[146/2685] ok Authors/Dickens/Atomized/American_Notes/Chapter_04/part_13.md | blocks 3031 | 106m | 29 blk/min | 11 links to repair
[147/2685] ok Authors/Dickens/Atomized/American_Notes/Chapter_05/part_02.md | blocks 3039 | 108m | 28 blk/min | 18 links to repair
[148/2685] ok Authors/Dickens/Atomized/American_Notes/Chapter_06/part_02.md | blocks 3077 | 109m | 28 blk/min | 16 links to repair
[149/2685] ok Authors/Dickens/Atomized/American_Notes/Chapter_05/part_03.md | blocks 3090 | 109m | 28 blk/min | 8 links to repair
[150/2685] ok Authors/Dickens/Atomized/American_Notes/Chapter_06/part_01.md | blocks 3099 | 110m | 28 blk/min | 27 links to repair
[151/2685] ok Authors/Dickens/Atomized/American_Notes/Chapter_07/part_02.md | blocks 3143 | 112m | 28 blk/min | 18 links to repair
[152/2685] ok Authors/Dickens/Atomized/American_Notes/Chapter_06/part_03.md | blocks 3163 | 112m | 28 blk/min | 37 links to repair
[153/2685] ok Authors/Dickens/Atomized/American_Notes/Chapter_07/part_01.md | blocks 3172 | 112m | 28 blk/min | 17 links to repair
[154/2685] ok Authors/Dickens/Atomized/American_Notes/Chapter_07/part_03.md | blocks 3186 | 115m | 28 blk/min | 21 links to repair
[155/2685] ok Authors/Dickens/Atomized/American_Notes/Chapter_07/part_04.md | blocks 3196 | 115m | 28 blk/min | 18 links to repair
[156/2685] ok Authors/Dickens/Atomized/American_Notes/Chapter_07/part_05.md | blocks 3210 | 115m | 28 blk/min | 20 links to repair
[157/2685] ok Authors/Dickens/Atomized/American_Notes/Chapter_07/part_06.md | blocks 3222 | 117m | 28 blk/min | 9 links to repair
[158/2685] ok Authors/Dickens/Atomized/American_Notes/Chapter_07/part_07.md | blocks 3230 | 117m | 28 blk/min | 12 links to repair
[159/2685] ok Authors/Dickens/Atomized/American_Notes/Chapter_08/part_04.md | blocks 3248 | 119m | 27 blk/min | 8 links to repair
[160/2685] ok Authors/Dickens/Atomized/American_Notes/Chapter_08/part_03.md | blocks 3260 | 120m | 27 blk/min | 9 links to repair
[161/2685] ok Authors/Dickens/Atomized/American_Notes/Chapter_08/part_01.md | blocks 3274 | 120m | 27 blk/min | 18 links to repair
[162/2685] ok Authors/Dickens/Atomized/American_Notes/Chapter_08/part_02.md | blocks 3285 | 120m | 27 blk/min | 18 links to repair
[163/2685] ok Authors/Dickens/Atomized/American_Notes/Chapter_08/part_06.md | blocks 3293 | 122m | 27 blk/min | 9 links to repair
[164/2685] ok Authors/Dickens/Atomized/American_Notes/Chapter_09/part_02.md | blocks 3302 | 123m | 27 blk/min | 25 links to repair
[165/2685] ok Authors/Dickens/Atomized/American_Notes/Chapter_08/part_05.md | blocks 3315 | 124m | 27 blk/min | 13 links to repair
[166/2685] ok Authors/Dickens/Atomized/American_Notes/Chapter_09/part_01.md | blocks 3326 | 124m | 27 blk/min | 20 links to repair
[167/2685] ok Authors/Dickens/Atomized/American_Notes/Chapter_09/part_03.md | blocks 3336 | 125m | 27 blk/min | 15 links to repair
[168/2685] ok Authors/Dickens/Atomized/American_Notes/Chapter_09/part_05.md | blocks 3347 | 127m | 26 blk/min | 11 links to repair
[169/2685] ok Authors/Dickens/Atomized/American_Notes/Chapter_09/part_04.md | blocks 3357 | 127m | 26 blk/min | 14 links to repair
[170/2685] ok Authors/Dickens/Atomized/American_Notes/Chapter_10/part_02.md | blocks 3390 | 129m | 26 blk/min | 12 links to repair
[171/2685] ok Authors/Dickens/Atomized/American_Notes/Chapter_09/part_06.md | blocks 3403 | 129m | 26 blk/min | 11 links to repair
[172/2685] ok Authors/Dickens/Atomized/American_Notes/Chapter_10/part_01.md | blocks 3413 | 130m | 26 blk/min | 13 links to repair
[173/2685] ok Authors/Dickens/Atomized/American_Notes/Chapter_10/part_03.md | blocks 3425 | 130m | 26 blk/min | 15 links to repair
[174/2685] ok Authors/Dickens/Atomized/American_Notes/Chapter_10/part_05.md | blocks 3445 | 132m | 26 blk/min | 16 links to repair
[175/2685] ok Authors/Dickens/Atomized/American_Notes/Chapter_10/part_04.md | blocks 3458 | 133m | 26 blk/min | 6 links to repair
[176/2685] ok Authors/Dickens/Atomized/American_Notes/Chapter_11/part_01.md | blocks 3470 | 133m | 26 blk/min | 8 links to repair
[177/2685] ok Authors/Dickens/Atomized/American_Notes/Chapter_10/part_06.md | blocks 3483 | 134m | 26 blk/min | 15 links to repair
[178/2685] ok Authors/Dickens/Atomized/American_Notes/Chapter_11/part_02.md | blocks 3492 | 135m | 26 blk/min | 17 links to repair
[179/2685] ok Authors/Dickens/Atomized/American_Notes/Chapter_11/part_03.md | blocks 3501 | 135m | 26 blk/min | 10 links to repair
[180/2685] ok Authors/Dickens/Atomized/American_Notes/Chapter_11/part_04.md | blocks 3510 | 137m | 26 blk/min | 20 links to repair
[181/2685] ok Authors/Dickens/Atomized/American_Notes/Chapter_12/part_01.md | blocks 3521 | 137m | 26 blk/min | 12 links to repair
[182/2685] ok Authors/Dickens/Atomized/American_Notes/Chapter_13/part_01.md | blocks 3537 | 139m | 25 blk/min | 15 links to repair
[183/2685] ok Authors/Dickens/Atomized/American_Notes/Chapter_12/part_02.md | blocks 3547 | 139m | 25 blk/min | 10 links to repair
[184/2685] ok Authors/Dickens/Atomized/American_Notes/Chapter_12/part_03.md | blocks 3559 | 140m | 25 blk/min | 23 links to repair
[185/2685] ok Authors/Dickens/Atomized/American_Notes/Chapter_13/part_02.md | blocks 3571 | 140m | 25 blk/min | 14 links to repair
[186/2685] ok Authors/Dickens/Atomized/American_Notes/Chapter_14/part_01.md | blocks 3584 | 142m | 25 blk/min | 17 links to repair
REJECT Authors/Dickens/Atomized/American_Notes/Chapter_13/part_03.md: invented wikilink targets: ['L03>notte»; la scena diventava mille volte più desolata e cupa di prima, e ogni suo aspetto si oscurava insieme al cielo.\n\nAbbiamo bevuto l’acqua torbida di questo [[River']
[188/2685] ok Authors/Dickens/Atomized/American_Notes/Chapter_14/part_02.md | blocks 3608 | 143m | 25 blk/min | 10 links to repair
[189/2685] ok Authors/Dickens/Atomized/American_Notes/Chapter_13/part_04.md | blocks 3624 | 143m | 25 blk/min | 13 links to repair
[190/2685] ok Authors/Dickens/Atomized/American_Notes/Chapter_14/part_03.md | blocks 3633 | 145m | 25 blk/min | 30 links to repair
[191/2685] ok Authors/Dickens/Atomized/American_Notes/Chapter_15/part_01.md | blocks 3645 | 146m | 25 blk/min | 26 links to repair
[192/2685] ok Authors/Dickens/Atomized/American_Notes/Chapter_15/part_04.md | blocks 3654 | 147m | 25 blk/min | 17 links to repair
[193/2685] ok Authors/Dickens/Atomized/American_Notes/Chapter_15/part_02.md | blocks 3673 | 148m | 25 blk/min | 9 links to repair
[194/2685] ok Authors/Dickens/Atomized/American_Notes/Chapter_15/part_03.md | blocks 3702 | 148m | 25 blk/min | 12 links to repair
[195/2685] ok Authors/Dickens/Atomized/American_Notes/Chapter_15/part_07.md | blocks 3707 | 150m | 25 blk/min | 11 links to repair
[196/2685] ok Authors/Dickens/Atomized/American_Notes/Chapter_15/part_05.md | blocks 3716 | 150m | 25 blk/min | 12 links to repair
[197/2685] ok Authors/Dickens/Atomized/American_Notes/Chapter_16/part_01.md | blocks 3729 | 152m | 25 blk/min | 18 links to repair
[198/2685] ok Authors/Dickens/Atomized/American_Notes/Chapter_15/part_06.md | blocks 3741 | 152m | 25 blk/min | 12 links to repair
[199/2685] ok Authors/Dickens/Atomized/American_Notes/Chapter_16/part_02.md | blocks 3753 | 154m | 24 blk/min | 16 links to repair
[200/2685] ok Authors/Dickens/Atomized/American_Notes/Chapter_16/part_04.md | blocks 3763 | 155m | 24 blk/min | 20 links to repair
[201/2685] ok Authors/Dickens/Atomized/American_Notes/Chapter_16/part_03.md | blocks 3775 | 156m | 24 blk/min | 16 links to repair
[202/2685] ok Authors/Dickens/Atomized/American_Notes/Chapter_16/part_05.md | blocks 3785 | 157m | 24 blk/min | 19 links to repair
[203/2685] ok Authors/Dickens/Atomized/American_Notes/Chapter_16/part_07.md | blocks 3795 | 158m | 24 blk/min | 30 links to repair
[204/2685] ok Authors/Dickens/Atomized/American_Notes/Chapter_16/part_06.md | blocks 3808 | 158m | 24 blk/min | 11 links to repair
[205/2685] ok Authors/Dickens/Atomized/American_Notes/Chapter_17/part_01.md | blocks 3819 | 160m | 24 blk/min | 10 links to repair
[206/2685] ok Authors/Dickens/Atomized/American_Notes/Chapter_17/part_02.md | blocks 3826 | 161m | 24 blk/min | 13 links to repair
[207/2685] ok Authors/Dickens/Atomized/American_Notes/Chapter_17/part_03.md | blocks 3836 | 162m | 24 blk/min | 13 links to repair
[208/2685] ok Authors/Dickens/Atomized/American_Notes/Chapter_18/part_01.md | blocks 3847 | 163m | 24 blk/min | 9 links to repair
[209/2685] ok Authors/Dickens/Atomized/American_Notes/Chapter_18/part_03.md | blocks 3889 | 163m | 24 blk/min | 2 links to repair
[210/2685] ok Authors/Dickens/Atomized/American_Notes/Chapter_18/part_02.md | blocks 3908 | 164m | 24 blk/min | 7 links to repair
[211/2685] ok Authors/Dickens/Atomized/American_Notes/Chapter_18/part_04.md | blocks 3923 | 164m | 24 blk/min | 10 links to repair
[212/2685] ok Authors/Dickens/Atomized/American_Notes/Chapter_18/part_05.md | blocks 3948 | 164m | 24 blk/min | 11 links to repair
[213/2685] ok Authors/Dickens/Atomized/American_Notes/Chapter_18/part_06.md | blocks 3958 | 167m | 24 blk/min | 13 links to repair
[214/2685] ok Authors/Dickens/Atomized/American_Notes/Chapter_19/part_01.md | blocks 3970 | 167m | 24 blk/min | 12 links to repair
[215/2685] ok Authors/Dickens/Atomized/American_Notes/Chapter_19/part_03.md | blocks 3978 | 168m | 24 blk/min | 18 links to repair
[216/2685] ok Authors/Dickens/Atomized/American_Notes/Chapter_19/part_02.md | blocks 3989 | 170m | 24 blk/min | 17 links to repair
[217/2685] ok Authors/Dickens/Atomized/American_Notes/Chapter_19/part_04.md | blocks 4003 | 170m | 24 blk/min | 7 links to repair
[218/2685] ok Authors/Dickens/Atomized/Barnaby_Rudge/Chapter_01/part_01.md | blocks 4014 | 171m | 23 blk/min | 23 links to repair
[219/2685] ok Authors/Dickens/Atomized/Barnaby_Rudge/Chapter_01/part_02.md | blocks 4030 | 171m | 24 blk/min | 10 links to repair
[220/2685] ok Authors/Dickens/Atomized/Barnaby_Rudge/Chapter_01/part_04.md | blocks 4059 | 172m | 24 blk/min | 16 links to repair
[221/2685] ok Authors/Dickens/Atomized/Barnaby_Rudge/Chapter_01/part_03.md | blocks 4095 | 173m | 24 blk/min | 14 links to repair
[222/2685] ok Authors/Dickens/Atomized/Barnaby_Rudge/Chapter_02/part_01.md | blocks 4123 | 175m | 24 blk/min | 25 links to repair
[223/2685] ok Authors/Dickens/Atomized/Barnaby_Rudge/Chapter_02/part_03.md | blocks 4145 | 176m | 24 blk/min | 23 links to repair
[224/2685] ok Authors/Dickens/Atomized/Barnaby_Rudge/Chapter_02/part_02.md | blocks 4174 | 176m | 24 blk/min | 12 links to repair
[225/2685] ok Authors/Dickens/Atomized/Barnaby_Rudge/Chapter_01/part_05.md | blocks 4199 | 177m | 24 blk/min | 17 links to repair
[226/2685] ok Authors/Dickens/Atomized/Barnaby_Rudge/Chapter_03/part_01.md | blocks 4231 | 178m | 24 blk/min | 16 links to repair
[227/2685] ok Authors/Dickens/Atomized/Barnaby_Rudge/Chapter_03/part_03.md | blocks 4245 | 178m | 24 blk/min | 7 links to repair
[228/2685] ok Authors/Dickens/Atomized/Barnaby_Rudge/Chapter_03/part_02.md | blocks 4266 | 180m | 24 blk/min | 13 links to repair
[229/2685] ok Authors/Dickens/Atomized/Barnaby_Rudge/Chapter_04/part_01.md | blocks 4275 | 180m | 24 blk/min | 15 links to repair
[230/2685] ok Authors/Dickens/Atomized/Barnaby_Rudge/Chapter_04/part_04.md | blocks 4297 | 181m | 24 blk/min | 6 links to repair
[231/2685] ok Authors/Dickens/Atomized/Barnaby_Rudge/Chapter_04/part_02.md | blocks 4314 | 181m | 24 blk/min | 14 links to repair
[232/2685] ok Authors/Dickens/Atomized/Barnaby_Rudge/Chapter_04/part_03.md | blocks 4334 | 182m | 24 blk/min | 14 links to repair
[233/2685] ok Authors/Dickens/Atomized/Barnaby_Rudge/Chapter_06/part_02.md | blocks 4370 | 184m | 24 blk/min | 12 links to repair
[234/2685] ok Authors/Dickens/Atomized/Barnaby_Rudge/Chapter_06/part_01.md | blocks 4398 | 185m | 24 blk/min | 13 links to repair
[235/2685] ok Authors/Dickens/Atomized/Barnaby_Rudge/Chapter_05.md | blocks 4442 | 185m | 24 blk/min | 15 links to repair
[236/2685] ok Authors/Dickens/Atomized/Barnaby_Rudge/Chapter_06/part_03.md | blocks 4473 | 186m | 24 blk/min | 20 links to repair
[237/2685] ok Authors/Dickens/Atomized/Barnaby_Rudge/Chapter_07/part_01.md | blocks 4495 | 186m | 24 blk/min | 9 links to repair
[238/2685] ok Authors/Dickens/Atomized/Barnaby_Rudge/Chapter_08/part_02.md | blocks 4520 | 188m | 24 blk/min | 3 links to repair
[239/2685] ok Authors/Dickens/Atomized/Barnaby_Rudge/Chapter_07/part_02.md | blocks 4547 | 188m | 24 blk/min | 15 links to repair
[240/2685] ok Authors/Dickens/Atomized/Barnaby_Rudge/Chapter_08/part_01.md | blocks 4576 | 188m | 24 blk/min | 5 links to repair
[241/2685] ok Authors/Dickens/Atomized/Barnaby_Rudge/Chapter_08/part_03.md | blocks 4595 | 188m | 24 blk/min | 15 links to repair
[242/2685] ok Authors/Dickens/Atomized/Barnaby_Rudge/Chapter_08/part_04.md | blocks 4609 | 190m | 24 blk/min | 6 links to repair
[243/2685] ok Authors/Dickens/Atomized/Barnaby_Rudge/Chapter_09/part_01.md | blocks 4625 | 190m | 24 blk/min | 10 links to repair
[244/2685] ok Authors/Dickens/Atomized/Barnaby_Rudge/Chapter_10/part_01.md | blocks 4641 | 191m | 24 blk/min | 22 links to repair
[245/2685] ok Authors/Dickens/Atomized/Barnaby_Rudge/Chapter_09/part_02.md | blocks 4669 | 192m | 24 blk/min | 9 links to repair
[246/2685] ok Authors/Dickens/Atomized/Barnaby_Rudge/Chapter_10/part_03.md | blocks 4697 | 192m | 24 blk/min | 13 links to repair
[247/2685] ok Authors/Dickens/Atomized/Barnaby_Rudge/Chapter_10/part_02.md | blocks 4722 | 193m | 24 blk/min | 12 links to repair
[248/2685] ok Authors/Dickens/Atomized/Barnaby_Rudge/Chapter_10/part_04.md | blocks 4746 | 194m | 25 blk/min | 12 links to repair
[249/2685] ok Authors/Dickens/Atomized/Barnaby_Rudge/Chapter_12/part_01.md | blocks 4772 | 195m | 24 blk/min | 13 links to repair
[250/2685] ok Authors/Dickens/Atomized/Barnaby_Rudge/Chapter_11.md | blocks 4815 | 196m | 25 blk/min | 21 links to repair
[251/2685] ok Authors/Dickens/Atomized/Barnaby_Rudge/Chapter_12/part_02.md | blocks 4838 | 196m | 25 blk/min | 17 links to repair
[252/2685] ok Authors/Dickens/Atomized/Barnaby_Rudge/Chapter_12/part_03.md | blocks 4855 | 196m | 25 blk/min | 8 links to repair
[253/2685] ok Authors/Dickens/Atomized/Barnaby_Rudge/Chapter_13/part_03.md | blocks 4884 | 199m | 25 blk/min | 13 links to repair
[254/2685] ok Authors/Dickens/Atomized/Barnaby_Rudge/Chapter_13/part_01.md | blocks 4907 | 199m | 25 blk/min | 15 links to repair
[255/2685] ok Authors/Dickens/Atomized/Barnaby_Rudge/Chapter_13/part_02.md | blocks 4920 | 199m | 25 blk/min | 9 links to repair
[256/2685] ok Authors/Dickens/Atomized/Barnaby_Rudge/Chapter_13/part_04.md | blocks 4934 | 199m | 25 blk/min | 12 links to repair
[257/2685] ok Authors/Dickens/Atomized/Barnaby_Rudge/Chapter_15/part_02.md | blocks 4953 | 201m | 25 blk/min | 19 links to repair
[258/2685] ok Authors/Dickens/Atomized/Barnaby_Rudge/Chapter_15/part_01.md | blocks 4977 | 202m | 25 blk/min | 21 links to repair
[259/2685] ok Authors/Dickens/Atomized/Barnaby_Rudge/Chapter_15/part_03.md | blocks 4997 | 202m | 25 blk/min | 11 links to repair
[260/2685] ok Authors/Dickens/Atomized/Barnaby_Rudge/Chapter_15/part_04.md | blocks 5004 | 202m | 25 blk/min | 8 links to repair
[261/2685] ok Authors/Dickens/Atomized/Barnaby_Rudge/Chapter_14.md | blocks 5048 | 204m | 25 blk/min | 20 links to repair
[262/2685] ok Authors/Dickens/Atomized/Barnaby_Rudge/Chapter_17/part_01.md | blocks 5083 | 206m | 25 blk/min | 16 links to repair
[263/2685] ok Authors/Dickens/Atomized/Barnaby_Rudge/Chapter_16/part_02.md | blocks 5110 | 206m | 25 blk/min | 16 links to repair
REJECT Authors/Dickens/Atomized/Barnaby_Rudge/Chapter_17/part_02.md: invented wikilink targets: ['Grip']
[265/2685] ok Authors/Dickens/Atomized/Barnaby_Rudge/Chapter_16/part_01.md | blocks 5118 | 207m | 25 blk/min | 14 links to repair
[266/2685] ok Authors/Dickens/Atomized/Barnaby_Rudge/Chapter_17/part_04.md | blocks 5138 | 207m | 25 blk/min | 9 links to repair
[267/2685] ok Authors/Dickens/Atomized/Barnaby_Rudge/Chapter_17/part_03.md | blocks 5167 | 210m | 25 blk/min | 12 links to repair
[268/2685] ok Authors/Dickens/Atomized/Barnaby_Rudge/Chapter_19/part_02.md | blocks 5189 | 211m | 25 blk/min | 7 links to repair
[269/2685] ok Authors/Dickens/Atomized/Barnaby_Rudge/Chapter_19/part_01.md | blocks 5215 | 211m | 25 blk/min | 8 links to repair
[270/2685] ok Authors/Dickens/Atomized/Barnaby_Rudge/Chapter_19/part_03.md | blocks 5225 | 212m | 25 blk/min | 16 links to repair
[271/2685] ok Authors/Dickens/Atomized/Barnaby_Rudge/Chapter_18.md | blocks 5265 | 213m | 25 blk/min | 18 links to repair
[272/2685] ok Authors/Dickens/Atomized/Barnaby_Rudge/Chapter_19/part_04.md | blocks 5273 | 214m | 25 blk/min | 15 links to repair
[273/2685] ok Authors/Dickens/Atomized/Barnaby_Rudge/Chapter_21/part_01.md | blocks 5306 | 216m | 25 blk/min | 9 links to repair
[274/2685] ok Authors/Dickens/Atomized/Barnaby_Rudge/Chapter_20/part_01.md | blocks 5324 | 216m | 25 blk/min | 20 links to repair
[275/2685] ok Authors/Dickens/Atomized/Barnaby_Rudge/Chapter_20/part_02.md | blocks 5353 | 216m | 25 blk/min | 8 links to repair
[276/2685] ok Authors/Dickens/Atomized/Barnaby_Rudge/Chapter_21/part_02.md | blocks 5380 | 216m | 25 blk/min | 8 links to repair
[277/2685] ok Authors/Dickens/Atomized/Barnaby_Rudge/Chapter_22/part_01.md | blocks 5402 | 218m | 25 blk/min | 19 links to repair
[278/2685] ok Authors/Dickens/Atomized/Barnaby_Rudge/Chapter_21/part_03.md | blocks 5412 | 218m | 25 blk/min | 14 links to repair
[279/2685] ok Authors/Dickens/Atomized/Barnaby_Rudge/Chapter_22/part_02.md | blocks 5434 | 219m | 25 blk/min | 22 links to repair
[280/2685] ok Authors/Dickens/Atomized/Barnaby_Rudge/Chapter_23/part_01.md | blocks 5453 | 219m | 25 blk/min | 11 links to repair
[281/2685] ok Authors/Dickens/Atomized/Barnaby_Rudge/Chapter_23/part_03.md | blocks 5484 | 220m | 25 blk/min | 12 links to repair
[282/2685] ok Authors/Dickens/Atomized/Barnaby_Rudge/Chapter_23/part_04.md | blocks 5498 | 220m | 25 blk/min | 3 links to repair
[283/2685] ok Authors/Dickens/Atomized/Barnaby_Rudge/Chapter_23/part_02.md | blocks 5535 | 220m | 25 blk/min | 8 links to repair
[284/2685] ok Authors/Dickens/Atomized/Barnaby_Rudge/Chapter_25/part_02.md | blocks 5563 | 223m | 25 blk/min | 13 links to repair
[285/2685] ok Authors/Dickens/Atomized/Barnaby_Rudge/Chapter_25/part_03.md | blocks 5580 | 224m | 25 blk/min | 13 links to repair
[286/2685] ok Authors/Dickens/Atomized/Barnaby_Rudge/Chapter_25/part_01.md | blocks 5595 | 224m | 25 blk/min | 20 links to repair
[287/2685] ok Authors/Dickens/Atomized/Barnaby_Rudge/Chapter_24.md | blocks 5641 | 224m | 25 blk/min | 12 links to repair
[288/2685] ok Authors/Dickens/Atomized/Barnaby_Rudge/Chapter_25/part_04.md | blocks 5649 | 226m | 25 blk/min | 8 links to repair
[289/2685] ok Authors/Dickens/Atomized/Barnaby_Rudge/Chapter_27/part_01.md | blocks 5680 | 226m | 25 blk/min | 7 links to repair
[290/2685] ok Authors/Dickens/Atomized/Barnaby_Rudge/Chapter_27/part_02.md | blocks 5701 | 227m | 25 blk/min | 9 links to repair
[291/2685] ok Authors/Dickens/Atomized/Barnaby_Rudge/Chapter_27/part_04.md | blocks 5716 | 227m | 25 blk/min | 6 links to repair
[292/2685] ok Authors/Dickens/Atomized/Barnaby_Rudge/Chapter_26.md | blocks 5760 | 229m | 25 blk/min | 18 links to repair
[293/2685] ok Authors/Dickens/Atomized/Barnaby_Rudge/Chapter_27/part_03.md | blocks 5787 | 229m | 25 blk/min | 8 links to repair
[294/2685] ok Authors/Dickens/Atomized/Barnaby_Rudge/Chapter_29/part_01.md | blocks 5806 | 230m | 25 blk/min | 20 links to repair
[295/2685] ok Authors/Dickens/Atomized/Barnaby_Rudge/Chapter_29/part_02.md | blocks 5820 | 232m | 25 blk/min | 10 links to repair
[296/2685] ok Authors/Dickens/Atomized/Barnaby_Rudge/Chapter_29/part_03.md | blocks 5848 | 232m | 25 blk/min | 17 links to repair
[297/2685] ok Authors/Dickens/Atomized/Barnaby_Rudge/Chapter_28.md | blocks 5894 | 232m | 25 blk/min | 24 links to repair
[298/2685] ok Authors/Dickens/Atomized/Barnaby_Rudge/Chapter_31/part_02.md | blocks 5927 | 234m | 25 blk/min | 19 links to repair
[299/2685] ok Authors/Dickens/Atomized/Barnaby_Rudge/Chapter_29/part_04.md | blocks 5947 | 235m | 25 blk/min | 19 links to repair
[300/2685] ok Authors/Dickens/Atomized/Barnaby_Rudge/Chapter_30.md | blocks 5973 | 236m | 25 blk/min | 9 links to repair
[301/2685] ok Authors/Dickens/Atomized/Barnaby_Rudge/Chapter_31/part_01.md | blocks 5985 | 237m | 25 blk/min | 14 links to repair
[302/2685] ok Authors/Dickens/Atomized/Barnaby_Rudge/Chapter_31/part_03.md | blocks 6006 | 238m | 25 blk/min | 10 links to repair
[303/2685] ok Authors/Dickens/Atomized/Barnaby_Rudge/Chapter_31/part_04.md | blocks 6021 | 239m | 25 blk/min | 13 links to repair
[304/2685] ok Authors/Dickens/Atomized/Barnaby_Rudge/Chapter_32.md | blocks 6059 | 240m | 25 blk/min | 21 links to repair
[305/2685] ok Authors/Dickens/Atomized/Barnaby_Rudge/Chapter_33/part_02.md | blocks 6083 | 240m | 25 blk/min | 11 links to repair
[306/2685] ok Authors/Dickens/Atomized/Barnaby_Rudge/Chapter_33/part_01.md | blocks 6093 | 241m | 25 blk/min | 18 links to repair
[307/2685] ok Authors/Dickens/Atomized/Barnaby_Rudge/Chapter_33/part_03.md | blocks 6115 | 242m | 25 blk/min | 18 links to repair
[308/2685] ok Authors/Dickens/Atomized/Barnaby_Rudge/Chapter_33/part_04.md | blocks 6129 | 243m | 25 blk/min | 7 links to repair
[309/2685] ok Authors/Dickens/Atomized/Barnaby_Rudge/Chapter_34/part_02.md | blocks 6158 | 244m | 25 blk/min | 8 links to repair
[310/2685] ok Authors/Dickens/Atomized/Barnaby_Rudge/Chapter_34/part_01.md | blocks 6178 | 244m | 25 blk/min | 16 links to repair
[311/2685] ok Authors/Dickens/Atomized/Barnaby_Rudge/Chapter_35/part_01.md | blocks 6208 | 246m | 25 blk/min | 14 links to repair
[312/2685] ok Authors/Dickens/Atomized/Barnaby_Rudge/Chapter_35/part_03.md | blocks 6235 | 246m | 25 blk/min | 11 links to repair
[313/2685] ok Authors/Dickens/Atomized/Barnaby_Rudge/Chapter_35/part_04.md | blocks 6258 | 246m | 25 blk/min | 6 links to repair
[314/2685] ok Authors/Dickens/Atomized/Barnaby_Rudge/Chapter_35/part_02.md | blocks 6276 | 247m | 25 blk/min | 9 links to repair
[315/2685] ok Authors/Dickens/Atomized/Barnaby_Rudge/Chapter_36.md | blocks 6331 | 250m | 25 blk/min | 14 links to repair
[316/2685] ok Authors/Dickens/Atomized/Barnaby_Rudge/Chapter_37/part_03.md | blocks 6360 | 250m | 25 blk/min | 14 links to repair
[317/2685] ok Authors/Dickens/Atomized/Barnaby_Rudge/Chapter_37/part_02.md | blocks 6373 | 250m | 25 blk/min | 11 links to repair
[318/2685] ok Authors/Dickens/Atomized/Barnaby_Rudge/Chapter_37/part_01.md | blocks 6395 | 251m | 25 blk/min | 20 links to repair
[319/2685] ok Authors/Dickens/Atomized/Barnaby_Rudge/Chapter_37/part_04.md | blocks 6416 | 252m | 25 blk/min | 8 links to repair
[320/2685] ok Authors/Dickens/Atomized/Barnaby_Rudge/Chapter_39/part_01.md | blocks 6448 | 253m | 26 blk/min | 5 links to repair
[321/2685] ok Authors/Dickens/Atomized/Barnaby_Rudge/Chapter_39/part_02.md | blocks 6460 | 253m | 25 blk/min | 17 links to repair
[322/2685] ok Authors/Dickens/Atomized/Barnaby_Rudge/Chapter_38.md | blocks 6501 | 254m | 26 blk/min | 9 links to repair
[323/2685] ok Authors/Dickens/Atomized/Barnaby_Rudge/Chapter_39/part_03.md | blocks 6538 | 255m | 26 blk/min | 16 links to repair
[324/2685] ok Authors/Dickens/Atomized/Barnaby_Rudge/Chapter_40/part_02.md | blocks 6573 | 256m | 26 blk/min | 12 links to repair
[325/2685] ok Authors/Dickens/Atomized/Barnaby_Rudge/Chapter_40/part_01.md | blocks 6608 | 256m | 26 blk/min | 9 links to repair
[326/2685] ok Authors/Dickens/Atomized/Barnaby_Rudge/Chapter_41/part_01.md | blocks 6630 | 257m | 26 blk/min | 7 links to repair
[327/2685] ok Authors/Dickens/Atomized/Barnaby_Rudge/Chapter_41/part_02.md | blocks 6650 | 257m | 26 blk/min | 15 links to repair
[328/2685] ok Authors/Dickens/Atomized/Barnaby_Rudge/Chapter_41/part_03.md | blocks 6662 | 258m | 26 blk/min | 12 links to repair
[329/2685] ok Authors/Dickens/Atomized/Barnaby_Rudge/Chapter_41/part_04.md | blocks 6691 | 259m | 26 blk/min | 10 links to repair
[330/2685] ok Authors/Dickens/Atomized/Barnaby_Rudge/Chapter_43/part_01.md | blocks 6705 | 260m | 26 blk/min | 11 links to repair
[331/2685] ok Authors/Dickens/Atomized/Barnaby_Rudge/Chapter_43/part_02.md | blocks 6727 | 261m | 26 blk/min | 4 links to repair
[332/2685] ok Authors/Dickens/Atomized/Barnaby_Rudge/Chapter_43/part_03.md | blocks 6748 | 262m | 26 blk/min | 8 links to repair
[333/2685] ok Authors/Dickens/Atomized/Barnaby_Rudge/Chapter_43/part_04.md | blocks 6768 | 262m | 26 blk/min | 3 links to repair
[334/2685] ok Authors/Dickens/Atomized/Barnaby_Rudge/Chapter_42.md | blocks 6804 | 262m | 26 blk/min | 16 links to repair
[335/2685] ok Authors/Dickens/Atomized/Barnaby_Rudge/Chapter_45/part_03.md | blocks 6825 | 265m | 26 blk/min | 14 links to repair
[336/2685] ok Authors/Dickens/Atomized/Barnaby_Rudge/Chapter_45/part_02.md | blocks 6852 | 265m | 26 blk/min | 14 links to repair
[337/2685] ok Authors/Dickens/Atomized/Barnaby_Rudge/Chapter_45/part_01.md | blocks 6862 | 265m | 26 blk/min | 26 links to repair
[338/2685] ok Authors/Dickens/Atomized/Barnaby_Rudge/Chapter_44.md | blocks 6904 | 266m | 26 blk/min | 23 links to repair
[339/2685] ok Authors/Dickens/Atomized/Barnaby_Rudge/Chapter_45/part_04.md | blocks 6922 | 266m | 26 blk/min | 4 links to repair
[340/2685] ok Authors/Dickens/Atomized/Barnaby_Rudge/Chapter_47/part_01.md | blocks 6944 | 268m | 26 blk/min | 8 links to repair
[341/2685] ok Authors/Dickens/Atomized/Barnaby_Rudge/Chapter_47/part_02.md | blocks 6970 | 269m | 26 blk/min | 9 links to repair
[342/2685] ok Authors/Dickens/Atomized/Barnaby_Rudge/Chapter_47/part_03.md | blocks 6984 | 269m | 26 blk/min | 11 links to repair
[343/2685] ok Authors/Dickens/Atomized/Barnaby_Rudge/Chapter_46.md | blocks 7051 | 270m | 26 blk/min | 23 links to repair
[344/2685] ok Authors/Dickens/Atomized/Barnaby_Rudge/Chapter_48/part_01.md | blocks 7079 | 271m | 26 blk/min | 13 links to repair
[345/2685] ok Authors/Dickens/Atomized/Barnaby_Rudge/Chapter_48/part_03.md | blocks 7099 | 271m | 26 blk/min | 4 links to repair
[346/2685] ok Authors/Dickens/Atomized/Barnaby_Rudge/Chapter_48/part_02.md | blocks 7123 | 271m | 26 blk/min | 6 links to repair
[347/2685] ok Authors/Dickens/Atomized/Barnaby_Rudge/Chapter_49/part_01.md | blocks 7148 | 273m | 26 blk/min | 13 links to repair
[348/2685] ok Authors/Dickens/Atomized/Barnaby_Rudge/Chapter_49/part_04.md | blocks 7158 | 274m | 26 blk/min | 5 links to repair
[349/2685] ok Authors/Dickens/Atomized/Barnaby_Rudge/Chapter_49/part_03.md | blocks 7175 | 274m | 26 blk/min | 8 links to repair
[350/2685] ok Authors/Dickens/Atomized/Barnaby_Rudge/Chapter_49/part_02.md | blocks 7183 | 275m | 26 blk/min | 8 links to repair
[351/2685] ok Authors/Dickens/Atomized/Barnaby_Rudge/Chapter_50/part_01.md | blocks 7209 | 275m | 26 blk/min | 4 links to repair
[352/2685] ok Authors/Dickens/Atomized/Barnaby_Rudge/Chapter_50/part_02.md | blocks 7232 | 277m | 26 blk/min | 9 links to repair
[353/2685] ok Authors/Dickens/Atomized/Barnaby_Rudge/Chapter_51/part_02.md | blocks 7257 | 277m | 26 blk/min | 9 links to repair
[354/2685] ok Authors/Dickens/Atomized/Barnaby_Rudge/Chapter_51/part_01.md | blocks 7271 | 278m | 26 blk/min | 9 links to repair
[355/2685] ok Authors/Dickens/Atomized/Barnaby_Rudge/Chapter_51/part_03.md | blocks 7295 | 278m | 26 blk/min | 16 links to repair
[356/2685] ok Authors/Dickens/Atomized/Barnaby_Rudge/Chapter_51/part_04.md | blocks 7312 | 278m | 26 blk/min | 9 links to repair
[357/2685] ok Authors/Dickens/Atomized/Barnaby_Rudge/Chapter_52/part_01.md | blocks 7326 | 280m | 26 blk/min | 13 links to repair
[358/2685] ok Authors/Dickens/Atomized/Barnaby_Rudge/Chapter_53/part_02.md | blocks 7363 | 281m | 26 blk/min | 8 links to repair
[359/2685] ok Authors/Dickens/Atomized/Barnaby_Rudge/Chapter_52/part_02.md | blocks 7393 | 281m | 26 blk/min | 12 links to repair
[360/2685] ok Authors/Dickens/Atomized/Barnaby_Rudge/Chapter_53/part_01.md | blocks 7415 | 281m | 26 blk/min | 18 links to repair
[361/2685] ok Authors/Dickens/Atomized/Barnaby_Rudge/Chapter_54/part_03.md | blocks 7436 | 283m | 26 blk/min | 8 links to repair
[362/2685] ok Authors/Dickens/Atomized/Barnaby_Rudge/Chapter_54/part_01.md | blocks 7458 | 284m | 26 blk/min | 9 links to repair
[363/2685] ok Authors/Dickens/Atomized/Barnaby_Rudge/Chapter_53/part_03.md | blocks 7473 | 284m | 26 blk/min | 12 links to repair
[364/2685] ok Authors/Dickens/Atomized/Barnaby_Rudge/Chapter_54/part_02.md | blocks 7488 | 284m | 26 blk/min | 14 links to repair
[365/2685] ok Authors/Dickens/Atomized/Barnaby_Rudge/Chapter_55/part_03.md | blocks 7496 | 287m | 26 blk/min | 8 links to repair
[366/2685] ok Authors/Dickens/Atomized/Barnaby_Rudge/Chapter_55/part_01.md | blocks 7520 | 287m | 26 blk/min | 17 links to repair
[367/2685] ok Authors/Dickens/Atomized/Barnaby_Rudge/Chapter_55/part_02.md | blocks 7530 | 288m | 26 blk/min | 17 links to repair
[368/2685] ok Authors/Dickens/Atomized/Barnaby_Rudge/Chapter_56/part_01.md | blocks 7551 | 289m | 26 blk/min | 19 links to repair
[369/2685] ok Authors/Dickens/Atomized/Barnaby_Rudge/Chapter_56/part_03.md | blocks 7565 | 289m | 26 blk/min | 7 links to repair
[370/2685] ok Authors/Dickens/Atomized/Barnaby_Rudge/Chapter_56/part_02.md | blocks 7593 | 289m | 26 blk/min | 6 links to repair
[371/2685] ok Authors/Dickens/Atomized/Barnaby_Rudge/Chapter_57/part_01.md | blocks 7614 | 291m | 26 blk/min | 7 links to repair
[372/2685] ok Authors/Dickens/Atomized/Barnaby_Rudge/Chapter_57/part_02.md | blocks 7647 | 291m | 26 blk/min | 13 links to repair
[373/2685] ok Authors/Dickens/Atomized/Barnaby_Rudge/Chapter_58/part_01.md | blocks 7661 | 291m | 26 blk/min | 6 links to repair
[374/2685] ok Authors/Dickens/Atomized/Barnaby_Rudge/Chapter_57/part_03.md | blocks 7678 | 292m | 26 blk/min | 6 links to repair
[375/2685] ok Authors/Dickens/Atomized/Barnaby_Rudge/Chapter_58/part_03.md | blocks 7686 | 292m | 26 blk/min | 6 links to repair
[376/2685] ok Authors/Dickens/Atomized/Barnaby_Rudge/Chapter_58/part_02.md | blocks 7711 | 293m | 26 blk/min | 15 links to repair
[377/2685] ok Authors/Dickens/Atomized/Barnaby_Rudge/Chapter_59/part_01.md | blocks 7736 | 293m | 26 blk/min | 11 links to repair
[378/2685] ok Authors/Dickens/Atomized/Barnaby_Rudge/Chapter_59/part_04.md | blocks 7762 | 295m | 26 blk/min | 11 links to repair
[379/2685] ok Authors/Dickens/Atomized/Barnaby_Rudge/Chapter_59/part_03.md | blocks 7784 | 295m | 26 blk/min | 8 links to repair
[380/2685] ok Authors/Dickens/Atomized/Barnaby_Rudge/Chapter_59/part_02.md | blocks 7796 | 295m | 26 blk/min | 10 links to repair
[381/2685] ok Authors/Dickens/Atomized/Barnaby_Rudge/Chapter_61/part_03.md | blocks 7805 | 296m | 26 blk/min | 9 links to repair
[382/2685] ok Authors/Dickens/Atomized/Barnaby_Rudge/Chapter_61/part_02.md | blocks 7830 | 298m | 26 blk/min | 23 links to repair
[383/2685] ok Authors/Dickens/Atomized/Barnaby_Rudge/Chapter_60.md | blocks 7863 | 298m | 26 blk/min | 15 links to repair
[384/2685] ok Authors/Dickens/Atomized/Barnaby_Rudge/Chapter_61/part_01.md | blocks 7874 | 298m | 26 blk/min | 17 links to repair
[385/2685] ok Authors/Dickens/Atomized/Barnaby_Rudge/Chapter_62/part_03.md | blocks 7903 | 300m | 26 blk/min | 14 links to repair
[386/2685] ok Authors/Dickens/Atomized/Barnaby_Rudge/Chapter_62/part_01.md | blocks 7934 | 300m | 26 blk/min | 12 links to repair
[387/2685] ok Authors/Dickens/Atomized/Barnaby_Rudge/Chapter_62/part_02.md | blocks 7963 | 301m | 26 blk/min | 7 links to repair
[388/2685] ok Authors/Dickens/Atomized/Barnaby_Rudge/Chapter_63/part_02.md | blocks 7992 | 302m | 26 blk/min | 9 links to repair
[389/2685] ok Authors/Dickens/Atomized/Barnaby_Rudge/Chapter_63/part_01.md | blocks 8002 | 303m | 26 blk/min | 13 links to repair
[390/2685] ok Authors/Dickens/Atomized/Barnaby_Rudge/Chapter_64/part_01.md | blocks 8040 | 304m | 26 blk/min | 5 links to repair
[391/2685] ok Authors/Dickens/Atomized/Barnaby_Rudge/Chapter_63/part_03.md | blocks 8071 | 304m | 27 blk/min | 13 links to repair
[392/2685] ok Authors/Dickens/Atomized/Barnaby_Rudge/Chapter_64/part_03.md | blocks 8082 | 306m | 26 blk/min | 16 links to repair
[393/2685] ok Authors/Dickens/Atomized/Barnaby_Rudge/Chapter_64/part_02.md | blocks 8091 | 306m | 26 blk/min | 14 links to repair
[394/2685] ok Authors/Dickens/Atomized/Barnaby_Rudge/Chapter_65/part_01.md | blocks 8101 | 307m | 26 blk/min | 25 links to repair
[395/2685] ok Authors/Dickens/Atomized/Barnaby_Rudge/Chapter_65/part_02.md | blocks 8114 | 307m | 26 blk/min | 8 links to repair
[396/2685] ok Authors/Dickens/Atomized/Barnaby_Rudge/Chapter_65/part_04.md | blocks 8124 | 308m | 26 blk/min | 5 links to repair
[397/2685] ok Authors/Dickens/Atomized/Barnaby_Rudge/Chapter_65/part_03.md | blocks 8149 | 308m | 26 blk/min | 6 links to repair
[398/2685] ok Authors/Dickens/Atomized/Barnaby_Rudge/Chapter_66/part_03.md | blocks 8155 | 310m | 26 blk/min | 9 links to repair
[399/2685] ok Authors/Dickens/Atomized/Barnaby_Rudge/Chapter_66/part_02.md | blocks 8166 | 311m | 26 blk/min | 16 links to repair
[400/2685] ok Authors/Dickens/Atomized/Barnaby_Rudge/Chapter_66/part_01.md | blocks 8186 | 311m | 26 blk/min | 7 links to repair
[401/2685] ok Authors/Dickens/Atomized/Barnaby_Rudge/Chapter_67/part_01.md | blocks 8195 | 313m | 26 blk/min | 20 links to repair
[402/2685] ok Authors/Dickens/Atomized/Barnaby_Rudge/Chapter_67/part_04.md | blocks 8213 | 314m | 26 blk/min | 8 links to repair
[403/2685] ok Authors/Dickens/Atomized/Barnaby_Rudge/Chapter_67/part_02.md | blocks 8223 | 315m | 26 blk/min | 18 links to repair
[404/2685] ok Authors/Dickens/Atomized/Barnaby_Rudge/Chapter_67/part_03.md | blocks 8234 | 315m | 26 blk/min | 12 links to repair
[405/2685] ok Authors/Dickens/Atomized/Barnaby_Rudge/Chapter_68/part_01.md | blocks 8248 | 316m | 26 blk/min | 21 links to repair
[406/2685] ok Authors/Dickens/Atomized/Barnaby_Rudge/Chapter_68/part_02.md | blocks 8265 | 316m | 26 blk/min | 25 links to repair
[407/2685] ok Authors/Dickens/Atomized/Barnaby_Rudge/Chapter_69/part_01.md | blocks 8299 | 317m | 26 blk/min | 15 links to repair
[408/2685] ok Authors/Dickens/Atomized/Barnaby_Rudge/Chapter_69/part_04.md | blocks 8312 | 318m | 26 blk/min | 7 links to repair
[409/2685] ok Authors/Dickens/Atomized/Barnaby_Rudge/Chapter_69/part_02.md | blocks 8338 | 318m | 26 blk/min | 13 links to repair
[410/2685] ok Authors/Dickens/Atomized/Barnaby_Rudge/Chapter_69/part_03.md | blocks 8365 | 318m | 26 blk/min | 11 links to repair
[411/2685] ok Authors/Dickens/Atomized/Barnaby_Rudge/Chapter_70/part_01.md | blocks 8382 | 319m | 26 blk/min | 12 links to repair
[412/2685] ok Authors/Dickens/Atomized/Barnaby_Rudge/Chapter_71/part_01.md | blocks 8392 | 321m | 26 blk/min | 12 links to repair
[413/2685] ok Authors/Dickens/Atomized/Barnaby_Rudge/Chapter_71/part_02.md | blocks 8421 | 321m | 26 blk/min | 10 links to repair
[414/2685] ok Authors/Dickens/Atomized/Barnaby_Rudge/Chapter_71/part_03.md | blocks 8446 | 322m | 26 blk/min | 9 links to repair
[415/2685] ok Authors/Dickens/Atomized/Barnaby_Rudge/Chapter_70/part_02.md | blocks 8474 | 322m | 26 blk/min | 9 links to repair
[416/2685] ok Authors/Dickens/Atomized/Barnaby_Rudge/Chapter_71/part_04.md | blocks 8489 | 323m | 26 blk/min | 5 links to repair
[417/2685] ok Authors/Dickens/Atomized/Barnaby_Rudge/Chapter_72/part_01.md | blocks 8503 | 325m | 26 blk/min | 10 links to repair
[418/2685] ok Authors/Dickens/Atomized/Barnaby_Rudge/Chapter_72/part_02.md | blocks 8531 | 325m | 26 blk/min | 9 links to repair
[419/2685] ok Authors/Dickens/Atomized/Barnaby_Rudge/Chapter_73/part_02.md | blocks 8560 | 326m | 26 blk/min | 16 links to repair
[420/2685] ok Authors/Dickens/Atomized/Barnaby_Rudge/Chapter_73/part_01.md | blocks 8569 | 326m | 26 blk/min | 13 links to repair
[421/2685] ok Authors/Dickens/Atomized/Barnaby_Rudge/Chapter_73/part_04.md | blocks 8582 | 327m | 26 blk/min | 9 links to repair
[422/2685] ok Authors/Dickens/Atomized/Barnaby_Rudge/Chapter_73/part_03.md | blocks 8605 | 329m | 26 blk/min | 14 links to repair
[423/2685] ok Authors/Dickens/Atomized/Barnaby_Rudge/Chapter_74/part_02.md | blocks 8639 | 329m | 26 blk/min | 12 links to repair
[424/2685] ok Authors/Dickens/Atomized/Barnaby_Rudge/Chapter_74/part_01.md | blocks 8665 | 329m | 26 blk/min | 9 links to repair
[425/2685] ok Authors/Dickens/Atomized/Barnaby_Rudge/Chapter_75/part_01.md | blocks 8688 | 329m | 26 blk/min | 12 links to repair
[426/2685] ok Authors/Dickens/Atomized/Barnaby_Rudge/Chapter_75/part_02.md | blocks 8716 | 331m | 26 blk/min | 7 links to repair
[427/2685] ok Authors/Dickens/Atomized/Barnaby_Rudge/Chapter_75/part_04.md | blocks 8735 | 332m | 26 blk/min | 6 links to repair
[428/2685] ok Authors/Dickens/Atomized/Barnaby_Rudge/Chapter_75/part_03.md | blocks 8750 | 332m | 26 blk/min | 12 links to repair
[429/2685] ok Authors/Dickens/Atomized/Barnaby_Rudge/Chapter_76.md | blocks 8785 | 334m | 26 blk/min | 25 links to repair
[430/2685] ok Authors/Dickens/Atomized/Barnaby_Rudge/Chapter_77/part_01.md | blocks 8797 | 334m | 26 blk/min | 20 links to repair
[431/2685] ok Authors/Dickens/Atomized/Barnaby_Rudge/Chapter_77/part_03.md | blocks 8819 | 336m | 26 blk/min | 10 links to repair
[432/2685] ok Authors/Dickens/Atomized/Barnaby_Rudge/Chapter_77/part_02.md | blocks 8832 | 336m | 26 blk/min | 12 links to repair
[433/2685] ok Authors/Dickens/Atomized/Barnaby_Rudge/Chapter_78/part_01.md | blocks 8851 | 338m | 26 blk/min | 7 links to repair
[434/2685] ok Authors/Dickens/Atomized/Barnaby_Rudge/Chapter_77/part_04.md | blocks 8875 | 338m | 26 blk/min | 15 links to repair
[435/2685] ok Authors/Dickens/Atomized/Barnaby_Rudge/Chapter_78/part_02.md | blocks 8899 | 338m | 26 blk/min | 9 links to repair
[436/2685] ok Authors/Dickens/Atomized/Barnaby_Rudge/Chapter_79/part_01.md | blocks 8928 | 339m | 26 blk/min | 14 links to repair
[437/2685] ok Authors/Dickens/Atomized/Barnaby_Rudge/Chapter_80/part_02.md | blocks 8949 | 341m | 26 blk/min | 13 links to repair
[438/2685] ok Authors/Dickens/Atomized/Barnaby_Rudge/Chapter_80/part_01.md | blocks 8960 | 341m | 26 blk/min | 9 links to repair
[439/2685] ok Authors/Dickens/Atomized/Barnaby_Rudge/Chapter_79/part_02.md | blocks 8983 | 341m | 26 blk/min | 12 links to repair
[440/2685] ok Authors/Dickens/Atomized/Barnaby_Rudge/Chapter_80/part_03.md | blocks 8999 | 342m | 26 blk/min | 14 links to repair
[441/2685] ok Authors/Dickens/Atomized/Barnaby_Rudge/Chapter_79/part_03.md | blocks 9020 | 343m | 26 blk/min | 17 links to repair
[442/2685] ok Authors/Dickens/Atomized/Barnaby_Rudge/Chapter_81/part_01.md | blocks 9035 | 344m | 26 blk/min | 17 links to repair
REJECT Authors/Dickens/Atomized/Barnaby_Rudge/Chapter_81/part_02.md: invented wikilink targets: ['L06>casa】 distrutta: il crollo di quel grande altare, dove a volte i peggiori tra noi offrono i loro riti; e dove i migliori hanno compiuto sacrifici così grandi e atti di [[Heroism']
[444/2685] ok Authors/Dickens/Atomized/Barnaby_Rudge/Chapter_81/part_03.md | blocks 9054 | 345m | 26 blk/min | 23 links to repair
[445/2685] ok Authors/Dickens/Atomized/Barnaby_Rudge/Chapter_81/part_04.md | blocks 9068 | 345m | 26 blk/min | 17 links to repair
[446/2685] ok Authors/Dickens/Atomized/Bleak_House/Chapter_01/part_02.md | blocks 9091 | 348m | 26 blk/min | 15 links to repair
[447/2685] ok Authors/Dickens/Atomized/Barnaby_Rudge/Chapter_81/part_05.md | blocks 9098 | 348m | 26 blk/min | 11 links to repair
[448/2685] ok Authors/Dickens/Atomized/Bleak_House/Chapter_01/part_01.md | blocks 9109 | 349m | 26 blk/min | 24 links to repair
[449/2685] ok Authors/Dickens/Atomized/Barnaby_Rudge/Chapter_81/part_06.md | blocks 9120 | 349m | 26 blk/min | 13 links to repair
[450/2685] ok Authors/Dickens/Atomized/Bleak_House/Chapter_02/part_03.md | blocks 9143 | 352m | 26 blk/min | 3 links to repair
[451/2685] ok Authors/Dickens/Atomized/Bleak_House/Chapter_02/part_01.md | blocks 9155 | 352m | 26 blk/min | 13 links to repair
[452/2685] ok Authors/Dickens/Atomized/Bleak_House/Chapter_02/part_02.md | blocks 9163 | 352m | 26 blk/min | 10 links to repair
[453/2685] ok Authors/Dickens/Atomized/Bleak_House/Chapter_03/part_01.md | blocks 9181 | 354m | 26 blk/min | 16 links to repair
[454/2685] ok Authors/Dickens/Atomized/Bleak_House/Chapter_03/part_04.md | blocks 9217 | 355m | 26 blk/min | 11 links to repair
[455/2685] ok Authors/Dickens/Atomized/Bleak_House/Chapter_03/part_03.md | blocks 9240 | 356m | 26 blk/min | 16 links to repair
[456/2685] ok Authors/Dickens/Atomized/Bleak_House/Chapter_03/part_02.md | blocks 9265 | 356m | 26 blk/min | 15 links to repair
[457/2685] ok Authors/Dickens/Atomized/Bleak_House/Chapter_03/part_05.md | blocks 9292 | 358m | 26 blk/min | 11 links to repair
[458/2685] ok Authors/Dickens/Atomized/Bleak_House/Chapter_03/part_06.md | blocks 9315 | 359m | 26 blk/min | 8 links to repair
[459/2685] ok Authors/Dickens/Atomized/Bleak_House/Chapter_03/part_07.md | blocks 9352 | 359m | 26 blk/min | 20 links to repair
[460/2685] ok Authors/Dickens/Atomized/Bleak_House/Chapter_04/part_01.md | blocks 9378 | 361m | 26 blk/min | 9 links to repair
[461/2685] ok Authors/Dickens/Atomized/Bleak_House/Chapter_04/part_02.md | blocks 9402 | 361m | 26 blk/min | 7 links to repair
[462/2685] ok Authors/Dickens/Atomized/Bleak_House/Chapter_04/part_03.md | blocks 9415 | 362m | 26 blk/min | 10 links to repair
[463/2685] ok Authors/Dickens/Atomized/Bleak_House/Chapter_04/part_04.md | blocks 9471 | 363m | 26 blk/min | 15 links to repair
[464/2685] ok Authors/Dickens/Atomized/Bleak_House/Chapter_05/part_01.md | blocks 9498 | 364m | 26 blk/min | 13 links to repair
[465/2685] ok Authors/Dickens/Atomized/Bleak_House/Chapter_05/part_03.md | blocks 9524 | 364m | 26 blk/min | 16 links to repair
[466/2685] ok Authors/Dickens/Atomized/Bleak_House/Chapter_05/part_02.md | blocks 9538 | 366m | 26 blk/min | 15 links to repair
[467/2685] ok Authors/Dickens/Atomized/Bleak_House/Chapter_05/part_05.md | blocks 9565 | 367m | 26 blk/min | 10 links to repair
[468/2685] ok Authors/Dickens/Atomized/Bleak_House/Chapter_05/part_04.md | blocks 9581 | 367m | 26 blk/min | 8 links to repair
[469/2685] ok Authors/Dickens/Atomized/Bleak_House/Chapter_06/part_01.md | blocks 9599 | 368m | 26 blk/min | 21 links to repair
[470/2685] ok Authors/Dickens/Atomized/Bleak_House/Chapter_06/part_04.md | blocks 9608 | 370m | 26 blk/min | 22 links to repair
[471/2685] ok Authors/Dickens/Atomized/Bleak_House/Chapter_06/part_03.md | blocks 9631 | 370m | 26 blk/min | 20 links to repair
[472/2685] ok Authors/Dickens/Atomized/Bleak_House/Chapter_06/part_02.md | blocks 9667 | 371m | 26 blk/min | 15 links to repair
[473/2685] ok Authors/Dickens/Atomized/Bleak_House/Chapter_06/part_06.md | blocks 9699 | 372m | 26 blk/min | 4 links to repair
[474/2685] ok Authors/Dickens/Atomized/Bleak_House/Chapter_06/part_08.md | blocks 9707 | 372m | 26 blk/min | 9 links to repair
[475/2685] ok Authors/Dickens/Atomized/Bleak_House/Chapter_06/part_05.md | blocks 9732 | 373m | 26 blk/min | 13 links to repair
[476/2685] ok Authors/Dickens/Atomized/Bleak_House/Chapter_06/part_07.md | blocks 9759 | 373m | 26 blk/min | 7 links to repair
[477/2685] ok Authors/Dickens/Atomized/Bleak_House/Chapter_07/part_02.md | blocks 9781 | 375m | 26 blk/min | 15 links to repair
[478/2685] ok Authors/Dickens/Atomized/Bleak_House/Chapter_07/part_03.md | blocks 9807 | 375m | 26 blk/min | 16 links to repair
[479/2685] ok Authors/Dickens/Atomized/Bleak_House/Chapter_07/part_01.md | blocks 9818 | 375m | 26 blk/min | 29 links to repair
[480/2685] ok Authors/Dickens/Atomized/Bleak_House/Chapter_07/part_04.md | blocks 9841 | 376m | 26 blk/min | 18 links to repair
[481/2685] ok Authors/Dickens/Atomized/Bleak_House/Chapter_08/part_04.md | blocks 9854 | 378m | 26 blk/min | 8 links to repair
[482/2685] ok Authors/Dickens/Atomized/Bleak_House/Chapter_08/part_02.md | blocks 9873 | 378m | 26 blk/min | 13 links to repair
[483/2685] ok Authors/Dickens/Atomized/Bleak_House/Chapter_08/part_03.md | blocks 9903 | 379m | 26 blk/min | 8 links to repair
[484/2685] ok Authors/Dickens/Atomized/Bleak_House/Chapter_08/part_01.md | blocks 9915 | 380m | 26 blk/min | 14 links to repair
[485/2685] ok Authors/Dickens/Atomized/Bleak_House/Chapter_08/part_06.md | blocks 9932 | 380m | 26 blk/min | 7 links to repair
[486/2685] ok Authors/Dickens/Atomized/Bleak_House/Chapter_08/part_05.md | blocks 9951 | 380m | 26 blk/min | 12 links to repair
[487/2685] ok Authors/Dickens/Atomized/Bleak_House/Chapter_08/part_07.md | blocks 9976 | 382m | 26 blk/min | 13 links to repair
[488/2685] ok Authors/Dickens/Atomized/Bleak_House/Chapter_09/part_01.md | blocks 10000 | 383m | 26 blk/min | 10 links to repair
[489/2685] ok Authors/Dickens/Atomized/Bleak_House/Chapter_09/part_02.md | blocks 10019 | 383m | 26 blk/min | 10 links to repair
[490/2685] ok Authors/Dickens/Atomized/Bleak_House/Chapter_09/part_03.md | blocks 10035 | 384m | 26 blk/min | 12 links to repair
[491/2685] ok Authors/Dickens/Atomized/Bleak_House/Chapter_09/part_04.md | blocks 10060 | 385m | 26 blk/min | 8 links to repair
[492/2685] ok Authors/Dickens/Atomized/Bleak_House/Chapter_10/part_02.md | blocks 10069 | 386m | 26 blk/min | 18 links to repair
[493/2685] ok Authors/Dickens/Atomized/Bleak_House/Chapter_09/part_05.md | blocks 10109 | 386m | 26 blk/min | 10 links to repair
[494/2685] ok Authors/Dickens/Atomized/Bleak_House/Chapter_10/part_03.md | blocks 10143 | 387m | 26 blk/min | 14 links to repair
[495/2685] ok Authors/Dickens/Atomized/Bleak_House/Chapter_10/part_01.md | blocks 10153 | 387m | 26 blk/min | 20 links to repair
[496/2685] ok Authors/Dickens/Atomized/Bleak_House/Chapter_10/part_04.md | blocks 10181 | 388m | 26 blk/min | 7 links to repair
[497/2685] ok Authors/Dickens/Atomized/Bleak_House/Chapter_11/part_01.md | blocks 10220 | 389m | 26 blk/min | 8 links to repair
[498/2685] ok Authors/Dickens/Atomized/Bleak_House/Chapter_11/part_02.md | blocks 10243 | 389m | 26 blk/min | 12 links to repair
[499/2685] ok Authors/Dickens/Atomized/Bleak_House/Chapter_11/part_04.md | blocks 10262 | 390m | 26 blk/min | 13 links to repair
[500/2685] ok Authors/Dickens/Atomized/Bleak_House/Chapter_11/part_03.md | blocks 10272 | 391m | 26 blk/min | 10 links to repair
[501/2685] ok Authors/Dickens/Atomized/Bleak_House/Chapter_12/part_01.md | blocks 10294 | 392m | 26 blk/min | 20 links to repair
[502/2685] ok Authors/Dickens/Atomized/Bleak_House/Chapter_11/part_05.md | blocks 10315 | 393m | 26 blk/min | 20 links to repair
[503/2685] ok Authors/Dickens/Atomized/Bleak_House/Chapter_12/part_02.md | blocks 10344 | 394m | 26 blk/min | 13 links to repair
[504/2685] ok Authors/Dickens/Atomized/Bleak_House/Chapter_12/part_03.md | blocks 10357 | 394m | 26 blk/min | 15 links to repair
[505/2685] ok Authors/Dickens/Atomized/Bleak_House/Chapter_12/part_04.md | blocks 10371 | 395m | 26 blk/min | 16 links to repair
[506/2685] ok Authors/Dickens/Atomized/Bleak_House/Chapter_12/part_05.md | blocks 10422 | 397m | 26 blk/min | 11 links to repair
[507/2685] ok Authors/Dickens/Atomized/Bleak_House/Chapter_13/part_01.md | blocks 10442 | 397m | 26 blk/min | 8 links to repair
[508/2685] ok Authors/Dickens/Atomized/Bleak_House/Chapter_13/part_02.md | blocks 10465 | 398m | 26 blk/min | 9 links to repair
[509/2685] ok Authors/Dickens/Atomized/Bleak_House/Chapter_13/part_03.md | blocks 10487 | 399m | 26 blk/min | 11 links to repair
[510/2685] ok Authors/Dickens/Atomized/Bleak_House/Chapter_13/part_06.md | blocks 10503 | 399m | 26 blk/min | 6 links to repair
[511/2685] ok Authors/Dickens/Atomized/Bleak_House/Chapter_13/part_04.md | blocks 10540 | 400m | 26 blk/min | 18 links to repair
[512/2685] ok Authors/Dickens/Atomized/Bleak_House/Chapter_13/part_05.md | blocks 10569 | 401m | 26 blk/min | 13 links to repair
[513/2685] ok Authors/Dickens/Atomized/Bleak_House/Chapter_14/part_01.md | blocks 10592 | 402m | 26 blk/min | 9 links to repair
[514/2685] ok Authors/Dickens/Atomized/Bleak_House/Chapter_14/part_03.md | blocks 10612 | 402m | 26 blk/min | 11 links to repair
[515/2685] ok Authors/Dickens/Atomized/Bleak_House/Chapter_14/part_02.md | blocks 10641 | 403m | 26 blk/min | 15 links to repair
[516/2685] ok Authors/Dickens/Atomized/Bleak_House/Chapter_14/part_04.md | blocks 10664 | 403m | 26 blk/min | 12 links to repair
[517/2685] ok Authors/Dickens/Atomized/Bleak_House/Chapter_14/part_08.md | blocks 10682 | 405m | 26 blk/min | 5 links to repair
[518/2685] ok Authors/Dickens/Atomized/Bleak_House/Chapter_14/part_05.md | blocks 10716 | 405m | 26 blk/min | 6 links to repair
[519/2685] ok Authors/Dickens/Atomized/Bleak_House/Chapter_14/part_06.md | blocks 10730 | 405m | 26 blk/min | 12 links to repair
[520/2685] ok Authors/Dickens/Atomized/Bleak_House/Chapter_14/part_07.md | blocks 10756 | 405m | 27 blk/min | 17 links to repair
[521/2685] ok Authors/Dickens/Atomized/Bleak_House/Chapter_15/part_02.md | blocks 10791 | 407m | 27 blk/min | 5 links to repair
[522/2685] ok Authors/Dickens/Atomized/Bleak_House/Chapter_15/part_03.md | blocks 10833 | 408m | 27 blk/min | 7 links to repair
[523/2685] ok Authors/Dickens/Atomized/Bleak_House/Chapter_15/part_04.md | blocks 10859 | 408m | 27 blk/min | 12 links to repair
[524/2685] ok Authors/Dickens/Atomized/Bleak_House/Chapter_15/part_01.md | blocks 10872 | 408m | 27 blk/min | 22 links to repair
[525/2685] ok Authors/Dickens/Atomized/Bleak_House/Chapter_15/part_05.md | blocks 10882 | 410m | 27 blk/min | 10 links to repair
[526/2685] ok Authors/Dickens/Atomized/Bleak_House/Chapter_15/part_06.md | blocks 10891 | 411m | 27 blk/min | 12 links to repair
[527/2685] ok Authors/Dickens/Atomized/Bleak_House/Chapter_16/part_02.md | blocks 10903 | 411m | 27 blk/min | 14 links to repair
[528/2685] ok Authors/Dickens/Atomized/Bleak_House/Chapter_16/part_01.md | blocks 10916 | 411m | 27 blk/min | 16 links to repair
[529/2685] ok Authors/Dickens/Atomized/Bleak_House/Chapter_17/part_01.md | blocks 10942 | 413m | 26 blk/min | 4 links to repair
[530/2685] ok Authors/Dickens/Atomized/Bleak_House/Chapter_16/part_03.md | blocks 10999 | 413m | 27 blk/min | 7 links to repair
[531/2685] ok Authors/Dickens/Atomized/Bleak_House/Chapter_17/part_02.md | blocks 11032 | 414m | 27 blk/min | 13 links to repair
[532/2685] ok Authors/Dickens/Atomized/Bleak_House/Chapter_17/part_03.md | blocks 11057 | 415m | 27 blk/min | 12 links to repair
[533/2685] ok Authors/Dickens/Atomized/Bleak_House/Chapter_17/part_04.md | blocks 11082 | 417m | 27 blk/min | 9 links to repair
[534/2685] ok Authors/Dickens/Atomized/Bleak_House/Chapter_18/part_02.md | blocks 11099 | 417m | 27 blk/min | 18 links to repair
[535/2685] ok Authors/Dickens/Atomized/Bleak_House/Chapter_17/part_05.md | blocks 11130 | 418m | 27 blk/min | 11 links to repair
[536/2685] ok Authors/Dickens/Atomized/Bleak_House/Chapter_18/part_01.md | blocks 11143 | 418m | 27 blk/min | 14 links to repair
[537/2685] ok Authors/Dickens/Atomized/Bleak_House/Chapter_18/part_03.md | blocks 11156 | 420m | 27 blk/min | 27 links to repair
[538/2685] ok Authors/Dickens/Atomized/Bleak_House/Chapter_18/part_04.md | blocks 11170 | 421m | 27 blk/min | 7 links to repair
[539/2685] ok Authors/Dickens/Atomized/Bleak_House/Chapter_18/part_05.md | blocks 11188 | 421m | 27 blk/min | 10 links to repair
[540/2685] ok Authors/Dickens/Atomized/Bleak_House/Chapter_18/part_07.md | blocks 11208 | 422m | 27 blk/min | 3 links to repair
[541/2685] ok Authors/Dickens/Atomized/Bleak_House/Chapter_18/part_06.md | blocks 11245 | 422m | 27 blk/min | 13 links to repair
[542/2685] ok Authors/Dickens/Atomized/Bleak_House/Chapter_19/part_01.md | blocks 11257 | 423m | 27 blk/min | 25 links to repair
[543/2685] ok Authors/Dickens/Atomized/Bleak_House/Chapter_19/part_02.md | blocks 11288 | 424m | 27 blk/min | 11 links to repair
[544/2685] ok Authors/Dickens/Atomized/Bleak_House/Chapter_19/part_03.md | blocks 11313 | 424m | 27 blk/min | 8 links to repair
[545/2685] ok Authors/Dickens/Atomized/Bleak_House/Chapter_19/part_04.md | blocks 11344 | 424m | 27 blk/min | 15 links to repair
[546/2685] ok Authors/Dickens/Atomized/Bleak_House/Chapter_20/part_02.md | blocks 11368 | 426m | 27 blk/min | 9 links to repair
[547/2685] ok Authors/Dickens/Atomized/Bleak_House/Chapter_19/part_05.md | blocks 11391 | 426m | 27 blk/min | 9 links to repair
[548/2685] ok Authors/Dickens/Atomized/Bleak_House/Chapter_20/part_01.md | blocks 11419 | 427m | 27 blk/min | 8 links to repair
[549/2685] ok Authors/Dickens/Atomized/Bleak_House/Chapter_20/part_03.md | blocks 11455 | 427m | 27 blk/min | 16 links to repair
[550/2685] ok Authors/Dickens/Atomized/Bleak_House/Chapter_20/part_04.md | blocks 11482 | 428m | 27 blk/min | 8 links to repair
[551/2685] ok Authors/Dickens/Atomized/Bleak_House/Chapter_20/part_05.md | blocks 11504 | 429m | 27 blk/min | 11 links to repair
[552/2685] ok Authors/Dickens/Atomized/Bleak_House/Chapter_21/part_02.md | blocks 11535 | 429m | 27 blk/min | 5 links to repair
[553/2685] ok Authors/Dickens/Atomized/Bleak_House/Chapter_21/part_01.md | blocks 11557 | 430m | 27 blk/min | 10 links to repair
[554/2685] ok Authors/Dickens/Atomized/Bleak_House/Chapter_21/part_03.md | blocks 11582 | 430m | 27 blk/min | 12 links to repair
[555/2685] ok Authors/Dickens/Atomized/Bleak_House/Chapter_21/part_04.md | blocks 11619 | 432m | 27 blk/min | 10 links to repair
[556/2685] ok Authors/Dickens/Atomized/Bleak_House/Chapter_21/part_05.md | blocks 11649 | 432m | 27 blk/min | 11 links to repair
[557/2685] ok Authors/Dickens/Atomized/Bleak_House/Chapter_21/part_06.md | blocks 11685 | 433m | 27 blk/min | 12 links to repair
[558/2685] ok Authors/Dickens/Atomized/Bleak_House/Chapter_22/part_02.md | blocks 11718 | 434m | 27 blk/min | 7 links to repair
[559/2685] ok Authors/Dickens/Atomized/Bleak_House/Chapter_22/part_01.md | blocks 11742 | 434m | 27 blk/min | 10 links to repair
[560/2685] ok Authors/Dickens/Atomized/Bleak_House/Chapter_22/part_03.md | blocks 11776 | 435m | 27 blk/min | 11 links to repair
[561/2685] ok Authors/Dickens/Atomized/Bleak_House/Chapter_22/part_05.md | blocks 11798 | 436m | 27 blk/min | 3 links to repair
[562/2685] ok Authors/Dickens/Atomized/Bleak_House/Chapter_22/part_04.md | blocks 11836 | 436m | 27 blk/min | 17 links to repair
[563/2685] ok Authors/Dickens/Atomized/Bleak_House/Chapter_23/part_02.md | blocks 11869 | 438m | 27 blk/min | 15 links to repair
[564/2685] ok Authors/Dickens/Atomized/Bleak_House/Chapter_23/part_04.md | blocks 11897 | 438m | 27 blk/min | 14 links to repair
[565/2685] ok Authors/Dickens/Atomized/Bleak_House/Chapter_23/part_01.md | blocks 11925 | 439m | 27 blk/min | 17 links to repair
[566/2685] ok Authors/Dickens/Atomized/Bleak_House/Chapter_23/part_03.md | blocks 11950 | 439m | 27 blk/min | 12 links to repair
[567/2685] ok Authors/Dickens/Atomized/Bleak_House/Chapter_23/part_05.md | blocks 11976 | 440m | 27 blk/min | 7 links to repair
[568/2685] ok Authors/Dickens/Atomized/Bleak_House/Chapter_23/part_07.md | blocks 11995 | 440m | 27 blk/min | 5 links to repair
[569/2685] ok Authors/Dickens/Atomized/Bleak_House/Chapter_23/part_06.md | blocks 12014 | 442m | 27 blk/min | 19 links to repair
[570/2685] ok Authors/Dickens/Atomized/Bleak_House/Chapter_24/part_01.md | blocks 12037 | 443m | 27 blk/min | 19 links to repair
[571/2685] ok Authors/Dickens/Atomized/Bleak_House/Chapter_24/part_02.md | blocks 12059 | 443m | 27 blk/min | 10 links to repair
[572/2685] ok Authors/Dickens/Atomized/Bleak_House/Chapter_24/part_03.md | blocks 12104 | 444m | 27 blk/min | 10 links to repair
[573/2685] ok Authors/Dickens/Atomized/Bleak_House/Chapter_24/part_04.md | blocks 12120 | 445m | 27 blk/min | 9 links to repair
[574/2685] ok Authors/Dickens/Atomized/Bleak_House/Chapter_24/part_07.md | blocks 12133 | 445m | 27 blk/min | 7 links to repair
[575/2685] ok Authors/Dickens/Atomized/Bleak_House/Chapter_24/part_05.md | blocks 12162 | 446m | 27 blk/min | 7 links to repair
[576/2685] ok Authors/Dickens/Atomized/Bleak_House/Chapter_24/part_06.md | blocks 12185 | 447m | 27 blk/min | 11 links to repair
[577/2685] ok Authors/Dickens/Atomized/Bleak_House/Chapter_25/part_02.md | blocks 12202 | 447m | 27 blk/min | 7 links to repair
[578/2685] ok Authors/Dickens/Atomized/Bleak_House/Chapter_25/part_01.md | blocks 12216 | 449m | 27 blk/min | 18 links to repair
[579/2685] ok Authors/Dickens/Atomized/Bleak_House/Chapter_26/part_01.md | blocks 12247 | 449m | 27 blk/min | 12 links to repair
[580/2685] ok Authors/Dickens/Atomized/Bleak_House/Chapter_25/part_03.md | blocks 12283 | 450m | 27 blk/min | 13 links to repair
[581/2685] ok Authors/Dickens/Atomized/Bleak_House/Chapter_26/part_02.md | blocks 12312 | 451m | 27 blk/min | 15 links to repair
[582/2685] ok Authors/Dickens/Atomized/Bleak_House/Chapter_26/part_03.md | blocks 12338 | 451m | 27 blk/min | 12 links to repair
[583/2685] ok Authors/Dickens/Atomized/Bleak_House/Chapter_26/part_04.md | blocks 12370 | 451m | 27 blk/min | 5 links to repair
[584/2685] ok Authors/Dickens/Atomized/Bleak_House/Chapter_26/part_05.md | blocks 12402 | 452m | 27 blk/min | 3 links to repair
[585/2685] ok Authors/Dickens/Atomized/Bleak_House/Chapter_27/part_01.md | blocks 12444 | 453m | 27 blk/min | 3 links to repair
[586/2685] ok Authors/Dickens/Atomized/Bleak_House/Chapter_27/part_02.md | blocks 12467 | 453m | 28 blk/min | 6 links to repair
[587/2685] ok Authors/Dickens/Atomized/Bleak_House/Chapter_27/part_03.md | blocks 12492 | 454m | 28 blk/min | 19 links to repair
[588/2685] ok Authors/Dickens/Atomized/Bleak_House/Chapter_27/part_04.md | blocks 12515 | 454m | 28 blk/min | 3 links to repair
[589/2685] ok Authors/Dickens/Atomized/Bleak_House/Chapter_27/part_05.md | blocks 12532 | 454m | 28 blk/min | 5 links to repair
[590/2685] ok Authors/Dickens/Atomized/Bleak_House/Chapter_28/part_03.md | blocks 12553 | 458m | 27 blk/min | 13 links to repair
[591/2685] ok Authors/Dickens/Atomized/Bleak_House/Chapter_28/part_01.md | blocks 12566 | 458m | 27 blk/min | 15 links to repair
[592/2685] ok Authors/Dickens/Atomized/Bleak_House/Chapter_28/part_04.md | blocks 12599 | 458m | 28 blk/min | 15 links to repair
[593/2685] ok Authors/Dickens/Atomized/Bleak_House/Chapter_28/part_02.md | blocks 12630 | 458m | 28 blk/min | 13 links to repair
[594/2685] ok Authors/Dickens/Atomized/Bleak_House/Chapter_29/part_04.md | blocks 12648 | 459m | 28 blk/min | 4 links to repair
[595/2685] ok Authors/Dickens/Atomized/Bleak_House/Chapter_29/part_02.md | blocks 12678 | 460m | 28 blk/min | 8 links to repair
[596/2685] ok Authors/Dickens/Atomized/Bleak_House/Chapter_29/part_01.md | blocks 12692 | 460m | 28 blk/min | 23 links to repair
[597/2685] ok Authors/Dickens/Atomized/Bleak_House/Chapter_29/part_03.md | blocks 12718 | 460m | 28 blk/min | 6 links to repair
[598/2685] ok Authors/Dickens/Atomized/Bleak_House/Chapter_30/part_01.md | blocks 12750 | 462m | 28 blk/min | 9 links to repair
[599/2685] ok Authors/Dickens/Atomized/Bleak_House/Chapter_30/part_04.md | blocks 12774 | 463m | 28 blk/min | 8 links to repair
[600/2685] ok Authors/Dickens/Atomized/Bleak_House/Chapter_30/part_02.md | blocks 12793 | 463m | 28 blk/min | 15 links to repair
[601/2685] ok Authors/Dickens/Atomized/Bleak_House/Chapter_30/part_03.md | blocks 12810 | 463m | 28 blk/min | 10 links to repair
[602/2685] ok Authors/Dickens/Atomized/Bleak_House/Chapter_30/part_06.md | blocks 12840 | 465m | 28 blk/min | 17 links to repair
[603/2685] ok Authors/Dickens/Atomized/Bleak_House/Chapter_30/part_05.md | blocks 12850 | 466m | 28 blk/min | 8 links to repair
[604/2685] ok Authors/Dickens/Atomized/Bleak_House/Chapter_31/part_02.md | blocks 12882 | 466m | 28 blk/min | 12 links to repair
[605/2685] ok Authors/Dickens/Atomized/Bleak_House/Chapter_31/part_01.md | blocks 12912 | 467m | 28 blk/min | 9 links to repair
[606/2685] ok Authors/Dickens/Atomized/Bleak_House/Chapter_31/part_06.md | blocks 12938 | 469m | 28 blk/min | 10 links to repair
[607/2685] ok Authors/Dickens/Atomized/Bleak_House/Chapter_31/part_03.md | blocks 12964 | 469m | 28 blk/min | 9 links to repair
[608/2685] ok Authors/Dickens/Atomized/Bleak_House/Chapter_31/part_04.md | blocks 12988 | 469m | 28 blk/min | 15 links to repair
[609/2685] ok Authors/Dickens/Atomized/Bleak_House/Chapter_31/part_05.md | blocks 13004 | 470m | 28 blk/min | 13 links to repair
[610/2685] ok Authors/Dickens/Atomized/Bleak_House/Chapter_32/part_02.md | blocks 13038 | 471m | 28 blk/min | 11 links to repair
[611/2685] ok Authors/Dickens/Atomized/Bleak_House/Chapter_32/part_03.md | blocks 13074 | 472m | 28 blk/min | 15 links to repair
[612/2685] ok Authors/Dickens/Atomized/Bleak_House/Chapter_32/part_01.md | blocks 13087 | 472m | 28 blk/min | 20 links to repair
[613/2685] ok Authors/Dickens/Atomized/Bleak_House/Chapter_32/part_04.md | blocks 13121 | 473m | 28 blk/min | 11 links to repair
[614/2685] ok Authors/Dickens/Atomized/Bleak_House/Chapter_33/part_02.md | blocks 13156 | 474m | 28 blk/min | 8 links to repair
[615/2685] ok Authors/Dickens/Atomized/Bleak_House/Chapter_32/part_05.md | blocks 13184 | 475m | 28 blk/min | 10 links to repair
[616/2685] ok Authors/Dickens/Atomized/Bleak_House/Chapter_33/part_03.md | blocks 13218 | 475m | 28 blk/min | 10 links to repair
[617/2685] ok Authors/Dickens/Atomized/Bleak_House/Chapter_33/part_01.md | blocks 13228 | 476m | 28 blk/min | 25 links to repair
[618/2685] ok Authors/Dickens/Atomized/Bleak_House/Chapter_34/part_01.md | blocks 13260 | 477m | 28 blk/min | 8 links to repair
[619/2685] ok Authors/Dickens/Atomized/Bleak_House/Chapter_33/part_04.md | blocks 13280 | 477m | 28 blk/min | 12 links to repair
[620/2685] ok Authors/Dickens/Atomized/Bleak_House/Chapter_34/part_02.md | blocks 13306 | 478m | 28 blk/min | 10 links to repair
REJECT Authors/Dickens/Atomized/Bleak_House/Chapter_33/part_05.md: invented wikilink targets: ['La signora Dedlock']
[622/2685] ok Authors/Dickens/Atomized/Bleak_House/Chapter_34/part_04.md | blocks 13333 | 479m | 28 blk/min | 5 links to repair
[623/2685] ok Authors/Dickens/Atomized/Bleak_House/Chapter_34/part_03.md | blocks 13364 | 480m | 28 blk/min | 7 links to repair
[624/2685] ok Authors/Dickens/Atomized/Bleak_House/Chapter_34/part_05.md | blocks 13392 | 480m | 28 blk/min | 6 links to repair
[625/2685] ok Authors/Dickens/Atomized/Bleak_House/Chapter_34/part_06.md | blocks 13412 | 480m | 28 blk/min | 8 links to repair
[626/2685] ok Authors/Dickens/Atomized/Bleak_House/Chapter_35/part_04.md | blocks 13444 | 482m | 28 blk/min | 11 links to repair
[627/2685] ok Authors/Dickens/Atomized/Bleak_House/Chapter_35/part_02.md | blocks 13474 | 482m | 28 blk/min | 16 links to repair
[628/2685] ok Authors/Dickens/Atomized/Bleak_House/Chapter_35/part_01.md | blocks 13489 | 482m | 28 blk/min | 15 links to repair
[629/2685] ok Authors/Dickens/Atomized/Bleak_House/Chapter_35/part_06.md | blocks 13500 | 483m | 28 blk/min | 4 links to repair
[630/2685] ok Authors/Dickens/Atomized/Bleak_House/Chapter_35/part_03.md | blocks 13519 | 483m | 28 blk/min | 18 links to repair
[631/2685] ok Authors/Dickens/Atomized/Bleak_House/Chapter_35/part_05.md | blocks 13545 | 486m | 28 blk/min | 15 links to repair
[632/2685] ok Authors/Dickens/Atomized/Bleak_House/Chapter_36/part_01.md | blocks 13561 | 488m | 28 blk/min | 22 links to repair
[633/2685] ok Authors/Dickens/Atomized/Bleak_House/Chapter_36/part_02.md | blocks 13571 | 488m | 28 blk/min | 14 links to repair
[634/2685] ok Authors/Dickens/Atomized/Bleak_House/Chapter_36/part_03.md | blocks 13597 | 488m | 28 blk/min | 11 links to repair
[635/2685] ok Authors/Dickens/Atomized/Bleak_House/Chapter_36/part_06.md | blocks 13609 | 489m | 28 blk/min | 3 links to repair
[636/2685] ok Authors/Dickens/Atomized/Bleak_House/Chapter_36/part_04.md | blocks 13631 | 492m | 28 blk/min | 16 links to repair
[637/2685] ok Authors/Dickens/Atomized/Bleak_House/Chapter_37/part_01.md | blocks 13658 | 492m | 28 blk/min | 13 links to repair
[638/2685] ok Authors/Dickens/Atomized/Bleak_House/Chapter_36/part_05.md | blocks 13667 | 493m | 28 blk/min | 22 links to repair
[639/2685] ok Authors/Dickens/Atomized/Bleak_House/Chapter_37/part_05.md | blocks 13693 | 496m | 28 blk/min | 12 links to repair
[640/2685] ok Authors/Dickens/Atomized/Bleak_House/Chapter_37/part_02.md | blocks 13719 | 496m | 28 blk/min | 18 links to repair
[641/2685] ok Authors/Dickens/Atomized/Bleak_House/Chapter_37/part_03.md | blocks 13744 | 496m | 28 blk/min | 13 links to repair
[642/2685] ok Authors/Dickens/Atomized/Bleak_House/Chapter_37/part_04.md | blocks 13768 | 497m | 28 blk/min | 12 links to repair
[643/2685] ok Authors/Dickens/Atomized/Bleak_House/Chapter_37/part_06.md | blocks 13787 | 498m | 28 blk/min | 8 links to repair
[644/2685] ok Authors/Dickens/Atomized/Bleak_House/Chapter_38/part_01.md | blocks 13813 | 499m | 28 blk/min | 10 links to repair
[645/2685] ok Authors/Dickens/Atomized/Bleak_House/Chapter_37/part_07.md | blocks 13836 | 499m | 28 blk/min | 10 links to repair
[646/2685] ok Authors/Dickens/Atomized/Bleak_House/Chapter_38/part_04.md | blocks 13860 | 500m | 28 blk/min | 12 links to repair
[647/2685] ok Authors/Dickens/Atomized/Bleak_House/Chapter_38/part_02.md | blocks 13878 | 501m | 28 blk/min | 13 links to repair
[648/2685] ok Authors/Dickens/Atomized/Bleak_House/Chapter_39/part_01.md | blocks 13889 | 501m | 28 blk/min | 7 links to repair
[649/2685] ok Authors/Dickens/Atomized/Bleak_House/Chapter_38/part_03.md | blocks 13919 | 501m | 28 blk/min | 5 links to repair
[650/2685] ok Authors/Dickens/Atomized/Bleak_House/Chapter_39/part_02.md | blocks 13939 | 502m | 28 blk/min | 8 links to repair
[651/2685] ok Authors/Dickens/Atomized/Bleak_House/Chapter_39/part_03.md | blocks 13957 | 503m | 28 blk/min | 13 links to repair
[652/2685] ok Authors/Dickens/Atomized/Bleak_House/Chapter_39/part_05.md | blocks 13973 | 504m | 28 blk/min | 13 links to repair
[653/2685] ok Authors/Dickens/Atomized/Bleak_House/Chapter_39/part_06.md | blocks 13995 | 505m | 28 blk/min | 7 links to repair
[654/2685] ok Authors/Dickens/Atomized/Bleak_House/Chapter_39/part_04.md | blocks 14012 | 505m | 28 blk/min | 14 links to repair
[655/2685] ok Authors/Dickens/Atomized/Bleak_House/Chapter_40/part_02.md | blocks 14034 | 507m | 28 blk/min | 13 links to repair
[656/2685] ok Authors/Dickens/Atomized/Bleak_House/Chapter_40/part_04.md | blocks 14070 | 507m | 28 blk/min | 5 links to repair
[657/2685] ok Authors/Dickens/Atomized/Bleak_House/Chapter_40/part_01.md | blocks 14081 | 507m | 28 blk/min | 11 links to repair
[658/2685] ok Authors/Dickens/Atomized/Bleak_House/Chapter_40/part_03.md | blocks 14117 | 507m | 28 blk/min | 7 links to repair
[659/2685] ok Authors/Dickens/Atomized/Bleak_House/Chapter_40/part_05.md | blocks 14123 | 509m | 28 blk/min | 8 links to repair
[660/2685] ok Authors/Dickens/Atomized/Bleak_House/Chapter_41/part_02.md | blocks 14156 | 510m | 28 blk/min | 11 links to repair
[661/2685] ok Authors/Dickens/Atomized/Bleak_House/Chapter_41/part_01.md | blocks 14187 | 511m | 28 blk/min | 9 links to repair
[662/2685] ok Authors/Dickens/Atomized/Bleak_House/Chapter_42/part_01.md | blocks 14212 | 511m | 28 blk/min | 21 links to repair
[663/2685] ok Authors/Dickens/Atomized/Bleak_House/Chapter_41/part_03.md | blocks 14242 | 512m | 28 blk/min | 20 links to repair
[664/2685] ok Authors/Dickens/Atomized/Bleak_House/Chapter_42/part_02.md | blocks 14279 | 512m | 28 blk/min | 8 links to repair
[665/2685] ok Authors/Dickens/Atomized/Bleak_House/Chapter_42/part_03.md | blocks 14306 | 513m | 28 blk/min | 5 links to repair
[666/2685] ok Authors/Dickens/Atomized/Bleak_House/Chapter_43/part_02.md | blocks 14330 | 514m | 28 blk/min | 8 links to repair
[667/2685] ok Authors/Dickens/Atomized/Bleak_House/Chapter_43/part_01.md | blocks 14354 | 515m | 28 blk/min | 7 links to repair
[668/2685] ok Authors/Dickens/Atomized/Bleak_House/Chapter_43/part_04.md | blocks 14374 | 515m | 28 blk/min | 20 links to repair
[669/2685] ok Authors/Dickens/Atomized/Bleak_House/Chapter_43/part_03.md | blocks 14395 | 516m | 28 blk/min | 8 links to repair
[670/2685] ok Authors/Dickens/Atomized/Bleak_House/Chapter_43/part_06.md | blocks 14426 | 517m | 28 blk/min | 9 links to repair
[671/2685] ok Authors/Dickens/Atomized/Bleak_House/Chapter_43/part_05.md | blocks 14450 | 517m | 28 blk/min | 9 links to repair
[672/2685] ok Authors/Dickens/Atomized/Bleak_House/Chapter_44/part_01.md | blocks 14485 | 518m | 28 blk/min | 15 links to repair
[673/2685] ok Authors/Dickens/Atomized/Bleak_House/Chapter_44/part_03.md | blocks 14503 | 518m | 28 blk/min | 6 links to repair
[674/2685] ok Authors/Dickens/Atomized/Bleak_House/Chapter_45/part_01.md | blocks 14525 | 521m | 28 blk/min | 9 links to repair
[675/2685] ok Authors/Dickens/Atomized/Bleak_House/Chapter_44/part_02.md | blocks 14538 | 521m | 28 blk/min | 15 links to repair
[676/2685] ok Authors/Dickens/Atomized/Bleak_House/Chapter_45/part_02.md | blocks 14554 | 521m | 28 blk/min | 12 links to repair
[677/2685] ok Authors/Dickens/Atomized/Bleak_House/Chapter_45/part_03.md | blocks 14582 | 521m | 28 blk/min | 7 links to repair
[678/2685] ok Authors/Dickens/Atomized/Bleak_House/Chapter_45/part_05.md | blocks 14605 | 523m | 28 blk/min | 7 links to repair
[679/2685] ok Authors/Dickens/Atomized/Bleak_House/Chapter_45/part_04.md | blocks 14629 | 523m | 28 blk/min | 4 links to repair
[680/2685] ok Authors/Dickens/Atomized/Bleak_House/Chapter_46/part_02.md | blocks 14656 | 524m | 28 blk/min | 13 links to repair
[681/2685] ok Authors/Dickens/Atomized/Bleak_House/Chapter_46/part_01.md | blocks 14682 | 524m | 28 blk/min | 19 links to repair
[682/2685] ok Authors/Dickens/Atomized/Bleak_House/Chapter_47/part_01.md | blocks 14699 | 525m | 28 blk/min | 3 links to repair
[683/2685] ok Authors/Dickens/Atomized/Bleak_House/Chapter_46/part_03.md | blocks 14743 | 526m | 28 blk/min | 12 links to repair
[684/2685] ok Authors/Dickens/Atomized/Bleak_House/Chapter_47/part_02.md | blocks 14771 | 526m | 28 blk/min | 10 links to repair
[685/2685] ok Authors/Dickens/Atomized/Bleak_House/Chapter_47/part_03.md | blocks 14803 | 526m | 28 blk/min | 7 links to repair
[686/2685] ok Authors/Dickens/Atomized/Bleak_House/Chapter_47/part_04.md | blocks 14829 | 527m | 28 blk/min | 4 links to repair
[687/2685] ok Authors/Dickens/Atomized/Bleak_House/Chapter_47/part_05.md | blocks 14878 | 528m | 28 blk/min | 9 links to repair
[688/2685] ok Authors/Dickens/Atomized/Bleak_House/Chapter_48/part_01.md | blocks 14911 | 529m | 28 blk/min | 8 links to repair
[689/2685] ok Authors/Dickens/Atomized/Bleak_House/Chapter_48/part_02.md | blocks 14946 | 530m | 28 blk/min | 7 links to repair
[690/2685] ok Authors/Dickens/Atomized/Bleak_House/Chapter_48/part_03.md | blocks 14970 | 530m | 28 blk/min | 11 links to repair
[691/2685] ok Authors/Dickens/Atomized/Bleak_House/Chapter_48/part_04.md | blocks 14995 | 531m | 28 blk/min | 10 links to repair
[692/2685] ok Authors/Dickens/Atomized/Bleak_House/Chapter_48/part_06.md | blocks 15005 | 531m | 28 blk/min | 14 links to repair
[693/2685] ok Authors/Dickens/Atomized/Bleak_House/Chapter_49/part_01.md | blocks 15028 | 532m | 28 blk/min | 3 links to repair
[694/2685] ok Authors/Dickens/Atomized/Bleak_House/Chapter_48/part_05.md | blocks 15051 | 532m | 28 blk/min | 46 links to repair
[695/2685] ok Authors/Dickens/Atomized/Bleak_House/Chapter_49/part_02.md | blocks 15076 | 533m | 28 blk/min | 5 links to repair
[696/2685] ok Authors/Dickens/Atomized/Bleak_House/Chapter_49/part_03.md | blocks 15102 | 533m | 28 blk/min | 4 links to repair
[697/2685] ok Authors/Dickens/Atomized/Bleak_House/Chapter_49/part_04.md | blocks 15125 | 534m | 28 blk/min | 9 links to repair
[698/2685] ok Authors/Dickens/Atomized/Bleak_House/Chapter_49/part_05.md | blocks 15155 | 535m | 28 blk/min | 12 links to repair
[699/2685] ok Authors/Dickens/Atomized/Bleak_House/Chapter_50/part_01.md | blocks 15181 | 535m | 28 blk/min | 14 links to repair
[700/2685] ok Authors/Dickens/Atomized/Bleak_House/Chapter_50/part_03.md | blocks 15208 | 536m | 28 blk/min | 9 links to repair
[701/2685] ok Authors/Dickens/Atomized/Bleak_House/Chapter_50/part_02.md | blocks 15224 | 537m | 28 blk/min | 17 links to repair
[702/2685] ok Authors/Dickens/Atomized/Bleak_House/Chapter_50/part_04.md | blocks 15240 | 537m | 28 blk/min | 6 links to repair
[703/2685] ok Authors/Dickens/Atomized/Bleak_House/Chapter_51/part_01.md | blocks 15272 | 538m | 28 blk/min | 8 links to repair
[704/2685] ok Authors/Dickens/Atomized/Bleak_House/Chapter_51/part_02.md | blocks 15299 | 540m | 28 blk/min | 9 links to repair
[705/2685] ok Authors/Dickens/Atomized/Bleak_House/Chapter_51/part_04.md | blocks 15324 | 540m | 28 blk/min | 17 links to repair
[706/2685] ok Authors/Dickens/Atomized/Bleak_House/Chapter_52/part_01.md | blocks 15347 | 541m | 28 blk/min | 3 links to repair
[707/2685] ok Authors/Dickens/Atomized/Bleak_House/Chapter_51/part_03.md | blocks 15374 | 541m | 28 blk/min | 16 links to repair
[708/2685] ok Authors/Dickens/Atomized/Bleak_House/Chapter_52/part_02.md | blocks 15409 | 541m | 28 blk/min | 9 links to repair
[709/2685] ok Authors/Dickens/Atomized/Bleak_House/Chapter_52/part_04.md | blocks 15441 | 542m | 28 blk/min | 6 links to repair
[710/2685] ok Authors/Dickens/Atomized/Bleak_House/Chapter_52/part_03.md | blocks 15464 | 543m | 28 blk/min | 12 links to repair
[711/2685] ok Authors/Dickens/Atomized/Bleak_House/Chapter_53/part_02.md | blocks 15492 | 544m | 28 blk/min | 10 links to repair
[712/2685] ok Authors/Dickens/Atomized/Bleak_House/Chapter_53/part_01.md | blocks 15508 | 545m | 28 blk/min | 16 links to repair
[713/2685] ok Authors/Dickens/Atomized/Bleak_House/Chapter_53/part_03.md | blocks 15533 | 545m | 28 blk/min | 8 links to repair
[714/2685] ok Authors/Dickens/Atomized/Bleak_House/Chapter_53/part_04.md | blocks 15585 | 545m | 29 blk/min | 10 links to repair
[715/2685] ok Authors/Dickens/Atomized/Bleak_House/Chapter_54/part_01.md | blocks 15608 | 547m | 29 blk/min | 7 links to repair
[716/2685] ok Authors/Dickens/Atomized/Bleak_House/Chapter_54/part_04.md | blocks 15629 | 547m | 29 blk/min | 16 links to repair
[717/2685] ok Authors/Dickens/Atomized/Bleak_House/Chapter_54/part_03.md | blocks 15653 | 547m | 29 blk/min | 8 links to repair
[718/2685] ok Authors/Dickens/Atomized/Bleak_House/Chapter_54/part_02.md | blocks 15673 | 548m | 29 blk/min | 17 links to repair
[719/2685] ok Authors/Dickens/Atomized/Bleak_House/Chapter_54/part_05.md | blocks 15698 | 549m | 29 blk/min | 12 links to repair
[720/2685] ok Authors/Dickens/Atomized/Bleak_House/Chapter_54/part_08.md | blocks 15722 | 550m | 29 blk/min | 5 links to repair
[721/2685] ok Authors/Dickens/Atomized/Bleak_House/Chapter_54/part_06.md | blocks 15749 | 551m | 29 blk/min | 15 links to repair
[722/2685] ok Authors/Dickens/Atomized/Bleak_House/Chapter_54/part_07.md | blocks 15763 | 552m | 29 blk/min | 20 links to repair
[723/2685] ok Authors/Dickens/Atomized/Bleak_House/Chapter_55/part_01.md | blocks 15777 | 552m | 29 blk/min | 16 links to repair
REJECT Authors/Dickens/Atomized/Bleak_House/Chapter_55/part_03.md: invented wikilink targets: ['Spero']
[725/2685] ok Authors/Dickens/Atomized/Bleak_House/Chapter_55/part_02.md | blocks 15797 | 553m | 29 blk/min | 11 links to repair
[726/2685] ok Authors/Dickens/Atomized/Bleak_House/Chapter_55/part_05.md | blocks 15817 | 554m | 29 blk/min | 9 links to repair
[727/2685] ok Authors/Dickens/Atomized/Bleak_House/Chapter_55/part_04.md | blocks 15849 | 555m | 29 blk/min | 11 links to repair
[728/2685] ok Authors/Dickens/Atomized/Bleak_House/Chapter_55/part_06.md | blocks 15866 | 556m | 29 blk/min | 6 links to repair
[729/2685] ok Authors/Dickens/Atomized/Bleak_House/Chapter_56/part_01.md | blocks 15885 | 556m | 29 blk/min | 8 links to repair
[730/2685] ok Authors/Dickens/Atomized/Bleak_House/Chapter_56/part_02.md | blocks 15910 | 557m | 29 blk/min | 9 links to repair
[731/2685] ok Authors/Dickens/Atomized/Bleak_House/Chapter_56/part_03.md | blocks 15929 | 558m | 29 blk/min | 10 links to repair
[732/2685] ok Authors/Dickens/Atomized/Bleak_House/Chapter_57/part_01.md | blocks 15948 | 560m | 29 blk/min | 8 links to repair
[733/2685] ok Authors/Dickens/Atomized/Bleak_House/Chapter_57/part_02.md | blocks 15968 | 560m | 29 blk/min | 9 links to repair
[734/2685] ok Authors/Dickens/Atomized/Bleak_House/Chapter_57/part_03.md | blocks 15994 | 560m | 29 blk/min | 18 links to repair
[735/2685] ok Authors/Dickens/Atomized/Bleak_House/Chapter_57/part_07.md | blocks 16017 | 562m | 29 blk/min | 4 links to repair
[736/2685] ok Authors/Dickens/Atomized/Bleak_House/Chapter_57/part_04.md | blocks 16041 | 562m | 29 blk/min | 17 links to repair
[737/2685] ok Authors/Dickens/Atomized/Bleak_House/Chapter_57/part_06.md | blocks 16054 | 563m | 29 blk/min | 14 links to repair
[738/2685] ok Authors/Dickens/Atomized/Bleak_House/Chapter_57/part_05.md | blocks 16087 | 564m | 29 blk/min | 17 links to repair
[739/2685] ok Authors/Dickens/Atomized/Bleak_House/Chapter_58/part_01.md | blocks 16100 | 566m | 28 blk/min | 16 links to repair
[740/2685] ok Authors/Dickens/Atomized/Bleak_House/Chapter_58/part_03.md | blocks 16135 | 566m | 29 blk/min | 11 links to repair
[741/2685] ok Authors/Dickens/Atomized/Bleak_House/Chapter_58/part_02.md | blocks 16159 | 566m | 29 blk/min | 10 links to repair
[742/2685] ok Authors/Dickens/Atomized/Bleak_House/Chapter_58/part_04.md | blocks 16179 | 568m | 28 blk/min | 18 links to repair
[743/2685] ok Authors/Dickens/Atomized/Bleak_House/Chapter_59/part_01.md | blocks 16201 | 568m | 29 blk/min | 7 links to repair
[744/2685] ok Authors/Dickens/Atomized/Bleak_House/Chapter_59/part_02.md | blocks 16235 | 569m | 29 blk/min | 12 links to repair
[745/2685] ok Authors/Dickens/Atomized/Bleak_House/Chapter_58/part_05.md | blocks 16261 | 570m | 29 blk/min | 10 links to repair
[746/2685] ok Authors/Dickens/Atomized/Bleak_House/Chapter_59/part_05.md | blocks 16276 | 571m | 29 blk/min | 8 links to repair
[747/2685] ok Authors/Dickens/Atomized/Bleak_House/Chapter_59/part_03.md | blocks 16301 | 571m | 29 blk/min | 10 links to repair
[748/2685] ok Authors/Dickens/Atomized/Bleak_House/Chapter_59/part_04.md | blocks 16331 | 571m | 29 blk/min | 7 links to repair
[749/2685] ok Authors/Dickens/Atomized/Bleak_House/Chapter_60/part_01.md | blocks 16367 | 573m | 29 blk/min | 14 links to repair
[750/2685] ok Authors/Dickens/Atomized/Bleak_House/Chapter_60/part_03.md | blocks 16402 | 573m | 29 blk/min | 6 links to repair
[751/2685] ok Authors/Dickens/Atomized/Bleak_House/Chapter_60/part_02.md | blocks 16431 | 573m | 29 blk/min | 13 links to repair
[752/2685] ok Authors/Dickens/Atomized/Bleak_House/Chapter_60/part_04.md | blocks 16446 | 574m | 29 blk/min | 11 links to repair
[753/2685] ok Authors/Dickens/Atomized/Bleak_House/Chapter_61/part_02.md | blocks 16466 | 576m | 29 blk/min | 14 links to repair
[754/2685] ok Authors/Dickens/Atomized/Bleak_House/Chapter_60/part_05.md | blocks 16490 | 576m | 29 blk/min | 5 links to repair
[755/2685] ok Authors/Dickens/Atomized/Bleak_House/Chapter_61/part_01.md | blocks 16517 | 576m | 29 blk/min | 6 links to repair
[756/2685] ok Authors/Dickens/Atomized/Bleak_House/Chapter_62/part_02.md | blocks 16544 | 578m | 29 blk/min | 11 links to repair
[757/2685] ok Authors/Dickens/Atomized/Bleak_House/Chapter_61/part_04.md | blocks 16572 | 578m | 29 blk/min | 13 links to repair
[758/2685] ok Authors/Dickens/Atomized/Bleak_House/Chapter_61/part_03.md | blocks 16589 | 578m | 29 blk/min | 18 links to repair
[759/2685] ok Authors/Dickens/Atomized/Bleak_House/Chapter_62/part_01.md | blocks 16624 | 579m | 29 blk/min | 10 links to repair
[760/2685] ok Authors/Dickens/Atomized/Bleak_House/Chapter_63/part_02.md | blocks 16647 | 581m | 29 blk/min | 16 links to repair
[761/2685] ok Authors/Dickens/Atomized/Bleak_House/Chapter_63/part_03.md | blocks 16667 | 581m | 29 blk/min | 8 links to repair
[762/2685] ok Authors/Dickens/Atomized/Bleak_House/Chapter_63/part_01.md | blocks 16698 | 581m | 29 blk/min | 13 links to repair
[763/2685] ok Authors/Dickens/Atomized/Bleak_House/Chapter_62/part_03.md | blocks 16737 | 581m | 29 blk/min | 7 links to repair
[764/2685] ok Authors/Dickens/Atomized/Bleak_House/Chapter_64/part_04.md | blocks 16771 | 583m | 29 blk/min | 8 links to repair
[765/2685] ok Authors/Dickens/Atomized/Bleak_House/Chapter_64/part_03.md | blocks 16792 | 583m | 29 blk/min | 12 links to repair
[766/2685] ok Authors/Dickens/Atomized/Bleak_House/Chapter_64/part_01.md | blocks 16809 | 584m | 29 blk/min | 13 links to repair
[767/2685] ok Authors/Dickens/Atomized/Bleak_House/Chapter_64/part_02.md | blocks 16832 | 585m | 29 blk/min | 19 links to repair
[768/2685] ok Authors/Dickens/Atomized/Bleak_House/Chapter_65/part_03.md | blocks 16860 | 585m | 29 blk/min | 18 links to repair
[769/2685] ok Authors/Dickens/Atomized/Bleak_House/Chapter_65/part_02.md | blocks 16885 | 586m | 29 blk/min | 6 links to repair
[770/2685] ok Authors/Dickens/Atomized/Dombey_and_Son/Chapter_01_Dombey_and_Son.md | blocks 16888 | 586m | 29 blk/min | 1 links to repair
[771/2685] ok Authors/Dickens/Atomized/Dombey_and_Son/Chapter_02_Pauls_Second_Deprivation.md | blocks 16891 | 586m | 29 blk/min
[772/2685] ok Authors/Dickens/Atomized/Dombey_and_Son/Chapter_03_In_which_the_Wooden_Midshipman.md | blocks 16894 | 586m | 29 blk/min
[773/2685] ok Authors/Dickens/Atomized/Dombey_and_Son/Chapter_04_Pauls_Introduction_to_a_New_Sc.md | blocks 16897 | 586m | 29 blk/min
[774/2685] ok Authors/Dickens/Atomized/Dombey_and_Son/Chapter_05_Shipping_Intelligence_and_Offi.md | blocks 16900 | 586m | 29 blk/min
[775/2685] ok Authors/Dickens/Atomized/Dombey_and_Son/Chapter_06_What_the_Waves_were_always_say.md | blocks 16903 | 586m | 29 blk/min
[776/2685] ok Authors/Dickens/Atomized/Dombey_and_Son/Chapter_07_Walter_goes_away.md | blocks 16906 | 586m | 29 blk/min
[777/2685] ok Authors/Dickens/Atomized/Dombey_and_Son/Chapter_08_A_Trifle_of_Management_by_Mr_C.md | blocks 16909 | 586m | 29 blk/min
[778/2685] ok Authors/Dickens/Atomized/Dombey_and_Son/Chapter_09_The_Study_of_a_Loving_Heart.md | blocks 16912 | 586m | 29 blk/min
[779/2685] ok Authors/Dickens/Atomized/Bleak_House/Chapter_65/part_01.md | blocks 16936 | 586m | 29 blk/min | 8 links to repair
[780/2685] ok Authors/Dickens/Atomized/Dombey_and_Son/Chapter_11_Alterations.md | blocks 16939 | 586m | 29 blk/min
[781/2685] ok Authors/Dickens/Atomized/Dombey_and_Son/Chapter_10_Shadows_of_the_Past_and_Future.md | blocks 16942 | 586m | 29 blk/min
[782/2685] ok Authors/Dickens/Atomized/Dombey_and_Son/Chapter_12_The_interval_before_the_Marria.md | blocks 16945 | 587m | 29 blk/min
[783/2685] ok Authors/Dickens/Atomized/Dombey_and_Son/Chapter_13_The_Wooden_Midshipman_goes_to.md | blocks 16948 | 587m | 29 blk/min
[784/2685] ok Authors/Dickens/Atomized/Dombey_and_Son/Chapter_14_Another_Mother_and_Daughter.md | blocks 16951 | 587m | 29 blk/min
[785/2685] ok Authors/Dickens/Atomized/Dombey_and_Son/Chapter_15_Housewarming.md | blocks 16954 | 587m | 29 blk/min
[786/2685] ok Authors/Dickens/Atomized/Dombey_and_Son/Chapter_16_Miss_Tox_improves_an_Old_Acqua.md | blocks 16956 | 587m | 29 blk/min
[787/2685] ok Authors/Dickens/Atomized/Dombey_and_Son/Chapter_17_Domestic_Relations.md | blocks 16959 | 587m | 29 blk/min
[788/2685] ok Authors/Dickens/Atomized/Dombey_and_Son/Chapter_18_Confidential_and_Accidental.md | blocks 16961 | 587m | 29 blk/min
[789/2685] ok Authors/Dickens/Atomized/Dombey_and_Son/Chapter_19_A_Separation.md | blocks 16964 | 587m | 29 blk/min
[790/2685] ok Authors/Dickens/Atomized/Dombey_and_Son/Chapter_21_The_Flight_of_Florence.md | blocks 16967 | 587m | 29 blk/min
[791/2685] ok Authors/Dickens/Atomized/Dombey_and_Son/Chapter_20_Recognizant_and_Reflective.md | blocks 16969 | 587m | 29 blk/min
[792/2685] ok Authors/Dickens/Atomized/Dombey_and_Son/Chapter_23_Secret_Intelligence.md | blocks 16971 | 587m | 29 blk/min
[793/2685] ok Authors/Dickens/Atomized/Dombey_and_Son/Chapter_22_Mr_Tootss_Complaint.md | blocks 16974 | 587m | 29 blk/min
[794/2685] ok Authors/Dickens/Atomized/Dombey_and_Son/Chapter_24_The_Fugitives.md | blocks 16976 | 587m | 29 blk/min
[795/2685] ok Authors/Dickens/Atomized/Dombey_and_Son/Chapter_25_Several_People_delighted_and_t.md | blocks 16978 | 587m | 29 blk/min
[796/2685] ok Authors/Dickens/Atomized/Dombey_and_Son/Chapter_26_After_a_Lapse.md | blocks 16981 | 587m | 29 blk/min
[797/2685] ok Authors/Dickens/Atomized/Dombey_and_Son/Chapter_28_Final.md | blocks 16983 | 587m | 29 blk/min
[798/2685] ok Authors/Dickens/Atomized/Dombey_and_Son/Chapter_27_Chiefly_Matrimonial.md | blocks 16986 | 587m | 29 blk/min
[799/2685] ok Authors/Dickens/Atomized/Dombey_and_Son/Chapter_29/part_02.md | blocks 17019 | 590m | 29 blk/min | 10 links to repair
[800/2685] ok Authors/Dickens/Atomized/Bleak_House/Chapter_67.md | blocks 17051 | 590m | 29 blk/min | 31 links to repair
[801/2685] ok Authors/Dickens/Atomized/Dombey_and_Son/Chapter_29/part_01.md | blocks 17067 | 591m | 29 blk/min | 11 links to repair
[802/2685] ok Authors/Dickens/Atomized/Bleak_House/Chapter_66.md | blocks 17082 | 591m | 29 blk/min | 32 links to repair
[803/2685] ok Authors/Dickens/Atomized/Dombey_and_Son/Chapter_29/part_03.md | blocks 17106 | 591m | 29 blk/min | 8 links to repair
[804/2685] ok Authors/Dickens/Atomized/Dombey_and_Son/Chapter_29/part_05.md | blocks 17124 | 592m | 29 blk/min | 2 links to repair
[805/2685] ok Authors/Dickens/Atomized/Dombey_and_Son/Chapter_29/part_04.md | blocks 17157 | 593m | 29 blk/min | 5 links to repair
[806/2685] ok Authors/Dickens/Atomized/Dombey_and_Son/Chapter_30/part_02.md | blocks 17189 | 593m | 29 blk/min | 22 links to repair
[807/2685] ok Authors/Dickens/Atomized/Dombey_and_Son/Chapter_30/part_03.md | blocks 17229 | 594m | 29 blk/min | 12 links to repair
[808/2685] ok Authors/Dickens/Atomized/Dombey_and_Son/Chapter_30/part_01.md | blocks 17259 | 594m | 29 blk/min | 12 links to repair
[809/2685] ok Authors/Dickens/Atomized/Dombey_and_Son/Chapter_30/part_05.md | blocks 17278 | 595m | 29 blk/min | 3 links to repair
[810/2685] ok Authors/Dickens/Atomized/Dombey_and_Son/Chapter_30/part_04.md | blocks 17301 | 596m | 29 blk/min | 10 links to repair
[811/2685] ok Authors/Dickens/Atomized/Dombey_and_Son/Chapter_31/part_02.md | blocks 17340 | 597m | 29 blk/min | 8 links to repair
REJECT Authors/Dickens/Atomized/Dombey_and_Son/Chapter_31/part_03.md: invented wikilink targets: [':dubito']
[813/2685] ok Authors/Dickens/Atomized/Dombey_and_Son/Chapter_31/part_04.md | blocks 17371 | 598m | 29 blk/min | 12 links to repair
[814/2685] ok Authors/Dickens/Atomized/Dombey_and_Son/Chapter_31/part_01.md | blocks 17379 | 598m | 29 blk/min | 21 links to repair
[815/2685] ok Authors/Dickens/Atomized/Dombey_and_Son/Chapter_31/part_05.md | blocks 17401 | 598m | 29 blk/min | 7 links to repair
[816/2685] ok Authors/Dickens/Atomized/Dombey_and_Son/Chapter_32/part_04.md | blocks 17429 | 601m | 29 blk/min | 9 links to repair
[817/2685] ok Authors/Dickens/Atomized/Dombey_and_Son/Chapter_32/part_02.md | blocks 17468 | 601m | 29 blk/min | 18 links to repair
[818/2685] ok Authors/Dickens/Atomized/Dombey_and_Son/Chapter_32/part_01.md | blocks 17476 | 601m | 29 blk/min | 12 links to repair
[819/2685] ok Authors/Dickens/Atomized/Dombey_and_Son/Chapter_32/part_03.md | blocks 17507 | 602m | 29 blk/min | 16 links to repair
[820/2685] ok Authors/Dickens/Atomized/Dombey_and_Son/Chapter_32/part_05.md | blocks 17528 | 603m | 29 blk/min | 5 links to repair
[821/2685] ok Authors/Dickens/Atomized/Dombey_and_Son/Chapter_33/part_02.md | blocks 17543 | 604m | 29 blk/min | 18 links to repair
[822/2685] ok Authors/Dickens/Atomized/Dombey_and_Son/Chapter_33/part_03.md | blocks 17578 | 606m | 29 blk/min | 11 links to repair
[823/2685] ok Authors/Dickens/Atomized/Dombey_and_Son/Chapter_33/part_01.md | blocks 17602 | 606m | 29 blk/min | 6 links to repair
[824/2685] ok Authors/Dickens/Atomized/Dombey_and_Son/Chapter_33/part_04.md | blocks 17627 | 607m | 29 blk/min | 11 links to repair
[825/2685] ok Authors/Dickens/Atomized/Dombey_and_Son/Chapter_33/part_05.md | blocks 17651 | 607m | 29 blk/min | 6 links to repair
[826/2685] ok Authors/Dickens/Atomized/Dombey_and_Son/Chapter_33/part_06.md | blocks 17670 | 609m | 29 blk/min | 16 links to repair
[827/2685] ok Authors/Dickens/Atomized/Dombey_and_Son/Chapter_34/part_01.md | blocks 17679 | 609m | 29 blk/min | 14 links to repair
[828/2685] ok Authors/Dickens/Atomized/Dombey_and_Son/Chapter_33/part_07.md | blocks 17715 | 610m | 29 blk/min | 13 links to repair
[829/2685] ok Authors/Dickens/Atomized/Dombey_and_Son/Chapter_34/part_02.md | blocks 17747 | 611m | 29 blk/min | 11 links to repair
[830/2685] ok Authors/Dickens/Atomized/Dombey_and_Son/Chapter_34/part_03.md | blocks 17768 | 611m | 29 blk/min | 11 links to repair
[831/2685] ok Authors/Dickens/Atomized/Dombey_and_Son/Chapter_34/part_06.md | blocks 17795 | 613m | 29 blk/min | 7 links to repair
[832/2685] ok Authors/Dickens/Atomized/Dombey_and_Son/Chapter_34/part_04.md | blocks 17825 | 613m | 29 blk/min | 12 links to repair
[833/2685] ok Authors/Dickens/Atomized/Dombey_and_Son/Chapter_34/part_05.md | blocks 17854 | 613m | 29 blk/min | 7 links to repair
[834/2685] ok Authors/Dickens/Atomized/Dombey_and_Son/Chapter_34/part_07.md | blocks 17886 | 614m | 29 blk/min | 12 links to repair
[835/2685] ok Authors/Dickens/Atomized/Dombey_and_Son/Chapter_34/part_08.md | blocks 17912 | 617m | 29 blk/min | 14 links to repair
[836/2685] ok Authors/Dickens/Atomized/Dombey_and_Son/Chapter_35/part_02.md | blocks 17944 | 617m | 29 blk/min | 16 links to repair
[837/2685] ok Authors/Dickens/Atomized/Dombey_and_Son/Chapter_35/part_01.md | blocks 17955 | 617m | 29 blk/min | 16 links to repair
[838/2685] ok Authors/Dickens/Atomized/Dombey_and_Son/Chapter_36/part_01.md | blocks 17966 | 618m | 29 blk/min | 14 links to repair
[839/2685] ok Authors/Dickens/Atomized/Dombey_and_Son/Chapter_36/part_04.md | blocks 17991 | 620m | 29 blk/min | 10 links to repair
REJECT Authors/Dickens/Atomized/Dombey_and_Son/Chapter_36/part_03.md: invented wikilink targets: ['L02>bambino】, ” disse scuotendo la testa; “nessuno ci crederebbe. Le sue espressioni, Lucretia. Solo ieri, parlando di funerali, ”\n\n“Temo,” disse il signor Dombey, interrompendola con impazienza, “che alcune di quelle persone al piano di sopra suggeriscano argomenti inappropriati a quel [[Child']
[841/2685] ok Authors/Dickens/Atomized/Dombey_and_Son/Chapter_36/part_02.md | blocks 18023 | 621m | 29 blk/min | 18 links to repair
[842/2685] ok Authors/Dickens/Atomized/Dombey_and_Son/Chapter_36/part_05.md | blocks 18039 | 623m | 29 blk/min | 19 links to repair
[843/2685] ok Authors/Dickens/Atomized/Dombey_and_Son/Chapter_36/part_07.md | blocks 18069 | 625m | 29 blk/min | 16 links to repair
[844/2685] ok Authors/Dickens/Atomized/Dombey_and_Son/Chapter_36/part_08.md | blocks 18103 | 625m | 29 blk/min | 13 links to repair
[845/2685] ok Authors/Dickens/Atomized/Dombey_and_Son/Chapter_36/part_06.md | blocks 18128 | 626m | 29 blk/min | 18 links to repair
[846/2685] ok Authors/Dickens/Atomized/Dombey_and_Son/Chapter_37/part_01.md | blocks 18137 | 627m | 29 blk/min | 11 links to repair
[847/2685] ok Authors/Dickens/Atomized/Dombey_and_Son/Chapter_37/part_02.md | blocks 18166 | 628m | 29 blk/min | 9 links to repair
[848/2685] ok Authors/Dickens/Atomized/Dombey_and_Son/Chapter_37/part_03.md | blocks 18190 | 630m | 29 blk/min | 10 links to repair
[849/2685] ok Authors/Dickens/Atomized/Dombey_and_Son/Chapter_37/part_04.md | blocks 18215 | 631m | 29 blk/min | 10 links to repair
[850/2685] ok Authors/Dickens/Atomized/Dombey_and_Son/Chapter_38/part_01.md | blocks 18234 | 631m | 29 blk/min | 7 links to repair
[851/2685] ok Authors/Dickens/Atomized/Dombey_and_Son/Chapter_37/part_05.md | blocks 18266 | 632m | 29 blk/min | 11 links to repair
[852/2685] ok Authors/Dickens/Atomized/Dombey_and_Son/Chapter_38/part_03.md | blocks 18291 | 633m | 29 blk/min | 6 links to repair
[853/2685] ok Authors/Dickens/Atomized/Dombey_and_Son/Chapter_38/part_02.md | blocks 18317 | 633m | 29 blk/min | 19 links to repair
[854/2685] ok Authors/Dickens/Atomized/Dombey_and_Son/Chapter_38/part_05.md | blocks 18342 | 634m | 29 blk/min | 7 links to repair
[855/2685] ok Authors/Dickens/Atomized/Dombey_and_Son/Chapter_38/part_04.md | blocks 18369 | 635m | 29 blk/min | 7 links to repair
[856/2685] ok Authors/Dickens/Atomized/Dombey_and_Son/Chapter_39/part_01.md | blocks 18393 | 636m | 29 blk/min | 17 links to repair
[857/2685] ok Authors/Dickens/Atomized/Dombey_and_Son/Chapter_39/part_02.md | blocks 18414 | 636m | 29 blk/min | 8 links to repair
[858/2685] ok Authors/Dickens/Atomized/Dombey_and_Son/Chapter_39/part_03.md | blocks 18426 | 637m | 29 blk/min | 18 links to repair
[859/2685] ok Authors/Dickens/Atomized/Dombey_and_Son/Chapter_39/part_06.md | blocks 18441 | 637m | 29 blk/min
[860/2685] ok Authors/Dickens/Atomized/Dombey_and_Son/Chapter_39/part_04.md | blocks 18478 | 638m | 29 blk/min | 9 links to repair
[861/2685] ok Authors/Dickens/Atomized/Dombey_and_Son/Chapter_39/part_05.md | blocks 18510 | 639m | 29 blk/min | 6 links to repair
[862/2685] ok Authors/Dickens/Atomized/Dombey_and_Son/Chapter_40/part_02.md | blocks 18542 | 640m | 29 blk/min | 7 links to repair
[863/2685] ok Authors/Dickens/Atomized/Dombey_and_Son/Chapter_40/part_01.md | blocks 18568 | 640m | 29 blk/min | 8 links to repair
[864/2685] ok Authors/Dickens/Atomized/Dombey_and_Son/Chapter_40/part_03.md | blocks 18602 | 640m | 29 blk/min | 3 links to repair
[865/2685] ok Authors/Dickens/Atomized/Dombey_and_Son/Chapter_40/part_06.md | blocks 18630 | 642m | 29 blk/min | 7 links to repair
[866/2685] ok Authors/Dickens/Atomized/Dombey_and_Son/Chapter_40/part_04.md | blocks 18650 | 642m | 29 blk/min | 15 links to repair
[867/2685] ok Authors/Dickens/Atomized/Dombey_and_Son/Chapter_40/part_05.md | blocks 18671 | 643m | 29 blk/min | 14 links to repair
[868/2685] ok Authors/Dickens/Atomized/Dombey_and_Son/Chapter_40/part_07.md | blocks 18695 | 644m | 29 blk/min | 17 links to repair
[869/2685] ok Authors/Dickens/Atomized/Dombey_and_Son/Chapter_41/part_03.md | blocks 18739 | 645m | 29 blk/min | 3 links to repair
[870/2685] ok Authors/Dickens/Atomized/Dombey_and_Son/Chapter_41/part_02.md | blocks 18774 | 645m | 29 blk/min | 17 links to repair
[871/2685] ok Authors/Dickens/Atomized/Dombey_and_Son/Chapter_41/part_01.md | blocks 18785 | 646m | 29 blk/min | 11 links to repair
[872/2685] ok Authors/Dickens/Atomized/Dombey_and_Son/Chapter_41/part_04.md | blocks 18812 | 647m | 29 blk/min | 12 links to repair
[873/2685] ok Authors/Dickens/Atomized/Dombey_and_Son/Chapter_41/part_05.md | blocks 18826 | 648m | 29 blk/min | 7 links to repair
[874/2685] ok Authors/Dickens/Atomized/Dombey_and_Son/Chapter_42/part_02.md | blocks 18850 | 649m | 29 blk/min | 8 links to repair
[875/2685] ok Authors/Dickens/Atomized/Dombey_and_Son/Chapter_42/part_01.md | blocks 18863 | 649m | 29 blk/min | 18 links to repair
[876/2685] ok Authors/Dickens/Atomized/Dombey_and_Son/Chapter_42/part_03.md | blocks 18875 | 650m | 29 blk/min | 9 links to repair
[877/2685] ok Authors/Dickens/Atomized/Dombey_and_Son/Chapter_42/part_05.md | blocks 18895 | 651m | 29 blk/min | 19 links to repair
[878/2685] ok Authors/Dickens/Atomized/Dombey_and_Son/Chapter_42/part_07.md | blocks 18925 | 652m | 29 blk/min | 10 links to repair
[879/2685] ok Authors/Dickens/Atomized/Dombey_and_Son/Chapter_42/part_04.md | blocks 18947 | 652m | 29 blk/min | 6 links to repair
[880/2685] ok Authors/Dickens/Atomized/Dombey_and_Son/Chapter_42/part_06.md | blocks 18958 | 652m | 29 blk/min | 12 links to repair
[881/2685] ok Authors/Dickens/Atomized/Dombey_and_Son/Chapter_42/part_08.md | blocks 18974 | 653m | 29 blk/min | 10 links to repair
[882/2685] ok Authors/Dickens/Atomized/Dombey_and_Son/Chapter_42/part_09.md | blocks 18998 | 655m | 29 blk/min | 8 links to repair
[883/2685] ok Authors/Dickens/Atomized/Dombey_and_Son/Chapter_43/part_02.md | blocks 19027 | 656m | 29 blk/min | 7 links to repair
REJECT Authors/Dickens/Atomized/Dombey_and_Son/Chapter_43/part_01.md: invented wikilink targets: ['L03)domenica mattina sventolava la bandiera dell’[[Union']
[885/2685] ok Authors/Dickens/Atomized/Dombey_and_Son/Chapter_43/part_03.md | blocks 19045 | 657m | 29 blk/min | 11 links to repair
[886/2685] ok Authors/Dickens/Atomized/Dombey_and_Son/Chapter_43/part_04.md | blocks 19063 | 658m | 29 blk/min | 8 links to repair
[887/2685] ok Authors/Dickens/Atomized/Dombey_and_Son/Chapter_43/part_06.md | blocks 19080 | 659m | 29 blk/min | 18 links to repair
[888/2685] ok Authors/Dickens/Atomized/Dombey_and_Son/Chapter_43/part_05.md | blocks 19097 | 659m | 29 blk/min | 16 links to repair
[889/2685] ok Authors/Dickens/Atomized/Dombey_and_Son/Chapter_44/part_01.md | blocks 19119 | 660m | 29 blk/min | 20 links to repair
[890/2685] ok Authors/Dickens/Atomized/Dombey_and_Son/Chapter_44/part_02.md | blocks 19156 | 662m | 29 blk/min | 5 links to repair
[891/2685] ok Authors/Dickens/Atomized/Dombey_and_Son/Chapter_45/part_02.md | blocks 19176 | 663m | 29 blk/min | 8 links to repair
[892/2685] ok Authors/Dickens/Atomized/Dombey_and_Son/Chapter_45/part_01.md | blocks 19186 | 664m | 29 blk/min | 13 links to repair
[893/2685] ok Authors/Dickens/Atomized/Dombey_and_Son/Chapter_45/part_03.md | blocks 19232 | 664m | 29 blk/min | 8 links to repair
[894/2685] ok Authors/Dickens/Atomized/Dombey_and_Son/Chapter_46/part_01.md | blocks 19252 | 667m | 29 blk/min | 13 links to repair
[895/2685] ok Authors/Dickens/Atomized/Dombey_and_Son/Chapter_45/part_04.md | blocks 19291 | 667m | 29 blk/min | 5 links to repair
[896/2685] ok Authors/Dickens/Atomized/Dombey_and_Son/Chapter_46/part_03.md | blocks 19314 | 667m | 29 blk/min | 8 links to repair
[897/2685] ok Authors/Dickens/Atomized/Dombey_and_Son/Chapter_46/part_02.md | blocks 19339 | 667m | 29 blk/min | 15 links to repair
[898/2685] ok Authors/Dickens/Atomized/Dombey_and_Son/Chapter_46/part_05.md | blocks 19379 | 670m | 29 blk/min | 12 links to repair
[899/2685] ok Authors/Dickens/Atomized/Dombey_and_Son/Chapter_46/part_06.md | blocks 19397 | 670m | 29 blk/min | 8 links to repair
[900/2685] ok Authors/Dickens/Atomized/Dombey_and_Son/Chapter_46/part_07.md | blocks 19432 | 671m | 29 blk/min | 14 links to repair
[901/2685] ok Authors/Dickens/Atomized/Dombey_and_Son/Chapter_46/part_04.md | blocks 19445 | 671m | 29 blk/min | 22 links to repair
[902/2685] ok Authors/Dickens/Atomized/Dombey_and_Son/Chapter_47/part_02.md | blocks 19475 | 673m | 29 blk/min | 7 links to repair
[903/2685] ok Authors/Dickens/Atomized/Dombey_and_Son/Chapter_47/part_01.md | blocks 19499 | 673m | 29 blk/min | 11 links to repair
[904/2685] ok Authors/Dickens/Atomized/Dombey_and_Son/Chapter_47/part_04.md | blocks 19527 | 674m | 29 blk/min | 10 links to repair
[905/2685] ok Authors/Dickens/Atomized/Dombey_and_Son/Chapter_47/part_03.md | blocks 19554 | 674m | 29 blk/min | 11 links to repair
[906/2685] ok Authors/Dickens/Atomized/Dombey_and_Son/Chapter_47/part_05.md | blocks 19569 | 676m | 29 blk/min | 7 links to repair
[907/2685] ok Authors/Dickens/Atomized/Dombey_and_Son/Chapter_48/part_02.md | blocks 19597 | 676m | 29 blk/min | 13 links to repair
[908/2685] ok Authors/Dickens/Atomized/Dombey_and_Son/Chapter_48/part_01.md | blocks 19618 | 676m | 29 blk/min | 4 links to repair
[909/2685] ok Authors/Dickens/Atomized/Dombey_and_Son/Chapter_48/part_03.md | blocks 19638 | 678m | 29 blk/min | 15 links to repair
[910/2685] ok Authors/Dickens/Atomized/Dombey_and_Son/Chapter_48/part_06.md | blocks 19646 | 679m | 29 blk/min | 10 links to repair
[911/2685] ok Authors/Dickens/Atomized/Dombey_and_Son/Chapter_48/part_04.md | blocks 19664 | 679m | 29 blk/min | 12 links to repair
[912/2685] ok Authors/Dickens/Atomized/Dombey_and_Son/Chapter_49/part_01.md | blocks 19691 | 680m | 29 blk/min | 7 links to repair
[913/2685] ok Authors/Dickens/Atomized/Dombey_and_Son/Chapter_48/part_05.md | blocks 19701 | 681m | 29 blk/min | 18 links to repair
[914/2685] ok Authors/Dickens/Atomized/Dombey_and_Son/Chapter_49/part_02.md | blocks 19733 | 681m | 29 blk/min | 8 links to repair
[915/2685] ok Authors/Dickens/Atomized/Dombey_and_Son/Chapter_49/part_03.md | blocks 19760 | 682m | 29 blk/min | 10 links to repair
[916/2685] ok Authors/Dickens/Atomized/Dombey_and_Son/Chapter_50/part_01.md | blocks 19792 | 683m | 29 blk/min | 5 links to repair
[917/2685] ok Authors/Dickens/Atomized/Dombey_and_Son/Chapter_49/part_04.md | blocks 19838 | 683m | 29 blk/min | 13 links to repair
[918/2685] ok Authors/Dickens/Atomized/Dombey_and_Son/Chapter_50/part_02.md | blocks 19864 | 684m | 29 blk/min | 13 links to repair
[919/2685] ok Authors/Dickens/Atomized/Dombey_and_Son/Chapter_50/part_03.md | blocks 19897 | 685m | 29 blk/min | 7 links to repair
[920/2685] ok Authors/Dickens/Atomized/Dombey_and_Son/Chapter_50/part_04.md | blocks 19924 | 685m | 29 blk/min | 10 links to repair
[921/2685] ok Authors/Dickens/Atomized/Dombey_and_Son/Chapter_50/part_05.md | blocks 19948 | 685m | 29 blk/min | 11 links to repair
[922/2685] ok Authors/Dickens/Atomized/Dombey_and_Son/Chapter_50/part_06.md | blocks 19974 | 687m | 29 blk/min | 7 links to repair
[923/2685] ok Authors/Dickens/Atomized/Dombey_and_Son/Chapter_50/part_07.md | blocks 20014 | 688m | 29 blk/min | 16 links to repair
REJECT Authors/Dickens/Atomized/Dombey_and_Son/Chapter_51/part_02.md: invented wikilink targets: ['L04>natura». Da quel momento in poi, Florence lottò con tutte le sue forze contro quella ferita crudele nel suo petto, cercando di pensare solo a colui il cui gesto l’aveva causata. Con speranza.\n\nSuo padre non lo sapeva; lei lo tenne nascosto da quel [[Time']
[925/2685] ok Authors/Dickens/Atomized/Dombey_and_Son/Chapter_51/part_01.md | blocks 20026 | 689m | 29 blk/min | 24 links to repair
[926/2685] ok Authors/Dickens/Atomized/Dombey_and_Son/Chapter_51/part_04.md | blocks 20054 | 690m | 29 blk/min | 8 links to repair
[927/2685] ok Authors/Dickens/Atomized/Dombey_and_Son/Chapter_51/part_03.md | blocks 20080 | 691m | 29 blk/min | 13 links to repair
[928/2685] ok Authors/Dickens/Atomized/Dombey_and_Son/Chapter_51/part_05.md | blocks 20103 | 692m | 29 blk/min | 12 links to repair
[929/2685] ok Authors/Dickens/Atomized/Dombey_and_Son/Chapter_51/part_06.md | blocks 20121 | 692m | 29 blk/min | 10 links to repair
[930/2685] ok Authors/Dickens/Atomized/Dombey_and_Son/Chapter_51/part_09.md | blocks 20137 | 695m | 29 blk/min | 7 links to repair
[931/2685] ok Authors/Dickens/Atomized/Dombey_and_Son/Chapter_51/part_08.md | blocks 20160 | 695m | 29 blk/min | 16 links to repair
[932/2685] ok Authors/Dickens/Atomized/Dombey_and_Son/Chapter_51/part_07.md | blocks 20181 | 696m | 29 blk/min | 10 links to repair
[933/2685] ok Authors/Dickens/Atomized/Dombey_and_Son/Chapter_52/part_01.md | blocks 20196 | 696m | 29 blk/min | 11 links to repair
[934/2685] ok Authors/Dickens/Atomized/Dombey_and_Son/Chapter_52/part_02.md | blocks 20231 | 698m | 29 blk/min | 17 links to repair
[935/2685] ok Authors/Dickens/Atomized/Dombey_and_Son/Chapter_52/part_03.md | blocks 20258 | 699m | 29 blk/min | 8 links to repair
[936/2685] ok Authors/Dickens/Atomized/Dombey_and_Son/Chapter_53/part_01.md | blocks 20284 | 699m | 29 blk/min | 15 links to repair
[937/2685] ok Authors/Dickens/Atomized/Dombey_and_Son/Chapter_52/part_04.md | blocks 20319 | 700m | 29 blk/min | 13 links to repair
[938/2685] ok Authors/Dickens/Atomized/Dombey_and_Son/Chapter_53/part_02.md | blocks 20340 | 701m | 29 blk/min | 11 links to repair
[939/2685] ok Authors/Dickens/Atomized/Dombey_and_Son/Chapter_53/part_04.md | blocks 20352 | 701m | 29 blk/min | 4 links to repair
[940/2685] ok Authors/Dickens/Atomized/Dombey_and_Son/Chapter_54/part_01.md | blocks 20395 | 702m | 29 blk/min | 7 links to repair
[941/2685] ok Authors/Dickens/Atomized/Dombey_and_Son/Chapter_53/part_03.md | blocks 20420 | 703m | 29 blk/min | 18 links to repair
[942/2685] ok Authors/Dickens/Atomized/Dombey_and_Son/Chapter_54/part_02.md | blocks 20447 | 704m | 29 blk/min | 6 links to repair
[943/2685] ok Authors/Dickens/Atomized/Dombey_and_Son/Chapter_54/part_03.md | blocks 20476 | 704m | 29 blk/min | 6 links to repair
[944/2685] ok Authors/Dickens/Atomized/Dombey_and_Son/Chapter_54/part_04.md | blocks 20510 | 705m | 29 blk/min | 11 links to repair
[945/2685] ok Authors/Dickens/Atomized/Dombey_and_Son/Chapter_54/part_05.md | blocks 20536 | 705m | 29 blk/min | 13 links to repair
[946/2685] ok Authors/Dickens/Atomized/Dombey_and_Son/Chapter_55/part_01.md | blocks 20553 | 706m | 29 blk/min | 14 links to repair
[947/2685] ok Authors/Dickens/Atomized/Dombey_and_Son/Chapter_54/part_06.md | blocks 20580 | 706m | 29 blk/min | 8 links to repair
[948/2685] ok Authors/Dickens/Atomized/Dombey_and_Son/Chapter_55/part_02.md | blocks 20606 | 707m | 29 blk/min | 6 links to repair
[949/2685] ok Authors/Dickens/Atomized/Dombey_and_Son/Chapter_55/part_03.md | blocks 20636 | 708m | 29 blk/min | 16 links to repair
[950/2685] ok Authors/Dickens/Atomized/Dombey_and_Son/Chapter_55/part_05.md | blocks 20662 | 709m | 29 blk/min | 9 links to repair
[951/2685] ok Authors/Dickens/Atomized/Dombey_and_Son/Chapter_55/part_04.md | blocks 20680 | 709m | 29 blk/min | 10 links to repair
[952/2685] ok Authors/Dickens/Atomized/Dombey_and_Son/Chapter_55/part_07.md | blocks 20691 | 710m | 29 blk/min | 6 links to repair
[953/2685] ok Authors/Dickens/Atomized/Dombey_and_Son/Chapter_55/part_06.md | blocks 20719 | 710m | 29 blk/min | 13 links to repair
[954/2685] ok Authors/Dickens/Atomized/Dombey_and_Son/Chapter_56/part_01.md | blocks 20741 | 712m | 29 blk/min | 20 links to repair
[955/2685] ok Authors/Dickens/Atomized/Dombey_and_Son/Chapter_56/part_02.md | blocks 20761 | 713m | 29 blk/min | 15 links to repair
[956/2685] ok Authors/Dickens/Atomized/Dombey_and_Son/Chapter_56/part_03.md | blocks 20788 | 714m | 29 blk/min | 11 links to repair
[957/2685] ok Authors/Dickens/Atomized/Dombey_and_Son/Chapter_56/part_04.md | blocks 20825 | 714m | 29 blk/min | 13 links to repair
[958/2685] ok Authors/Dickens/Atomized/Dombey_and_Son/Chapter_57/part_02.md | blocks 20858 | 715m | 29 blk/min | 9 links to repair
[959/2685] ok Authors/Dickens/Atomized/Dombey_and_Son/Chapter_57/part_01.md | blocks 20872 | 716m | 29 blk/min | 22 links to repair
[960/2685] ok Authors/Dickens/Atomized/Dombey_and_Son/Chapter_57/part_03.md | blocks 20885 | 716m | 29 blk/min | 11 links to repair
[961/2685] ok Authors/Dickens/Atomized/Dombey_and_Son/Chapter_57/part_04.md | blocks 20909 | 717m | 29 blk/min | 9 links to repair
[962/2685] ok Authors/Dickens/Atomized/Dombey_and_Son/Chapter_57/part_05.md | blocks 20923 | 717m | 29 blk/min | 9 links to repair
[963/2685] ok Authors/Dickens/Atomized/Dombey_and_Son/Chapter_58/part_01.md | blocks 20951 | 719m | 29 blk/min | 12 links to repair
[964/2685] ok Authors/Dickens/Atomized/Dombey_and_Son/Chapter_58/part_03.md | blocks 20982 | 719m | 29 blk/min | 16 links to repair
[965/2685] ok Authors/Dickens/Atomized/Dombey_and_Son/Chapter_58/part_02.md | blocks 21004 | 720m | 29 blk/min | 19 links to repair
[966/2685] ok Authors/Dickens/Atomized/Dombey_and_Son/Chapter_58/part_04.md | blocks 21023 | 721m | 29 blk/min | 15 links to repair
[967/2685] ok Authors/Dickens/Atomized/Dombey_and_Son/Chapter_58/part_05.md | blocks 21046 | 722m | 29 blk/min | 16 links to repair
[968/2685] ok Authors/Dickens/Atomized/Dombey_and_Son/Chapter_58/part_06.md | blocks 21073 | 722m | 29 blk/min | 5 links to repair
[969/2685] ok Authors/Dickens/Atomized/Dombey_and_Son/Chapter_59/part_02.md | blocks 21100 | 724m | 29 blk/min | 23 links to repair
[970/2685] ok Authors/Dickens/Atomized/Dombey_and_Son/Chapter_59/part_03.md | blocks 21124 | 725m | 29 blk/min | 7 links to repair
[971/2685] ok Authors/Dickens/Atomized/Dombey_and_Son/Chapter_59/part_01.md | blocks 21135 | 725m | 29 blk/min | 26 links to repair
[972/2685] ok Authors/Dickens/Atomized/Dombey_and_Son/Chapter_59/part_04.md | blocks 21149 | 726m | 29 blk/min | 11 links to repair
[973/2685] ok Authors/Dickens/Atomized/Dombey_and_Son/Chapter_59/part_05.md | blocks 21170 | 727m | 29 blk/min | 8 links to repair
[974/2685] ok Authors/Dickens/Atomized/Dombey_and_Son/Chapter_59/part_06.md | blocks 21183 | 729m | 29 blk/min | 12 links to repair
[975/2685] ok Authors/Dickens/Atomized/Dombey_and_Son/Chapter_60/part_01.md | blocks 21200 | 729m | 29 blk/min | 9 links to repair
[976/2685] ok Authors/Dickens/Atomized/Dombey_and_Son/Chapter_60/part_03.md | blocks 21237 | 729m | 29 blk/min | 5 links to repair
[977/2685] ok Authors/Dickens/Atomized/Dombey_and_Son/Chapter_60/part_02.md | blocks 21251 | 730m | 29 blk/min | 19 links to repair
[978/2685] ok Authors/Dickens/Atomized/Dombey_and_Son/Chapter_60/part_05.md | blocks 21269 | 732m | 29 blk/min | 15 links to repair
[979/2685] ok Authors/Dickens/Atomized/Dombey_and_Son/Chapter_60/part_06.md | blocks 21294 | 732m | 29 blk/min | 6 links to repair
[980/2685] ok Authors/Dickens/Atomized/Dombey_and_Son/Chapter_60/part_04.md | blocks 21316 | 732m | 29 blk/min | 19 links to repair
[981/2685] ok Authors/Dickens/Atomized/Dombey_and_Son/Chapter_61/part_02.md | blocks 21348 | 734m | 29 blk/min | 7 links to repair
[982/2685] ok Authors/Dickens/Atomized/Dombey_and_Son/Chapter_60/part_07.md | blocks 21359 | 734m | 29 blk/min | 13 links to repair
[983/2685] ok Authors/Dickens/Atomized/Dombey_and_Son/Chapter_61/part_03.md | blocks 21384 | 735m | 29 blk/min | 14 links to repair
[984/2685] ok Authors/Dickens/Atomized/Dombey_and_Son/Chapter_61/part_01.md | blocks 21399 | 735m | 29 blk/min | 15 links to repair
[985/2685] ok Authors/Dickens/Atomized/Dombey_and_Son/Chapter_61/part_05.md | blocks 21437 | 737m | 29 blk/min | 6 links to repair
[986/2685] ok Authors/Dickens/Atomized/Dombey_and_Son/Chapter_61/part_04.md | blocks 21456 | 738m | 29 blk/min | 16 links to repair
[987/2685] ok Authors/Dickens/Atomized/Dombey_and_Son/Chapter_62/part_01.md | blocks 21488 | 738m | 29 blk/min | 9 links to repair
[988/2685] ok Authors/Dickens/Atomized/Dombey_and_Son/Chapter_62/part_02.md | blocks 21514 | 738m | 29 blk/min | 16 links to repair
[989/2685] ok Authors/Dickens/Atomized/Dombey_and_Son/Chapter_62/part_03.md | blocks 21552 | 739m | 29 blk/min | 9 links to repair
[990/2685] ok Authors/Dickens/Atomized/Dombey_and_Son/Chapter_62/part_05.md | blocks 21565 | 739m | 29 blk/min | 3 links to repair
[991/2685] ok Authors/Dickens/Atomized/Dombey_and_Son/Chapter_62/part_04.md | blocks 21607 | 741m | 29 blk/min | 7 links to repair
[992/2685] ok Authors/Dickens/Atomized/Dombey_and_Son/Chapter_63/part_03.md | blocks 21623 | 741m | 29 blk/min | 23 links to repair
[993/2685] ok Authors/Dickens/Atomized/Dombey_and_Son/Chapter_63/part_02.md | blocks 21650 | 742m | 29 blk/min | 9 links to repair
[994/2685] ok Authors/Dickens/Atomized/Dombey_and_Son/Chapter_63/part_01.md | blocks 21663 | 742m | 29 blk/min | 19 links to repair
[995/2685] ok Authors/Dickens/Atomized/Dombey_and_Son/Chapter_63/part_04.md | blocks 21696 | 743m | 29 blk/min | 10 links to repair
[996/2685] ok Authors/Dickens/Atomized/Dombey_and_Son/Chapter_63/part_05.md | blocks 21709 | 745m | 29 blk/min | 7 links to repair
[997/2685] ok Authors/Dickens/Atomized/Dombey_and_Son/Chapter_64/part_01.md | blocks 21719 | 746m | 29 blk/min | 21 links to repair
[998/2685] ok Authors/Dickens/Atomized/Dombey_and_Son/Chapter_64/part_02.md | blocks 21738 | 746m | 29 blk/min | 12 links to repair
[999/2685] ok Authors/Dickens/Atomized/Dombey_and_Son/Chapter_64/part_03.md | blocks 21756 | 747m | 29 blk/min | 9 links to repair
[1000/2685] ok Authors/Dickens/Atomized/Dombey_and_Son/Chapter_64/part_04.md | blocks 21787 | 748m | 29 blk/min | 15 links to repair
[1001/2685] ok Authors/Dickens/Atomized/Dombey_and_Son/Chapter_65/part_02.md | blocks 21810 | 748m | 29 blk/min | 10 links to repair
[1002/2685] ok Authors/Dickens/Atomized/Dombey_and_Son/Chapter_65/part_01.md | blocks 21836 | 749m | 29 blk/min | 19 links to repair
[1003/2685] ok Authors/Dickens/Atomized/Dombey_and_Son/Chapter_65/part_03.md | blocks 21852 | 750m | 29 blk/min | 19 links to repair
[1004/2685] ok Authors/Dickens/Atomized/Dombey_and_Son/Chapter_66/part_01.md | blocks 21872 | 751m | 29 blk/min | 6 links to repair
[1005/2685] ok Authors/Dickens/Atomized/Dombey_and_Son/Chapter_65/part_04.md | blocks 21907 | 751m | 29 blk/min | 13 links to repair
[1006/2685] ok Authors/Dickens/Atomized/Dombey_and_Son/Chapter_66/part_02.md | blocks 21932 | 752m | 29 blk/min | 5 links to repair
[1007/2685] ok Authors/Dickens/Atomized/Dombey_and_Son/Chapter_66/part_03.md | blocks 21959 | 752m | 29 blk/min | 8 links to repair
[1008/2685] ok Authors/Dickens/Atomized/Dombey_and_Son/Chapter_66/part_04.md | blocks 21972 | 753m | 29 blk/min | 8 links to repair
[1009/2685] ok Authors/Dickens/Atomized/Dombey_and_Son/Chapter_67/part_01.md | blocks 21983 | 753m | 29 blk/min | 8 links to repair
[1010/2685] ok Authors/Dickens/Atomized/Dombey_and_Son/Chapter_67/part_02.md | blocks 22006 | 754m | 29 blk/min | 12 links to repair
[1011/2685] ok Authors/Dickens/Atomized/Dombey_and_Son/Chapter_67/part_03.md | blocks 22032 | 755m | 29 blk/min | 11 links to repair
[1012/2685] ok Authors/Dickens/Atomized/Dombey_and_Son/Chapter_67/part_04.md | blocks 22047 | 756m | 29 blk/min | 6 links to repair
[1013/2685] ok Authors/Dickens/Atomized/Dombey_and_Son/Chapter_67/part_05.md | blocks 22067 | 757m | 29 blk/min | 10 links to repair
[1014/2685] ok Authors/Dickens/Atomized/Dombey_and_Son/Chapter_67/part_07.md | blocks 22078 | 758m | 29 blk/min | 4 links to repair
[1015/2685] ok Authors/Dickens/Atomized/Dombey_and_Son/Chapter_67/part_06.md | blocks 22098 | 758m | 29 blk/min | 12 links to repair
[1016/2685] ok Authors/Dickens/Atomized/Dombey_and_Son/Chapter_68/part_03.md | blocks 22122 | 760m | 29 blk/min | 8 links to repair
[1017/2685] ok Authors/Dickens/Atomized/Dombey_and_Son/Chapter_68/part_02.md | blocks 22146 | 760m | 29 blk/min | 6 links to repair
REJECT Authors/Dickens/Atomized/Dombey_and_Son/Chapter_68/part_01.md: invented wikilink targets: ['L03>natura】: è una parte fondamentale della pesante punizione che essa stessa si infligge. Mentre rispetto e concessioni alimentano le sue qualità malvagie, anche la resistenza e il mettere in discussione le sue pretese esagerate contribuiscono alla sua crescita. Il male che è in essa trova ugualmente i mezzi per svilupparsi e diffondersi sia negli opposti: trae forza sia dai piaceri che dalle sofferenze; sia quando viene umiliato sia quando rimane ignorato, continua a schiavizzare il cuore nel quale ha il suo “trono”; e, sia adorato che rifiutato, rimane un padrone altrettanto duro del Diavolo nelle favole oscure.\n\nVerso la sua prima moglie, il signor Dombey, con la sua fredda e arrogante superiorità, si era comportato come se fosse davvero l’essere distaccato che quasi si considerava. Era stato “il signor Dombey” quando lei lo aveva conosciuto per la prima volta, ed era ancora “il signor Dombey” quando lei è morta. Aveva sempre affermato la propria [[Greatness']
[1019/2685] ok Authors/Dickens/Atomized/Dombey_and_Son/Chapter_68/part_04.md | blocks 22169 | 762m | 29 blk/min | 9 links to repair
[1020/2685] ok Authors/Dickens/Atomized/Dombey_and_Son/Chapter_68/part_06.md | blocks 22195 | 763m | 29 blk/min | 9 links to repair
[1021/2685] ok Authors/Dickens/Atomized/Dombey_and_Son/Chapter_68/part_05.md | blocks 22227 | 764m | 29 blk/min | 8 links to repair
[1022/2685] ok Authors/Dickens/Atomized/Dombey_and_Son/Chapter_69/part_02.md | blocks 22248 | 764m | 29 blk/min | 12 links to repair
[1023/2685] ok Authors/Dickens/Atomized/Dombey_and_Son/Chapter_69/part_01.md | blocks 22273 | 764m | 29 blk/min | 11 links to repair
[1024/2685] ok Authors/Dickens/Atomized/Dombey_and_Son/Chapter_70/part_01.md | blocks 22304 | 767m | 29 blk/min | 11 links to repair
[1025/2685] ok Authors/Dickens/Atomized/Dombey_and_Son/Chapter_69/part_04.md | blocks 22331 | 767m | 29 blk/min | 9 links to repair
[1026/2685] ok Authors/Dickens/Atomized/Dombey_and_Son/Chapter_69/part_03.md | blocks 22353 | 767m | 29 blk/min | 15 links to repair
[1027/2685] ok Authors/Dickens/Atomized/Dombey_and_Son/Chapter_70/part_02.md | blocks 22378 | 768m | 29 blk/min | 10 links to repair
[1028/2685] ok Authors/Dickens/Atomized/Dombey_and_Son/Chapter_70/part_04.md | blocks 22403 | 770m | 29 blk/min | 4 links to repair
[1029/2685] ok Authors/Dickens/Atomized/Dombey_and_Son/Chapter_70/part_05.md | blocks 22418 | 770m | 29 blk/min | 16 links to repair
[1030/2685] ok Authors/Dickens/Atomized/Dombey_and_Son/Chapter_70/part_03.md | blocks 22445 | 770m | 29 blk/min | 9 links to repair
[1031/2685] ok Authors/Dickens/Atomized/Dombey_and_Son/Chapter_70/part_06.md | blocks 22468 | 771m | 29 blk/min | 9 links to repair
[1032/2685] ok Authors/Dickens/Atomized/Dombey_and_Son/Chapter_72/part_01.md | blocks 22492 | 775m | 29 blk/min | 10 links to repair
[1033/2685] ok Authors/Dickens/Atomized/Dombey_and_Son/Chapter_71/part_02.md | blocks 22509 | 775m | 29 blk/min | 15 links to repair
[1034/2685] ok Authors/Dickens/Atomized/Dombey_and_Son/Chapter_71/part_01.md | blocks 22524 | 775m | 29 blk/min | 24 links to repair
[1035/2685] ok Authors/Dickens/Atomized/Dombey_and_Son/Chapter_71/part_03.md | blocks 22566 | 775m | 29 blk/min | 12 links to repair
[1036/2685] ok Authors/Dickens/Atomized/Dombey_and_Son/Chapter_72/part_03.md | blocks 22593 | 777m | 29 blk/min | 5 links to repair
[1037/2685] ok Authors/Dickens/Atomized/Dombey_and_Son/Chapter_73/part_01.md | blocks 22623 | 778m | 29 blk/min | 9 links to repair
[1038/2685] ok Authors/Dickens/Atomized/Dombey_and_Son/Chapter_72/part_02.md | blocks 22649 | 778m | 29 blk/min | 15 links to repair
[1039/2685] ok Authors/Dickens/Atomized/Dombey_and_Son/Chapter_72/part_04.md | blocks 22671 | 778m | 29 blk/min | 10 links to repair
[1040/2685] ok Authors/Dickens/Atomized/Dombey_and_Son/Chapter_73/part_02.md | blocks 22695 | 779m | 29 blk/min | 4 links to repair
REJECT Authors/Dickens/Atomized/Dombey_and_Son/Chapter_73/part_03.md: invented wikilink targets: ['L02>speranza”!\n\nQuest’uomo, intanto, tornò a [[Home']
[1042/2685] ok Authors/Dickens/Atomized/Dombey_and_Son/Chapter_74/part_02.md | blocks 22718 | 781m | 29 blk/min | 14 links to repair
[1043/2685] ok Authors/Dickens/Atomized/Dombey_and_Son/Chapter_74/part_03.md | blocks 22764 | 781m | 29 blk/min | 8 links to repair
[1044/2685] ok Authors/Dickens/Atomized/Dombey_and_Son/Chapter_74/part_01.md | blocks 22785 | 782m | 29 blk/min | 6 links to repair
[1045/2685] ok Authors/Dickens/Atomized/Dombey_and_Son/Chapter_74/part_04.md | blocks 22814 | 784m | 29 blk/min | 8 links to repair
[1046/2685] ok Authors/Dickens/Atomized/Dombey_and_Son/Chapter_74/part_05.md | blocks 22830 | 784m | 29 blk/min | 12 links to repair
[1047/2685] ok Authors/Dickens/Atomized/Dombey_and_Son/Chapter_75/part_01.md | blocks 22840 | 785m | 29 blk/min | 20 links to repair
[1048/2685] ok Authors/Dickens/Atomized/Dombey_and_Son/Chapter_75/part_02.md | blocks 22870 | 785m | 29 blk/min | 12 links to repair
[1049/2685] ok Authors/Dickens/Atomized/Dombey_and_Son/Chapter_75/part_04.md | blocks 22904 | 786m | 29 blk/min | 5 links to repair
[1050/2685] ok Authors/Dickens/Atomized/Dombey_and_Son/Chapter_75/part_05.md | blocks 22926 | 787m | 29 blk/min | 9 links to repair
[1051/2685] ok Authors/Dickens/Atomized/Dombey_and_Son/Chapter_75/part_06.md | blocks 22942 | 788m | 29 blk/min | 10 links to repair
[1052/2685] ok Authors/Dickens/Atomized/Dombey_and_Son/Chapter_75/part_03.md | blocks 22956 | 788m | 29 blk/min | 13 links to repair
[1053/2685] ok Authors/Dickens/Atomized/Dombey_and_Son/Chapter_75/part_08.md | blocks 22970 | 789m | 29 blk/min | 5 links to repair
[1054/2685] ok Authors/Dickens/Atomized/Dombey_and_Son/Chapter_75/part_07.md | blocks 22999 | 789m | 29 blk/min | 9 links to repair
[1055/2685] ok Authors/Dickens/Atomized/Dombey_and_Son/Chapter_76/part_02.md | blocks 23025 | 791m | 29 blk/min | 6 links to repair
[1056/2685] ok Authors/Dickens/Atomized/Dombey_and_Son/Chapter_76/part_01.md | blocks 23045 | 791m | 29 blk/min | 7 links to repair
[1057/2685] ok Authors/Dickens/Atomized/Dombey_and_Son/Chapter_76/part_03.md | blocks 23072 | 791m | 29 blk/min | 11 links to repair
[1058/2685] ok Authors/Dickens/Atomized/Dombey_and_Son/Chapter_77/part_02.md | blocks 23095 | 793m | 29 blk/min | 11 links to repair
[1059/2685] ok Authors/Dickens/Atomized/Dombey_and_Son/Chapter_76/part_04.md | blocks 23133 | 794m | 29 blk/min | 12 links to repair
[1060/2685] ok Authors/Dickens/Atomized/Dombey_and_Son/Chapter_77/part_01.md | blocks 23153 | 794m | 29 blk/min | 21 links to repair
[1061/2685] ok Authors/Dickens/Atomized/Dombey_and_Son/Chapter_77/part_03.md | blocks 23165 | 794m | 29 blk/min | 16 links to repair
[1062/2685] ok Authors/Dickens/Atomized/Dombey_and_Son/Chapter_77/part_04.md | blocks 23192 | 795m | 29 blk/min | 9 links to repair
[1063/2685] ok Authors/Dickens/Atomized/Dombey_and_Son/Chapter_77/part_05.md | blocks 23217 | 797m | 29 blk/min | 22 links to repair
[1064/2685] ok Authors/Dickens/Atomized/Dombey_and_Son/Chapter_77/part_06.md | blocks 23243 | 797m | 29 blk/min | 11 links to repair
[1065/2685] ok Authors/Dickens/Atomized/Dombey_and_Son/Chapter_77/part_07.md | blocks 23270 | 797m | 29 blk/min | 8 links to repair
[1066/2685] ok Authors/Dickens/Atomized/Dombey_and_Son/Chapter_78/part_01.md | blocks 23282 | 799m | 29 blk/min | 15 links to repair
[1067/2685] ok Authors/Dickens/Atomized/Dombey_and_Son/Chapter_78/part_04.md | blocks 23306 | 799m | 29 blk/min | 11 links to repair
[1068/2685] ok Authors/Dickens/Atomized/Dombey_and_Son/Chapter_78/part_03.md | blocks 23333 | 799m | 29 blk/min | 10 links to repair
[1069/2685] ok Authors/Dickens/Atomized/Dombey_and_Son/Chapter_78/part_02.md | blocks 23363 | 800m | 29 blk/min | 9 links to repair
[1070/2685] ok Authors/Dickens/Atomized/Dombey_and_Son/Chapter_78/part_05.md | blocks 23379 | 801m | 29 blk/min | 11 links to repair
[1071/2685] ok Authors/Dickens/Atomized/Dombey_and_Son/Chapter_78/part_06.md | blocks 23415 | 801m | 29 blk/min | 15 links to repair
[1072/2685] ok Authors/Dickens/Atomized/Dombey_and_Son/Chapter_78/part_07.md | blocks 23444 | 801m | 29 blk/min | 9 links to repair
[1073/2685] ok Authors/Dickens/Atomized/Dombey_and_Son/Chapter_79/part_01.md | blocks 23469 | 802m | 29 blk/min | 9 links to repair
[1074/2685] ok Authors/Dickens/Atomized/Dombey_and_Son/Chapter_79/part_02.md | blocks 23496 | 803m | 29 blk/min | 12 links to repair
[1075/2685] ok Authors/Dickens/Atomized/Dombey_and_Son/Chapter_80/part_01.md | blocks 23527 | 804m | 29 blk/min | 2 links to repair
[1076/2685] ok Authors/Dickens/Atomized/Dombey_and_Son/Chapter_79/part_03.md | blocks 23542 | 804m | 29 blk/min | 20 links to repair
[1077/2685] ok Authors/Dickens/Atomized/Dombey_and_Son/Chapter_80/part_02.md | blocks 23578 | 804m | 29 blk/min | 3 links to repair
[1078/2685] ok Authors/Dickens/Atomized/Dombey_and_Son/Chapter_80/part_03.md | blocks 23619 | 805m | 29 blk/min | 7 links to repair
[1079/2685] ok Authors/Dickens/Atomized/Dombey_and_Son/Chapter_80/part_04.md | blocks 23655 | 806m | 29 blk/min | 3 links to repair
[1080/2685] ok Authors/Dickens/Atomized/Dombey_and_Son/Chapter_80/part_05.md | blocks 23686 | 806m | 29 blk/min | 9 links to repair
[1081/2685] ok Authors/Dickens/Atomized/Dombey_and_Son/Chapter_80/part_06.md | blocks 23701 | 806m | 29 blk/min | 6 links to repair
[1082/2685] ok Authors/Dickens/Atomized/Dombey_and_Son/Chapter_81/part_02.md | blocks 23734 | 808m | 29 blk/min | 7 links to repair
[1083/2685] ok Authors/Dickens/Atomized/Dombey_and_Son/Chapter_81/part_01.md | blocks 23752 | 808m | 29 blk/min | 16 links to repair
[1084/2685] ok Authors/Dickens/Atomized/Dombey_and_Son/Chapter_81/part_04.md | blocks 23772 | 809m | 29 blk/min | 13 links to repair
[1085/2685] ok Authors/Dickens/Atomized/Dombey_and_Son/Chapter_81/part_03.md | blocks 23790 | 810m | 29 blk/min | 9 links to repair
[1086/2685] ok Authors/Dickens/Atomized/Dombey_and_Son/Chapter_81/part_05.md | blocks 23816 | 811m | 29 blk/min | 7 links to repair
[1087/2685] ok Authors/Dickens/Atomized/Dombey_and_Son/Chapter_82/part_01.md | blocks 23837 | 812m | 29 blk/min | 8 links to repair
[1088/2685] ok Authors/Dickens/Atomized/Dombey_and_Son/Chapter_81/part_06.md | blocks 23872 | 812m | 29 blk/min | 11 links to repair
[1089/2685] ok Authors/Dickens/Atomized/Dombey_and_Son/Chapter_82/part_02.md | blocks 23907 | 813m | 29 blk/min | 8 links to repair
[1090/2685] ok Authors/Dickens/Atomized/Dombey_and_Son/Chapter_82/part_03.md | blocks 23931 | 815m | 29 blk/min | 12 links to repair
[1091/2685] ok Authors/Dickens/Atomized/Dombey_and_Son/Chapter_82/part_04.md | blocks 23962 | 815m | 29 blk/min | 12 links to repair
REJECT Authors/Dickens/Atomized/Dombey_and_Son/Chapter_83/part_01.md: invented wikilink targets: ['L06>paura】. Forse anche un certo senso di solidarietà verso il fallimento di tutti i suoi progetti. Tutto ciò lo spinse a tornare indietro, verso l’Inghilterra.\n\n“Lì sono comunque più al sicuro. Se mai decidessi,” pensò,  \n“di incontrare questo [[Fool']
[1093/2685] ok Authors/Dickens/Atomized/Dombey_and_Son/Chapter_83/part_02.md | blocks 23986 | 816m | 29 blk/min | 14 links to repair
[1094/2685] ok Authors/Dickens/Atomized/Dombey_and_Son/Chapter_83/part_05.md | blocks 24003 | 818m | 29 blk/min | 3 links to repair
[1095/2685] ok Authors/Dickens/Atomized/Dombey_and_Son/Chapter_84/part_01.md | blocks 24033 | 819m | 29 blk/min | 5 links to repair
[1096/2685] ok Authors/Dickens/Atomized/Dombey_and_Son/Chapter_83/part_03.md | blocks 24045 | 819m | 29 blk/min | 19 links to repair
[1097/2685] ok Authors/Dickens/Atomized/Dombey_and_Son/Chapter_83/part_04.md | blocks 24072 | 820m | 29 blk/min | 16 links to repair
[1098/2685] ok Authors/Dickens/Atomized/Dombey_and_Son/Chapter_84/part_02.md | blocks 24095 | 821m | 29 blk/min | 10 links to repair
[1099/2685] ok Authors/Dickens/Atomized/Dombey_and_Son/Chapter_84/part_03.md | blocks 24113 | 822m | 29 blk/min | 11 links to repair
[1100/2685] ok Authors/Dickens/Atomized/Dombey_and_Son/Chapter_84/part_05.md | blocks 24124 | 823m | 29 blk/min | 17 links to repair
[1101/2685] ok Authors/Dickens/Atomized/Dombey_and_Son/Chapter_84/part_06.md | blocks 24145 | 824m | 29 blk/min | 9 links to repair
[1102/2685] ok Authors/Dickens/Atomized/Dombey_and_Son/Chapter_84/part_04.md | blocks 24174 | 824m | 29 blk/min | 17 links to repair
[1103/2685] ok Authors/Dickens/Atomized/Dombey_and_Son/Chapter_84/part_09.md | blocks 24190 | 825m | 29 blk/min | 3 links to repair
[1104/2685] ok Authors/Dickens/Atomized/Dombey_and_Son/Chapter_84/part_07.md | blocks 24223 | 826m | 29 blk/min | 9 links to repair
[1105/2685] ok Authors/Dickens/Atomized/Dombey_and_Son/Chapter_84/part_08.md | blocks 24247 | 826m | 29 blk/min | 7 links to repair
[1106/2685] ok Authors/Dickens/Atomized/Dombey_and_Son/Chapter_85/part_01.md | blocks 24271 | 827m | 29 blk/min | 10 links to repair
[1107/2685] ok Authors/Dickens/Atomized/Dombey_and_Son/Chapter_85/part_02.md | blocks 24291 | 829m | 29 blk/min | 10 links to repair
[1108/2685] ok Authors/Dickens/Atomized/Dombey_and_Son/Chapter_85/part_03.md | blocks 24318 | 830m | 29 blk/min | 9 links to repair
[1109/2685] ok Authors/Dickens/Atomized/Dombey_and_Son/Chapter_86/part_02.md | blocks 24342 | 831m | 29 blk/min | 15 links to repair
[1110/2685] ok Authors/Dickens/Atomized/Dombey_and_Son/Chapter_86/part_01.md | blocks 24352 | 832m | 29 blk/min | 18 links to repair
[1111/2685] ok Authors/Dickens/Atomized/Dombey_and_Son/Chapter_86/part_03.md | blocks 24375 | 832m | 29 blk/min | 11 links to repair
[1112/2685] ok Authors/Dickens/Atomized/Dombey_and_Son/Chapter_86/part_04.md | blocks 24400 | 833m | 29 blk/min | 12 links to repair
[1113/2685] ok Authors/Dickens/Atomized/Dombey_and_Son/Chapter_86/part_05.md | blocks 24435 | 834m | 29 blk/min | 12 links to repair
[1114/2685] ok Authors/Dickens/Atomized/Dombey_and_Son/Chapter_86/part_06.md | blocks 24456 | 834m | 29 blk/min | 6 links to repair
[1115/2685] ok Authors/Dickens/Atomized/Dombey_and_Son/Chapter_87/part_01.md | blocks 24468 | 835m | 29 blk/min | 15 links to repair
[1116/2685] ok Authors/Dickens/Atomized/Dombey_and_Son/Chapter_87/part_02.md | blocks 24487 | 836m | 29 blk/min | 14 links to repair
[1117/2685] ok Authors/Dickens/Atomized/Dombey_and_Son/Chapter_87/part_03.md | blocks 24503 | 836m | 29 blk/min | 17 links to repair
[1118/2685] ok Authors/Dickens/Atomized/Dombey_and_Son/Chapter_87/part_04.md | blocks 24528 | 838m | 29 blk/min | 14 links to repair
[1119/2685] ok Authors/Dickens/Atomized/Dombey_and_Son/Chapter_88/part_01.md | blocks 24544 | 840m | 29 blk/min | 9 links to repair
[1120/2685] ok Authors/Dickens/Atomized/Dombey_and_Son/Chapter_87/part_07.md | blocks 24589 | 840m | 29 blk/min | 22 links to repair
[1121/2685] ok Authors/Dickens/Atomized/Dombey_and_Son/Chapter_87/part_06.md | blocks 24605 | 840m | 29 blk/min | 14 links to repair
[1122/2685] ok Authors/Dickens/Atomized/Dombey_and_Son/Chapter_87/part_05.md | blocks 24620 | 840m | 29 blk/min | 19 links to repair
[1123/2685] ok Authors/Dickens/Atomized/Dombey_and_Son/Chapter_88/part_05.md | blocks 24630 | 842m | 29 blk/min | 6 links to repair
[1124/2685] ok Authors/Dickens/Atomized/Dombey_and_Son/Chapter_88/part_03.md | blocks 24652 | 842m | 29 blk/min | 12 links to repair
[1125/2685] ok Authors/Dickens/Atomized/Dombey_and_Son/Chapter_88/part_04.md | blocks 24682 | 842m | 29 blk/min | 14 links to repair
[1126/2685] ok Authors/Dickens/Atomized/Dombey_and_Son/Chapter_88/part_02.md | blocks 24710 | 843m | 29 blk/min | 10 links to repair
[1127/2685] ok Authors/Dickens/Atomized/Dombey_and_Son/Chapter_89/part_02.md | blocks 24733 | 844m | 29 blk/min | 15 links to repair
[1128/2685] ok Authors/Dickens/Atomized/Dombey_and_Son/Chapter_89/part_03.md | blocks 24759 | 845m | 29 blk/min | 12 links to repair
[1129/2685] ok Authors/Dickens/Atomized/Dombey_and_Son/Chapter_89/part_04.md | blocks 24779 | 845m | 29 blk/min | 8 links to repair
[1130/2685] ok Authors/Dickens/Atomized/Dombey_and_Son/Chapter_89/part_05.md | blocks 24804 | 846m | 29 blk/min | 11 links to repair
[1131/2685] ok Authors/Dickens/Atomized/Dombey_and_Son/Chapter_89/part_01.md | blocks 24823 | 846m | 29 blk/min | 9 links to repair
[1132/2685] ok Authors/Dickens/Atomized/Dombey_and_Son/Chapter_90/part_01.md | blocks 24852 | 847m | 29 blk/min | 13 links to repair
[1133/2685] ok Authors/Dickens/Atomized/Little_Dorrit/Chapter_01_Poverty_POVERTY.md | blocks 24855 | 847m | 29 blk/min | 4 links to repair
[1134/2685] ok Authors/Dickens/Atomized/Dombey_and_Son/Chapter_90/part_02.md | blocks 24884 | 848m | 29 blk/min | 6 links to repair
[1135/2685] ok Authors/Dickens/Atomized/Dombey_and_Son/Chapter_90/part_03.md | blocks 24900 | 848m | 29 blk/min | 9 links to repair
[1136/2685] ok Authors/Dickens/Atomized/Little_Dorrit/Chapter_02_RICHES.md | blocks 24911 | 849m | 29 blk/min | 18 links to repair
[1137/2685] ok Authors/Dickens/Atomized/Little_Dorrit/Chapter_03_Sun_and_Shadow/part_03.md | blocks 24951 | 851m | 29 blk/min | 11 links to repair
[1138/2685] ok Authors/Dickens/Atomized/Little_Dorrit/Chapter_03_Sun_and_Shadow/part_02.md | blocks 24975 | 851m | 29 blk/min | 17 links to repair
[1139/2685] ok Authors/Dickens/Atomized/Little_Dorrit/Chapter_03_Sun_and_Shadow/part_01.md | blocks 24988 | 851m | 29 blk/min | 7 links to repair
[1140/2685] ok Authors/Dickens/Atomized/Little_Dorrit/Chapter_03_Sun_and_Shadow/part_04.md | blocks 25011 | 852m | 29 blk/min | 5 links to repair
[1141/2685] ok Authors/Dickens/Atomized/Little_Dorrit/Chapter_04_Fellow_Travellers/part_01.md | blocks 25049 | 854m | 29 blk/min | 9 links to repair
[1142/2685] ok Authors/Dickens/Atomized/Little_Dorrit/Chapter_04_Fellow_Travellers/part_02.md | blocks 25068 | 854m | 29 blk/min | 17 links to repair
[1143/2685] ok Authors/Dickens/Atomized/Little_Dorrit/Chapter_04_Fellow_Travellers/part_03.md | blocks 25094 | 854m | 29 blk/min | 6 links to repair
[1144/2685] ok Authors/Dickens/Atomized/Little_Dorrit/Chapter_04_Fellow_Travellers/part_05.md | blocks 25118 | 856m | 29 blk/min | 2 links to repair
[1145/2685] ok Authors/Dickens/Atomized/Little_Dorrit/Chapter_03_Sun_and_Shadow/part_05.md | blocks 25145 | 856m | 29 blk/min | 17 links to repair
[1146/2685] ok Authors/Dickens/Atomized/Little_Dorrit/Chapter_04_Fellow_Travellers/part_04.md | blocks 25175 | 857m | 29 blk/min | 10 links to repair
[1147/2685] ok Authors/Dickens/Atomized/Little_Dorrit/Chapter_05_Home/part_01.md | blocks 25187 | 858m | 29 blk/min | 32 links to repair
[1148/2685] ok Authors/Dickens/Atomized/Little_Dorrit/Chapter_05_Home/part_04.md | blocks 25216 | 860m | 29 blk/min | 17 links to repair
[1149/2685] ok Authors/Dickens/Atomized/Little_Dorrit/Chapter_05_Home/part_03.md | blocks 25244 | 860m | 29 blk/min | 14 links to repair
[1150/2685] ok Authors/Dickens/Atomized/Little_Dorrit/Chapter_05_Home/part_02.md | blocks 25263 | 860m | 29 blk/min | 14 links to repair
[1151/2685] ok Authors/Dickens/Atomized/Little_Dorrit/Chapter_05_Home/part_05.md | blocks 25300 | 861m | 29 blk/min | 20 links to repair
[1152/2685] ok Authors/Dickens/Atomized/Little_Dorrit/Chapter_07_Family_Affairs/part_01.md | blocks 25334 | 863m | 29 blk/min | 9 links to repair
[1153/2685] ok Authors/Dickens/Atomized/Little_Dorrit/Chapter_07_Family_Affairs/part_02.md | blocks 25361 | 863m | 29 blk/min | 9 links to repair
[1154/2685] ok Authors/Dickens/Atomized/Little_Dorrit/Chapter_06_Mrs_Flintwinch_has_A_Dream_a_D.md | blocks 25391 | 864m | 29 blk/min | 14 links to repair
[1155/2685] ok Authors/Dickens/Atomized/Little_Dorrit/Chapter_07_Family_Affairs/part_03.md | blocks 25414 | 864m | 29 blk/min | 6 links to repair
[1156/2685] ok Authors/Dickens/Atomized/Little_Dorrit/Chapter_08_The_Father_of_the_Marshalsea/part_01.md | blocks 25446 | 865m | 29 blk/min | 13 links to repair
[1157/2685] ok Authors/Dickens/Atomized/Little_Dorrit/Chapter_08_The_Father_of_the_Marshalsea/part_02.md | blocks 25466 | 866m | 29 blk/min | 9 links to repair
[1158/2685] ok Authors/Dickens/Atomized/Little_Dorrit/Chapter_08_The_Father_of_the_Marshalsea/part_03.md | blocks 25483 | 867m | 29 blk/min | 17 links to repair
[1159/2685] ok Authors/Dickens/Atomized/Little_Dorrit/Chapter_08_The_Father_of_the_Marshalsea/part_04.md | blocks 25510 | 868m | 29 blk/min | 6 links to repair
[1160/2685] ok Authors/Dickens/Atomized/Little_Dorrit/Chapter_07_Family_Affairs/part_04.md | blocks 25525 | 868m | 29 blk/min | 11 links to repair
[1161/2685] ok Authors/Dickens/Atomized/Little_Dorrit/Chapter_09_The_Child_of_the_Marshalsea/part_01.md | blocks 25553 | 869m | 29 blk/min | 13 links to repair
[1162/2685] ok Authors/Dickens/Atomized/Little_Dorrit/Chapter_09_The_Child_of_the_Marshalsea/part_03.md | blocks 25584 | 871m | 29 blk/min | 13 links to repair
[1163/2685] ok Authors/Dickens/Atomized/Little_Dorrit/Chapter_09_The_Child_of_the_Marshalsea/part_04.md | blocks 25619 | 871m | 29 blk/min | 13 links to repair
[1164/2685] ok Authors/Dickens/Atomized/Little_Dorrit/Chapter_09_The_Child_of_the_Marshalsea/part_02.md | blocks 25641 | 871m | 29 blk/min | 10 links to repair
[1165/2685] ok Authors/Dickens/Atomized/Little_Dorrit/Chapter_10_The_Lock/part_01.md | blocks 25666 | 873m | 29 blk/min | 15 links to repair
[1166/2685] ok Authors/Dickens/Atomized/Little_Dorrit/Chapter_10_The_Lock/part_03.md | blocks 25696 | 873m | 29 blk/min | 9 links to repair
[1167/2685] ok Authors/Dickens/Atomized/Little_Dorrit/Chapter_10_The_Lock/part_02.md | blocks 25726 | 874m | 29 blk/min | 12 links to repair
[1168/2685] ok Authors/Dickens/Atomized/Little_Dorrit/Chapter_10_The_Lock/part_04.md | blocks 25744 | 874m | 29 blk/min | 11 links to repair
[1169/2685] ok Authors/Dickens/Atomized/Little_Dorrit/Chapter_11_Little_Mother/part_02.md | blocks 25772 | 877m | 29 blk/min | 9 links to repair
[1170/2685] ok Authors/Dickens/Atomized/Little_Dorrit/Chapter_11_Little_Mother/part_03.md | blocks 25802 | 877m | 29 blk/min | 15 links to repair
[1171/2685] ok Authors/Dickens/Atomized/Little_Dorrit/Chapter_11_Little_Mother/part_04.md | blocks 25832 | 877m | 29 blk/min | 11 links to repair
[1172/2685] ok Authors/Dickens/Atomized/Little_Dorrit/Chapter_11_Little_Mother/part_01.md | blocks 25845 | 877m | 29 blk/min | 10 links to repair
[1173/2685] ok Authors/Dickens/Atomized/Little_Dorrit/Chapter_12_Containing_the_whole_Science_o/part_03.md | blocks 25865 | 879m | 29 blk/min | 7 links to repair
[1174/2685] ok Authors/Dickens/Atomized/Little_Dorrit/Chapter_12_Containing_the_whole_Science_o/part_02.md | blocks 25890 | 880m | 29 blk/min | 8 links to repair
[1175/2685] ok Authors/Dickens/Atomized/Little_Dorrit/Chapter_12_Containing_the_whole_Science_o/part_01.md | blocks 25900 | 880m | 29 blk/min | 8 links to repair
[1176/2685] ok Authors/Dickens/Atomized/Little_Dorrit/Chapter_11_Little_Mother/part_05.md | blocks 25934 | 880m | 29 blk/min | 14 links to repair
[1177/2685] ok Authors/Dickens/Atomized/Little_Dorrit/Chapter_12_Containing_the_whole_Science_o/part_04.md | blocks 25965 | 882m | 29 blk/min | 5 links to repair
[1178/2685] ok Authors/Dickens/Atomized/Little_Dorrit/Chapter_12_Containing_the_whole_Science_o/part_05.md | blocks 25999 | 882m | 29 blk/min | 7 links to repair
[1179/2685] ok Authors/Dickens/Atomized/Little_Dorrit/Chapter_12_Containing_the_whole_Science_o/part_06.md | blocks 26028 | 883m | 29 blk/min | 7 links to repair
[1180/2685] ok Authors/Dickens/Atomized/Little_Dorrit/Chapter_12_Containing_the_whole_Science_o/part_07.md | blocks 26050 | 883m | 30 blk/min | 7 links to repair
[1181/2685] ok Authors/Dickens/Atomized/Little_Dorrit/Chapter_12_Containing_the_whole_Science_o/part_08.md | blocks 26068 | 883m | 30 blk/min | 4 links to repair
[1182/2685] ok Authors/Dickens/Atomized/Little_Dorrit/Chapter_13_Let_Loose/part_02.md | blocks 26100 | 885m | 29 blk/min | 6 links to repair
[1183/2685] ok Authors/Dickens/Atomized/Little_Dorrit/Chapter_13_Let_Loose/part_03.md | blocks 26129 | 885m | 30 blk/min | 3 links to repair
[1184/2685] ok Authors/Dickens/Atomized/Little_Dorrit/Chapter_13_Let_Loose/part_01.md | blocks 26154 | 885m | 30 blk/min | 11 links to repair
[1185/2685] ok Authors/Dickens/Atomized/Little_Dorrit/Chapter_13_Let_Loose/part_04.md | blocks 26174 | 886m | 30 blk/min | 12 links to repair
[1186/2685] ok Authors/Dickens/Atomized/Little_Dorrit/Chapter_14_Bleeding_Heart_Yard/part_01.md | blocks 26193 | 888m | 29 blk/min | 9 links to repair
[1187/2685] ok Authors/Dickens/Atomized/Little_Dorrit/Chapter_14_Bleeding_Heart_Yard/part_02.md | blocks 26221 | 888m | 30 blk/min | 9 links to repair
[1188/2685] ok Authors/Dickens/Atomized/Little_Dorrit/Chapter_14_Bleeding_Heart_Yard/part_03.md | blocks 26234 | 889m | 30 blk/min | 19 links to repair
[1189/2685] ok Authors/Dickens/Atomized/Little_Dorrit/Chapter_15_Patriarchal/part_01.md | blocks 26245 | 889m | 30 blk/min | 20 links to repair
[1190/2685] ok Authors/Dickens/Atomized/Little_Dorrit/Chapter_15_Patriarchal/part_03.md | blocks 26264 | 891m | 29 blk/min | 13 links to repair
[1191/2685] ok Authors/Dickens/Atomized/Little_Dorrit/Chapter_15_Patriarchal/part_02.md | blocks 26301 | 892m | 29 blk/min | 17 links to repair
[1192/2685] ok Authors/Dickens/Atomized/Little_Dorrit/Chapter_15_Patriarchal/part_04.md | blocks 26323 | 892m | 30 blk/min | 11 links to repair
[1193/2685] ok Authors/Dickens/Atomized/Little_Dorrit/Chapter_15_Patriarchal/part_05.md | blocks 26343 | 892m | 30 blk/min | 10 links to repair
[1194/2685] ok Authors/Dickens/Atomized/Little_Dorrit/Chapter_15_Patriarchal/part_07.md | blocks 26375 | 894m | 30 blk/min | 9 links to repair
[1195/2685] ok Authors/Dickens/Atomized/Little_Dorrit/Chapter_15_Patriarchal/part_09.md | blocks 26384 | 894m | 30 blk/min | 5 links to repair
[1196/2685] ok Authors/Dickens/Atomized/Little_Dorrit/Chapter_15_Patriarchal/part_08.md | blocks 26412 | 894m | 30 blk/min | 12 links to repair
[1197/2685] ok Authors/Dickens/Atomized/Little_Dorrit/Chapter_15_Patriarchal/part_06.md | blocks 26431 | 895m | 30 blk/min | 14 links to repair
[1198/2685] ok Authors/Dickens/Atomized/Little_Dorrit/Chapter_16_Little_Dorrits_Party/part_01.md | blocks 26462 | 897m | 30 blk/min | 16 links to repair
[1199/2685] ok Authors/Dickens/Atomized/Little_Dorrit/Chapter_16_Little_Dorrits_Party/part_02.md | blocks 26491 | 897m | 30 blk/min | 13 links to repair
[1200/2685] ok Authors/Dickens/Atomized/Little_Dorrit/Chapter_16_Little_Dorrits_Party/part_03.md | blocks 26523 | 897m | 30 blk/min | 10 links to repair
[1201/2685] ok Authors/Dickens/Atomized/Little_Dorrit/Chapter_16_Little_Dorrits_Party/part_05.md | blocks 26538 | 898m | 30 blk/min | 6 links to repair
[1202/2685] ok Authors/Dickens/Atomized/Little_Dorrit/Chapter_16_Little_Dorrits_Party/part_04.md | blocks 26570 | 898m | 30 blk/min | 20 links to repair
[1203/2685] ok Authors/Dickens/Atomized/Little_Dorrit/Chapter_17_Mrs_Flintwinch_has_another_Dre/part_04.md | blocks 26579 | 900m | 30 blk/min | 2 links to repair
[1204/2685] ok Authors/Dickens/Atomized/Little_Dorrit/Chapter_17_Mrs_Flintwinch_has_another_Dre/part_02.md | blocks 26610 | 900m | 30 blk/min | 9 links to repair
[1205/2685] ok Authors/Dickens/Atomized/Little_Dorrit/Chapter_17_Mrs_Flintwinch_has_another_Dre/part_03.md | blocks 26645 | 900m | 30 blk/min | 7 links to repair
[1206/2685] ok Authors/Dickens/Atomized/Little_Dorrit/Chapter_17_Mrs_Flintwinch_has_another_Dre/part_01.md | blocks 26659 | 900m | 30 blk/min | 17 links to repair
[1207/2685] ok Authors/Dickens/Atomized/Little_Dorrit/Chapter_18_Nobodys_Weakness/part_02.md | blocks 26679 | 903m | 30 blk/min | 9 links to repair
[1208/2685] ok Authors/Dickens/Atomized/Little_Dorrit/Chapter_18_Nobodys_Weakness/part_01.md | blocks 26693 | 903m | 30 blk/min | 18 links to repair
[1209/2685] ok Authors/Dickens/Atomized/Little_Dorrit/Chapter_18_Nobodys_Weakness/part_04.md | blocks 26725 | 904m | 30 blk/min | 9 links to repair
[1210/2685] ok Authors/Dickens/Atomized/Little_Dorrit/Chapter_18_Nobodys_Weakness/part_03.md | blocks 26743 | 904m | 30 blk/min | 10 links to repair
[1211/2685] ok Authors/Dickens/Atomized/Little_Dorrit/Chapter_19_Nobodys_Rival/part_01.md | blocks 26770 | 906m | 30 blk/min | 13 links to repair
[1212/2685] ok Authors/Dickens/Atomized/Little_Dorrit/Chapter_18_Nobodys_Weakness/part_05.md | blocks 26800 | 907m | 30 blk/min | 21 links to repair
[1213/2685] ok Authors/Dickens/Atomized/Little_Dorrit/Chapter_19_Nobodys_Rival/part_03.md | blocks 26835 | 907m | 30 blk/min | 11 links to repair
[1214/2685] ok Authors/Dickens/Atomized/Little_Dorrit/Chapter_20_Little_Dorrits_Lover/part_01.md | blocks 26845 | 908m | 30 blk/min | 15 links to repair
[1215/2685] ok Authors/Dickens/Atomized/Little_Dorrit/Chapter_19_Nobodys_Rival/part_02.md | blocks 26869 | 909m | 30 blk/min | 15 links to repair
[1216/2685] ok Authors/Dickens/Atomized/Little_Dorrit/Chapter_20_Little_Dorrits_Lover/part_04.md | blocks 26893 | 910m | 30 blk/min | 8 links to repair
[1217/2685] ok Authors/Dickens/Atomized/Little_Dorrit/Chapter_20_Little_Dorrits_Lover/part_02.md | blocks 26909 | 910m | 30 blk/min | 9 links to repair
[1218/2685] ok Authors/Dickens/Atomized/Little_Dorrit/Chapter_20_Little_Dorrits_Lover/part_03.md | blocks 26934 | 910m | 30 blk/min | 16 links to repair
[1219/2685] ok Authors/Dickens/Atomized/Little_Dorrit/Chapter_21_The_Father_of_the_Marshalsea_i/part_01.md | blocks 26956 | 912m | 30 blk/min | 6 links to repair
[1220/2685] ok Authors/Dickens/Atomized/Little_Dorrit/Chapter_21_The_Father_of_the_Marshalsea_i/part_02.md | blocks 26974 | 913m | 30 blk/min | 17 links to repair
[1221/2685] ok Authors/Dickens/Atomized/Little_Dorrit/Chapter_21_The_Father_of_the_Marshalsea_i/part_03.md | blocks 26994 | 913m | 30 blk/min | 9 links to repair
[1222/2685] ok Authors/Dickens/Atomized/Little_Dorrit/Chapter_22_Moving_in_Society/part_01.md | blocks 27008 | 914m | 30 blk/min | 10 links to repair
[1223/2685] ok Authors/Dickens/Atomized/Little_Dorrit/Chapter_22_Moving_in_Society/part_03.md | blocks 27029 | 915m | 30 blk/min | 6 links to repair
[1224/2685] ok Authors/Dickens/Atomized/Little_Dorrit/Chapter_22_Moving_in_Society/part_02.md | blocks 27049 | 916m | 30 blk/min | 11 links to repair
[1225/2685] ok Authors/Dickens/Atomized/Little_Dorrit/Chapter_21_The_Father_of_the_Marshalsea_i/part_04.md | blocks 27077 | 916m | 30 blk/min | 23 links to repair
[1226/2685] ok Authors/Dickens/Atomized/Little_Dorrit/Chapter_22_Moving_in_Society/part_04.md | blocks 27100 | 917m | 30 blk/min | 4 links to repair
[1227/2685] ok Authors/Dickens/Atomized/Little_Dorrit/Chapter_22_Moving_in_Society/part_05.md | blocks 27134 | 918m | 30 blk/min | 7 links to repair
[1228/2685] ok Authors/Dickens/Atomized/Little_Dorrit/Chapter_23_Mr_Merdle_s_Complaint/part_01.md | blocks 27145 | 919m | 30 blk/min | 18 links to repair
[1229/2685] ok Authors/Dickens/Atomized/Little_Dorrit/Chapter_23_Mr_Merdle_s_Complaint/part_02.md | blocks 27167 | 919m | 30 blk/min | 10 links to repair
[1230/2685] ok Authors/Dickens/Atomized/Little_Dorrit/Chapter_24_A_Puzzle/part_01.md | blocks 27188 | 921m | 30 blk/min | 4 links to repair
[1231/2685] ok Authors/Dickens/Atomized/Little_Dorrit/Chapter_24_A_Puzzle/part_03.md | blocks 27217 | 921m | 30 blk/min | 8 links to repair
[1232/2685] ok Authors/Dickens/Atomized/Little_Dorrit/Chapter_23_Mr_Merdle_s_Complaint/part_03.md | blocks 27240 | 921m | 30 blk/min | 23 links to repair
[1233/2685] ok Authors/Dickens/Atomized/Little_Dorrit/Chapter_24_A_Puzzle/part_02.md | blocks 27258 | 922m | 30 blk/min | 17 links to repair
[1234/2685] ok Authors/Dickens/Atomized/Little_Dorrit/Chapter_24_A_Puzzle/part_04.md | blocks 27272 | 922m | 30 blk/min | 20 links to repair
[1235/2685] ok Authors/Dickens/Atomized/Little_Dorrit/Chapter_25_Machinery_in_Motion/part_02.md | blocks 27293 | 925m | 30 blk/min | 14 links to repair
[1236/2685] ok Authors/Dickens/Atomized/Little_Dorrit/Chapter_25_Machinery_in_Motion/part_04.md | blocks 27313 | 925m | 30 blk/min | 13 links to repair
[1237/2685] ok Authors/Dickens/Atomized/Little_Dorrit/Chapter_25_Machinery_in_Motion/part_03.md | blocks 27341 | 926m | 30 blk/min | 10 links to repair
[1238/2685] ok Authors/Dickens/Atomized/Little_Dorrit/Chapter_25_Machinery_in_Motion/part_01.md | blocks 27368 | 926m | 30 blk/min | 8 links to repair
[1239/2685] ok Authors/Dickens/Atomized/Little_Dorrit/Chapter_25_Machinery_in_Motion/part_06.md | blocks 27388 | 927m | 30 blk/min | 10 links to repair
[1240/2685] ok Authors/Dickens/Atomized/Little_Dorrit/Chapter_25_Machinery_in_Motion/part_05.md | blocks 27425 | 928m | 30 blk/min | 8 links to repair
[1241/2685] ok Authors/Dickens/Atomized/Little_Dorrit/Chapter_26_Fortune_Telling/part_02.md | blocks 27448 | 929m | 30 blk/min | 9 links to repair
[1242/2685] ok Authors/Dickens/Atomized/Little_Dorrit/Chapter_26_Fortune_Telling/part_01.md | blocks 27467 | 929m | 30 blk/min | 8 links to repair
[1243/2685] ok Authors/Dickens/Atomized/Little_Dorrit/Chapter_26_Fortune_Telling/part_03.md | blocks 27487 | 931m | 30 blk/min | 17 links to repair
[1244/2685] ok Authors/Dickens/Atomized/Little_Dorrit/Chapter_26_Fortune_Telling/part_06.md | blocks 27519 | 932m | 30 blk/min | 15 links to repair
[1245/2685] ok Authors/Dickens/Atomized/Little_Dorrit/Chapter_26_Fortune_Telling/part_05.md | blocks 27550 | 932m | 30 blk/min | 15 links to repair
[1246/2685] ok Authors/Dickens/Atomized/Little_Dorrit/Chapter_26_Fortune_Telling/part_04.md | blocks 27582 | 932m | 30 blk/min | 8 links to repair
[1247/2685] ok Authors/Dickens/Atomized/Little_Dorrit/Chapter_27_Conspirators_and_Others/part_04.md | blocks 27604 | 935m | 30 blk/min | 7 links to repair
[1248/2685] ok Authors/Dickens/Atomized/Little_Dorrit/Chapter_27_Conspirators_and_Others/part_02.md | blocks 27631 | 935m | 30 blk/min | 10 links to repair
[1249/2685] ok Authors/Dickens/Atomized/Little_Dorrit/Chapter_27_Conspirators_and_Others/part_01.md | blocks 27641 | 935m | 30 blk/min | 7 links to repair
[1250/2685] ok Authors/Dickens/Atomized/Little_Dorrit/Chapter_27_Conspirators_and_Others/part_03.md | blocks 27651 | 936m | 30 blk/min | 17 links to repair
[1251/2685] ok Authors/Dickens/Atomized/Little_Dorrit/Chapter_28_Nobodys_State_of_Mind/part_01.md | blocks 27693 | 938m | 30 blk/min | 18 links to repair
[1252/2685] ok Authors/Dickens/Atomized/Little_Dorrit/Chapter_28_Nobodys_State_of_Mind/part_02.md | blocks 27719 | 938m | 30 blk/min | 7 links to repair
[1253/2685] ok Authors/Dickens/Atomized/Little_Dorrit/Chapter_28_Nobodys_State_of_Mind/part_03.md | blocks 27731 | 939m | 30 blk/min | 13 links to repair
[1254/2685] ok Authors/Dickens/Atomized/Little_Dorrit/Chapter_28_Nobodys_State_of_Mind/part_04.md | blocks 27760 | 939m | 30 blk/min | 9 links to repair
[1255/2685] ok Authors/Dickens/Atomized/Little_Dorrit/Chapter_28_Nobodys_State_of_Mind/part_05.md | blocks 27787 | 940m | 30 blk/min | 12 links to repair
[1256/2685] ok Authors/Dickens/Atomized/Little_Dorrit/Chapter_29_Five_and_Twenty/part_02.md | blocks 27809 | 941m | 30 blk/min | 11 links to repair
[1257/2685] ok Authors/Dickens/Atomized/Little_Dorrit/Chapter_29_Five_and_Twenty/part_01.md | blocks 27832 | 941m | 30 blk/min | 15 links to repair
[1258/2685] ok Authors/Dickens/Atomized/Little_Dorrit/Chapter_29_Five_and_Twenty/part_03.md | blocks 27843 | 942m | 30 blk/min | 16 links to repair
[1259/2685] ok Authors/Dickens/Atomized/Little_Dorrit/Chapter_29_Five_and_Twenty/part_04.md | blocks 27871 | 942m | 30 blk/min | 8 links to repair
[1260/2685] ok Authors/Dickens/Atomized/Little_Dorrit/Chapter_29_Five_and_Twenty/part_05.md | blocks 27891 | 943m | 30 blk/min | 6 links to repair
REJECT Authors/Dickens/Atomized/Little_Dorrit/Chapter_30_Nobodys_Disappearance/part_02.md: invented wikilink targets: ['L05)speranza o prospettiva, lui divenne un uomo molto più maturo, uno che aveva già detto addio a quella parte della vita.\n\nMise le rose sul petto e continuarono a camminare per un po’, lentamente e in silenzio, sotto gli alberi ombrosi. Poi le chiese, con una voce gentile e allegra: “C’è qualcos’altro che vorresti dirmi, come sua amica e come amica di suo padre, che è molto più anziano di te? C’è qualche fiducia che potresti riporre in me, qualche favore che potresti chiedermi, o qualche piccolo aiuto per la tua felicità che potrei darti, in modo che tu possa credere con certezza che sia nelle mie possibilità offrirtelo?”\n\nStava per rispondere, quando fu così commossa da qualche tristezza nascosta o da un sentimento di compassione, cosa poteva essere?, che scoppiò di nuovo in [[Tears']
[1262/2685] ok Authors/Dickens/Atomized/Little_Dorrit/Chapter_30_Nobodys_Disappearance/part_01.md | blocks 27901 | 945m | 30 blk/min | 11 links to repair
[1263/2685] ok Authors/Dickens/Atomized/Little_Dorrit/Chapter_30_Nobodys_Disappearance/part_03.md | blocks 27923 | 945m | 30 blk/min | 12 links to repair
[1264/2685] ok Authors/Dickens/Atomized/Little_Dorrit/Chapter_31_Mrs_Flintwinch_goes_on_Dreamin/part_01.md | blocks 27942 | 946m | 30 blk/min | 14 links to repair
[1265/2685] ok Authors/Dickens/Atomized/Little_Dorrit/Chapter_31_Mrs_Flintwinch_goes_on_Dreamin/part_02.md | blocks 27976 | 947m | 30 blk/min | 9 links to repair
[1266/2685] ok Authors/Dickens/Atomized/Little_Dorrit/Chapter_31_Mrs_Flintwinch_goes_on_Dreamin/part_03.md | blocks 28008 | 947m | 30 blk/min | 9 links to repair
[1267/2685] ok Authors/Dickens/Atomized/Little_Dorrit/Chapter_32_The_Word_of_a_Gentleman/part_01.md | blocks 28036 | 949m | 30 blk/min | 7 links to repair
[1268/2685] ok Authors/Dickens/Atomized/Little_Dorrit/Chapter_32_The_Word_of_a_Gentleman/part_04.md | blocks 28063 | 950m | 30 blk/min | 10 links to repair
[1269/2685] ok Authors/Dickens/Atomized/Little_Dorrit/Chapter_32_The_Word_of_a_Gentleman/part_02.md | blocks 28080 | 950m | 30 blk/min | 8 links to repair
[1270/2685] ok Authors/Dickens/Atomized/Little_Dorrit/Chapter_32_The_Word_of_a_Gentleman/part_03.md | blocks 28105 | 951m | 30 blk/min | 8 links to repair
[1271/2685] ok Authors/Dickens/Atomized/Little_Dorrit/Chapter_32_The_Word_of_a_Gentleman/part_05.md | blocks 28137 | 952m | 30 blk/min | 6 links to repair
[1272/2685] ok Authors/Dickens/Atomized/Little_Dorrit/Chapter_32_The_Word_of_a_Gentleman/part_06.md | blocks 28162 | 953m | 30 blk/min | 12 links to repair
[1273/2685] ok Authors/Dickens/Atomized/Little_Dorrit/Chapter_33_Spirit/part_01.md | blocks 28170 | 954m | 30 blk/min | 10 links to repair
[1274/2685] ok Authors/Dickens/Atomized/Little_Dorrit/Chapter_33_Spirit/part_02.md | blocks 28195 | 954m | 30 blk/min | 9 links to repair
[1275/2685] ok Authors/Dickens/Atomized/Little_Dorrit/Chapter_33_Spirit/part_03.md | blocks 28218 | 956m | 30 blk/min | 13 links to repair
[1276/2685] ok Authors/Dickens/Atomized/Little_Dorrit/Chapter_33_Spirit/part_06.md | blocks 28244 | 956m | 30 blk/min | 9 links to repair
[1277/2685] ok Authors/Dickens/Atomized/Little_Dorrit/Chapter_33_Spirit/part_04.md | blocks 28266 | 956m | 30 blk/min | 11 links to repair
[1278/2685] ok Authors/Dickens/Atomized/Little_Dorrit/Chapter_33_Spirit/part_05.md | blocks 28299 | 957m | 30 blk/min | 9 links to repair
[1279/2685] ok Authors/Dickens/Atomized/Little_Dorrit/Chapter_34_More_Fortune_Telling/part_04.md | blocks 28317 | 958m | 30 blk/min | 1 links to repair
[1280/2685] ok Authors/Dickens/Atomized/Little_Dorrit/Chapter_34_More_Fortune_Telling/part_03.md | blocks 28350 | 958m | 30 blk/min | 2 links to repair
[1281/2685] ok Authors/Dickens/Atomized/Little_Dorrit/Chapter_34_More_Fortune_Telling/part_02.md | blocks 28379 | 959m | 30 blk/min | 11 links to repair
[1282/2685] ok Authors/Dickens/Atomized/Little_Dorrit/Chapter_34_More_Fortune_Telling/part_01.md | blocks 28411 | 960m | 30 blk/min | 10 links to repair
[1283/2685] ok Authors/Dickens/Atomized/Little_Dorrit/Chapter_35_Mrs_Merdles_Complaint/part_03.md | blocks 28436 | 961m | 30 blk/min | 12 links to repair
[1284/2685] ok Authors/Dickens/Atomized/Little_Dorrit/Chapter_35_Mrs_Merdles_Complaint/part_02.md | blocks 28468 | 961m | 30 blk/min | 12 links to repair
[1285/2685] ok Authors/Dickens/Atomized/Little_Dorrit/Chapter_35_Mrs_Merdles_Complaint/part_01.md | blocks 28482 | 961m | 30 blk/min | 12 links to repair
[1286/2685] ok Authors/Dickens/Atomized/Little_Dorrit/Chapter_35_Mrs_Merdles_Complaint/part_04.md | blocks 28515 | 963m | 30 blk/min | 8 links to repair
[1287/2685] ok Authors/Dickens/Atomized/Little_Dorrit/Chapter_36_A_Shoal_of_Barnacles/part_03.md | blocks 28521 | 964m | 30 blk/min | 16 links to repair
[1288/2685] ok Authors/Dickens/Atomized/Little_Dorrit/Chapter_36_A_Shoal_of_Barnacles/part_01.md | blocks 28543 | 964m | 30 blk/min | 13 links to repair
[1289/2685] ok Authors/Dickens/Atomized/Little_Dorrit/Chapter_36_A_Shoal_of_Barnacles/part_04.md | blocks 28555 | 965m | 30 blk/min | 8 links to repair
[1290/2685] ok Authors/Dickens/Atomized/Little_Dorrit/Chapter_36_A_Shoal_of_Barnacles/part_02.md | blocks 28568 | 965m | 30 blk/min | 17 links to repair
[1291/2685] ok Authors/Dickens/Atomized/Little_Dorrit/Chapter_37_What_was_behind_Mr_Pancks_on_L/part_01.md | blocks 28586 | 966m | 30 blk/min | 11 links to repair
[1292/2685] ok Authors/Dickens/Atomized/Little_Dorrit/Chapter_37_What_was_behind_Mr_Pancks_on_L/part_02.md | blocks 28611 | 967m | 30 blk/min | 7 links to repair
[1293/2685] ok Authors/Dickens/Atomized/Little_Dorrit/Chapter_37_What_was_behind_Mr_Pancks_on_L/part_04.md | blocks 28636 | 968m | 30 blk/min | 3 links to repair
[1294/2685] ok Authors/Dickens/Atomized/Little_Dorrit/Chapter_37_What_was_behind_Mr_Pancks_on_L/part_03.md | blocks 28654 | 968m | 30 blk/min | 7 links to repair
[1295/2685] ok Authors/Dickens/Atomized/Little_Dorrit/Chapter_37_What_was_behind_Mr_Pancks_on_L/part_05.md | blocks 28688 | 969m | 30 blk/min | 8 links to repair
[1296/2685] ok Authors/Dickens/Atomized/Little_Dorrit/Chapter_38_The_Marshalsea_becomes_an_Orph/part_03.md | blocks 28702 | 969m | 30 blk/min | 2 links to repair
[1297/2685] ok Authors/Dickens/Atomized/Little_Dorrit/Chapter_38_The_Marshalsea_becomes_an_Orph/part_01.md | blocks 28712 | 971m | 30 blk/min | 7 links to repair
[1298/2685] ok Authors/Dickens/Atomized/Little_Dorrit/Chapter_39_Fellow_Travellers/part_02.md | blocks 28736 | 973m | 30 blk/min | 11 links to repair
[1299/2685] ok Authors/Dickens/Atomized/Little_Dorrit/Chapter_39_Fellow_Travellers/part_01.md | blocks 28748 | 973m | 30 blk/min | 21 links to repair
[1300/2685] ok Authors/Dickens/Atomized/Little_Dorrit/Chapter_38_The_Marshalsea_becomes_an_Orph/part_02.md | blocks 28773 | 973m | 30 blk/min | 16 links to repair
[1301/2685] ok Authors/Dickens/Atomized/Little_Dorrit/Chapter_39_Fellow_Travellers/part_03.md | blocks 28804 | 973m | 30 blk/min | 15 links to repair
[1302/2685] ok Authors/Dickens/Atomized/Little_Dorrit/Chapter_39_Fellow_Travellers/part_05.md | blocks 28839 | 975m | 30 blk/min | 3 links to repair
[1303/2685] ok Authors/Dickens/Atomized/Little_Dorrit/Chapter_39_Fellow_Travellers/part_06.md | blocks 28873 | 975m | 30 blk/min | 11 links to repair
[1304/2685] ok Authors/Dickens/Atomized/Little_Dorrit/Chapter_39_Fellow_Travellers/part_04.md | blocks 28905 | 976m | 30 blk/min | 21 links to repair
[1305/2685] ok Authors/Dickens/Atomized/Little_Dorrit/Chapter_41_On_the_Road/part_02.md | blocks 28921 | 978m | 30 blk/min | 12 links to repair
[1306/2685] ok Authors/Dickens/Atomized/Little_Dorrit/Chapter_40_Mrs_General.md | blocks 28951 | 978m | 30 blk/min | 25 links to repair
[1307/2685] ok Authors/Dickens/Atomized/Little_Dorrit/Chapter_41_On_the_Road/part_01.md | blocks 28979 | 978m | 30 blk/min | 10 links to repair
[1308/2685] ok Authors/Dickens/Atomized/Little_Dorrit/Chapter_41_On_the_Road/part_03.md | blocks 28990 | 978m | 30 blk/min | 10 links to repair
[1309/2685] ok Authors/Dickens/Atomized/Little_Dorrit/Chapter_41_On_the_Road/part_04.md | blocks 29012 | 980m | 30 blk/min | 7 links to repair
[1310/2685] ok Authors/Dickens/Atomized/Little_Dorrit/Chapter_41_On_the_Road/part_06.md | blocks 29023 | 981m | 30 blk/min | 12 links to repair
[1311/2685] ok Authors/Dickens/Atomized/Little_Dorrit/Chapter_42_A_Letter_from_Little_Dorrit.md | blocks 29041 | 981m | 30 blk/min | 18 links to repair
[1312/2685] ok Authors/Dickens/Atomized/Little_Dorrit/Chapter_41_On_the_Road/part_05.md | blocks 29050 | 982m | 30 blk/min | 11 links to repair
[1313/2685] ok Authors/Dickens/Atomized/Little_Dorrit/Chapter_43_Something_Wrong_Somewhere/part_01.md | blocks 29076 | 983m | 30 blk/min | 6 links to repair
[1314/2685] ok Authors/Dickens/Atomized/Little_Dorrit/Chapter_43_Something_Wrong_Somewhere/part_03.md | blocks 29098 | 984m | 30 blk/min | 10 links to repair
[1315/2685] ok Authors/Dickens/Atomized/Little_Dorrit/Chapter_43_Something_Wrong_Somewhere/part_02.md | blocks 29126 | 984m | 30 blk/min | 12 links to repair
[1316/2685] ok Authors/Dickens/Atomized/Little_Dorrit/Chapter_43_Something_Wrong_Somewhere/part_04.md | blocks 29140 | 985m | 30 blk/min | 10 links to repair
[1317/2685] ok Authors/Dickens/Atomized/Little_Dorrit/Chapter_43_Something_Wrong_Somewhere/part_05.md | blocks 29167 | 985m | 30 blk/min | 10 links to repair
[1318/2685] ok Authors/Dickens/Atomized/Little_Dorrit/Chapter_43_Something_Wrong_Somewhere/part_06.md | blocks 29188 | 985m | 30 blk/min | 10 links to repair
[1319/2685] ok Authors/Dickens/Atomized/Little_Dorrit/Chapter_44_Something_Right_Somewhere/part_01.md | blocks 29199 | 986m | 30 blk/min | 11 links to repair
[1320/2685] ok Authors/Dickens/Atomized/Little_Dorrit/Chapter_44_Something_Right_Somewhere/part_03.md | blocks 29226 | 987m | 30 blk/min | 1 links to repair
[1321/2685] ok Authors/Dickens/Atomized/Little_Dorrit/Chapter_44_Something_Right_Somewhere/part_04.md | blocks 29258 | 988m | 30 blk/min | 14 links to repair
[1322/2685] ok Authors/Dickens/Atomized/Little_Dorrit/Chapter_44_Something_Right_Somewhere/part_02.md | blocks 29284 | 988m | 30 blk/min | 13 links to repair
[1323/2685] ok Authors/Dickens/Atomized/Little_Dorrit/Chapter_44_Something_Right_Somewhere/part_05.md | blocks 29302 | 989m | 30 blk/min | 13 links to repair
[1324/2685] ok Authors/Dickens/Atomized/Little_Dorrit/Chapter_44_Something_Right_Somewhere/part_06.md | blocks 29327 | 990m | 30 blk/min | 4 links to repair
[1325/2685] ok Authors/Dickens/Atomized/Little_Dorrit/Chapter_45_Mostly_Prunes_and_Prism/part_02.md | blocks 29344 | 990m | 30 blk/min | 5 links to repair
[1326/2685] ok Authors/Dickens/Atomized/Little_Dorrit/Chapter_45_Mostly_Prunes_and_Prism/part_01.md | blocks 29374 | 990m | 30 blk/min | 8 links to repair
[1327/2685] ok Authors/Dickens/Atomized/Little_Dorrit/Chapter_45_Mostly_Prunes_and_Prism/part_03.md | blocks 29394 | 991m | 30 blk/min | 9 links to repair
[1328/2685] ok Authors/Dickens/Atomized/Little_Dorrit/Chapter_46_The_Dowager_Mrs_Gowan_is_remin/part_01.md | blocks 29413 | 992m | 30 blk/min | 7 links to repair
[1329/2685] ok Authors/Dickens/Atomized/Little_Dorrit/Chapter_46_The_Dowager_Mrs_Gowan_is_remin/part_02.md | blocks 29427 | 992m | 30 blk/min | 7 links to repair
[1330/2685] ok Authors/Dickens/Atomized/Little_Dorrit/Chapter_46_The_Dowager_Mrs_Gowan_is_remin/part_05.md | blocks 29436 | 993m | 30 blk/min | 2 links to repair
[1331/2685] ok Authors/Dickens/Atomized/Little_Dorrit/Chapter_46_The_Dowager_Mrs_Gowan_is_remin/part_03.md | blocks 29464 | 993m | 30 blk/min | 7 links to repair
[1332/2685] ok Authors/Dickens/Atomized/Little_Dorrit/Chapter_45_Mostly_Prunes_and_Prism/part_04.md | blocks 29493 | 994m | 30 blk/min | 19 links to repair
[1333/2685] ok Authors/Dickens/Atomized/Little_Dorrit/Chapter_46_The_Dowager_Mrs_Gowan_is_remin/part_04.md | blocks 29522 | 995m | 30 blk/min | 13 links to repair
[1334/2685] ok Authors/Dickens/Atomized/Little_Dorrit/Chapter_47_Appearance_and_Disappearance/part_03.md | blocks 29545 | 996m | 30 blk/min | 14 links to repair
[1335/2685] ok Authors/Dickens/Atomized/Little_Dorrit/Chapter_47_Appearance_and_Disappearance/part_02.md | blocks 29570 | 997m | 30 blk/min | 10 links to repair
[1336/2685] ok Authors/Dickens/Atomized/Little_Dorrit/Chapter_47_Appearance_and_Disappearance/part_01.md | blocks 29591 | 997m | 30 blk/min | 17 links to repair
[1337/2685] ok Authors/Dickens/Atomized/Little_Dorrit/Chapter_47_Appearance_and_Disappearance/part_04.md | blocks 29605 | 998m | 30 blk/min | 13 links to repair
[1338/2685] ok Authors/Dickens/Atomized/Little_Dorrit/Chapter_47_Appearance_and_Disappearance/part_05.md | blocks 29640 | 999m | 30 blk/min | 13 links to repair
[1339/2685] ok Authors/Dickens/Atomized/Little_Dorrit/Chapter_48_The_Dreams_of_Mrs_Flintwinch_t/part_01.md | blocks 29655 | 1000m | 30 blk/min | 22 links to repair
[1340/2685] ok Authors/Dickens/Atomized/Little_Dorrit/Chapter_47_Appearance_and_Disappearance/part_06.md | blocks 29682 | 1000m | 30 blk/min | 10 links to repair
[1341/2685] ok Authors/Dickens/Atomized/Little_Dorrit/Chapter_48_The_Dreams_of_Mrs_Flintwinch_t/part_02.md | blocks 29709 | 1001m | 30 blk/min | 8 links to repair
[1342/2685] ok Authors/Dickens/Atomized/Little_Dorrit/Chapter_48_The_Dreams_of_Mrs_Flintwinch_t/part_03.md | blocks 29738 | 1002m | 30 blk/min | 14 links to repair
[1343/2685] ok Authors/Dickens/Atomized/Little_Dorrit/Chapter_49_A_Letter_from_Little_Dorrit/part_01.md | blocks 29752 | 1004m | 30 blk/min | 20 links to repair
[1344/2685] ok Authors/Dickens/Atomized/Little_Dorrit/Chapter_49_A_Letter_from_Little_Dorrit/part_02.md | blocks 29768 | 1004m | 30 blk/min | 12 links to repair
[1345/2685] ok Authors/Dickens/Atomized/Little_Dorrit/Chapter_50_In_which_a_Great_Patriotic_Con/part_01.md | blocks 29778 | 1005m | 30 blk/min | 11 links to repair
[1346/2685] ok Authors/Dickens/Atomized/Little_Dorrit/Chapter_50_In_which_a_Great_Patriotic_Con/part_04.md | blocks 29802 | 1006m | 30 blk/min | 10 links to repair
[1347/2685] ok Authors/Dickens/Atomized/Little_Dorrit/Chapter_50_In_which_a_Great_Patriotic_Con/part_02.md | blocks 29821 | 1007m | 30 blk/min | 18 links to repair
[1348/2685] ok Authors/Dickens/Atomized/Little_Dorrit/Chapter_50_In_which_a_Great_Patriotic_Con/part_03.md | blocks 29832 | 1008m | 30 blk/min | 11 links to repair
[1349/2685] ok Authors/Dickens/Atomized/Little_Dorrit/Chapter_50_In_which_a_Great_Patriotic_Con/part_06.md | blocks 29839 | 1009m | 30 blk/min | 5 links to repair
[1350/2685] ok Authors/Dickens/Atomized/Little_Dorrit/Chapter_50_In_which_a_Great_Patriotic_Con/part_05.md | blocks 29856 | 1010m | 30 blk/min | 9 links to repair
[1351/2685] ok Authors/Dickens/Atomized/Little_Dorrit/Chapter_51_The_Progress_of_an_Epidemic/part_01.md | blocks 29876 | 1010m | 30 blk/min | 9 links to repair
[1352/2685] ok Authors/Dickens/Atomized/Little_Dorrit/Chapter_51_The_Progress_of_an_Epidemic/part_03.md | blocks 29898 | 1012m | 30 blk/min | 11 links to repair
[1353/2685] ok Authors/Dickens/Atomized/Little_Dorrit/Chapter_51_The_Progress_of_an_Epidemic/part_05.md | blocks 29942 | 1013m | 30 blk/min | 5 links to repair
[1354/2685] ok Authors/Dickens/Atomized/Little_Dorrit/Chapter_51_The_Progress_of_an_Epidemic/part_02.md | blocks 29954 | 1013m | 30 blk/min | 18 links to repair
[1355/2685] ok Authors/Dickens/Atomized/Little_Dorrit/Chapter_51_The_Progress_of_an_Epidemic/part_04.md | blocks 29983 | 1014m | 30 blk/min | 11 links to repair
[1356/2685] ok Authors/Dickens/Atomized/Little_Dorrit/Chapter_51_The_Progress_of_an_Epidemic/part_06.md | blocks 29999 | 1015m | 30 blk/min | 13 links to repair
[1357/2685] ok Authors/Dickens/Atomized/Little_Dorrit/Chapter_52_Taking_Advice/part_02.md | blocks 30022 | 1015m | 30 blk/min | 13 links to repair
[1358/2685] ok Authors/Dickens/Atomized/Little_Dorrit/Chapter_52_Taking_Advice/part_01.md | blocks 30036 | 1016m | 30 blk/min | 10 links to repair
[1359/2685] ok Authors/Dickens/Atomized/Little_Dorrit/Chapter_52_Taking_Advice/part_03.md | blocks 30062 | 1017m | 30 blk/min | 13 links to repair
[1360/2685] ok Authors/Dickens/Atomized/Little_Dorrit/Chapter_52_Taking_Advice/part_04.md | blocks 30094 | 1018m | 30 blk/min | 22 links to repair
[1361/2685] ok Authors/Dickens/Atomized/Little_Dorrit/Chapter_53_No_just_Cause_or_Impediment_wh/part_02.md | blocks 30120 | 1018m | 30 blk/min | 16 links to repair
[1362/2685] ok Authors/Dickens/Atomized/Little_Dorrit/Chapter_53_No_just_Cause_or_Impediment_wh/part_03.md | blocks 30144 | 1019m | 30 blk/min | 7 links to repair
[1363/2685] ok Authors/Dickens/Atomized/Little_Dorrit/Chapter_53_No_just_Cause_or_Impediment_wh/part_01.md | blocks 30160 | 1019m | 30 blk/min | 15 links to repair
[1364/2685] ok Authors/Dickens/Atomized/Little_Dorrit/Chapter_53_No_just_Cause_or_Impediment_wh/part_05.md | blocks 30171 | 1021m | 30 blk/min | 7 links to repair
[1365/2685] ok Authors/Dickens/Atomized/Little_Dorrit/Chapter_53_No_just_Cause_or_Impediment_wh/part_04.md | blocks 30199 | 1021m | 30 blk/min | 17 links to repair
[1366/2685] ok Authors/Dickens/Atomized/Little_Dorrit/Chapter_53_No_just_Cause_or_Impediment_wh/part_06.md | blocks 30222 | 1023m | 30 blk/min | 20 links to repair
[1367/2685] ok Authors/Dickens/Atomized/Little_Dorrit/Chapter_54_Getting_on/part_01.md | blocks 30243 | 1024m | 30 blk/min | 11 links to repair
[1368/2685] ok Authors/Dickens/Atomized/Little_Dorrit/Chapter_54_Getting_on/part_03.md | blocks 30251 | 1024m | 30 blk/min | 8 links to repair
[1369/2685] ok Authors/Dickens/Atomized/Little_Dorrit/Chapter_54_Getting_on/part_02.md | blocks 30287 | 1024m | 30 blk/min | 19 links to repair
[1370/2685] ok Authors/Dickens/Atomized/Little_Dorrit/Chapter_55_Missing/part_04.md | blocks 30314 | 1026m | 30 blk/min | 13 links to repair
[1371/2685] ok Authors/Dickens/Atomized/Little_Dorrit/Chapter_55_Missing/part_01.md | blocks 30337 | 1026m | 30 blk/min | 9 links to repair
[1372/2685] ok Authors/Dickens/Atomized/Little_Dorrit/Chapter_55_Missing/part_03.md | blocks 30370 | 1027m | 30 blk/min | 7 links to repair
[1373/2685] ok Authors/Dickens/Atomized/Little_Dorrit/Chapter_56_A_Castle_in_the_Air/part_03.md | blocks 30382 | 1028m | 30 blk/min | 7 links to repair
[1374/2685] ok Authors/Dickens/Atomized/Little_Dorrit/Chapter_56_A_Castle_in_the_Air/part_01.md | blocks 30412 | 1028m | 30 blk/min | 14 links to repair
[1375/2685] ok Authors/Dickens/Atomized/Little_Dorrit/Chapter_55_Missing/part_02.md | blocks 30430 | 1028m | 30 blk/min | 17 links to repair
[1376/2685] ok Authors/Dickens/Atomized/Little_Dorrit/Chapter_56_A_Castle_in_the_Air/part_02.md | blocks 30467 | 1029m | 30 blk/min | 16 links to repair
[1377/2685] ok Authors/Dickens/Atomized/Little_Dorrit/Chapter_57_The_Storming_of_the_Castle_in/part_01.md | blocks 30485 | 1031m | 30 blk/min | 18 links to repair
[1378/2685] ok Authors/Dickens/Atomized/Little_Dorrit/Chapter_57_The_Storming_of_the_Castle_in/part_03.md | blocks 30508 | 1031m | 30 blk/min | 17 links to repair
[1379/2685] ok Authors/Dickens/Atomized/Little_Dorrit/Chapter_57_The_Storming_of_the_Castle_in/part_04.md | blocks 30533 | 1031m | 30 blk/min | 13 links to repair
[1380/2685] ok Authors/Dickens/Atomized/Little_Dorrit/Chapter_57_The_Storming_of_the_Castle_in/part_02.md | blocks 30566 | 1032m | 30 blk/min | 19 links to repair
[1381/2685] ok Authors/Dickens/Atomized/Little_Dorrit/Chapter_57_The_Storming_of_the_Castle_in/part_05.md | blocks 30586 | 1033m | 30 blk/min | 15 links to repair
[1382/2685] ok Authors/Dickens/Atomized/Little_Dorrit/Chapter_58_Introduces_the_next/part_02.md | blocks 30620 | 1034m | 30 blk/min | 8 links to repair
[1383/2685] ok Authors/Dickens/Atomized/Little_Dorrit/Chapter_58_Introduces_the_next/part_01.md | blocks 30636 | 1034m | 30 blk/min | 16 links to repair
[1384/2685] ok Authors/Dickens/Atomized/Little_Dorrit/Chapter_57_The_Storming_of_the_Castle_in/part_06.md | blocks 30652 | 1035m | 30 blk/min | 11 links to repair
[1385/2685] ok Authors/Dickens/Atomized/Little_Dorrit/Chapter_58_Introduces_the_next/part_03.md | blocks 30682 | 1036m | 30 blk/min | 7 links to repair
[1386/2685] ok Authors/Dickens/Atomized/Little_Dorrit/Chapter_58_Introduces_the_next/part_04.md | blocks 30709 | 1036m | 30 blk/min | 9 links to repair
[1387/2685] ok Authors/Dickens/Atomized/Little_Dorrit/Chapter_59_The_history_History_of_a_Self/part_04.md | blocks 30720 | 1037m | 30 blk/min | 10 links to repair
[1388/2685] ok Authors/Dickens/Atomized/Little_Dorrit/Chapter_59_The_history_History_of_a_Self/part_01.md | blocks 30735 | 1038m | 30 blk/min | 22 links to repair
[1389/2685] ok Authors/Dickens/Atomized/Little_Dorrit/Chapter_59_The_history_History_of_a_Self/part_02.md | blocks 30756 | 1038m | 30 blk/min | 10 links to repair
[1390/2685] ok Authors/Dickens/Atomized/Little_Dorrit/Chapter_59_The_history_History_of_a_Self/part_03.md | blocks 30768 | 1039m | 30 blk/min | 7 links to repair
[1391/2685] ok Authors/Dickens/Atomized/Little_Dorrit/Chapter_60_Who_passes_by_this_Road_so_lat/part_01.md | blocks 30793 | 1040m | 30 blk/min | 6 links to repair
[1392/2685] ok Authors/Dickens/Atomized/Little_Dorrit/Chapter_60_Who_passes_by_this_Road_so_lat/part_03.md | blocks 30813 | 1040m | 30 blk/min | 5 links to repair
[1393/2685] ok Authors/Dickens/Atomized/Little_Dorrit/Chapter_61_Mistress_Affery_makes_a_Condit/part_01.md | blocks 30835 | 1042m | 30 blk/min | 8 links to repair
REJECT Authors/Dickens/Atomized/Little_Dorrit/Chapter_60_Who_passes_by_this_Road_so_lat/part_02.md: invented wikilink targets: ['L02']
[1395/2685] ok Authors/Dickens/Atomized/Little_Dorrit/Chapter_61_Mistress_Affery_makes_a_Condit/part_02.md | blocks 30871 | 1042m | 30 blk/min | 6 links to repair
[1396/2685] ok Authors/Dickens/Atomized/Little_Dorrit/Chapter_61_Mistress_Affery_makes_a_Condit/part_03.md | blocks 30893 | 1043m | 30 blk/min | 16 links to repair
[1397/2685] ok Authors/Dickens/Atomized/Little_Dorrit/Chapter_61_Mistress_Affery_makes_a_Condit/part_05.md | blocks 30918 | 1045m | 30 blk/min | 10 links to repair
[1398/2685] ok Authors/Dickens/Atomized/Little_Dorrit/Chapter_61_Mistress_Affery_makes_a_Condit/part_04.md | blocks 30954 | 1045m | 30 blk/min | 12 links to repair
[1399/2685] ok Authors/Dickens/Atomized/Little_Dorrit/Chapter_62_The_Evening_of_a_Long_Day/part_01.md | blocks 30975 | 1045m | 30 blk/min | 7 links to repair
[1400/2685] ok Authors/Dickens/Atomized/Little_Dorrit/Chapter_62_The_Evening_of_a_Long_Day/part_02.md | blocks 31011 | 1046m | 30 blk/min | 10 links to repair
[1401/2685] ok Authors/Dickens/Atomized/Little_Dorrit/Chapter_62_The_Evening_of_a_Long_Day/part_03.md | blocks 31040 | 1048m | 30 blk/min | 10 links to repair
[1402/2685] ok Authors/Dickens/Atomized/Little_Dorrit/Chapter_63_The_Chief_Butler_Resigns_the_S/part_01.md | blocks 31067 | 1048m | 30 blk/min | 8 links to repair
[1403/2685] ok Authors/Dickens/Atomized/Little_Dorrit/Chapter_62_The_Evening_of_a_Long_Day/part_04.md | blocks 31103 | 1048m | 30 blk/min | 9 links to repair
[1404/2685] ok Authors/Dickens/Atomized/Little_Dorrit/Chapter_63_The_Chief_Butler_Resigns_the_S/part_02.md | blocks 31128 | 1049m | 30 blk/min | 6 links to repair
[1405/2685] ok Authors/Dickens/Atomized/Little_Dorrit/Chapter_63_The_Chief_Butler_Resigns_the_S/part_04.md | blocks 31132 | 1051m | 30 blk/min | 6 links to repair
[1406/2685] ok Authors/Dickens/Atomized/Little_Dorrit/Chapter_64_Reaping_the_Whirlwind/part_02.md | blocks 31154 | 1052m | 30 blk/min | 9 links to repair
[1407/2685] ok Authors/Dickens/Atomized/Little_Dorrit/Chapter_64_Reaping_the_Whirlwind/part_01.md | blocks 31185 | 1053m | 30 blk/min | 13 links to repair
[1408/2685] ok Authors/Dickens/Atomized/Little_Dorrit/Chapter_64_Reaping_the_Whirlwind/part_04.md | blocks 31197 | 1053m | 30 blk/min
[1409/2685] ok Authors/Dickens/Atomized/Little_Dorrit/Chapter_63_The_Chief_Butler_Resigns_the_S/part_03.md | blocks 31213 | 1053m | 30 blk/min | 10 links to repair
[1410/2685] ok Authors/Dickens/Atomized/Little_Dorrit/Chapter_64_Reaping_the_Whirlwind/part_03.md | blocks 31236 | 1055m | 30 blk/min | 12 links to repair
[1411/2685] ok Authors/Dickens/Atomized/Little_Dorrit/Chapter_65_The_Pupil_of_the_Marshalsea/part_03.md | blocks 31257 | 1056m | 30 blk/min | 7 links to repair
[1412/2685] ok Authors/Dickens/Atomized/Little_Dorrit/Chapter_65_The_Pupil_of_the_Marshalsea/part_01.md | blocks 31280 | 1056m | 30 blk/min | 7 links to repair
[1413/2685] ok Authors/Dickens/Atomized/Little_Dorrit/Chapter_65_The_Pupil_of_the_Marshalsea/part_02.md | blocks 31308 | 1057m | 30 blk/min | 9 links to repair
[1414/2685] ok Authors/Dickens/Atomized/Little_Dorrit/Chapter_65_The_Pupil_of_the_Marshalsea/part_06.md | blocks 31321 | 1058m | 30 blk/min | 7 links to repair
[1415/2685] ok Authors/Dickens/Atomized/Little_Dorrit/Chapter_65_The_Pupil_of_the_Marshalsea/part_04.md | blocks 31358 | 1058m | 30 blk/min | 7 links to repair
[1416/2685] ok Authors/Dickens/Atomized/Little_Dorrit/Chapter_65_The_Pupil_of_the_Marshalsea/part_05.md | blocks 31374 | 1059m | 30 blk/min | 12 links to repair
[1417/2685] ok Authors/Dickens/Atomized/Little_Dorrit/Chapter_66_An_Appearance_in_the_Marshalse/part_01.md | blocks 31406 | 1060m | 30 blk/min | 9 links to repair
[1418/2685] ok Authors/Dickens/Atomized/Little_Dorrit/Chapter_66_An_Appearance_in_the_Marshalse/part_03.md | blocks 31428 | 1061m | 30 blk/min | 10 links to repair
[1419/2685] ok Authors/Dickens/Atomized/Little_Dorrit/Chapter_66_An_Appearance_in_the_Marshalse/part_02.md | blocks 31461 | 1062m | 30 blk/min | 23 links to repair
[1420/2685] ok Authors/Dickens/Atomized/Little_Dorrit/Chapter_66_An_Appearance_in_the_Marshalse/part_05.md | blocks 31492 | 1063m | 30 blk/min | 8 links to repair
[1421/2685] ok Authors/Dickens/Atomized/Little_Dorrit/Chapter_66_An_Appearance_in_the_Marshalse/part_07.md | blocks 31510 | 1064m | 30 blk/min | 4 links to repair
[1422/2685] ok Authors/Dickens/Atomized/Little_Dorrit/Chapter_66_An_Appearance_in_the_Marshalse/part_04.md | blocks 31537 | 1064m | 30 blk/min | 16 links to repair
[1423/2685] ok Authors/Dickens/Atomized/Little_Dorrit/Chapter_66_An_Appearance_in_the_Marshalse/part_06.md | blocks 31563 | 1065m | 30 blk/min | 13 links to repair
[1424/2685] ok Authors/Dickens/Atomized/Little_Dorrit/Chapter_67_A_Plea_in_the_Marshalsea/part_04.md | blocks 31584 | 1066m | 30 blk/min | 3 links to repair
[1425/2685] ok Authors/Dickens/Atomized/Little_Dorrit/Chapter_67_A_Plea_in_the_Marshalsea/part_03.md | blocks 31606 | 1066m | 30 blk/min | 13 links to repair
[1426/2685] ok Authors/Dickens/Atomized/Little_Dorrit/Chapter_67_A_Plea_in_the_Marshalsea/part_02.md | blocks 31629 | 1067m | 30 blk/min | 7 links to repair
[1427/2685] ok Authors/Dickens/Atomized/Little_Dorrit/Chapter_67_A_Plea_in_the_Marshalsea/part_01.md | blocks 31642 | 1067m | 30 blk/min | 16 links to repair
[1428/2685] ok Authors/Dickens/Atomized/Little_Dorrit/Chapter_68_Closing_in/part_01.md | blocks 31666 | 1070m | 30 blk/min | 14 links to repair
[1429/2685] ok Authors/Dickens/Atomized/Little_Dorrit/Chapter_68_Closing_in/part_03.md | blocks 31696 | 1070m | 30 blk/min | 10 links to repair
[1430/2685] ok Authors/Dickens/Atomized/Little_Dorrit/Chapter_68_Closing_in/part_02.md | blocks 31720 | 1070m | 30 blk/min | 9 links to repair
[1431/2685] ok Authors/Dickens/Atomized/Little_Dorrit/Chapter_68_Closing_in/part_04.md | blocks 31745 | 1071m | 30 blk/min | 24 links to repair
[1432/2685] ok Authors/Dickens/Atomized/Little_Dorrit/Chapter_68_Closing_in/part_07.md | blocks 31762 | 1073m | 30 blk/min | 10 links to repair
[1433/2685] ok Authors/Dickens/Atomized/Little_Dorrit/Chapter_68_Closing_in/part_05.md | blocks 31784 | 1073m | 30 blk/min | 15 links to repair
[1434/2685] ok Authors/Dickens/Atomized/Little_Dorrit/Chapter_68_Closing_in/part_06.md | blocks 31797 | 1075m | 30 blk/min | 9 links to repair
[1435/2685] ok Authors/Dickens/Atomized/Little_Dorrit/Chapter_68_Closing_in/part_08.md | blocks 31806 | 1075m | 30 blk/min | 45 links to repair
[1436/2685] ok Authors/Dickens/Atomized/Little_Dorrit/Chapter_68_Closing_in/part_09.md | blocks 31824 | 1076m | 30 blk/min | 12 links to repair
[1437/2685] ok Authors/Dickens/Atomized/Little_Dorrit/Chapter_69_Closed/part_01.md | blocks 31855 | 1077m | 30 blk/min | 18 links to repair
[1438/2685] ok Authors/Dickens/Atomized/Little_Dorrit/Chapter_69_Closed/part_02.md | blocks 31877 | 1078m | 30 blk/min | 7 links to repair
[1439/2685] ok Authors/Dickens/Atomized/Little_Dorrit/Chapter_69_Closed/part_03.md | blocks 31893 | 1079m | 30 blk/min | 14 links to repair
[1440/2685] ok Authors/Dickens/Atomized/Little_Dorrit/Chapter_69_Closed/part_04.md | blocks 31900 | 1079m | 30 blk/min | 13 links to repair
[1441/2685] ok Authors/Dickens/Atomized/Little_Dorrit/Chapter_70_Going/part_01.md | blocks 31923 | 1081m | 30 blk/min | 9 links to repair
[1442/2685] ok Authors/Dickens/Atomized/Little_Dorrit/Chapter_70_Going/part_02.md | blocks 31947 | 1081m | 30 blk/min | 7 links to repair
[1443/2685] ok Authors/Dickens/Atomized/Little_Dorrit/Chapter_70_Going/part_03.md | blocks 31962 | 1082m | 30 blk/min | 13 links to repair
[1444/2685] ok Authors/Dickens/Atomized/Little_Dorrit/Chapter_71_Going/part_02.md | blocks 31981 | 1084m | 30 blk/min | 11 links to repair
[1445/2685] ok Authors/Dickens/Atomized/Little_Dorrit/Chapter_71_Going/part_01.md | blocks 31991 | 1084m | 30 blk/min | 8 links to repair
[1446/2685] ok Authors/Dickens/Atomized/Little_Dorrit/Chapter_71_Going/part_03.md | blocks 32013 | 1085m | 30 blk/min | 17 links to repair
[1447/2685] ok Authors/Dickens/Atomized/Little_Dorrit/Chapter_71_Going/part_04.md | blocks 32039 | 1085m | 30 blk/min | 13 links to repair
[1448/2685] ok Authors/Dickens/Atomized/Little_Dorrit/Chapter_72_Gone/part_03.md | blocks 32060 | 1087m | 30 blk/min | 10 links to repair
[1449/2685] ok Authors/Dickens/Atomized/Little_Dorrit/Chapter_72_Gone/part_02.md | blocks 32073 | 1087m | 30 blk/min | 18 links to repair
[1450/2685] ok Authors/Dickens/Atomized/Little_Dorrit/Chapter_72_Gone/part_04.md | blocks 32097 | 1087m | 30 blk/min | 19 links to repair
[1451/2685] ok Authors/Dickens/Atomized/Little_Dorrit/Chapter_72_Gone/part_01.md | blocks 32135 | 1088m | 30 blk/min | 12 links to repair
[1452/2685] ok Authors/Dickens/Atomized/Little_Dorrit/Chapter_72_Gone/part_05.md | blocks 32143 | 1089m | 30 blk/min | 6 links to repair
[1453/2685] ok Authors/Dickens/Atomized/Martin_Chuzzlewit/Chapter_01/part_01.md | blocks 32156 | 1090m | 29 blk/min | 10 links to repair
[1454/2685] ok Authors/Dickens/Atomized/Martin_Chuzzlewit/Chapter_01/part_02.md | blocks 32163 | 1090m | 30 blk/min | 11 links to repair
[1455/2685] ok Authors/Dickens/Atomized/Martin_Chuzzlewit/Chapter_02/part_02.md | blocks 32181 | 1092m | 29 blk/min | 13 links to repair
[1456/2685] ok Authors/Dickens/Atomized/Martin_Chuzzlewit/Chapter_02/part_04.md | blocks 32208 | 1092m | 29 blk/min | 5 links to repair
[1457/2685] ok Authors/Dickens/Atomized/Martin_Chuzzlewit/Chapter_02/part_01.md | blocks 32220 | 1093m | 29 blk/min | 18 links to repair
[1458/2685] ok Authors/Dickens/Atomized/Martin_Chuzzlewit/Chapter_02/part_03.md | blocks 32231 | 1093m | 29 blk/min | 11 links to repair
[1459/2685] ok Authors/Dickens/Atomized/Martin_Chuzzlewit/Chapter_02/part_05.md | blocks 32261 | 1094m | 29 blk/min | 5 links to repair
[1460/2685] ok Authors/Dickens/Atomized/Martin_Chuzzlewit/Chapter_02/part_06.md | blocks 32284 | 1095m | 29 blk/min | 10 links to repair
[1461/2685] ok Authors/Dickens/Atomized/Martin_Chuzzlewit/Chapter_02/part_07.md | blocks 32305 | 1096m | 29 blk/min | 13 links to repair
[1462/2685] ok Authors/Dickens/Atomized/Martin_Chuzzlewit/Chapter_03/part_01.md | blocks 32318 | 1096m | 29 blk/min | 11 links to repair
[1463/2685] ok Authors/Dickens/Atomized/Martin_Chuzzlewit/Chapter_03/part_02.md | blocks 32334 | 1097m | 29 blk/min | 8 links to repair
[1464/2685] ok Authors/Dickens/Atomized/Martin_Chuzzlewit/Chapter_03/part_03.md | blocks 32362 | 1098m | 29 blk/min | 12 links to repair
[1465/2685] ok Authors/Dickens/Atomized/Martin_Chuzzlewit/Chapter_03/part_04.md | blocks 32394 | 1098m | 30 blk/min | 6 links to repair
[1466/2685] ok Authors/Dickens/Atomized/Martin_Chuzzlewit/Chapter_03/part_05.md | blocks 32416 | 1100m | 29 blk/min | 12 links to repair
[1467/2685] ok Authors/Dickens/Atomized/Martin_Chuzzlewit/Chapter_03/part_06.md | blocks 32433 | 1100m | 29 blk/min | 6 links to repair
[1468/2685] ok Authors/Dickens/Atomized/Martin_Chuzzlewit/Chapter_03/part_07.md | blocks 32449 | 1100m | 29 blk/min | 12 links to repair
[1469/2685] ok Authors/Dickens/Atomized/Martin_Chuzzlewit/Chapter_04/part_01.md | blocks 32469 | 1100m | 30 blk/min | 7 links to repair
[1470/2685] ok Authors/Dickens/Atomized/Martin_Chuzzlewit/Chapter_04/part_02.md | blocks 32492 | 1102m | 29 blk/min | 5 links to repair
[1471/2685] ok Authors/Dickens/Atomized/Martin_Chuzzlewit/Chapter_04/part_03.md | blocks 32508 | 1103m | 29 blk/min | 11 links to repair
[1472/2685] ok Authors/Dickens/Atomized/Martin_Chuzzlewit/Chapter_04/part_05.md | blocks 32515 | 1103m | 29 blk/min | 8 links to repair
[1473/2685] ok Authors/Dickens/Atomized/Martin_Chuzzlewit/Chapter_04/part_04.md | blocks 32541 | 1103m | 29 blk/min | 18 links to repair
[1474/2685] ok Authors/Dickens/Atomized/Martin_Chuzzlewit/Chapter_04/part_06.md | blocks 32557 | 1104m | 29 blk/min | 9 links to repair
[1475/2685] ok Authors/Dickens/Atomized/Martin_Chuzzlewit/Chapter_04/part_08.md | blocks 32577 | 1105m | 29 blk/min
[1476/2685] ok Authors/Dickens/Atomized/Martin_Chuzzlewit/Chapter_04/part_07.md | blocks 32601 | 1105m | 29 blk/min | 13 links to repair
[1477/2685] ok Authors/Dickens/Atomized/Martin_Chuzzlewit/Chapter_05/part_02.md | blocks 32629 | 1107m | 29 blk/min | 12 links to repair
[1478/2685] ok Authors/Dickens/Atomized/Martin_Chuzzlewit/Chapter_05/part_03.md | blocks 32651 | 1107m | 29 blk/min | 13 links to repair
[1479/2685] ok Authors/Dickens/Atomized/Martin_Chuzzlewit/Chapter_05/part_01.md | blocks 32661 | 1108m | 29 blk/min | 28 links to repair
[1480/2685] ok Authors/Dickens/Atomized/Martin_Chuzzlewit/Chapter_05/part_04.md | blocks 32669 | 1109m | 29 blk/min | 21 links to repair
[1481/2685] ok Authors/Dickens/Atomized/Martin_Chuzzlewit/Chapter_05/part_05.md | blocks 32703 | 1110m | 29 blk/min | 8 links to repair
[1482/2685] ok Authors/Dickens/Atomized/Martin_Chuzzlewit/Chapter_05/part_07.md | blocks 32724 | 1110m | 29 blk/min | 15 links to repair
[1483/2685] ok Authors/Dickens/Atomized/Martin_Chuzzlewit/Chapter_05/part_06.md | blocks 32753 | 1111m | 29 blk/min | 10 links to repair
[1484/2685] ok Authors/Dickens/Atomized/Martin_Chuzzlewit/Chapter_05/part_09.md | blocks 32767 | 1112m | 29 blk/min | 9 links to repair
[1485/2685] ok Authors/Dickens/Atomized/Martin_Chuzzlewit/Chapter_05/part_08.md | blocks 32785 | 1112m | 29 blk/min | 16 links to repair
[1486/2685] ok Authors/Dickens/Atomized/Martin_Chuzzlewit/Chapter_06/part_01.md | blocks 32803 | 1113m | 29 blk/min | 15 links to repair
[1487/2685] ok Authors/Dickens/Atomized/Martin_Chuzzlewit/Chapter_06/part_02.md | blocks 32817 | 1114m | 29 blk/min | 15 links to repair
[1488/2685] ok Authors/Dickens/Atomized/Martin_Chuzzlewit/Chapter_06/part_03.md | blocks 32838 | 1115m | 29 blk/min | 9 links to repair
[1489/2685] ok Authors/Dickens/Atomized/Martin_Chuzzlewit/Chapter_06/part_04.md | blocks 32870 | 1115m | 29 blk/min | 14 links to repair
[1490/2685] ok Authors/Dickens/Atomized/Martin_Chuzzlewit/Chapter_06/part_05.md | blocks 32901 | 1116m | 29 blk/min | 15 links to repair
[1491/2685] ok Authors/Dickens/Atomized/Martin_Chuzzlewit/Chapter_06/part_06.md | blocks 32926 | 1116m | 29 blk/min | 12 links to repair
[1492/2685] ok Authors/Dickens/Atomized/Martin_Chuzzlewit/Chapter_07/part_01.md | blocks 32949 | 1117m | 30 blk/min | 17 links to repair
[1493/2685] ok Authors/Dickens/Atomized/Martin_Chuzzlewit/Chapter_07/part_02.md | blocks 32974 | 1118m | 29 blk/min | 7 links to repair
[1494/2685] ok Authors/Dickens/Atomized/Martin_Chuzzlewit/Chapter_07/part_03.md | blocks 32993 | 1118m | 29 blk/min | 4 links to repair
[1495/2685] ok Authors/Dickens/Atomized/Martin_Chuzzlewit/Chapter_07/part_04.md | blocks 33020 | 1119m | 30 blk/min | 11 links to repair
[1496/2685] ok Authors/Dickens/Atomized/Martin_Chuzzlewit/Chapter_07/part_05.md | blocks 33056 | 1120m | 30 blk/min | 8 links to repair
[1497/2685] ok Authors/Dickens/Atomized/Martin_Chuzzlewit/Chapter_07/part_06.md | blocks 33080 | 1120m | 30 blk/min | 9 links to repair
[1498/2685] ok Authors/Dickens/Atomized/Martin_Chuzzlewit/Chapter_08/part_01.md | blocks 33108 | 1121m | 30 blk/min | 9 links to repair
[1499/2685] ok Authors/Dickens/Atomized/Martin_Chuzzlewit/Chapter_08/part_02.md | blocks 33140 | 1122m | 30 blk/min | 10 links to repair
[1500/2685] ok Authors/Dickens/Atomized/Martin_Chuzzlewit/Chapter_08/part_03.md | blocks 33156 | 1123m | 30 blk/min | 5 links to repair
[1501/2685] ok Authors/Dickens/Atomized/Martin_Chuzzlewit/Chapter_09/part_01.md | blocks 33165 | 1124m | 30 blk/min | 18 links to repair
[1502/2685] ok Authors/Dickens/Atomized/Martin_Chuzzlewit/Chapter_08/part_04.md | blocks 33192 | 1124m | 30 blk/min | 11 links to repair
[1503/2685] ok Authors/Dickens/Atomized/Martin_Chuzzlewit/Chapter_09/part_02.md | blocks 33207 | 1125m | 30 blk/min | 14 links to repair
[1504/2685] ok Authors/Dickens/Atomized/Martin_Chuzzlewit/Chapter_09/part_03.md | blocks 33227 | 1126m | 30 blk/min | 13 links to repair
[1505/2685] ok Authors/Dickens/Atomized/Martin_Chuzzlewit/Chapter_09/part_05.md | blocks 33256 | 1126m | 30 blk/min | 7 links to repair
[1506/2685] ok Authors/Dickens/Atomized/Martin_Chuzzlewit/Chapter_09/part_04.md | blocks 33279 | 1127m | 30 blk/min | 13 links to repair
[1507/2685] ok Authors/Dickens/Atomized/Martin_Chuzzlewit/Chapter_09/part_06.md | blocks 33300 | 1128m | 30 blk/min | 10 links to repair
[1508/2685] ok Authors/Dickens/Atomized/Martin_Chuzzlewit/Chapter_09/part_07.md | blocks 33309 | 1130m | 29 blk/min | 10 links to repair
[1509/2685] ok Authors/Dickens/Atomized/Martin_Chuzzlewit/Chapter_09/part_08.md | blocks 33320 | 1130m | 29 blk/min | 8 links to repair
[1510/2685] ok Authors/Dickens/Atomized/Martin_Chuzzlewit/Chapter_09/part_09.md | blocks 33345 | 1131m | 29 blk/min | 11 links to repair
REJECT Authors/Dickens/Atomized/Martin_Chuzzlewit/Chapter_09/part_10.md: invented wikilink targets: ['L01']
[1512/2685] ok Authors/Dickens/Atomized/Martin_Chuzzlewit/Chapter_10/part_02.md | blocks 33377 | 1132m | 29 blk/min | 7 links to repair
[1513/2685] ok Authors/Dickens/Atomized/Martin_Chuzzlewit/Chapter_10/part_01.md | blocks 33400 | 1132m | 30 blk/min | 11 links to repair
[1514/2685] ok Authors/Dickens/Atomized/Martin_Chuzzlewit/Chapter_10/part_03.md | blocks 33436 | 1133m | 30 blk/min | 12 links to repair
[1515/2685] ok Authors/Dickens/Atomized/Martin_Chuzzlewit/Chapter_10/part_04.md | blocks 33460 | 1134m | 30 blk/min | 15 links to repair
[1516/2685] ok Authors/Dickens/Atomized/Martin_Chuzzlewit/Chapter_10/part_06.md | blocks 33487 | 1135m | 30 blk/min | 6 links to repair
[1517/2685] ok Authors/Dickens/Atomized/Martin_Chuzzlewit/Chapter_10/part_05.md | blocks 33512 | 1135m | 30 blk/min | 5 links to repair
[1518/2685] ok Authors/Dickens/Atomized/Martin_Chuzzlewit/Chapter_11_ELEVEN/part_01.md | blocks 33536 | 1135m | 30 blk/min | 17 links to repair
[1519/2685] ok Authors/Dickens/Atomized/Martin_Chuzzlewit/Chapter_11_ELEVEN/part_04.md | blocks 33564 | 1137m | 30 blk/min | 3 links to repair
[1520/2685] ok Authors/Dickens/Atomized/Martin_Chuzzlewit/Chapter_11_ELEVEN/part_02.md | blocks 33597 | 1138m | 30 blk/min | 11 links to repair
[1521/2685] ok Authors/Dickens/Atomized/Martin_Chuzzlewit/Chapter_11_ELEVEN/part_03.md | blocks 33617 | 1138m | 30 blk/min | 14 links to repair
[1522/2685] ok Authors/Dickens/Atomized/Martin_Chuzzlewit/Chapter_11_ELEVEN/part_05.md | blocks 33638 | 1138m | 30 blk/min | 13 links to repair
[1523/2685] ok Authors/Dickens/Atomized/Martin_Chuzzlewit/Chapter_11_ELEVEN/part_08.md | blocks 33661 | 1142m | 29 blk/min | 6 links to repair
[1524/2685] ok Authors/Dickens/Atomized/Martin_Chuzzlewit/Chapter_12_TWELVE/part_01.md | blocks 33693 | 1142m | 30 blk/min | 11 links to repair
[1525/2685] ok Authors/Dickens/Atomized/Martin_Chuzzlewit/Chapter_11_ELEVEN/part_07.md | blocks 33715 | 1143m | 30 blk/min | 12 links to repair
[1526/2685] ok Authors/Dickens/Atomized/Martin_Chuzzlewit/Chapter_11_ELEVEN/part_06.md | blocks 33732 | 1143m | 30 blk/min | 24 links to repair
[1527/2685] ok Authors/Dickens/Atomized/Martin_Chuzzlewit/Chapter_12_TWELVE/part_02.md | blocks 33755 | 1144m | 30 blk/min | 17 links to repair
[1528/2685] ok Authors/Dickens/Atomized/Martin_Chuzzlewit/Chapter_12_TWELVE/part_04.md | blocks 33789 | 1145m | 30 blk/min | 7 links to repair
[1529/2685] ok Authors/Dickens/Atomized/Martin_Chuzzlewit/Chapter_12_TWELVE/part_05.md | blocks 33814 | 1145m | 30 blk/min | 7 links to repair
[1530/2685] ok Authors/Dickens/Atomized/Martin_Chuzzlewit/Chapter_12_TWELVE/part_03.md | blocks 33829 | 1146m | 30 blk/min | 16 links to repair
[1531/2685] ok Authors/Dickens/Atomized/Martin_Chuzzlewit/Chapter_12_TWELVE/part_06.md | blocks 33858 | 1146m | 30 blk/min | 10 links to repair
[1532/2685] ok Authors/Dickens/Atomized/Martin_Chuzzlewit/Chapter_12_TWELVE/part_08.md | blocks 33884 | 1147m | 30 blk/min | 3 links to repair
[1533/2685] ok Authors/Dickens/Atomized/Martin_Chuzzlewit/Chapter_12_TWELVE/part_07.md | blocks 33911 | 1148m | 30 blk/min | 8 links to repair
[1534/2685] ok Authors/Dickens/Atomized/Martin_Chuzzlewit/Chapter_13_THIRTEEN/part_02.md | blocks 33954 | 1149m | 30 blk/min | 7 links to repair
[1535/2685] ok Authors/Dickens/Atomized/Martin_Chuzzlewit/Chapter_13_THIRTEEN/part_01.md | blocks 33967 | 1150m | 30 blk/min | 17 links to repair
[1536/2685] ok Authors/Dickens/Atomized/Martin_Chuzzlewit/Chapter_13_THIRTEEN/part_04.md | blocks 33993 | 1150m | 30 blk/min | 5 links to repair
[1537/2685] ok Authors/Dickens/Atomized/Martin_Chuzzlewit/Chapter_13_THIRTEEN/part_03.md | blocks 34013 | 1150m | 30 blk/min | 9 links to repair
[1538/2685] ok Authors/Dickens/Atomized/Martin_Chuzzlewit/Chapter_13_THIRTEEN/part_06.md | blocks 34033 | 1152m | 30 blk/min | 8 links to repair
[1539/2685] ok Authors/Dickens/Atomized/Martin_Chuzzlewit/Chapter_13_THIRTEEN/part_05.md | blocks 34041 | 1153m | 30 blk/min | 16 links to repair
[1540/2685] ok Authors/Dickens/Atomized/Martin_Chuzzlewit/Chapter_13_THIRTEEN/part_07.md | blocks 34084 | 1153m | 30 blk/min | 17 links to repair
[1541/2685] ok Authors/Dickens/Atomized/Martin_Chuzzlewit/Chapter_13_THIRTEEN/part_08.md | blocks 34113 | 1153m | 30 blk/min | 14 links to repair
[1542/2685] ok Authors/Dickens/Atomized/Martin_Chuzzlewit/Chapter_14_FOURTEEN/part_02.md | blocks 34142 | 1156m | 30 blk/min | 17 links to repair
[1543/2685] ok Authors/Dickens/Atomized/Martin_Chuzzlewit/Chapter_14_FOURTEEN/part_01.md | blocks 34163 | 1156m | 30 blk/min | 18 links to repair
[1544/2685] ok Authors/Dickens/Atomized/Martin_Chuzzlewit/Chapter_14_FOURTEEN/part_03.md | blocks 34188 | 1157m | 30 blk/min | 11 links to repair
[1545/2685] ok Authors/Dickens/Atomized/Martin_Chuzzlewit/Chapter_14_FOURTEEN/part_04.md | blocks 34213 | 1158m | 30 blk/min | 12 links to repair
[1546/2685] ok Authors/Dickens/Atomized/Martin_Chuzzlewit/Chapter_15_FIFTEEN/part_03.md | blocks 34232 | 1160m | 30 blk/min | 13 links to repair
[1547/2685] ok Authors/Dickens/Atomized/Martin_Chuzzlewit/Chapter_15_FIFTEEN/part_02.md | blocks 34255 | 1160m | 30 blk/min | 13 links to repair
[1548/2685] ok Authors/Dickens/Atomized/Martin_Chuzzlewit/Chapter_15_FIFTEEN/part_01.md | blocks 34275 | 1160m | 30 blk/min | 27 links to repair
[1549/2685] ok Authors/Dickens/Atomized/Martin_Chuzzlewit/Chapter_15_FIFTEEN/part_04.md | blocks 34282 | 1160m | 30 blk/min | 5 links to repair
[1550/2685] ok Authors/Dickens/Atomized/Martin_Chuzzlewit/Chapter_16_SIXTEEN/part_03.md | blocks 34303 | 1162m | 30 blk/min | 6 links to repair
[1551/2685] ok Authors/Dickens/Atomized/Martin_Chuzzlewit/Chapter_16_SIXTEEN/part_01.md | blocks 34319 | 1163m | 30 blk/min | 12 links to repair
[1552/2685] ok Authors/Dickens/Atomized/Martin_Chuzzlewit/Chapter_16_SIXTEEN/part_04.md | blocks 34354 | 1163m | 30 blk/min | 12 links to repair
[1553/2685] ok Authors/Dickens/Atomized/Martin_Chuzzlewit/Chapter_16_SIXTEEN/part_02.md | blocks 34395 | 1163m | 30 blk/min | 18 links to repair
[1554/2685] ok Authors/Dickens/Atomized/Martin_Chuzzlewit/Chapter_16_SIXTEEN/part_05.md | blocks 34417 | 1165m | 30 blk/min | 15 links to repair
[1555/2685] ok Authors/Dickens/Atomized/Martin_Chuzzlewit/Chapter_16_SIXTEEN/part_08.md | blocks 34443 | 1166m | 30 blk/min | 12 links to repair
[1556/2685] ok Authors/Dickens/Atomized/Martin_Chuzzlewit/Chapter_16_SIXTEEN/part_07.md | blocks 34472 | 1166m | 30 blk/min | 8 links to repair
[1557/2685] ok Authors/Dickens/Atomized/Martin_Chuzzlewit/Chapter_16_SIXTEEN/part_06.md | blocks 34497 | 1167m | 30 blk/min | 19 links to repair
[1558/2685] ok Authors/Dickens/Atomized/Martin_Chuzzlewit/Chapter_17_SEVENTEEN/part_01.md | blocks 34521 | 1167m | 30 blk/min | 7 links to repair
[1559/2685] ok Authors/Dickens/Atomized/Martin_Chuzzlewit/Chapter_17_SEVENTEEN/part_02.md | blocks 34551 | 1169m | 30 blk/min | 6 links to repair
[1560/2685] ok Authors/Dickens/Atomized/Martin_Chuzzlewit/Chapter_17_SEVENTEEN/part_03.md | blocks 34572 | 1169m | 30 blk/min | 11 links to repair
[1561/2685] ok Authors/Dickens/Atomized/Martin_Chuzzlewit/Chapter_17_SEVENTEEN/part_04.md | blocks 34581 | 1169m | 30 blk/min | 23 links to repair
[1562/2685] ok Authors/Dickens/Atomized/Martin_Chuzzlewit/Chapter_17_SEVENTEEN/part_05.md | blocks 34611 | 1170m | 30 blk/min | 13 links to repair
[1563/2685] ok Authors/Dickens/Atomized/Martin_Chuzzlewit/Chapter_17_SEVENTEEN/part_08.md | blocks 34627 | 1171m | 30 blk/min | 6 links to repair
[1564/2685] ok Authors/Dickens/Atomized/Martin_Chuzzlewit/Chapter_17_SEVENTEEN/part_07.md | blocks 34659 | 1171m | 30 blk/min | 16 links to repair
[1565/2685] ok Authors/Dickens/Atomized/Martin_Chuzzlewit/Chapter_17_SEVENTEEN/part_06.md | blocks 34691 | 1172m | 30 blk/min | 8 links to repair
[1566/2685] ok Authors/Dickens/Atomized/Martin_Chuzzlewit/Chapter_18_EIGHTEEN/part_01.md | blocks 34724 | 1172m | 30 blk/min | 8 links to repair
[1567/2685] ok Authors/Dickens/Atomized/Martin_Chuzzlewit/Chapter_18_EIGHTEEN/part_02.md | blocks 34751 | 1173m | 30 blk/min | 7 links to repair
[1568/2685] ok Authors/Dickens/Atomized/Martin_Chuzzlewit/Chapter_18_EIGHTEEN/part_03.md | blocks 34778 | 1174m | 30 blk/min | 6 links to repair
[1569/2685] ok Authors/Dickens/Atomized/Martin_Chuzzlewit/Chapter_18_EIGHTEEN/part_04.md | blocks 34818 | 1175m | 30 blk/min | 18 links to repair
[1570/2685] ok Authors/Dickens/Atomized/Martin_Chuzzlewit/Chapter_19_NINETEEN/part_02.md | blocks 34835 | 1176m | 30 blk/min | 11 links to repair
[1571/2685] ok Authors/Dickens/Atomized/Martin_Chuzzlewit/Chapter_19_NINETEEN/part_01.md | blocks 34855 | 1176m | 30 blk/min | 7 links to repair
[1572/2685] ok Authors/Dickens/Atomized/Martin_Chuzzlewit/Chapter_19_NINETEEN/part_03.md | blocks 34879 | 1177m | 30 blk/min | 6 links to repair
[1573/2685] ok Authors/Dickens/Atomized/Martin_Chuzzlewit/Chapter_19_NINETEEN/part_05.md | blocks 34908 | 1178m | 30 blk/min | 13 links to repair
[1574/2685] ok Authors/Dickens/Atomized/Martin_Chuzzlewit/Chapter_19_NINETEEN/part_04.md | blocks 34924 | 1179m | 30 blk/min | 13 links to repair
[1575/2685] ok Authors/Dickens/Atomized/Martin_Chuzzlewit/Chapter_20_TWENTY/part_01.md | blocks 34957 | 1179m | 30 blk/min | 7 links to repair
[1576/2685] ok Authors/Dickens/Atomized/Martin_Chuzzlewit/Chapter_19_NINETEEN/part_06.md | blocks 34977 | 1180m | 30 blk/min | 10 links to repair
[1577/2685] ok Authors/Dickens/Atomized/Martin_Chuzzlewit/Chapter_20_TWENTY/part_03.md | blocks 35009 | 1181m | 30 blk/min | 15 links to repair
[1578/2685] ok Authors/Dickens/Atomized/Martin_Chuzzlewit/Chapter_20_TWENTY/part_04.md | blocks 35044 | 1182m | 30 blk/min | 10 links to repair
[1579/2685] ok Authors/Dickens/Atomized/Martin_Chuzzlewit/Chapter_20_TWENTY/part_02.md | blocks 35059 | 1182m | 30 blk/min | 8 links to repair
[1580/2685] ok Authors/Dickens/Atomized/Martin_Chuzzlewit/Chapter_20_TWENTY/part_06.md | blocks 35070 | 1182m | 30 blk/min | 9 links to repair
[1581/2685] ok Authors/Dickens/Atomized/Martin_Chuzzlewit/Chapter_20_TWENTY/part_05.md | blocks 35101 | 1183m | 30 blk/min | 13 links to repair
[1582/2685] ok Authors/Dickens/Atomized/Martin_Chuzzlewit/Chapter_21_TWENTY_ONE/part_01.md | blocks 35121 | 1184m | 30 blk/min | 10 links to repair
[1583/2685] ok Authors/Dickens/Atomized/Martin_Chuzzlewit/Chapter_21_TWENTY_ONE/part_02.md | blocks 35156 | 1184m | 30 blk/min | 10 links to repair
[1584/2685] ok Authors/Dickens/Atomized/Martin_Chuzzlewit/Chapter_21_TWENTY_ONE/part_03.md | blocks 35189 | 1185m | 30 blk/min | 14 links to repair
[1585/2685] ok Authors/Dickens/Atomized/Martin_Chuzzlewit/Chapter_21_TWENTY_ONE/part_04.md | blocks 35211 | 1185m | 30 blk/min | 3 links to repair
[1586/2685] ok Authors/Dickens/Atomized/Martin_Chuzzlewit/Chapter_21_TWENTY_ONE/part_06.md | blocks 35254 | 1187m | 30 blk/min | 13 links to repair
[1587/2685] ok Authors/Dickens/Atomized/Martin_Chuzzlewit/Chapter_21_TWENTY_ONE/part_05.md | blocks 35282 | 1187m | 30 blk/min | 9 links to repair
[1588/2685] ok Authors/Dickens/Atomized/Martin_Chuzzlewit/Chapter_21_TWENTY_ONE/part_07.md | blocks 35299 | 1187m | 30 blk/min | 23 links to repair
[1589/2685] ok Authors/Dickens/Atomized/Martin_Chuzzlewit/Chapter_21_TWENTY_ONE/part_08.md | blocks 35323 | 1188m | 30 blk/min | 8 links to repair
[1590/2685] ok Authors/Dickens/Atomized/Martin_Chuzzlewit/Chapter_22_TWENTY_TWO/part_02.md | blocks 35342 | 1189m | 30 blk/min | 3 links to repair
[1591/2685] ok Authors/Dickens/Atomized/Martin_Chuzzlewit/Chapter_22_TWENTY_TWO/part_01.md | blocks 35390 | 1189m | 30 blk/min | 11 links to repair
[1592/2685] ok Authors/Dickens/Atomized/Martin_Chuzzlewit/Chapter_22_TWENTY_TWO/part_04.md | blocks 35411 | 1190m | 30 blk/min | 7 links to repair
[1593/2685] ok Authors/Dickens/Atomized/Martin_Chuzzlewit/Chapter_22_TWENTY_TWO/part_03.md | blocks 35438 | 1190m | 30 blk/min | 4 links to repair
[1594/2685] ok Authors/Dickens/Atomized/Martin_Chuzzlewit/Chapter_23_TWENTY_THREE/part_02.md | blocks 35466 | 1192m | 30 blk/min | 10 links to repair
[1595/2685] ok Authors/Dickens/Atomized/Martin_Chuzzlewit/Chapter_23_TWENTY_THREE/part_01.md | blocks 35493 | 1193m | 30 blk/min | 14 links to repair
[1596/2685] ok Authors/Dickens/Atomized/Martin_Chuzzlewit/Chapter_23_TWENTY_THREE/part_04.md | blocks 35512 | 1193m | 30 blk/min | 7 links to repair
[1597/2685] ok Authors/Dickens/Atomized/Martin_Chuzzlewit/Chapter_23_TWENTY_THREE/part_03.md | blocks 35526 | 1194m | 30 blk/min | 13 links to repair
[1598/2685] ok Authors/Dickens/Atomized/Martin_Chuzzlewit/Chapter_24_TWENTY_FOUR/part_03.md | blocks 35562 | 1195m | 30 blk/min | 8 links to repair
[1599/2685] ok Authors/Dickens/Atomized/Martin_Chuzzlewit/Chapter_24_TWENTY_FOUR/part_01.md | blocks 35588 | 1196m | 30 blk/min | 17 links to repair
[1600/2685] ok Authors/Dickens/Atomized/Martin_Chuzzlewit/Chapter_24_TWENTY_FOUR/part_02.md | blocks 35610 | 1197m | 30 blk/min | 16 links to repair
[1601/2685] ok Authors/Dickens/Atomized/Martin_Chuzzlewit/Chapter_24_TWENTY_FOUR/part_04.md | blocks 35636 | 1198m | 30 blk/min | 12 links to repair
[1602/2685] ok Authors/Dickens/Atomized/Martin_Chuzzlewit/Chapter_24_TWENTY_FOUR/part_06.md | blocks 35681 | 1198m | 30 blk/min | 9 links to repair
[1603/2685] ok Authors/Dickens/Atomized/Martin_Chuzzlewit/Chapter_24_TWENTY_FOUR/part_05.md | blocks 35708 | 1199m | 30 blk/min | 13 links to repair
[1604/2685] ok Authors/Dickens/Atomized/Martin_Chuzzlewit/Chapter_25_TWENTY_FIVE/part_03.md | blocks 35730 | 1200m | 30 blk/min | 19 links to repair
[1605/2685] ok Authors/Dickens/Atomized/Martin_Chuzzlewit/Chapter_25_TWENTY_FIVE/part_02.md | blocks 35750 | 1200m | 30 blk/min | 16 links to repair
[1606/2685] ok Authors/Dickens/Atomized/Martin_Chuzzlewit/Chapter_25_TWENTY_FIVE/part_01.md | blocks 35772 | 1201m | 30 blk/min | 12 links to repair
[1607/2685] ok Authors/Dickens/Atomized/Martin_Chuzzlewit/Chapter_25_TWENTY_FIVE/part_04.md | blocks 35807 | 1202m | 30 blk/min | 10 links to repair
[1608/2685] ok Authors/Dickens/Atomized/Martin_Chuzzlewit/Chapter_25_TWENTY_FIVE/part_06.md | blocks 35852 | 1204m | 30 blk/min | 12 links to repair
[1609/2685] ok Authors/Dickens/Atomized/Martin_Chuzzlewit/Chapter_25_TWENTY_FIVE/part_05.md | blocks 35869 | 1204m | 30 blk/min | 12 links to repair
[1610/2685] ok Authors/Dickens/Atomized/Martin_Chuzzlewit/Chapter_26_TWENTY_SIX/part_01.md | blocks 35887 | 1205m | 30 blk/min | 10 links to repair
[1611/2685] ok Authors/Dickens/Atomized/Martin_Chuzzlewit/Chapter_26_TWENTY_SIX/part_02.md | blocks 35916 | 1206m | 30 blk/min | 14 links to repair
[1612/2685] ok Authors/Dickens/Atomized/Martin_Chuzzlewit/Chapter_26_TWENTY_SIX/part_03.md | blocks 35959 | 1206m | 30 blk/min | 13 links to repair
[1613/2685] ok Authors/Dickens/Atomized/Martin_Chuzzlewit/Chapter_27_TWENTY_SEVEN/part_01.md | blocks 35972 | 1206m | 30 blk/min | 10 links to repair
[1614/2685] ok Authors/Dickens/Atomized/Martin_Chuzzlewit/Chapter_27_TWENTY_SEVEN/part_02.md | blocks 36010 | 1207m | 30 blk/min | 17 links to repair
[1615/2685] ok Authors/Dickens/Atomized/Martin_Chuzzlewit/Chapter_27_TWENTY_SEVEN/part_03.md | blocks 36028 | 1208m | 30 blk/min | 9 links to repair
[1616/2685] ok Authors/Dickens/Atomized/Martin_Chuzzlewit/Chapter_27_TWENTY_SEVEN/part_05.md | blocks 36050 | 1208m | 30 blk/min | 12 links to repair
[1617/2685] ok Authors/Dickens/Atomized/Martin_Chuzzlewit/Chapter_27_TWENTY_SEVEN/part_04.md | blocks 36069 | 1208m | 30 blk/min | 4 links to repair
[1618/2685] ok Authors/Dickens/Atomized/Martin_Chuzzlewit/Chapter_27_TWENTY_SEVEN/part_07.md | blocks 36116 | 1210m | 30 blk/min | 14 links to repair
[1619/2685] ok Authors/Dickens/Atomized/Martin_Chuzzlewit/Chapter_28_TWENTY_EIGHT/part_01.md | blocks 36143 | 1211m | 30 blk/min | 13 links to repair
[1620/2685] ok Authors/Dickens/Atomized/Martin_Chuzzlewit/Chapter_27_TWENTY_SEVEN/part_06.md | blocks 36174 | 1211m | 30 blk/min | 12 links to repair
[1621/2685] ok Authors/Dickens/Atomized/Martin_Chuzzlewit/Chapter_27_TWENTY_SEVEN/part_08.md | blocks 36198 | 1212m | 30 blk/min | 4 links to repair
[1622/2685] ok Authors/Dickens/Atomized/Martin_Chuzzlewit/Chapter_28_TWENTY_EIGHT/part_02.md | blocks 36231 | 1213m | 30 blk/min | 16 links to repair
[1623/2685] ok Authors/Dickens/Atomized/Martin_Chuzzlewit/Chapter_28_TWENTY_EIGHT/part_03.md | blocks 36254 | 1213m | 30 blk/min | 18 links to repair
[1624/2685] ok Authors/Dickens/Atomized/Martin_Chuzzlewit/Chapter_28_TWENTY_EIGHT/part_04.md | blocks 36291 | 1213m | 30 blk/min | 11 links to repair
[1625/2685] ok Authors/Dickens/Atomized/Martin_Chuzzlewit/Chapter_29_TWENTY_NINE/part_01.md | blocks 36319 | 1214m | 30 blk/min | 8 links to repair
[1626/2685] ok Authors/Dickens/Atomized/Martin_Chuzzlewit/Chapter_29_TWENTY_NINE/part_04.md | blocks 36342 | 1215m | 30 blk/min | 4 links to repair
[1627/2685] ok Authors/Dickens/Atomized/Martin_Chuzzlewit/Chapter_29_TWENTY_NINE/part_02.md | blocks 36378 | 1215m | 30 blk/min | 13 links to repair
[1628/2685] ok Authors/Dickens/Atomized/Martin_Chuzzlewit/Chapter_29_TWENTY_NINE/part_03.md | blocks 36404 | 1215m | 30 blk/min | 4 links to repair
[1629/2685] ok Authors/Dickens/Atomized/Martin_Chuzzlewit/Chapter_30_THIRTY/part_01.md | blocks 36434 | 1217m | 30 blk/min | 11 links to repair
[1630/2685] ok Authors/Dickens/Atomized/Martin_Chuzzlewit/Chapter_30_THIRTY/part_03.md | blocks 36460 | 1218m | 30 blk/min | 11 links to repair
[1631/2685] ok Authors/Dickens/Atomized/Martin_Chuzzlewit/Chapter_30_THIRTY/part_02.md | blocks 36480 | 1219m | 30 blk/min | 22 links to repair
[1632/2685] ok Authors/Dickens/Atomized/Martin_Chuzzlewit/Chapter_30_THIRTY/part_04.md | blocks 36509 | 1219m | 30 blk/min | 13 links to repair
[1633/2685] ok Authors/Dickens/Atomized/Martin_Chuzzlewit/Chapter_30_THIRTY/part_05.md | blocks 36540 | 1219m | 30 blk/min | 14 links to repair
[1634/2685] ok Authors/Dickens/Atomized/Martin_Chuzzlewit/Chapter_31_THIRTY_ONE/part_01.md | blocks 36558 | 1221m | 30 blk/min | 10 links to repair
[1635/2685] ok Authors/Dickens/Atomized/Martin_Chuzzlewit/Chapter_30_THIRTY/part_06.md | blocks 36588 | 1221m | 30 blk/min | 13 links to repair
[1636/2685] ok Authors/Dickens/Atomized/Martin_Chuzzlewit/Chapter_31_THIRTY_ONE/part_03.md | blocks 36604 | 1222m | 30 blk/min | 16 links to repair
[1637/2685] ok Authors/Dickens/Atomized/Martin_Chuzzlewit/Chapter_31_THIRTY_ONE/part_02.md | blocks 36636 | 1222m | 30 blk/min | 9 links to repair
[1638/2685] ok Authors/Dickens/Atomized/Martin_Chuzzlewit/Chapter_31_THIRTY_ONE/part_04.md | blocks 36669 | 1224m | 30 blk/min | 21 links to repair
[1639/2685] ok Authors/Dickens/Atomized/Martin_Chuzzlewit/Chapter_31_THIRTY_ONE/part_06.md | blocks 36686 | 1224m | 30 blk/min | 25 links to repair
[1640/2685] ok Authors/Dickens/Atomized/Martin_Chuzzlewit/Chapter_31_THIRTY_ONE/part_07.md | blocks 36716 | 1225m | 30 blk/min | 6 links to repair
[1641/2685] ok Authors/Dickens/Atomized/Martin_Chuzzlewit/Chapter_31_THIRTY_ONE/part_05.md | blocks 36744 | 1225m | 30 blk/min | 9 links to repair
[1642/2685] ok Authors/Dickens/Atomized/Martin_Chuzzlewit/Chapter_32_THIRTY_TWO/part_03.md | blocks 36759 | 1225m | 30 blk/min | 1 links to repair
[1643/2685] ok Authors/Dickens/Atomized/Martin_Chuzzlewit/Chapter_32_THIRTY_TWO/part_02.md | blocks 36785 | 1226m | 30 blk/min | 9 links to repair
[1644/2685] ok Authors/Dickens/Atomized/Martin_Chuzzlewit/Chapter_32_THIRTY_TWO/part_01.md | blocks 36810 | 1227m | 30 blk/min | 15 links to repair
[1645/2685] ok Authors/Dickens/Atomized/Martin_Chuzzlewit/Chapter_33_THIRTY_THREE/part_01.md | blocks 36831 | 1228m | 30 blk/min | 11 links to repair
[1646/2685] ok Authors/Dickens/Atomized/Martin_Chuzzlewit/Chapter_33_THIRTY_THREE/part_02.md | blocks 36855 | 1228m | 30 blk/min | 9 links to repair
[1647/2685] ok Authors/Dickens/Atomized/Martin_Chuzzlewit/Chapter_33_THIRTY_THREE/part_03.md | blocks 36889 | 1229m | 30 blk/min | 13 links to repair
[1648/2685] ok Authors/Dickens/Atomized/Martin_Chuzzlewit/Chapter_33_THIRTY_THREE/part_04.md | blocks 36930 | 1230m | 30 blk/min | 13 links to repair
[1649/2685] ok Authors/Dickens/Atomized/Martin_Chuzzlewit/Chapter_33_THIRTY_THREE/part_06.md | blocks 36960 | 1231m | 30 blk/min | 7 links to repair
[1650/2685] ok Authors/Dickens/Atomized/Martin_Chuzzlewit/Chapter_33_THIRTY_THREE/part_07.md | blocks 36978 | 1231m | 30 blk/min | 3 links to repair
[1651/2685] ok Authors/Dickens/Atomized/Martin_Chuzzlewit/Chapter_33_THIRTY_THREE/part_05.md | blocks 36997 | 1231m | 30 blk/min | 12 links to repair
[1652/2685] ok Authors/Dickens/Atomized/Martin_Chuzzlewit/Chapter_34_THIRTY_FOUR/part_01.md | blocks 37038 | 1232m | 30 blk/min | 4 links to repair
[1653/2685] ok Authors/Dickens/Atomized/Martin_Chuzzlewit/Chapter_34_THIRTY_FOUR/part_03.md | blocks 37075 | 1233m | 30 blk/min | 5 links to repair
[1654/2685] ok Authors/Dickens/Atomized/Martin_Chuzzlewit/Chapter_34_THIRTY_FOUR/part_04.md | blocks 37103 | 1234m | 30 blk/min | 7 links to repair
[1655/2685] ok Authors/Dickens/Atomized/Martin_Chuzzlewit/Chapter_34_THIRTY_FOUR/part_02.md | blocks 37130 | 1234m | 30 blk/min | 7 links to repair
[1656/2685] ok Authors/Dickens/Atomized/Martin_Chuzzlewit/Chapter_34_THIRTY_FOUR/part_06.md | blocks 37166 | 1235m | 30 blk/min | 6 links to repair
[1657/2685] ok Authors/Dickens/Atomized/Martin_Chuzzlewit/Chapter_34_THIRTY_FOUR/part_05.md | blocks 37191 | 1236m | 30 blk/min | 12 links to repair
[1658/2685] ok Authors/Dickens/Atomized/Martin_Chuzzlewit/Chapter_35_THIRTY_FIVE/part_01.md | blocks 37210 | 1236m | 30 blk/min | 9 links to repair
[1659/2685] ok Authors/Dickens/Atomized/Martin_Chuzzlewit/Chapter_35_THIRTY_FIVE/part_02.md | blocks 37239 | 1237m | 30 blk/min | 9 links to repair
[1660/2685] ok Authors/Dickens/Atomized/Martin_Chuzzlewit/Chapter_35_THIRTY_FIVE/part_03.md | blocks 37262 | 1237m | 30 blk/min | 6 links to repair
[1661/2685] ok Authors/Dickens/Atomized/Martin_Chuzzlewit/Chapter_36_THIRTY_SIX/part_01.md | blocks 37274 | 1238m | 30 blk/min | 8 links to repair
[1662/2685] ok Authors/Dickens/Atomized/Martin_Chuzzlewit/Chapter_36_THIRTY_SIX/part_04.md | blocks 37305 | 1239m | 30 blk/min | 17 links to repair
[1663/2685] ok Authors/Dickens/Atomized/Martin_Chuzzlewit/Chapter_36_THIRTY_SIX/part_05.md | blocks 37334 | 1240m | 30 blk/min | 5 links to repair
[1664/2685] ok Authors/Dickens/Atomized/Martin_Chuzzlewit/Chapter_36_THIRTY_SIX/part_02.md | blocks 37359 | 1240m | 30 blk/min | 12 links to repair
[1665/2685] ok Authors/Dickens/Atomized/Martin_Chuzzlewit/Chapter_36_THIRTY_SIX/part_03.md | blocks 37373 | 1241m | 30 blk/min | 7 links to repair
[1666/2685] ok Authors/Dickens/Atomized/Martin_Chuzzlewit/Chapter_36_THIRTY_SIX/part_06.md | blocks 37406 | 1242m | 30 blk/min | 7 links to repair
[1667/2685] ok Authors/Dickens/Atomized/Martin_Chuzzlewit/Chapter_36_THIRTY_SIX/part_07.md | blocks 37435 | 1243m | 30 blk/min | 11 links to repair
[1668/2685] ok Authors/Dickens/Atomized/Martin_Chuzzlewit/Chapter_36_THIRTY_SIX/part_08.md | blocks 37471 | 1243m | 30 blk/min | 11 links to repair
[1669/2685] ok Authors/Dickens/Atomized/Martin_Chuzzlewit/Chapter_37_THIRTY_SEVEN/part_01.md | blocks 37505 | 1244m | 30 blk/min | 7 links to repair
[1670/2685] ok Authors/Dickens/Atomized/Martin_Chuzzlewit/Chapter_37_THIRTY_SEVEN/part_02.md | blocks 37529 | 1244m | 30 blk/min | 8 links to repair
[1671/2685] ok Authors/Dickens/Atomized/Martin_Chuzzlewit/Chapter_37_THIRTY_SEVEN/part_04.md | blocks 37561 | 1245m | 30 blk/min | 8 links to repair
[1672/2685] ok Authors/Dickens/Atomized/Martin_Chuzzlewit/Chapter_37_THIRTY_SEVEN/part_03.md | blocks 37591 | 1246m | 30 blk/min | 8 links to repair
[1673/2685] ok Authors/Dickens/Atomized/Martin_Chuzzlewit/Chapter_38_THIRTY_EIGHT/part_02.md | blocks 37622 | 1246m | 30 blk/min | 8 links to repair
[1674/2685] ok Authors/Dickens/Atomized/Martin_Chuzzlewit/Chapter_38_THIRTY_EIGHT/part_01.md | blocks 37635 | 1247m | 30 blk/min | 4 links to repair
[1675/2685] ok Authors/Dickens/Atomized/Martin_Chuzzlewit/Chapter_38_THIRTY_EIGHT/part_04.md | blocks 37660 | 1247m | 30 blk/min | 5 links to repair
[1676/2685] ok Authors/Dickens/Atomized/Martin_Chuzzlewit/Chapter_38_THIRTY_EIGHT/part_03.md | blocks 37699 | 1248m | 30 blk/min | 19 links to repair
[1677/2685] ok Authors/Dickens/Atomized/Martin_Chuzzlewit/Chapter_39_THIRTY_NINE/part_01.md | blocks 37718 | 1249m | 30 blk/min | 9 links to repair
[1678/2685] ok Authors/Dickens/Atomized/Martin_Chuzzlewit/Chapter_39_THIRTY_NINE/part_03.md | blocks 37758 | 1249m | 30 blk/min | 4 links to repair
[1679/2685] ok Authors/Dickens/Atomized/Martin_Chuzzlewit/Chapter_39_THIRTY_NINE/part_04.md | blocks 37786 | 1250m | 30 blk/min | 3 links to repair
[1680/2685] ok Authors/Dickens/Atomized/Martin_Chuzzlewit/Chapter_39_THIRTY_NINE/part_02.md | blocks 37815 | 1250m | 30 blk/min | 12 links to repair
[1681/2685] ok Authors/Dickens/Atomized/Martin_Chuzzlewit/Chapter_39_THIRTY_NINE/part_05.md | blocks 37852 | 1252m | 30 blk/min | 10 links to repair
[1682/2685] ok Authors/Dickens/Atomized/Martin_Chuzzlewit/Chapter_39_THIRTY_NINE/part_06.md | blocks 37875 | 1252m | 30 blk/min | 6 links to repair
[1683/2685] ok Authors/Dickens/Atomized/Martin_Chuzzlewit/Chapter_40_FORTY/part_01.md | blocks 37888 | 1253m | 30 blk/min | 14 links to repair
[1684/2685] ok Authors/Dickens/Atomized/Martin_Chuzzlewit/Chapter_40_FORTY/part_03.md | blocks 37909 | 1254m | 30 blk/min | 10 links to repair
[1685/2685] ok Authors/Dickens/Atomized/Martin_Chuzzlewit/Chapter_39_THIRTY_NINE/part_07.md | blocks 37921 | 1254m | 30 blk/min | 14 links to repair
[1686/2685] ok Authors/Dickens/Atomized/Martin_Chuzzlewit/Chapter_40_FORTY/part_02.md | blocks 37944 | 1255m | 30 blk/min | 17 links to repair
[1687/2685] ok Authors/Dickens/Atomized/Martin_Chuzzlewit/Chapter_40_FORTY/part_04.md | blocks 37971 | 1255m | 30 blk/min | 6 links to repair
[1688/2685] ok Authors/Dickens/Atomized/Martin_Chuzzlewit/Chapter_40_FORTY/part_05.md | blocks 37996 | 1256m | 30 blk/min | 6 links to repair
[1689/2685] ok Authors/Dickens/Atomized/Martin_Chuzzlewit/Chapter_40_FORTY/part_06.md | blocks 38015 | 1256m | 30 blk/min | 9 links to repair
[1690/2685] ok Authors/Dickens/Atomized/Martin_Chuzzlewit/Chapter_41_FORTY_ONE/part_01.md | blocks 38045 | 1257m | 30 blk/min | 8 links to repair
[1691/2685] ok Authors/Dickens/Atomized/Martin_Chuzzlewit/Chapter_41_FORTY_ONE/part_02.md | blocks 38076 | 1258m | 30 blk/min | 6 links to repair
[1692/2685] ok Authors/Dickens/Atomized/Martin_Chuzzlewit/Chapter_41_FORTY_ONE/part_03.md | blocks 38121 | 1258m | 30 blk/min | 9 links to repair
[1693/2685] ok Authors/Dickens/Atomized/Martin_Chuzzlewit/Chapter_42_FORTY_TWO/part_01.md | blocks 38135 | 1259m | 30 blk/min | 5 links to repair
[1694/2685] ok Authors/Dickens/Atomized/Martin_Chuzzlewit/Chapter_42_FORTY_TWO/part_02.md | blocks 38160 | 1260m | 30 blk/min | 14 links to repair
[1695/2685] ok Authors/Dickens/Atomized/Martin_Chuzzlewit/Chapter_42_FORTY_TWO/part_03.md | blocks 38191 | 1260m | 30 blk/min | 11 links to repair
[1696/2685] ok Authors/Dickens/Atomized/Martin_Chuzzlewit/Chapter_42_FORTY_TWO/part_04.md | blocks 38213 | 1262m | 30 blk/min | 17 links to repair
[1697/2685] ok Authors/Dickens/Atomized/Martin_Chuzzlewit/Chapter_43_FORTY_THREE/part_01.md | blocks 38243 | 1262m | 30 blk/min | 13 links to repair
[1698/2685] ok Authors/Dickens/Atomized/Martin_Chuzzlewit/Chapter_43_FORTY_THREE/part_03.md | blocks 38264 | 1263m | 30 blk/min | 8 links to repair
[1699/2685] ok Authors/Dickens/Atomized/Martin_Chuzzlewit/Chapter_43_FORTY_THREE/part_02.md | blocks 38290 | 1263m | 30 blk/min | 15 links to repair
[1700/2685] ok Authors/Dickens/Atomized/Martin_Chuzzlewit/Chapter_43_FORTY_THREE/part_04.md | blocks 38314 | 1264m | 30 blk/min | 9 links to repair
[1701/2685] ok Authors/Dickens/Atomized/Martin_Chuzzlewit/Chapter_43_FORTY_THREE/part_05.md | blocks 38337 | 1265m | 30 blk/min | 13 links to repair
[1702/2685] ok Authors/Dickens/Atomized/Martin_Chuzzlewit/Chapter_43_FORTY_THREE/part_06.md | blocks 38355 | 1266m | 30 blk/min | 11 links to repair
[1703/2685] ok Authors/Dickens/Atomized/Martin_Chuzzlewit/Chapter_43_FORTY_THREE/part_08.md | blocks 38379 | 1266m | 30 blk/min | 14 links to repair
[1704/2685] ok Authors/Dickens/Atomized/Martin_Chuzzlewit/Chapter_43_FORTY_THREE/part_07.md | blocks 38411 | 1266m | 30 blk/min | 10 links to repair
[1705/2685] ok Authors/Dickens/Atomized/Martin_Chuzzlewit/Chapter_43_FORTY_THREE/part_09.md | blocks 38424 | 1267m | 30 blk/min | 10 links to repair
[1706/2685] ok Authors/Dickens/Atomized/Martin_Chuzzlewit/Chapter_44_FORTY_FOUR/part_04.md | blocks 38447 | 1268m | 30 blk/min | 8 links to repair
[1707/2685] ok Authors/Dickens/Atomized/Martin_Chuzzlewit/Chapter_44_FORTY_FOUR/part_01.md | blocks 38473 | 1269m | 30 blk/min | 13 links to repair
[1708/2685] ok Authors/Dickens/Atomized/Martin_Chuzzlewit/Chapter_44_FORTY_FOUR/part_02.md | blocks 38494 | 1270m | 30 blk/min | 9 links to repair
[1709/2685] ok Authors/Dickens/Atomized/Martin_Chuzzlewit/Chapter_44_FORTY_FOUR/part_03.md | blocks 38513 | 1270m | 30 blk/min | 15 links to repair
[1710/2685] ok Authors/Dickens/Atomized/Martin_Chuzzlewit/Chapter_45_FORTY_FIVE/part_01.md | blocks 38532 | 1270m | 30 blk/min | 7 links to repair
[1711/2685] ok Authors/Dickens/Atomized/Martin_Chuzzlewit/Chapter_45_FORTY_FIVE/part_04.md | blocks 38549 | 1272m | 30 blk/min | 11 links to repair
[1712/2685] ok Authors/Dickens/Atomized/Martin_Chuzzlewit/Chapter_45_FORTY_FIVE/part_03.md | blocks 38571 | 1272m | 30 blk/min | 15 links to repair
[1713/2685] ok Authors/Dickens/Atomized/Martin_Chuzzlewit/Chapter_45_FORTY_FIVE/part_02.md | blocks 38598 | 1272m | 30 blk/min | 9 links to repair
[1714/2685] ok Authors/Dickens/Atomized/Martin_Chuzzlewit/Chapter_46_FORTY_SIX/part_01.md | blocks 38632 | 1273m | 30 blk/min | 11 links to repair
[1715/2685] ok Authors/Dickens/Atomized/Martin_Chuzzlewit/Chapter_46_FORTY_SIX/part_04.md | blocks 38649 | 1274m | 30 blk/min | 7 links to repair
[1716/2685] ok Authors/Dickens/Atomized/Martin_Chuzzlewit/Chapter_46_FORTY_SIX/part_02.md | blocks 38676 | 1275m | 30 blk/min | 15 links to repair
[1717/2685] ok Authors/Dickens/Atomized/Martin_Chuzzlewit/Chapter_46_FORTY_SIX/part_03.md | blocks 38698 | 1275m | 30 blk/min | 10 links to repair
[1718/2685] ok Authors/Dickens/Atomized/Martin_Chuzzlewit/Chapter_46_FORTY_SIX/part_05.md | blocks 38725 | 1276m | 30 blk/min | 4 links to repair
[1719/2685] ok Authors/Dickens/Atomized/Martin_Chuzzlewit/Chapter_46_FORTY_SIX/part_06.md | blocks 38754 | 1276m | 30 blk/min | 5 links to repair
[1720/2685] ok Authors/Dickens/Atomized/Martin_Chuzzlewit/Chapter_46_FORTY_SIX/part_07.md | blocks 38783 | 1277m | 30 blk/min | 14 links to repair
[1721/2685] ok Authors/Dickens/Atomized/Martin_Chuzzlewit/Chapter_46_FORTY_SIX/part_09.md | blocks 38794 | 1278m | 30 blk/min | 7 links to repair
[1722/2685] ok Authors/Dickens/Atomized/Martin_Chuzzlewit/Chapter_46_FORTY_SIX/part_08.md | blocks 38825 | 1278m | 30 blk/min | 9 links to repair
[1723/2685] ok Authors/Dickens/Atomized/Martin_Chuzzlewit/Chapter_47_FORTY_SEVEN/part_04.md | blocks 38847 | 1280m | 30 blk/min | 8 links to repair
[1724/2685] ok Authors/Dickens/Atomized/Martin_Chuzzlewit/Chapter_47_FORTY_SEVEN/part_01.md | blocks 38865 | 1280m | 30 blk/min | 21 links to repair
[1725/2685] ok Authors/Dickens/Atomized/Martin_Chuzzlewit/Chapter_47_FORTY_SEVEN/part_02.md | blocks 38889 | 1281m | 30 blk/min | 16 links to repair
[1726/2685] ok Authors/Dickens/Atomized/Martin_Chuzzlewit/Chapter_48_FORTY_EIGHT/part_02.md | blocks 38916 | 1282m | 30 blk/min | 18 links to repair
[1727/2685] ok Authors/Dickens/Atomized/Martin_Chuzzlewit/Chapter_47_FORTY_SEVEN/part_03.md | blocks 38935 | 1282m | 30 blk/min | 14 links to repair
[1728/2685] ok Authors/Dickens/Atomized/Martin_Chuzzlewit/Chapter_48_FORTY_EIGHT/part_01.md | blocks 38956 | 1283m | 30 blk/min | 21 links to repair
[1729/2685] ok Authors/Dickens/Atomized/Martin_Chuzzlewit/Chapter_48_FORTY_EIGHT/part_03.md | blocks 38992 | 1283m | 30 blk/min | 17 links to repair
[1730/2685] ok Authors/Dickens/Atomized/Martin_Chuzzlewit/Chapter_48_FORTY_EIGHT/part_04.md | blocks 39016 | 1285m | 30 blk/min | 9 links to repair
[1731/2685] ok Authors/Dickens/Atomized/Martin_Chuzzlewit/Chapter_48_FORTY_EIGHT/part_05.md | blocks 39046 | 1285m | 30 blk/min | 22 links to repair
[1732/2685] ok Authors/Dickens/Atomized/Martin_Chuzzlewit/Chapter_49_FORTY_NINE/part_01.md | blocks 39058 | 1286m | 30 blk/min | 6 links to repair
[1733/2685] ok Authors/Dickens/Atomized/Martin_Chuzzlewit/Chapter_48_FORTY_EIGHT/part_06.md | blocks 39076 | 1286m | 30 blk/min | 17 links to repair
[1734/2685] ok Authors/Dickens/Atomized/Martin_Chuzzlewit/Chapter_49_FORTY_NINE/part_03.md | blocks 39108 | 1287m | 30 blk/min | 13 links to repair
[1735/2685] ok Authors/Dickens/Atomized/Martin_Chuzzlewit/Chapter_49_FORTY_NINE/part_02.md | blocks 39135 | 1287m | 30 blk/min | 7 links to repair
[1736/2685] ok Authors/Dickens/Atomized/Martin_Chuzzlewit/Chapter_49_FORTY_NINE/part_04.md | blocks 39162 | 1288m | 30 blk/min | 11 links to repair
[1737/2685] ok Authors/Dickens/Atomized/Martin_Chuzzlewit/Chapter_49_FORTY_NINE/part_05.md | blocks 39195 | 1288m | 30 blk/min | 14 links to repair
[1738/2685] ok Authors/Dickens/Atomized/Martin_Chuzzlewit/Chapter_49_FORTY_NINE/part_06.md | blocks 39210 | 1288m | 30 blk/min | 4 links to repair
[1739/2685] ok Authors/Dickens/Atomized/Martin_Chuzzlewit/Chapter_50_FIFTY/part_01.md | blocks 39235 | 1290m | 30 blk/min | 5 links to repair
[1740/2685] ok Authors/Dickens/Atomized/Martin_Chuzzlewit/Chapter_50_FIFTY/part_02.md | blocks 39269 | 1291m | 30 blk/min | 11 links to repair
[1741/2685] ok Authors/Dickens/Atomized/Martin_Chuzzlewit/Chapter_50_FIFTY/part_03.md | blocks 39291 | 1292m | 30 blk/min | 5 links to repair
[1742/2685] ok Authors/Dickens/Atomized/Martin_Chuzzlewit/Chapter_50_FIFTY/part_04.md | blocks 39317 | 1292m | 30 blk/min | 12 links to repair
[1743/2685] ok Authors/Dickens/Atomized/Martin_Chuzzlewit/Chapter_51_FIFTY_ONE/part_01.md | blocks 39334 | 1293m | 30 blk/min | 20 links to repair
[1744/2685] ok Authors/Dickens/Atomized/Martin_Chuzzlewit/Chapter_51_FIFTY_ONE/part_02.md | blocks 39372 | 1293m | 30 blk/min | 12 links to repair
[1745/2685] ok Authors/Dickens/Atomized/Martin_Chuzzlewit/Chapter_51_FIFTY_ONE/part_03.md | blocks 39406 | 1294m | 30 blk/min | 9 links to repair
[1746/2685] ok Authors/Dickens/Atomized/Martin_Chuzzlewit/Chapter_51_FIFTY_ONE/part_04.md | blocks 39434 | 1295m | 30 blk/min | 12 links to repair
[1747/2685] ok Authors/Dickens/Atomized/Martin_Chuzzlewit/Chapter_51_FIFTY_ONE/part_06.md | blocks 39466 | 1296m | 30 blk/min | 15 links to repair
[1748/2685] ok Authors/Dickens/Atomized/Martin_Chuzzlewit/Chapter_51_FIFTY_ONE/part_05.md | blocks 39481 | 1296m | 30 blk/min | 15 links to repair
[1749/2685] ok Authors/Dickens/Atomized/Martin_Chuzzlewit/Chapter_51_FIFTY_ONE/part_08.md | blocks 39524 | 1297m | 30 blk/min | 5 links to repair
[1750/2685] ok Authors/Dickens/Atomized/Martin_Chuzzlewit/Chapter_51_FIFTY_ONE/part_09.md | blocks 39545 | 1298m | 30 blk/min | 3 links to repair
[1751/2685] ok Authors/Dickens/Atomized/Martin_Chuzzlewit/Chapter_51_FIFTY_ONE/part_07.md | blocks 39565 | 1298m | 30 blk/min | 23 links to repair
[1752/2685] ok Authors/Dickens/Atomized/Martin_Chuzzlewit/Chapter_52_FIFTY_TWO/part_02.md | blocks 39597 | 1299m | 30 blk/min | 6 links to repair
[1753/2685] ok Authors/Dickens/Atomized/Martin_Chuzzlewit/Chapter_52_FIFTY_TWO/part_03.md | blocks 39620 | 1300m | 30 blk/min | 10 links to repair
[1754/2685] ok Authors/Dickens/Atomized/Martin_Chuzzlewit/Chapter_52_FIFTY_TWO/part_01.md | blocks 39643 | 1300m | 30 blk/min | 14 links to repair
[1755/2685] ok Authors/Dickens/Atomized/Martin_Chuzzlewit/Chapter_52_FIFTY_TWO/part_04.md | blocks 39665 | 1300m | 31 blk/min | 14 links to repair
[1756/2685] ok Authors/Dickens/Atomized/Martin_Chuzzlewit/Chapter_52_FIFTY_TWO/part_08.md | blocks 39684 | 1301m | 30 blk/min | 4 links to repair
[1757/2685] ok Authors/Dickens/Atomized/Martin_Chuzzlewit/Chapter_52_FIFTY_TWO/part_05.md | blocks 39699 | 1301m | 31 blk/min | 15 links to repair
[1758/2685] ok Authors/Dickens/Atomized/Martin_Chuzzlewit/Chapter_52_FIFTY_TWO/part_07.md | blocks 39718 | 1303m | 30 blk/min | 17 links to repair
[1759/2685] ok Authors/Dickens/Atomized/Martin_Chuzzlewit/Chapter_53_FIFTY_THREE/part_02.md | blocks 39748 | 1304m | 30 blk/min | 13 links to repair
[1760/2685] ok Authors/Dickens/Atomized/Martin_Chuzzlewit/Chapter_52_FIFTY_TWO/part_06.md | blocks 39774 | 1304m | 31 blk/min | 13 links to repair
[1761/2685] ok Authors/Dickens/Atomized/Martin_Chuzzlewit/Chapter_53_FIFTY_THREE/part_01.md | blocks 39802 | 1304m | 31 blk/min | 18 links to repair
[1762/2685] ok Authors/Dickens/Atomized/Martin_Chuzzlewit/Chapter_53_FIFTY_THREE/part_04.md | blocks 39822 | 1306m | 31 blk/min | 9 links to repair
[1763/2685] ok Authors/Dickens/Atomized/Martin_Chuzzlewit/Chapter_54_FIFTY_FOUR/part_01.md | blocks 39848 | 1306m | 31 blk/min | 5 links to repair
[1764/2685] ok Authors/Dickens/Atomized/Martin_Chuzzlewit/Chapter_53_FIFTY_THREE/part_03.md | blocks 39864 | 1306m | 31 blk/min | 6 links to repair
[1765/2685] ok Authors/Dickens/Atomized/Martin_Chuzzlewit/Chapter_54_FIFTY_FOUR/part_02.md | blocks 39882 | 1307m | 31 blk/min | 12 links to repair
[1766/2685] ok Authors/Dickens/Atomized/Our_Mutual_Friend/Chapter_01_THE_CUP_AND_THE_LIP.md | blocks 39886 | 1307m | 31 blk/min
[1767/2685] ok Authors/Dickens/Atomized/Martin_Chuzzlewit/Chapter_54_FIFTY_FOUR/part_05.md | blocks 39897 | 1308m | 31 blk/min | 8 links to repair
[1768/2685] ok Authors/Dickens/Atomized/Our_Mutual_Friend/Chapter_02_Birds_BIRDS_OF_A_FEATHER.md | blocks 39901 | 1308m | 31 blk/min | 1 links to repair
[1769/2685] ok Authors/Dickens/Atomized/Our_Mutual_Friend/Chapter_04_A_TURNING.md | blocks 39906 | 1308m | 31 blk/min | 3 links to repair
[1770/2685] ok Authors/Dickens/Atomized/Martin_Chuzzlewit/Chapter_54_FIFTY_FOUR/part_04.md | blocks 39937 | 1308m | 31 blk/min | 4 links to repair
[1771/2685] ok Authors/Dickens/Atomized/Our_Mutual_Friend/Chapter_03_A_LONG_LANE.md | blocks 39941 | 1308m | 31 blk/min | 1 links to repair
[1772/2685] ok Authors/Dickens/Atomized/Martin_Chuzzlewit/Chapter_54_FIFTY_FOUR/part_03.md | blocks 39972 | 1309m | 31 blk/min | 11 links to repair
[1773/2685] ok Authors/Dickens/Atomized/Our_Mutual_Friend/Chapter_06/part_02.md | blocks 39985 | 1310m | 31 blk/min | 8 links to repair
[1774/2685] ok Authors/Dickens/Atomized/Our_Mutual_Friend/Chapter_06/part_01.md | blocks 40003 | 1311m | 31 blk/min | 14 links to repair
[1775/2685] ok Authors/Dickens/Atomized/Our_Mutual_Friend/Chapter_06/part_03.md | blocks 40034 | 1312m | 31 blk/min | 18 links to repair
[1776/2685] ok Authors/Dickens/Atomized/Our_Mutual_Friend/Chapter_05.md | blocks 40085 | 1313m | 31 blk/min | 13 links to repair
[1777/2685] ok Authors/Dickens/Atomized/Our_Mutual_Friend/Chapter_06/part_04.md | blocks 40119 | 1313m | 31 blk/min | 21 links to repair
[1778/2685] ok Authors/Dickens/Atomized/Our_Mutual_Friend/Chapter_07/part_01.md | blocks 40159 | 1313m | 31 blk/min | 7 links to repair
[1779/2685] ok Authors/Dickens/Atomized/Our_Mutual_Friend/Chapter_07/part_02.md | blocks 40195 | 1314m | 31 blk/min | 6 links to repair
[1780/2685] ok Authors/Dickens/Atomized/Our_Mutual_Friend/Chapter_07/part_03.md | blocks 40233 | 1315m | 31 blk/min | 15 links to repair
[1781/2685] ok Authors/Dickens/Atomized/Our_Mutual_Friend/Chapter_07/part_04.md | blocks 40275 | 1315m | 31 blk/min | 7 links to repair
[1782/2685] ok Authors/Dickens/Atomized/Our_Mutual_Friend/Chapter_07/part_05.md | blocks 40302 | 1317m | 31 blk/min | 13 links to repair
[1783/2685] ok Authors/Dickens/Atomized/Our_Mutual_Friend/Chapter_08/part_03.md | blocks 40338 | 1317m | 31 blk/min | 7 links to repair
[1784/2685] ok Authors/Dickens/Atomized/Our_Mutual_Friend/Chapter_08/part_01.md | blocks 40362 | 1317m | 31 blk/min | 13 links to repair
[1785/2685] ok Authors/Dickens/Atomized/Our_Mutual_Friend/Chapter_08/part_02.md | blocks 40393 | 1318m | 31 blk/min | 11 links to repair
[1786/2685] ok Authors/Dickens/Atomized/Our_Mutual_Friend/Chapter_08/part_04.md | blocks 40417 | 1319m | 31 blk/min | 8 links to repair
[1787/2685] ok Authors/Dickens/Atomized/Our_Mutual_Friend/Chapter_09/part_02.md | blocks 40460 | 1319m | 31 blk/min | 7 links to repair
[1788/2685] ok Authors/Dickens/Atomized/Our_Mutual_Friend/Chapter_09/part_03.md | blocks 40498 | 1320m | 31 blk/min | 12 links to repair
[1789/2685] ok Authors/Dickens/Atomized/Our_Mutual_Friend/Chapter_09/part_01.md | blocks 40510 | 1320m | 31 blk/min | 21 links to repair
[1790/2685] ok Authors/Dickens/Atomized/Our_Mutual_Friend/Chapter_09/part_04.md | blocks 40537 | 1322m | 31 blk/min | 9 links to repair
[1791/2685] ok Authors/Dickens/Atomized/Our_Mutual_Friend/Chapter_09/part_05.md | blocks 40558 | 1322m | 31 blk/min | 12 links to repair
[1792/2685] ok Authors/Dickens/Atomized/Our_Mutual_Friend/Chapter_09/part_06.md | blocks 40586 | 1323m | 31 blk/min | 8 links to repair
[1793/2685] ok Authors/Dickens/Atomized/Our_Mutual_Friend/Chapter_10/part_01.md | blocks 40599 | 1323m | 31 blk/min | 14 links to repair
[1794/2685] ok Authors/Dickens/Atomized/Our_Mutual_Friend/Chapter_10/part_02.md | blocks 40635 | 1324m | 31 blk/min | 19 links to repair
[1795/2685] ok Authors/Dickens/Atomized/Our_Mutual_Friend/Chapter_10/part_03.md | blocks 40677 | 1325m | 31 blk/min | 12 links to repair
[1796/2685] ok Authors/Dickens/Atomized/Our_Mutual_Friend/Chapter_10/part_06.md | blocks 40713 | 1326m | 31 blk/min | 4 links to repair
[1797/2685] ok Authors/Dickens/Atomized/Our_Mutual_Friend/Chapter_10/part_05.md | blocks 40754 | 1326m | 31 blk/min | 10 links to repair
[1798/2685] ok Authors/Dickens/Atomized/Our_Mutual_Friend/Chapter_10/part_04.md | blocks 40776 | 1327m | 31 blk/min | 17 links to repair
[1799/2685] ok Authors/Dickens/Atomized/Our_Mutual_Friend/Chapter_11/part_01.md | blocks 40800 | 1328m | 31 blk/min | 10 links to repair
[1800/2685] ok Authors/Dickens/Atomized/Our_Mutual_Friend/Chapter_11/part_02.md | blocks 40832 | 1329m | 31 blk/min | 12 links to repair
[1801/2685] ok Authors/Dickens/Atomized/Our_Mutual_Friend/Chapter_12/part_02.md | blocks 40849 | 1330m | 31 blk/min | 28 links to repair
[1802/2685] ok Authors/Dickens/Atomized/Our_Mutual_Friend/Chapter_12/part_01.md | blocks 40882 | 1330m | 31 blk/min | 6 links to repair
[1803/2685] ok Authors/Dickens/Atomized/Our_Mutual_Friend/Chapter_11/part_03.md | blocks 40932 | 1330m | 31 blk/min | 15 links to repair
[1804/2685] ok Authors/Dickens/Atomized/Our_Mutual_Friend/Chapter_12/part_05.md | blocks 40958 | 1332m | 31 blk/min | 6 links to repair
[1805/2685] ok Authors/Dickens/Atomized/Our_Mutual_Friend/Chapter_12/part_03.md | blocks 40993 | 1332m | 31 blk/min | 12 links to repair
[1806/2685] ok Authors/Dickens/Atomized/Our_Mutual_Friend/Chapter_12/part_04.md | blocks 41037 | 1332m | 31 blk/min | 8 links to repair
[1807/2685] ok Authors/Dickens/Atomized/Our_Mutual_Friend/Chapter_13/part_01.md | blocks 41071 | 1333m | 31 blk/min | 8 links to repair
[1808/2685] ok Authors/Dickens/Atomized/Our_Mutual_Friend/Chapter_13/part_02.md | blocks 41087 | 1334m | 31 blk/min | 5 links to repair
[1809/2685] ok Authors/Dickens/Atomized/Our_Mutual_Friend/Chapter_13/part_04.md | blocks 41116 | 1335m | 31 blk/min | 11 links to repair
[1810/2685] ok Authors/Dickens/Atomized/Our_Mutual_Friend/Chapter_13/part_03.md | blocks 41150 | 1335m | 31 blk/min | 13 links to repair
[1811/2685] ok Authors/Dickens/Atomized/Our_Mutual_Friend/Chapter_13/part_06.md | blocks 41166 | 1335m | 31 blk/min | 6 links to repair
[1812/2685] ok Authors/Dickens/Atomized/Our_Mutual_Friend/Chapter_13/part_05.md | blocks 41203 | 1336m | 31 blk/min | 10 links to repair
[1813/2685] ok Authors/Dickens/Atomized/Our_Mutual_Friend/Chapter_14/part_02.md | blocks 41215 | 1337m | 31 blk/min | 15 links to repair
[1814/2685] ok Authors/Dickens/Atomized/Our_Mutual_Friend/Chapter_14/part_01.md | blocks 41236 | 1338m | 31 blk/min | 13 links to repair
[1815/2685] ok Authors/Dickens/Atomized/Our_Mutual_Friend/Chapter_14/part_03.md | blocks 41248 | 1338m | 31 blk/min | 11 links to repair
[1816/2685] ok Authors/Dickens/Atomized/Our_Mutual_Friend/Chapter_14/part_04.md | blocks 41291 | 1339m | 31 blk/min | 4 links to repair
[1817/2685] ok Authors/Dickens/Atomized/Our_Mutual_Friend/Chapter_15/part_01.md | blocks 41303 | 1339m | 31 blk/min | 16 links to repair
[1818/2685] ok Authors/Dickens/Atomized/Our_Mutual_Friend/Chapter_14/part_05.md | blocks 41342 | 1339m | 31 blk/min | 7 links to repair
[1819/2685] ok Authors/Dickens/Atomized/Our_Mutual_Friend/Chapter_15/part_03.md | blocks 41362 | 1340m | 31 blk/min | 7 links to repair
[1820/2685] ok Authors/Dickens/Atomized/Our_Mutual_Friend/Chapter_15/part_02.md | blocks 41394 | 1341m | 31 blk/min | 10 links to repair
[1821/2685] ok Authors/Dickens/Atomized/Our_Mutual_Friend/Chapter_15/part_04.md | blocks 41432 | 1341m | 31 blk/min | 7 links to repair
[1822/2685] ok Authors/Dickens/Atomized/Our_Mutual_Friend/Chapter_15/part_05.md | blocks 41465 | 1342m | 31 blk/min | 8 links to repair
[1823/2685] ok Authors/Dickens/Atomized/Our_Mutual_Friend/Chapter_15/part_06.md | blocks 41500 | 1343m | 31 blk/min | 11 links to repair
[1824/2685] ok Authors/Dickens/Atomized/Our_Mutual_Friend/Chapter_16/part_03.md | blocks 41544 | 1344m | 31 blk/min | 4 links to repair
[1825/2685] ok Authors/Dickens/Atomized/Our_Mutual_Friend/Chapter_16/part_02.md | blocks 41590 | 1344m | 31 blk/min | 2 links to repair
[1826/2685] ok Authors/Dickens/Atomized/Our_Mutual_Friend/Chapter_16/part_01.md | blocks 41618 | 1345m | 31 blk/min | 27 links to repair
[1827/2685] ok Authors/Dickens/Atomized/Our_Mutual_Friend/Chapter_16/part_06.md | blocks 41640 | 1346m | 31 blk/min | 6 links to repair
[1828/2685] ok Authors/Dickens/Atomized/Our_Mutual_Friend/Chapter_16/part_05.md | blocks 41676 | 1346m | 31 blk/min | 5 links to repair
[1829/2685] ok Authors/Dickens/Atomized/Our_Mutual_Friend/Chapter_16/part_04.md | blocks 41709 | 1346m | 31 blk/min | 9 links to repair
[1830/2685] ok Authors/Dickens/Atomized/Our_Mutual_Friend/Chapter_17/part_04.md | blocks 41738 | 1347m | 31 blk/min | 4 links to repair
[1831/2685] ok Authors/Dickens/Atomized/Our_Mutual_Friend/Chapter_17/part_01.md | blocks 41763 | 1348m | 31 blk/min | 11 links to repair
[1832/2685] ok Authors/Dickens/Atomized/Our_Mutual_Friend/Chapter_17/part_02.md | blocks 41787 | 1348m | 31 blk/min | 9 links to repair
[1833/2685] ok Authors/Dickens/Atomized/Our_Mutual_Friend/Chapter_17/part_03.md | blocks 41821 | 1349m | 31 blk/min | 9 links to repair
[1834/2685] ok Authors/Dickens/Atomized/Our_Mutual_Friend/Chapter_18/part_01.md | blocks 41847 | 1350m | 31 blk/min | 10 links to repair
[1835/2685] ok Authors/Dickens/Atomized/Our_Mutual_Friend/Chapter_18/part_03.md | blocks 41873 | 1350m | 31 blk/min | 10 links to repair
[1836/2685] ok Authors/Dickens/Atomized/Our_Mutual_Friend/Chapter_19/part_01.md | blocks 41906 | 1352m | 31 blk/min | 8 links to repair
[1837/2685] ok Authors/Dickens/Atomized/Our_Mutual_Friend/Chapter_18/part_02.md | blocks 41938 | 1352m | 31 blk/min | 9 links to repair
[1838/2685] ok Authors/Dickens/Atomized/Our_Mutual_Friend/Chapter_19/part_02.md | blocks 41972 | 1352m | 31 blk/min | 12 links to repair
[1839/2685] ok Authors/Dickens/Atomized/Our_Mutual_Friend/Chapter_19/part_03.md | blocks 41997 | 1354m | 31 blk/min | 10 links to repair
REJECT Authors/Dickens/Atomized/Our_Mutual_Friend/Chapter_19/part_04.md: invented wikilink targets: ['L02']
[1841/2685] ok Authors/Dickens/Atomized/Our_Mutual_Friend/Chapter_19/part_05.md | blocks 42042 | 1355m | 31 blk/min | 11 links to repair
[1842/2685] ok Authors/Dickens/Atomized/Our_Mutual_Friend/Chapter_20/part_01.md | blocks 42066 | 1355m | 31 blk/min | 5 links to repair
[1843/2685] ok Authors/Dickens/Atomized/Our_Mutual_Friend/Chapter_20/part_05.md | blocks 42100 | 1358m | 31 blk/min | 16 links to repair
[1844/2685] ok Authors/Dickens/Atomized/Our_Mutual_Friend/Chapter_20/part_04.md | blocks 42129 | 1358m | 31 blk/min | 11 links to repair
[1845/2685] ok Authors/Dickens/Atomized/Our_Mutual_Friend/Chapter_20/part_03.md | blocks 42159 | 1358m | 31 blk/min | 14 links to repair
[1846/2685] ok Authors/Dickens/Atomized/Our_Mutual_Friend/Chapter_22.md | blocks 42164 | 1359m | 31 blk/min | 1 links to repair
[1847/2685] ok Authors/Dickens/Atomized/Our_Mutual_Friend/Chapter_20/part_02.md | blocks 42175 | 1359m | 31 blk/min | 17 links to repair
[1848/2685] ok Authors/Dickens/Atomized/Our_Mutual_Friend/Chapter_20/part_06.md | blocks 42220 | 1361m | 31 blk/min | 8 links to repair
[1849/2685] ok Authors/Dickens/Atomized/Our_Mutual_Friend/Chapter_21.md | blocks 42232 | 1362m | 31 blk/min | 36 links to repair
[1850/2685] ok Authors/Dickens/Atomized/Our_Mutual_Friend/Chapter_23_the_streets_being_for_pupils_o/part_01.md | blocks 42248 | 1362m | 31 blk/min | 9 links to repair
[1851/2685] ok Authors/Dickens/Atomized/Our_Mutual_Friend/Chapter_23_the_streets_being_for_pupils_o/part_02.md | blocks 42268 | 1364m | 31 blk/min | 17 links to repair
[1852/2685] ok Authors/Dickens/Atomized/Our_Mutual_Friend/Chapter_23_the_streets_being_for_pupils_o/part_03.md | blocks 42306 | 1366m | 31 blk/min | 17 links to repair
[1853/2685] ok Authors/Dickens/Atomized/Our_Mutual_Friend/Chapter_23_the_streets_being_for_pupils_o/part_04.md | blocks 42348 | 1366m | 31 blk/min | 13 links to repair
[1854/2685] ok Authors/Dickens/Atomized/Our_Mutual_Friend/Chapter_23_the_streets_being_for_pupils_o/part_05.md | blocks 42387 | 1366m | 31 blk/min | 10 links to repair
[1855/2685] ok Authors/Dickens/Atomized/Our_Mutual_Friend/Chapter_23_the_streets_being_for_pupils_o/part_06.md | blocks 42427 | 1368m | 31 blk/min | 8 links to repair
[1856/2685] ok Authors/Dickens/Atomized/Our_Mutual_Friend/Chapter_24/part_02.md | blocks 42457 | 1368m | 31 blk/min | 8 links to repair
[1857/2685] ok Authors/Dickens/Atomized/Our_Mutual_Friend/Chapter_23_the_streets_being_for_pupils_o/part_07.md | blocks 42501 | 1369m | 31 blk/min | 17 links to repair
[1858/2685] ok Authors/Dickens/Atomized/Our_Mutual_Friend/Chapter_24/part_01.md | blocks 42546 | 1370m | 31 blk/min | 19 links to repair
[1859/2685] ok Authors/Dickens/Atomized/Our_Mutual_Friend/Chapter_24/part_04.md | blocks 42585 | 1371m | 31 blk/min | 7 links to repair
[1860/2685] ok Authors/Dickens/Atomized/Our_Mutual_Friend/Chapter_24/part_03.md | blocks 42609 | 1371m | 31 blk/min | 31 links to repair
[1861/2685] ok Authors/Dickens/Atomized/Our_Mutual_Friend/Chapter_25/part_01.md | blocks 42639 | 1372m | 31 blk/min | 7 links to repair
[1862/2685] ok Authors/Dickens/Atomized/Our_Mutual_Friend/Chapter_25/part_02.md | blocks 42665 | 1373m | 31 blk/min | 20 links to repair
[1863/2685] ok Authors/Dickens/Atomized/Our_Mutual_Friend/Chapter_25/part_04.md | blocks 42685 | 1374m | 31 blk/min | 8 links to repair
[1864/2685] ok Authors/Dickens/Atomized/Our_Mutual_Friend/Chapter_26/part_01.md | blocks 42715 | 1374m | 31 blk/min | 6 links to repair
[1865/2685] ok Authors/Dickens/Atomized/Our_Mutual_Friend/Chapter_25/part_03.md | blocks 42731 | 1375m | 31 blk/min | 12 links to repair
[1866/2685] ok Authors/Dickens/Atomized/Our_Mutual_Friend/Chapter_26/part_02.md | blocks 42770 | 1375m | 31 blk/min | 6 links to repair
[1867/2685] ok Authors/Dickens/Atomized/Our_Mutual_Friend/Chapter_26/part_04.md | blocks 42805 | 1376m | 31 blk/min | 12 links to repair
[1868/2685] ok Authors/Dickens/Atomized/Our_Mutual_Friend/Chapter_26/part_05.md | blocks 42827 | 1377m | 31 blk/min | 7 links to repair
[1869/2685] ok Authors/Dickens/Atomized/Our_Mutual_Friend/Chapter_26/part_03.md | blocks 42842 | 1377m | 31 blk/min | 8 links to repair
[1870/2685] ok Authors/Dickens/Atomized/Our_Mutual_Friend/Chapter_27/part_01.md | blocks 42873 | 1378m | 31 blk/min | 5 links to repair
[1871/2685] ok Authors/Dickens/Atomized/Our_Mutual_Friend/Chapter_27/part_02.md | blocks 42904 | 1378m | 31 blk/min | 9 links to repair
[1872/2685] ok Authors/Dickens/Atomized/Our_Mutual_Friend/Chapter_27/part_03.md | blocks 42938 | 1379m | 31 blk/min | 11 links to repair
[1873/2685] ok Authors/Dickens/Atomized/Our_Mutual_Friend/Chapter_27/part_06.md | blocks 42957 | 1379m | 31 blk/min | 2 links to repair
[1874/2685] ok Authors/Dickens/Atomized/Our_Mutual_Friend/Chapter_27/part_04.md | blocks 42996 | 1380m | 31 blk/min | 8 links to repair
[1875/2685] ok Authors/Dickens/Atomized/Our_Mutual_Friend/Chapter_28/part_01.md | blocks 43030 | 1381m | 31 blk/min | 10 links to repair
[1876/2685] ok Authors/Dickens/Atomized/Our_Mutual_Friend/Chapter_28/part_02.md | blocks 43067 | 1382m | 31 blk/min | 8 links to repair
[1877/2685] ok Authors/Dickens/Atomized/Our_Mutual_Friend/Chapter_27/part_05.md | blocks 43108 | 1382m | 31 blk/min | 7 links to repair
[1878/2685] ok Authors/Dickens/Atomized/Our_Mutual_Friend/Chapter_28/part_03.md | blocks 43130 | 1383m | 31 blk/min | 5 links to repair
[1879/2685] ok Authors/Dickens/Atomized/Our_Mutual_Friend/Chapter_28/part_04.md | blocks 43171 | 1383m | 31 blk/min | 8 links to repair
[1880/2685] ok Authors/Dickens/Atomized/Our_Mutual_Friend/Chapter_28/part_05.md | blocks 43205 | 1384m | 31 blk/min | 7 links to repair
[1881/2685] ok Authors/Dickens/Atomized/Our_Mutual_Friend/Chapter_29/part_01.md | blocks 43236 | 1385m | 31 blk/min | 9 links to repair
[1882/2685] ok Authors/Dickens/Atomized/Our_Mutual_Friend/Chapter_29/part_02.md | blocks 43271 | 1386m | 31 blk/min | 8 links to repair
[1883/2685] ok Authors/Dickens/Atomized/Our_Mutual_Friend/Chapter_29/part_03.md | blocks 43302 | 1386m | 31 blk/min | 9 links to repair
[1884/2685] ok Authors/Dickens/Atomized/Our_Mutual_Friend/Chapter_29/part_04.md | blocks 43339 | 1387m | 31 blk/min | 11 links to repair
[1885/2685] ok Authors/Dickens/Atomized/Our_Mutual_Friend/Chapter_30/part_01.md | blocks 43369 | 1388m | 31 blk/min | 13 links to repair
[1886/2685] ok Authors/Dickens/Atomized/Our_Mutual_Friend/Chapter_30/part_03.md | blocks 43391 | 1389m | 31 blk/min | 9 links to repair
[1887/2685] ok Authors/Dickens/Atomized/Our_Mutual_Friend/Chapter_30/part_04.md | blocks 43428 | 1389m | 31 blk/min | 11 links to repair
[1888/2685] ok Authors/Dickens/Atomized/Our_Mutual_Friend/Chapter_30/part_02.md | blocks 43466 | 1389m | 31 blk/min | 12 links to repair
[1889/2685] ok Authors/Dickens/Atomized/Our_Mutual_Friend/Chapter_30/part_05.md | blocks 43484 | 1391m | 31 blk/min | 12 links to repair
[1890/2685] ok Authors/Dickens/Atomized/Our_Mutual_Friend/Chapter_30/part_06.md | blocks 43510 | 1392m | 31 blk/min | 12 links to repair
[1891/2685] ok Authors/Dickens/Atomized/Our_Mutual_Friend/Chapter_31/part_02.md | blocks 43537 | 1392m | 31 blk/min | 5 links to repair
[1892/2685] ok Authors/Dickens/Atomized/Our_Mutual_Friend/Chapter_31/part_01.md | blocks 43569 | 1392m | 31 blk/min | 11 links to repair
[1893/2685] ok Authors/Dickens/Atomized/Our_Mutual_Friend/Chapter_33/part_01.md | blocks 43596 | 1395m | 31 blk/min | 19 links to repair
[1894/2685] ok Authors/Dickens/Atomized/Our_Mutual_Friend/Chapter_31/part_03.md | blocks 43618 | 1395m | 31 blk/min | 4 links to repair
[1895/2685] ok Authors/Dickens/Atomized/Our_Mutual_Friend/Chapter_32/part_01.md | blocks 43651 | 1395m | 31 blk/min | 11 links to repair
[1896/2685] ok Authors/Dickens/Atomized/Our_Mutual_Friend/Chapter_32/part_02.md | blocks 43693 | 1396m | 31 blk/min | 11 links to repair
[1897/2685] ok Authors/Dickens/Atomized/Our_Mutual_Friend/Chapter_33/part_03.md | blocks 43718 | 1397m | 31 blk/min | 6 links to repair
[1898/2685] ok Authors/Dickens/Atomized/Our_Mutual_Friend/Chapter_33/part_02.md | blocks 43761 | 1397m | 31 blk/min | 10 links to repair
[1899/2685] ok Authors/Dickens/Atomized/Our_Mutual_Friend/Chapter_33/part_04.md | blocks 43800 | 1398m | 31 blk/min | 11 links to repair
[1900/2685] ok Authors/Dickens/Atomized/Our_Mutual_Friend/Chapter_33/part_05.md | blocks 43825 | 1398m | 31 blk/min | 10 links to repair
[1901/2685] ok Authors/Dickens/Atomized/Our_Mutual_Friend/Chapter_34/part_03.md | blocks 43857 | 1400m | 31 blk/min | 8 links to repair
[1902/2685] ok Authors/Dickens/Atomized/Our_Mutual_Friend/Chapter_34/part_02.md | blocks 43907 | 1400m | 31 blk/min | 9 links to repair
[1903/2685] ok Authors/Dickens/Atomized/Our_Mutual_Friend/Chapter_34/part_04.md | blocks 43943 | 1400m | 31 blk/min | 2 links to repair
[1904/2685] ok Authors/Dickens/Atomized/Our_Mutual_Friend/Chapter_34/part_01.md | blocks 43953 | 1401m | 31 blk/min | 12 links to repair
[1905/2685] ok Authors/Dickens/Atomized/Our_Mutual_Friend/Chapter_34/part_05.md | blocks 44002 | 1403m | 31 blk/min | 25 links to repair
[1906/2685] ok Authors/Dickens/Atomized/Our_Mutual_Friend/Chapter_35/part_01.md | blocks 44016 | 1404m | 31 blk/min | 13 links to repair
[1907/2685] ok Authors/Dickens/Atomized/Our_Mutual_Friend/Chapter_35/part_02.md | blocks 44029 | 1404m | 31 blk/min | 8 links to repair
[1908/2685] ok Authors/Dickens/Atomized/Our_Mutual_Friend/Chapter_35/part_03.md | blocks 44044 | 1405m | 31 blk/min | 18 links to repair
[1909/2685] ok Authors/Dickens/Atomized/Our_Mutual_Friend/Chapter_35/part_04.md | blocks 44072 | 1407m | 31 blk/min | 20 links to repair
[1910/2685] ok Authors/Dickens/Atomized/Our_Mutual_Friend/Chapter_36/part_02.md | blocks 44102 | 1407m | 31 blk/min | 15 links to repair
[1911/2685] ok Authors/Dickens/Atomized/Our_Mutual_Friend/Chapter_35/part_05.md | blocks 44147 | 1408m | 31 blk/min | 18 links to repair
[1912/2685] ok Authors/Dickens/Atomized/Our_Mutual_Friend/Chapter_36/part_03.md | blocks 44167 | 1409m | 31 blk/min | 7 links to repair
[1913/2685] ok Authors/Dickens/Atomized/Our_Mutual_Friend/Chapter_36/part_01.md | blocks 44196 | 1409m | 31 blk/min | 17 links to repair
[1914/2685] ok Authors/Dickens/Atomized/Our_Mutual_Friend/Chapter_36/part_05.md | blocks 44221 | 1410m | 31 blk/min | 4 links to repair
[1915/2685] ok Authors/Dickens/Atomized/Our_Mutual_Friend/Chapter_36/part_04.md | blocks 44254 | 1410m | 31 blk/min | 5 links to repair
[1916/2685] ok Authors/Dickens/Atomized/Our_Mutual_Friend/Chapter_37/part_01.md | blocks 44288 | 1412m | 31 blk/min | 15 links to repair
[1917/2685] ok Authors/Dickens/Atomized/Our_Mutual_Friend/Chapter_37/part_04.md | blocks 44318 | 1412m | 31 blk/min | 17 links to repair
[1918/2685] ok Authors/Dickens/Atomized/Our_Mutual_Friend/Chapter_37/part_03.md | blocks 44363 | 1412m | 31 blk/min | 9 links to repair
[1919/2685] ok Authors/Dickens/Atomized/Our_Mutual_Friend/Chapter_37/part_02.md | blocks 44390 | 1412m | 31 blk/min | 8 links to repair
[1920/2685] ok Authors/Dickens/Atomized/Our_Mutual_Friend/Chapter_37/part_06.md | blocks 44410 | 1414m | 31 blk/min | 12 links to repair
[1921/2685] ok Authors/Dickens/Atomized/Our_Mutual_Friend/Chapter_37/part_05.md | blocks 44445 | 1414m | 31 blk/min | 8 links to repair
[1922/2685] ok Authors/Dickens/Atomized/Our_Mutual_Friend/Chapter_38/part_01.md | blocks 44459 | 1414m | 31 blk/min | 6 links to repair
[1923/2685] ok Authors/Dickens/Atomized/Our_Mutual_Friend/Chapter_38/part_02.md | blocks 44491 | 1416m | 31 blk/min | 7 links to repair
[1924/2685] ok Authors/Dickens/Atomized/Our_Mutual_Friend/Chapter_39/part_01.md | blocks 44518 | 1417m | 31 blk/min | 9 links to repair
[1925/2685] ok Authors/Dickens/Atomized/Our_Mutual_Friend/Chapter_38/part_04.md | blocks 44569 | 1417m | 31 blk/min | 12 links to repair
[1926/2685] ok Authors/Dickens/Atomized/Our_Mutual_Friend/Chapter_38/part_03.md | blocks 44582 | 1418m | 31 blk/min | 13 links to repair
[1927/2685] ok Authors/Dickens/Atomized/Our_Mutual_Friend/Chapter_39/part_02.md | blocks 44619 | 1419m | 31 blk/min | 3 links to repair
[1928/2685] ok Authors/Dickens/Atomized/Our_Mutual_Friend/Chapter_39/part_03.md | blocks 44657 | 1419m | 31 blk/min | 5 links to repair
[1929/2685] ok Authors/Dickens/Atomized/Our_Mutual_Friend/Chapter_39/part_05.md | blocks 44675 | 1419m | 31 blk/min | 3 links to repair
[1930/2685] ok Authors/Dickens/Atomized/Our_Mutual_Friend/Chapter_39/part_04.md | blocks 44712 | 1420m | 31 blk/min | 12 links to repair
[1931/2685] ok Authors/Dickens/Atomized/Our_Mutual_Friend/Chapter_40/part_02.md | blocks 44740 | 1422m | 31 blk/min | 14 links to repair
[1932/2685] ok Authors/Dickens/Atomized/Our_Mutual_Friend/Chapter_40/part_01.md | blocks 44774 | 1422m | 31 blk/min | 14 links to repair
[1933/2685] ok Authors/Dickens/Atomized/Our_Mutual_Friend/Chapter_40/part_03.md | blocks 44800 | 1422m | 32 blk/min | 7 links to repair
[1934/2685] ok Authors/Dickens/Atomized/Our_Mutual_Friend/Chapter_40/part_04.md | blocks 44827 | 1422m | 32 blk/min | 6 links to repair
[1935/2685] ok Authors/Dickens/Atomized/Our_Mutual_Friend/Chapter_41/part_01.md | blocks 44850 | 1424m | 31 blk/min | 4 links to repair
[1936/2685] ok Authors/Dickens/Atomized/Our_Mutual_Friend/Chapter_41/part_02.md | blocks 44890 | 1424m | 32 blk/min | 9 links to repair
[1937/2685] ok Authors/Dickens/Atomized/Our_Mutual_Friend/Chapter_42/part_01.md | blocks 44911 | 1424m | 32 blk/min | 6 links to repair
[1938/2685] ok Authors/Dickens/Atomized/Our_Mutual_Friend/Chapter_42/part_02.md | blocks 44942 | 1425m | 32 blk/min | 10 links to repair
[1939/2685] ok Authors/Dickens/Atomized/Our_Mutual_Friend/Chapter_42/part_03.md | blocks 44969 | 1426m | 32 blk/min | 16 links to repair
[1940/2685] ok Authors/Dickens/Atomized/Our_Mutual_Friend/Chapter_43/part_01.md | blocks 45002 | 1427m | 32 blk/min | 8 links to repair
[1941/2685] ok Authors/Dickens/Atomized/Our_Mutual_Friend/Chapter_43/part_02.md | blocks 45031 | 1427m | 32 blk/min | 11 links to repair
[1942/2685] ok Authors/Dickens/Atomized/Our_Mutual_Friend/Chapter_42/part_04.md | blocks 45085 | 1428m | 32 blk/min | 20 links to repair
[1943/2685] ok Authors/Dickens/Atomized/Our_Mutual_Friend/Chapter_43/part_06.md | blocks 45102 | 1429m | 32 blk/min | 1 links to repair
[1944/2685] ok Authors/Dickens/Atomized/Our_Mutual_Friend/Chapter_43/part_03.md | blocks 45112 | 1429m | 32 blk/min | 15 links to repair
[1945/2685] ok Authors/Dickens/Atomized/Our_Mutual_Friend/Chapter_43/part_05.md | blocks 45145 | 1429m | 32 blk/min | 4 links to repair
[1946/2685] ok Authors/Dickens/Atomized/Our_Mutual_Friend/Chapter_43/part_04.md | blocks 45182 | 1430m | 32 blk/min | 15 links to repair
[1947/2685] ok Authors/Dickens/Atomized/Our_Mutual_Friend/Chapter_44/part_02.md | blocks 45219 | 1432m | 32 blk/min | 13 links to repair
[1948/2685] ok Authors/Dickens/Atomized/Our_Mutual_Friend/Chapter_44/part_03.md | blocks 45247 | 1432m | 32 blk/min | 6 links to repair
[1949/2685] ok Authors/Dickens/Atomized/Our_Mutual_Friend/Chapter_44/part_01.md | blocks 45280 | 1432m | 32 blk/min | 11 links to repair
[1950/2685] ok Authors/Dickens/Atomized/Our_Mutual_Friend/Chapter_44/part_04.md | blocks 45319 | 1433m | 32 blk/min | 6 links to repair
[1951/2685] ok Authors/Dickens/Atomized/Our_Mutual_Friend/Chapter_44/part_06.md | blocks 45346 | 1433m | 32 blk/min | 6 links to repair
[1952/2685] ok Authors/Dickens/Atomized/Our_Mutual_Friend/Chapter_44/part_05.md | blocks 45374 | 1435m | 32 blk/min | 11 links to repair
[1953/2685] ok Authors/Dickens/Atomized/Our_Mutual_Friend/Chapter_45/part_01.md | blocks 45410 | 1435m | 32 blk/min | 9 links to repair
[1954/2685] ok Authors/Dickens/Atomized/Our_Mutual_Friend/Chapter_45/part_02.md | blocks 45440 | 1437m | 32 blk/min | 13 links to repair
[1955/2685] ok Authors/Dickens/Atomized/Our_Mutual_Friend/Chapter_45/part_03.md | blocks 45456 | 1437m | 32 blk/min | 7 links to repair
[1956/2685] ok Authors/Dickens/Atomized/Our_Mutual_Friend/Chapter_46/part_02.md | blocks 45481 | 1439m | 32 blk/min | 18 links to repair
[1957/2685] ok Authors/Dickens/Atomized/Our_Mutual_Friend/Chapter_46/part_03.md | blocks 45515 | 1439m | 32 blk/min | 8 links to repair
[1958/2685] ok Authors/Dickens/Atomized/Our_Mutual_Friend/Chapter_45/part_04.md | blocks 45555 | 1440m | 32 blk/min | 12 links to repair
[1959/2685] ok Authors/Dickens/Atomized/Our_Mutual_Friend/Chapter_46/part_01.md | blocks 45568 | 1441m | 32 blk/min | 17 links to repair
[1960/2685] ok Authors/Dickens/Atomized/Our_Mutual_Friend/Chapter_47/part_01.md | blocks 45593 | 1442m | 32 blk/min | 5 links to repair
[1961/2685] ok Authors/Dickens/Atomized/Our_Mutual_Friend/Chapter_46/part_04.md | blocks 45647 | 1442m | 32 blk/min | 11 links to repair
[1962/2685] ok Authors/Dickens/Atomized/Our_Mutual_Friend/Chapter_47/part_02.md | blocks 45684 | 1442m | 32 blk/min | 5 links to repair
[1963/2685] ok Authors/Dickens/Atomized/Our_Mutual_Friend/Chapter_47/part_03.md | blocks 45727 | 1444m | 32 blk/min | 10 links to repair
[1964/2685] ok Authors/Dickens/Atomized/Our_Mutual_Friend/Chapter_47/part_04.md | blocks 45760 | 1444m | 32 blk/min | 13 links to repair
[1965/2685] ok Authors/Dickens/Atomized/Our_Mutual_Friend/Chapter_47/part_05.md | blocks 45795 | 1445m | 32 blk/min | 8 links to repair
[1966/2685] ok Authors/Dickens/Atomized/Our_Mutual_Friend/Chapter_47/part_06.md | blocks 45841 | 1446m | 32 blk/min | 19 links to repair
[1967/2685] ok Authors/Dickens/Atomized/Our_Mutual_Friend/Chapter_48/part_01.md | blocks 45874 | 1446m | 32 blk/min | 5 links to repair
[1968/2685] ok Authors/Dickens/Atomized/Our_Mutual_Friend/Chapter_48/part_03.md | blocks 45915 | 1447m | 32 blk/min | 6 links to repair
[1969/2685] ok Authors/Dickens/Atomized/Our_Mutual_Friend/Chapter_48/part_02.md | blocks 45952 | 1447m | 32 blk/min | 8 links to repair
[1970/2685] ok Authors/Dickens/Atomized/Our_Mutual_Friend/Chapter_48/part_05.md | blocks 45977 | 1448m | 32 blk/min | 8 links to repair
[1971/2685] ok Authors/Dickens/Atomized/Our_Mutual_Friend/Chapter_48/part_04.md | blocks 46008 | 1449m | 32 blk/min | 13 links to repair
[1972/2685] ok Authors/Dickens/Atomized/Our_Mutual_Friend/Chapter_49/part_02.md | blocks 46040 | 1449m | 32 blk/min | 8 links to repair
[1973/2685] ok Authors/Dickens/Atomized/Our_Mutual_Friend/Chapter_49/part_04.md | blocks 46050 | 1450m | 32 blk/min | 5 links to repair
[1974/2685] ok Authors/Dickens/Atomized/Our_Mutual_Friend/Chapter_49/part_03.md | blocks 46094 | 1451m | 32 blk/min | 9 links to repair
[1975/2685] ok Authors/Dickens/Atomized/Our_Mutual_Friend/Chapter_49/part_01.md | blocks 46117 | 1451m | 32 blk/min | 15 links to repair
[1976/2685] ok Authors/Dickens/Atomized/Our_Mutual_Friend/Chapter_50/part_01.md | blocks 46167 | 1451m | 32 blk/min | 8 links to repair
[1977/2685] ok Authors/Dickens/Atomized/Our_Mutual_Friend/Chapter_50/part_02.md | blocks 46207 | 1452m | 32 blk/min | 9 links to repair
[1978/2685] ok Authors/Dickens/Atomized/Our_Mutual_Friend/Chapter_50/part_03.md | blocks 46256 | 1453m | 32 blk/min | 3 links to repair
[1979/2685] ok Authors/Dickens/Atomized/Our_Mutual_Friend/Chapter_51/part_02.md | blocks 46287 | 1454m | 32 blk/min | 12 links to repair
[1980/2685] ok Authors/Dickens/Atomized/Our_Mutual_Friend/Chapter_51/part_01.md | blocks 46317 | 1454m | 32 blk/min | 16 links to repair
[1981/2685] ok Authors/Dickens/Atomized/Our_Mutual_Friend/Chapter_51/part_04.md | blocks 46345 | 1456m | 32 blk/min | 4 links to repair
[1982/2685] ok Authors/Dickens/Atomized/Our_Mutual_Friend/Chapter_51/part_03.md | blocks 46373 | 1456m | 32 blk/min | 6 links to repair
[1983/2685] ok Authors/Dickens/Atomized/Our_Mutual_Friend/Chapter_52/part_02.md | blocks 46406 | 1457m | 32 blk/min | 4 links to repair
[1984/2685] ok Authors/Dickens/Atomized/Our_Mutual_Friend/Chapter_52/part_01.md | blocks 46431 | 1458m | 32 blk/min | 16 links to repair
[1985/2685] ok Authors/Dickens/Atomized/Our_Mutual_Friend/Chapter_52/part_04.md | blocks 46458 | 1459m | 32 blk/min | 5 links to repair
[1986/2685] ok Authors/Dickens/Atomized/Our_Mutual_Friend/Chapter_52/part_03.md | blocks 46489 | 1459m | 32 blk/min | 11 links to repair
[1987/2685] ok Authors/Dickens/Atomized/Our_Mutual_Friend/Chapter_52/part_05.md | blocks 46521 | 1459m | 32 blk/min | 8 links to repair
[1988/2685] ok Authors/Dickens/Atomized/Our_Mutual_Friend/Chapter_53/part_01.md | blocks 46553 | 1460m | 32 blk/min | 7 links to repair
[1989/2685] ok Authors/Dickens/Atomized/Our_Mutual_Friend/Chapter_53/part_02.md | blocks 46587 | 1461m | 32 blk/min | 6 links to repair
[1990/2685] ok Authors/Dickens/Atomized/Our_Mutual_Friend/Chapter_53/part_04.md | blocks 46617 | 1461m | 32 blk/min | 10 links to repair
[1991/2685] ok Authors/Dickens/Atomized/Our_Mutual_Friend/Chapter_53/part_06.md | blocks 46630 | 1461m | 32 blk/min | 3 links to repair
[1992/2685] ok Authors/Dickens/Atomized/Our_Mutual_Friend/Chapter_53/part_03.md | blocks 46658 | 1461m | 32 blk/min | 8 links to repair
[1993/2685] ok Authors/Dickens/Atomized/Our_Mutual_Friend/Chapter_53/part_05.md | blocks 46693 | 1463m | 32 blk/min | 14 links to repair
[1994/2685] ok Authors/Dickens/Atomized/Our_Mutual_Friend/Chapter_54/part_01.md | blocks 46729 | 1464m | 32 blk/min | 11 links to repair
[1995/2685] ok Authors/Dickens/Atomized/Our_Mutual_Friend/Chapter_54/part_02.md | blocks 46771 | 1464m | 32 blk/min | 6 links to repair
[1996/2685] ok Authors/Dickens/Atomized/Our_Mutual_Friend/Chapter_54/part_03.md | blocks 46800 | 1464m | 32 blk/min | 14 links to repair
[1997/2685] ok Authors/Dickens/Atomized/Our_Mutual_Friend/Chapter_54/part_06.md | blocks 46817 | 1465m | 32 blk/min | 6 links to repair
[1998/2685] ok Authors/Dickens/Atomized/Our_Mutual_Friend/Chapter_54/part_04.md | blocks 46845 | 1465m | 32 blk/min | 12 links to repair
[1999/2685] ok Authors/Dickens/Atomized/Our_Mutual_Friend/Chapter_55/part_02.md | blocks 46876 | 1467m | 32 blk/min | 6 links to repair
REJECT Authors/Dickens/Atomized/Our_Mutual_Friend/Chapter_54/part_05.md: invented wikilink targets: ['L03)schiavitù», ’\n\n“È solo sciocchezza, mamma,” disse [[Lavinia']
[2001/2685] ok Authors/Dickens/Atomized/Our_Mutual_Friend/Chapter_55/part_01.md | blocks 46892 | 1467m | 32 blk/min | 9 links to repair
[2002/2685] ok Authors/Dickens/Atomized/Our_Mutual_Friend/Chapter_55/part_03.md | blocks 46908 | 1468m | 32 blk/min | 12 links to repair
[2003/2685] ok Authors/Dickens/Atomized/Our_Mutual_Friend/Chapter_56/part_02.md | blocks 46952 | 1469m | 32 blk/min | 8 links to repair
[2004/2685] ok Authors/Dickens/Atomized/Our_Mutual_Friend/Chapter_55/part_04.md | blocks 46993 | 1469m | 32 blk/min | 3 links to repair
[2005/2685] ok Authors/Dickens/Atomized/Our_Mutual_Friend/Chapter_56/part_01.md | blocks 47016 | 1470m | 32 blk/min | 20 links to repair
[2006/2685] ok Authors/Dickens/Atomized/Our_Mutual_Friend/Chapter_56/part_03.md | blocks 47041 | 1471m | 32 blk/min | 9 links to repair
[2007/2685] ok Authors/Dickens/Atomized/Our_Mutual_Friend/Chapter_57/part_01.md | blocks 47076 | 1472m | 32 blk/min | 6 links to repair
[2008/2685] ok Authors/Dickens/Atomized/Our_Mutual_Friend/Chapter_57/part_02.md | blocks 47108 | 1472m | 32 blk/min | 13 links to repair
[2009/2685] ok Authors/Dickens/Atomized/Our_Mutual_Friend/Chapter_57/part_03.md | blocks 47129 | 1473m | 32 blk/min | 5 links to repair
[2010/2685] ok Authors/Dickens/Atomized/Our_Mutual_Friend/Chapter_57/part_04.md | blocks 47154 | 1474m | 32 blk/min | 7 links to repair
[2011/2685] ok Authors/Dickens/Atomized/Our_Mutual_Friend/Chapter_56/part_04.md | blocks 47198 | 1476m | 32 blk/min | 23 links to repair
[2012/2685] ok Authors/Dickens/Atomized/Our_Mutual_Friend/Chapter_58/part_02.md | blocks 47234 | 1476m | 32 blk/min | 3 links to repair
[2013/2685] ok Authors/Dickens/Atomized/Our_Mutual_Friend/Chapter_58/part_01.md | blocks 47272 | 1476m | 32 blk/min | 12 links to repair
[2014/2685] ok Authors/Dickens/Atomized/Our_Mutual_Friend/Chapter_58/part_03.md | blocks 47299 | 1477m | 32 blk/min | 7 links to repair
[2015/2685] ok Authors/Dickens/Atomized/Our_Mutual_Friend/Chapter_58/part_04.md | blocks 47334 | 1478m | 32 blk/min | 5 links to repair
[2016/2685] ok Authors/Dickens/Atomized/Our_Mutual_Friend/Chapter_59/part_01.md | blocks 47370 | 1479m | 32 blk/min | 8 links to repair
[2017/2685] ok Authors/Dickens/Atomized/Our_Mutual_Friend/Chapter_59/part_02.md | blocks 47386 | 1479m | 32 blk/min | 18 links to repair
[2018/2685] ok Authors/Dickens/Atomized/Our_Mutual_Friend/Chapter_59/part_03.md | blocks 47405 | 1480m | 32 blk/min | 11 links to repair
[2019/2685] ok Authors/Dickens/Atomized/Our_Mutual_Friend/Chapter_59/part_04.md | blocks 47432 | 1480m | 32 blk/min | 2 links to repair
[2020/2685] ok Authors/Dickens/Atomized/Our_Mutual_Friend/Chapter_60/part_01.md | blocks 47464 | 1481m | 32 blk/min | 8 links to repair
[2021/2685] ok Authors/Dickens/Atomized/Our_Mutual_Friend/Chapter_60/part_03.md | blocks 47488 | 1482m | 32 blk/min | 13 links to repair
[2022/2685] ok Authors/Dickens/Atomized/Our_Mutual_Friend/Chapter_60/part_02.md | blocks 47504 | 1482m | 32 blk/min | 13 links to repair
[2023/2685] ok Authors/Dickens/Atomized/Our_Mutual_Friend/Chapter_60/part_07.md | blocks 47522 | 1483m | 32 blk/min | 1 links to repair
[2024/2685] ok Authors/Dickens/Atomized/Our_Mutual_Friend/Chapter_60/part_04.md | blocks 47551 | 1484m | 32 blk/min | 16 links to repair
[2025/2685] ok Authors/Dickens/Atomized/Our_Mutual_Friend/Chapter_60/part_05.md | blocks 47586 | 1484m | 32 blk/min | 10 links to repair
[2026/2685] ok Authors/Dickens/Atomized/Our_Mutual_Friend/Chapter_60/part_06.md | blocks 47618 | 1485m | 32 blk/min | 14 links to repair
[2027/2685] ok Authors/Dickens/Atomized/Our_Mutual_Friend/Chapter_61/part_02.md | blocks 47657 | 1486m | 32 blk/min | 10 links to repair
[2028/2685] ok Authors/Dickens/Atomized/Our_Mutual_Friend/Chapter_61/part_01.md | blocks 47678 | 1486m | 32 blk/min | 14 links to repair
[2029/2685] ok Authors/Dickens/Atomized/Our_Mutual_Friend/Chapter_61/part_03.md | blocks 47713 | 1487m | 32 blk/min | 6 links to repair
[2030/2685] ok Authors/Dickens/Atomized/Our_Mutual_Friend/Chapter_61/part_04.md | blocks 47730 | 1489m | 32 blk/min | 14 links to repair
[2031/2685] ok Authors/Dickens/Atomized/Our_Mutual_Friend/Chapter_62/part_01.md | blocks 47763 | 1490m | 32 blk/min | 17 links to repair
[2032/2685] ok Authors/Dickens/Atomized/Our_Mutual_Friend/Chapter_61/part_05.md | blocks 47788 | 1490m | 32 blk/min | 14 links to repair
[2033/2685] ok Authors/Dickens/Atomized/Our_Mutual_Friend/Chapter_62/part_02.md | blocks 47813 | 1491m | 32 blk/min | 9 links to repair
[2034/2685] ok Authors/Dickens/Atomized/Our_Mutual_Friend/Chapter_63/part_01.md | blocks 47858 | 1492m | 32 blk/min | 12 links to repair
[2035/2685] ok Authors/Dickens/Atomized/Our_Mutual_Friend/Chapter_63/part_02.md | blocks 47894 | 1494m | 32 blk/min | 7 links to repair
[2036/2685] ok Authors/Dickens/Atomized/Our_Mutual_Friend/Chapter_62/part_03.md | blocks 47922 | 1494m | 32 blk/min | 11 links to repair
[2037/2685] ok Authors/Dickens/Atomized/Our_Mutual_Friend/Chapter_62/part_04.md | blocks 47939 | 1494m | 32 blk/min | 14 links to repair
[2038/2685] ok Authors/Dickens/Atomized/Our_Mutual_Friend/Chapter_63/part_03.md | blocks 47974 | 1495m | 32 blk/min | 14 links to repair
[2039/2685] ok Authors/Dickens/Atomized/Our_Mutual_Friend/Chapter_63/part_04.md | blocks 48006 | 1496m | 32 blk/min | 7 links to repair
[2040/2685] ok Authors/Dickens/Atomized/Our_Mutual_Friend/Chapter_64/part_01.md | blocks 48032 | 1496m | 32 blk/min | 11 links to repair
[2041/2685] ok Authors/Dickens/Atomized/Our_Mutual_Friend/Chapter_64/part_02.md | blocks 48055 | 1497m | 32 blk/min | 10 links to repair
[2042/2685] ok Authors/Dickens/Atomized/Our_Mutual_Friend/Chapter_64/part_04.md | blocks 48087 | 1498m | 32 blk/min | 13 links to repair
[2043/2685] ok Authors/Dickens/Atomized/Our_Mutual_Friend/Chapter_64/part_03.md | blocks 48111 | 1498m | 32 blk/min | 16 links to repair
[2044/2685] ok Authors/Dickens/Atomized/Our_Mutual_Friend/Chapter_65/part_01.md | blocks 48154 | 1499m | 32 blk/min | 1 links to repair
[2045/2685] ok Authors/Dickens/Atomized/Our_Mutual_Friend/Chapter_65/part_03.md | blocks 48174 | 1500m | 32 blk/min | 1 links to repair
[2046/2685] ok Authors/Dickens/Atomized/Our_Mutual_Friend/Chapter_65/part_02.md | blocks 48210 | 1500m | 32 blk/min | 7 links to repair
[2047/2685] ok Authors/Dickens/Atomized/Our_Mutual_Friend/Chapter_66/part_02.md | blocks 48225 | 1501m | 32 blk/min | 9 links to repair
[2048/2685] ok Authors/Dickens/Atomized/Our_Mutual_Friend/Chapter_66/part_01.md | blocks 48266 | 1501m | 32 blk/min | 10 links to repair
[2049/2685] ok Authors/Dickens/Atomized/Our_Mutual_Friend/Chapter_66/part_05.md | blocks 48284 | 1501m | 32 blk/min | 10 links to repair
[2050/2685] ok Authors/Dickens/Atomized/Our_Mutual_Friend/Chapter_66/part_03.md | blocks 48318 | 1503m | 32 blk/min | 14 links to repair
[2051/2685] ok Authors/Dickens/Atomized/Our_Mutual_Friend/Chapter_67/part_02.md | blocks 48352 | 1504m | 32 blk/min | 10 links to repair
[2052/2685] ok Authors/Dickens/Atomized/Our_Mutual_Friend/Chapter_67/part_01.md | blocks 48379 | 1505m | 32 blk/min | 14 links to repair
[2053/2685] ok Authors/Dickens/Atomized/Our_Mutual_Friend/Chapter_66/part_04.md | blocks 48406 | 1505m | 32 blk/min | 12 links to repair
[2054/2685] ok Authors/Dickens/Atomized/Our_Mutual_Friend/Chapter_67/part_03.md | blocks 48429 | 1506m | 32 blk/min | 8 links to repair
[2055/2685] ok Authors/Dickens/Atomized/Our_Mutual_Friend/Chapter_67/part_04.md | blocks 48457 | 1507m | 32 blk/min | 8 links to repair
[2056/2685] ok Authors/Dickens/Atomized/Our_Mutual_Friend/Chapter_68/part_01.md | blocks 48485 | 1508m | 32 blk/min | 18 links to repair
[2057/2685] ok Authors/Dickens/Atomized/Our_Mutual_Friend/Chapter_67/part_05.md | blocks 48524 | 1508m | 32 blk/min | 18 links to repair
[2058/2685] ok Authors/Dickens/Atomized/Our_Mutual_Friend/Chapter_68/part_02.md | blocks 48545 | 1509m | 32 blk/min | 17 links to repair
[2059/2685] ok Authors/Dickens/Atomized/Our_Mutual_Friend/Chapter_68/part_03.md | blocks 48573 | 1510m | 32 blk/min | 7 links to repair
[2060/2685] ok Authors/Dickens/Atomized/Our_Mutual_Friend/Chapter_68/part_04.md | blocks 48590 | 1510m | 32 blk/min | 5 links to repair
[2061/2685] ok Authors/Dickens/Atomized/Our_Mutual_Friend/Chapter_69/part_01.md | blocks 48619 | 1511m | 32 blk/min | 14 links to repair
[2062/2685] ok Authors/Dickens/Atomized/Our_Mutual_Friend/Chapter_69/part_02.md | blocks 48659 | 1512m | 32 blk/min | 13 links to repair
[2063/2685] ok Authors/Dickens/Atomized/Our_Mutual_Friend/Chapter_69/part_05.md | blocks 48673 | 1513m | 32 blk/min | 6 links to repair
[2064/2685] ok Authors/Dickens/Atomized/Our_Mutual_Friend/Chapter_69/part_03.md | blocks 48701 | 1513m | 32 blk/min | 5 links to repair
[2065/2685] ok Authors/Dickens/Atomized/Our_Mutual_Friend/Chapter_69/part_04.md | blocks 48721 | 1514m | 32 blk/min | 8 links to repair
[2066/2685] ok Authors/Dickens/Atomized/Our_Mutual_Friend/Chapter_70/part_01.md | blocks 48746 | 1515m | 32 blk/min | 3 links to repair
[2067/2685] ok Authors/Dickens/Atomized/Our_Mutual_Friend/Chapter_70/part_05.md | blocks 48759 | 1516m | 32 blk/min | 5 links to repair
[2068/2685] ok Authors/Dickens/Atomized/Our_Mutual_Friend/Chapter_70/part_02.md | blocks 48797 | 1517m | 32 blk/min | 10 links to repair
[2069/2685] ok Authors/Dickens/Atomized/Our_Mutual_Friend/Chapter_70/part_04.md | blocks 48825 | 1517m | 32 blk/min | 5 links to repair
[2070/2685] ok Authors/Dickens/Atomized/Our_Mutual_Friend/Chapter_70/part_03.md | blocks 48853 | 1517m | 32 blk/min | 7 links to repair
[2071/2685] ok Authors/Dickens/Atomized/Our_Mutual_Friend/Chapter_71/part_03.md | blocks 48901 | 1519m | 32 blk/min | 6 links to repair
[2072/2685] ok Authors/Dickens/Atomized/Our_Mutual_Friend/Chapter_71/part_01.md | blocks 48923 | 1520m | 32 blk/min | 8 links to repair
[2073/2685] ok Authors/Dickens/Atomized/Our_Mutual_Friend/Chapter_71/part_02.md | blocks 48941 | 1521m | 32 blk/min | 9 links to repair
[2074/2685] ok Authors/Dickens/Atomized/Our_Mutual_Friend/Chapter_71/part_04.md | blocks 48976 | 1521m | 32 blk/min | 15 links to repair
[2075/2685] ok Authors/Dickens/Atomized/Sketches_by_Boz/Story_01_Preface.md | blocks 48982 | 1522m | 32 blk/min
[2076/2685] ok Authors/Dickens/Atomized/Our_Mutual_Friend/Chapter_72/part_01.md | blocks 49008 | 1522m | 32 blk/min | 12 links to repair
[2077/2685] ok Authors/Dickens/Atomized/Our_Mutual_Friend/Chapter_72/part_03.md | blocks 49018 | 1522m | 32 blk/min | 6 links to repair
[2078/2685] ok Authors/Dickens/Atomized/Our_Mutual_Friend/Chapter_72/part_02.md | blocks 49055 | 1523m | 32 blk/min | 11 links to repair
[2079/2685] ok Authors/Dickens/Atomized/Sketches_by_Boz/Story_02_Our_Parish/part_02.md | blocks 49063 | 1524m | 32 blk/min | 21 links to repair
[2080/2685] ok Authors/Dickens/Atomized/Sketches_by_Boz/Story_02_Our_Parish/part_03.md | blocks 49069 | 1524m | 32 blk/min | 13 links to repair
[2081/2685] ok Authors/Dickens/Atomized/Sketches_by_Boz/Story_02_Our_Parish/part_01.md | blocks 49077 | 1525m | 32 blk/min | 21 links to repair
[2082/2685] ok Authors/Dickens/Atomized/Sketches_by_Boz/Story_02_Our_Parish/part_07.md | blocks 49084 | 1527m | 32 blk/min | 8 links to repair
[2083/2685] ok Authors/Dickens/Atomized/Sketches_by_Boz/Story_02_Our_Parish/part_06.md | blocks 49094 | 1527m | 32 blk/min | 15 links to repair
[2084/2685] ok Authors/Dickens/Atomized/Sketches_by_Boz/Story_02_Our_Parish/part_04.md | blocks 49103 | 1527m | 32 blk/min | 23 links to repair
[2085/2685] ok Authors/Dickens/Atomized/Sketches_by_Boz/Story_02_Our_Parish/part_05.md | blocks 49112 | 1528m | 32 blk/min | 16 links to repair
[2086/2685] ok Authors/Dickens/Atomized/Sketches_by_Boz/Story_03_Mr_BungS_Narrative/part_01.md | blocks 49117 | 1528m | 32 blk/min | 27 links to repair
[2087/2685] ok Authors/Dickens/Atomized/Sketches_by_Boz/Story_03_Mr_BungS_Narrative/part_02.md | blocks 49121 | 1529m | 32 blk/min | 26 links to repair
[2088/2685] ok Authors/Dickens/Atomized/Sketches_by_Boz/Story_02_Our_Parish/part_08.md | blocks 49127 | 1530m | 32 blk/min | 10 links to repair
[2089/2685] ok Authors/Dickens/Atomized/Sketches_by_Boz/Story_03_Mr_BungS_Narrative/part_04.md | blocks 49134 | 1531m | 32 blk/min | 17 links to repair
[2090/2685] ok Authors/Dickens/Atomized/Sketches_by_Boz/Story_03_Mr_BungS_Narrative/part_05.md | blocks 49143 | 1531m | 32 blk/min | 5 links to repair
[2091/2685] ok Authors/Dickens/Atomized/Sketches_by_Boz/Story_03_Mr_BungS_Narrative/part_03.md | blocks 49151 | 1531m | 32 blk/min | 17 links to repair
[2092/2685] ok Authors/Dickens/Atomized/Sketches_by_Boz/Story_03_Mr_BungS_Narrative/part_06.md | blocks 49166 | 1533m | 32 blk/min | 17 links to repair
[2093/2685] ok Authors/Dickens/Atomized/Sketches_by_Boz/Story_04_Scenes/part_01.md | blocks 49178 | 1534m | 32 blk/min | 24 links to repair
[2094/2685] ok Authors/Dickens/Atomized/Sketches_by_Boz/Story_04_Scenes/part_02.md | blocks 49187 | 1535m | 32 blk/min | 14 links to repair
[2095/2685] ok Authors/Dickens/Atomized/Sketches_by_Boz/Story_03_Mr_BungS_Narrative/part_07.md | blocks 49210 | 1536m | 32 blk/min | 20 links to repair
[2096/2685] ok Authors/Dickens/Atomized/Sketches_by_Boz/Story_04_Scenes/part_03.md | blocks 49221 | 1536m | 32 blk/min | 17 links to repair
[2097/2685] ok Authors/Dickens/Atomized/Sketches_by_Boz/Story_04_Scenes/part_04.md | blocks 49233 | 1538m | 32 blk/min | 8 links to repair
[2098/2685] ok Authors/Dickens/Atomized/Sketches_by_Boz/Story_04_Scenes/part_06.md | blocks 49243 | 1539m | 32 blk/min | 20 links to repair
[2099/2685] ok Authors/Dickens/Atomized/Sketches_by_Boz/Story_04_Scenes/part_05.md | blocks 49251 | 1539m | 32 blk/min | 23 links to repair
[2100/2685] ok Authors/Dickens/Atomized/Sketches_by_Boz/Story_04_Scenes/part_07.md | blocks 49261 | 1540m | 32 blk/min | 12 links to repair
[2101/2685] ok Authors/Dickens/Atomized/Sketches_by_Boz/Story_04_Scenes/part_09.md | blocks 49271 | 1542m | 32 blk/min | 13 links to repair
[2102/2685] ok Authors/Dickens/Atomized/Sketches_by_Boz/Story_04_Scenes/part_08.md | blocks 49286 | 1542m | 32 blk/min | 19 links to repair
[2103/2685] ok Authors/Dickens/Atomized/Sketches_by_Boz/Story_04_Scenes/part_11.md | blocks 49296 | 1543m | 32 blk/min | 15 links to repair
[2104/2685] ok Authors/Dickens/Atomized/Sketches_by_Boz/Story_04_Scenes/part_10.md | blocks 49305 | 1543m | 32 blk/min | 13 links to repair
[2105/2685] ok Authors/Dickens/Atomized/Sketches_by_Boz/Story_04_Scenes/part_12.md | blocks 49314 | 1544m | 32 blk/min | 21 links to repair
[2106/2685] ok Authors/Dickens/Atomized/Sketches_by_Boz/Story_04_Scenes/part_14.md | blocks 49323 | 1546m | 32 blk/min | 14 links to repair
[2107/2685] ok Authors/Dickens/Atomized/Sketches_by_Boz/Story_04_Scenes/part_13.md | blocks 49332 | 1546m | 32 blk/min | 13 links to repair
[2108/2685] ok Authors/Dickens/Atomized/Sketches_by_Boz/Story_04_Scenes/part_15.md | blocks 49342 | 1547m | 32 blk/min | 27 links to repair
[2109/2685] ok Authors/Dickens/Atomized/Sketches_by_Boz/Story_04_Scenes/part_16.md | blocks 49350 | 1549m | 32 blk/min | 22 links to repair
[2110/2685] ok Authors/Dickens/Atomized/Sketches_by_Boz/Story_04_Scenes/part_18.md | blocks 49362 | 1550m | 32 blk/min | 21 links to repair
[2111/2685] ok Authors/Dickens/Atomized/Sketches_by_Boz/Story_04_Scenes/part_17.md | blocks 49370 | 1551m | 32 blk/min | 16 links to repair
[2112/2685] ok Authors/Dickens/Atomized/Sketches_by_Boz/Story_04_Scenes/part_20.md | blocks 49376 | 1551m | 32 blk/min | 9 links to repair
[2113/2685] ok Authors/Dickens/Atomized/Sketches_by_Boz/Story_04_Scenes/part_19.md | blocks 49386 | 1551m | 32 blk/min | 14 links to repair
[2114/2685] ok Authors/Dickens/Atomized/Sketches_by_Boz/Story_04_Scenes/part_21.md | blocks 49394 | 1554m | 32 blk/min | 20 links to repair
[2115/2685] ok Authors/Dickens/Atomized/Sketches_by_Boz/Story_04_Scenes/part_24.md | blocks 49405 | 1554m | 32 blk/min | 24 links to repair
[2116/2685] ok Authors/Dickens/Atomized/Sketches_by_Boz/Story_04_Scenes/part_22.md | blocks 49414 | 1555m | 32 blk/min | 23 links to repair
[2117/2685] ok Authors/Dickens/Atomized/Sketches_by_Boz/Story_04_Scenes/part_23.md | blocks 49423 | 1556m | 32 blk/min | 18 links to repair
[2118/2685] ok Authors/Dickens/Atomized/Sketches_by_Boz/Story_04_Scenes/part_27.md | blocks 49434 | 1558m | 32 blk/min | 11 links to repair
[2119/2685] ok Authors/Dickens/Atomized/Sketches_by_Boz/Story_04_Scenes/part_26.md | blocks 49445 | 1559m | 32 blk/min | 14 links to repair
[2120/2685] ok Authors/Dickens/Atomized/Sketches_by_Boz/Story_04_Scenes/part_25.md | blocks 49454 | 1559m | 32 blk/min | 13 links to repair
[2121/2685] ok Authors/Dickens/Atomized/Sketches_by_Boz/Story_04_Scenes/part_28.md | blocks 49470 | 1560m | 32 blk/min | 15 links to repair
[2122/2685] ok Authors/Dickens/Atomized/Sketches_by_Boz/Story_04_Scenes/part_29.md | blocks 49476 | 1561m | 32 blk/min | 24 links to repair
[2123/2685] ok Authors/Dickens/Atomized/Sketches_by_Boz/Story_04_Scenes/part_31.md | blocks 49495 | 1561m | 32 blk/min | 9 links to repair
[2124/2685] ok Authors/Dickens/Atomized/Sketches_by_Boz/Story_04_Scenes/part_30.md | blocks 49504 | 1563m | 32 blk/min | 16 links to repair
[2125/2685] ok Authors/Dickens/Atomized/Sketches_by_Boz/Story_04_Scenes/part_32.md | blocks 49513 | 1563m | 32 blk/min | 12 links to repair
[2126/2685] ok Authors/Dickens/Atomized/Sketches_by_Boz/Story_04_Scenes/part_33.md | blocks 49532 | 1563m | 32 blk/min | 12 links to repair
[2127/2685] ok Authors/Dickens/Atomized/Sketches_by_Boz/Story_04_Scenes/part_34.md | blocks 49542 | 1564m | 32 blk/min | 19 links to repair
[2128/2685] ok Authors/Dickens/Atomized/Sketches_by_Boz/Story_04_Scenes/part_35.md | blocks 49555 | 1566m | 32 blk/min | 7 links to repair
[2129/2685] ok Authors/Dickens/Atomized/Sketches_by_Boz/Story_04_Scenes/part_37.md | blocks 49564 | 1567m | 32 blk/min | 10 links to repair
[2130/2685] ok Authors/Dickens/Atomized/Sketches_by_Boz/Story_04_Scenes/part_36.md | blocks 49586 | 1568m | 32 blk/min | 14 links to repair
[2131/2685] ok Authors/Dickens/Atomized/Sketches_by_Boz/Story_04_Scenes/part_38.md | blocks 49596 | 1568m | 32 blk/min | 9 links to repair
[2132/2685] ok Authors/Dickens/Atomized/Sketches_by_Boz/Story_04_Scenes/part_39.md | blocks 49607 | 1570m | 32 blk/min | 16 links to repair
[2133/2685] ok Authors/Dickens/Atomized/Sketches_by_Boz/Story_04_Scenes/part_40.md | blocks 49614 | 1571m | 32 blk/min | 15 links to repair
[2134/2685] ok Authors/Dickens/Atomized/Sketches_by_Boz/Story_04_Scenes/part_42.md | blocks 49621 | 1572m | 32 blk/min | 26 links to repair
[2135/2685] ok Authors/Dickens/Atomized/Sketches_by_Boz/Story_04_Scenes/part_43.md | blocks 49630 | 1573m | 32 blk/min | 14 links to repair
[2136/2685] ok Authors/Dickens/Atomized/Sketches_by_Boz/Story_04_Scenes/part_41.md | blocks 49642 | 1573m | 32 blk/min | 12 links to repair
[2137/2685] ok Authors/Dickens/Atomized/Sketches_by_Boz/Story_04_Scenes/part_45.md | blocks 49650 | 1575m | 32 blk/min | 8 links to repair
[2138/2685] ok Authors/Dickens/Atomized/Sketches_by_Boz/Story_04_Scenes/part_44.md | blocks 49664 | 1576m | 32 blk/min | 12 links to repair
[2139/2685] ok Authors/Dickens/Atomized/Sketches_by_Boz/Story_04_Scenes/part_46.md | blocks 49671 | 1576m | 32 blk/min | 12 links to repair
[2140/2685] ok Authors/Dickens/Atomized/Sketches_by_Boz/Story_04_Scenes/part_48.md | blocks 49677 | 1579m | 31 blk/min | 16 links to repair
[2141/2685] ok Authors/Dickens/Atomized/Sketches_by_Boz/Story_04_Scenes/part_49.md | blocks 49687 | 1579m | 31 blk/min | 11 links to repair
[2142/2685] ok Authors/Dickens/Atomized/Sketches_by_Boz/Story_04_Scenes/part_47.md | blocks 49697 | 1581m | 31 blk/min | 14 links to repair
[2143/2685] ok Authors/Dickens/Atomized/Sketches_by_Boz/Story_04_Scenes/part_50.md | blocks 49706 | 1581m | 31 blk/min | 18 links to repair
[2144/2685] ok Authors/Dickens/Atomized/Sketches_by_Boz/Story_04_Scenes/part_53.md | blocks 49713 | 1583m | 31 blk/min | 6 links to repair
[2145/2685] ok Authors/Dickens/Atomized/Sketches_by_Boz/Story_04_Scenes/part_51.md | blocks 49726 | 1583m | 31 blk/min | 17 links to repair
[2146/2685] ok Authors/Dickens/Atomized/Sketches_by_Boz/Story_04_Scenes/part_52.md | blocks 49733 | 1584m | 31 blk/min | 11 links to repair
[2147/2685] ok Authors/Dickens/Atomized/Sketches_by_Boz/Story_05_Characters/part_01.md | blocks 49740 | 1586m | 31 blk/min | 14 links to repair
[2148/2685] ok Authors/Dickens/Atomized/Sketches_by_Boz/Story_04_Scenes/part_54.md | blocks 49747 | 1586m | 31 blk/min | 19 links to repair
[2149/2685] ok Authors/Dickens/Atomized/Sketches_by_Boz/Story_05_Characters/part_02.md | blocks 49755 | 1588m | 31 blk/min | 19 links to repair
[2150/2685] ok Authors/Dickens/Atomized/Sketches_by_Boz/Story_05_Characters/part_04.md | blocks 49768 | 1589m | 31 blk/min | 17 links to repair
[2151/2685] ok Authors/Dickens/Atomized/Sketches_by_Boz/Story_05_Characters/part_05.md | blocks 49774 | 1589m | 31 blk/min | 16 links to repair
[2152/2685] ok Authors/Dickens/Atomized/Sketches_by_Boz/Story_05_Characters/part_03.md | blocks 49783 | 1590m | 31 blk/min | 15 links to repair
[2153/2685] ok Authors/Dickens/Atomized/Sketches_by_Boz/Story_05_Characters/part_07.md | blocks 49796 | 1591m | 31 blk/min | 13 links to repair
[2154/2685] ok Authors/Dickens/Atomized/Sketches_by_Boz/Story_04_Scenes/part_55.md | blocks 49807 | 1592m | 31 blk/min | 21 links to repair
[2155/2685] ok Authors/Dickens/Atomized/Sketches_by_Boz/Story_05_Characters/part_06.md | blocks 49816 | 1592m | 31 blk/min | 15 links to repair
[2156/2685] ok Authors/Dickens/Atomized/Sketches_by_Boz/Story_05_Characters/part_08.md | blocks 49836 | 1593m | 31 blk/min | 8 links to repair
[2157/2685] ok Authors/Dickens/Atomized/Sketches_by_Boz/Story_05_Characters/part_10.md | blocks 49852 | 1595m | 31 blk/min | 7 links to repair
[2158/2685] ok Authors/Dickens/Atomized/Sketches_by_Boz/Story_05_Characters/part_12.md | blocks 49866 | 1596m | 31 blk/min | 18 links to repair
[2159/2685] ok Authors/Dickens/Atomized/Sketches_by_Boz/Story_05_Characters/part_11.md | blocks 49874 | 1596m | 31 blk/min | 23 links to repair
[2160/2685] ok Authors/Dickens/Atomized/Sketches_by_Boz/Story_05_Characters/part_09.md | blocks 49890 | 1596m | 31 blk/min | 20 links to repair
[2161/2685] ok Authors/Dickens/Atomized/Sketches_by_Boz/Story_05_Characters/part_13.md | blocks 49898 | 1598m | 31 blk/min | 11 links to repair
[2162/2685] ok Authors/Dickens/Atomized/Sketches_by_Boz/Story_05_Characters/part_15.md | blocks 49911 | 1599m | 31 blk/min | 21 links to repair
[2163/2685] ok Authors/Dickens/Atomized/Sketches_by_Boz/Story_05_Characters/part_14.md | blocks 49926 | 1599m | 31 blk/min | 15 links to repair
[2164/2685] ok Authors/Dickens/Atomized/Sketches_by_Boz/Story_05_Characters/part_16.md | blocks 49932 | 1601m | 31 blk/min | 16 links to repair
[2165/2685] ok Authors/Dickens/Atomized/Sketches_by_Boz/Story_05_Characters/part_19.md | blocks 49942 | 1601m | 31 blk/min | 10 links to repair
[2166/2685] ok Authors/Dickens/Atomized/Sketches_by_Boz/Story_05_Characters/part_18.md | blocks 49952 | 1602m | 31 blk/min | 6 links to repair
[2167/2685] ok Authors/Dickens/Atomized/Sketches_by_Boz/Story_06_Tales.md | blocks 49955 | 1602m | 31 blk/min | 1 links to repair
[2168/2685] ok Authors/Dickens/Atomized/Sketches_by_Boz/Story_05_Characters/part_17.md | blocks 49963 | 1602m | 31 blk/min | 9 links to repair
[2169/2685] ok Authors/Dickens/Atomized/Sketches_by_Boz/Story_05_Characters/part_21.md | blocks 49973 | 1603m | 31 blk/min | 6 links to repair
[2170/2685] ok Authors/Dickens/Atomized/Sketches_by_Boz/Story_05_Characters/part_20.md | blocks 49983 | 1603m | 31 blk/min | 8 links to repair
[2171/2685] ok Authors/Dickens/Atomized/Sketches_by_Boz/Story_07_Chapter_I/part_02.md | blocks 50005 | 1604m | 31 blk/min | 3 links to repair
[2172/2685] ok Authors/Dickens/Atomized/Sketches_by_Boz/Story_07_Chapter_I/part_01.md | blocks 50023 | 1605m | 31 blk/min | 17 links to repair
[2173/2685] ok Authors/Dickens/Atomized/Sketches_by_Boz/Story_07_Chapter_I/part_04.md | blocks 50051 | 1606m | 31 blk/min | 11 links to repair
[2174/2685] ok Authors/Dickens/Atomized/Sketches_by_Boz/Story_07_Chapter_I/part_03.md | blocks 50086 | 1606m | 31 blk/min | 9 links to repair
[2175/2685] ok Authors/Dickens/Atomized/Sketches_by_Boz/Story_07_Chapter_I/part_05.md | blocks 50134 | 1607m | 31 blk/min | 6 links to repair
[2176/2685] ok Authors/Dickens/Atomized/Sketches_by_Boz/Story_07_Chapter_I/part_06.md | blocks 50151 | 1607m | 31 blk/min | 6 links to repair
[2177/2685] ok Authors/Dickens/Atomized/Sketches_by_Boz/Story_08_Chapter_The_Second/part_01.md | blocks 50189 | 1608m | 31 blk/min | 14 links to repair
[2178/2685] ok Authors/Dickens/Atomized/Sketches_by_Boz/Story_08_Chapter_The_Second/part_03.md | blocks 50217 | 1609m | 31 blk/min | 13 links to repair
[2179/2685] ok Authors/Dickens/Atomized/Sketches_by_Boz/Story_08_Chapter_The_Second/part_02.md | blocks 50238 | 1609m | 31 blk/min | 9 links to repair
[2180/2685] ok Authors/Dickens/Atomized/Sketches_by_Boz/Story_08_Chapter_The_Second/part_04.md | blocks 50277 | 1609m | 31 blk/min | 10 links to repair
[2181/2685] ok Authors/Dickens/Atomized/Sketches_by_Boz/Story_08_Chapter_The_Second/part_08.md | blocks 50291 | 1611m | 31 blk/min | 21 links to repair
[2182/2685] ok Authors/Dickens/Atomized/Sketches_by_Boz/Story_08_Chapter_The_Second/part_06.md | blocks 50324 | 1611m | 31 blk/min | 15 links to repair
[2183/2685] ok Authors/Dickens/Atomized/Sketches_by_Boz/Story_08_Chapter_The_Second/part_07.md | blocks 50378 | 1612m | 31 blk/min | 10 links to repair
[2184/2685] ok Authors/Dickens/Atomized/Sketches_by_Boz/Story_08_Chapter_The_Second/part_05.md | blocks 50410 | 1612m | 31 blk/min | 10 links to repair
[2185/2685] ok Authors/Dickens/Atomized/Sketches_by_Boz/Story_08_Chapter_The_Second/part_09.md | blocks 50444 | 1614m | 31 blk/min | 16 links to repair
[2186/2685] ok Authors/Dickens/Atomized/Sketches_by_Boz/Story_08_Chapter_The_Second/part_10.md | blocks 50465 | 1614m | 31 blk/min | 16 links to repair
[2187/2685] ok Authors/Dickens/Atomized/Sketches_by_Boz/Story_08_Chapter_The_Second/part_11.md | blocks 50491 | 1615m | 31 blk/min | 12 links to repair
[2188/2685] ok Authors/Dickens/Atomized/Sketches_by_Boz/Story_08_Chapter_The_Second/part_12.md | blocks 50510 | 1616m | 31 blk/min | 7 links to repair
[2189/2685] ok Authors/Dickens/Atomized/Sketches_by_Boz/Story_08_Chapter_The_Second/part_14.md | blocks 50540 | 1616m | 31 blk/min | 3 links to repair
[2190/2685] ok Authors/Dickens/Atomized/Sketches_by_Boz/Story_08_Chapter_The_Second/part_13.md | blocks 50565 | 1617m | 31 blk/min | 8 links to repair
[2191/2685] ok Authors/Dickens/Atomized/Sketches_by_Boz/Story_08_Chapter_The_Second/part_16.md | blocks 50589 | 1619m | 31 blk/min | 8 links to repair
[2192/2685] ok Authors/Dickens/Atomized/Sketches_by_Boz/Story_08_Chapter_The_Second/part_15.md | blocks 50631 | 1619m | 31 blk/min | 16 links to repair
[2193/2685] ok Authors/Dickens/Atomized/Sketches_by_Boz/Story_08_Chapter_The_Second/part_17.md | blocks 50683 | 1619m | 31 blk/min | 6 links to repair
[2194/2685] ok Authors/Dickens/Atomized/Sketches_by_Boz/Story_08_Chapter_The_Second/part_18.md | blocks 50717 | 1620m | 31 blk/min | 11 links to repair
[2195/2685] ok Authors/Dickens/Atomized/Sketches_by_Boz/Story_08_Chapter_The_Second/part_19.md | blocks 50763 | 1621m | 31 blk/min | 12 links to repair
[2196/2685] ok Authors/Dickens/Atomized/Sketches_by_Boz/Story_08_Chapter_The_Second/part_21.md | blocks 50792 | 1622m | 31 blk/min | 7 links to repair
[2197/2685] ok Authors/Dickens/Atomized/Sketches_by_Boz/Story_08_Chapter_The_Second/part_22.md | blocks 50842 | 1623m | 31 blk/min | 9 links to repair
[2198/2685] ok Authors/Dickens/Atomized/Sketches_by_Boz/Story_08_Chapter_The_Second/part_20.md | blocks 50869 | 1623m | 31 blk/min | 10 links to repair
[2199/2685] ok Authors/Dickens/Atomized/Sketches_by_Boz/Story_08_Chapter_The_Second/part_24.md | blocks 50908 | 1625m | 31 blk/min | 11 links to repair
[2200/2685] ok Authors/Dickens/Atomized/Sketches_by_Boz/Story_08_Chapter_The_Second/part_23.md | blocks 50930 | 1625m | 31 blk/min | 19 links to repair
[2201/2685] ok Authors/Dickens/Atomized/Sketches_by_Boz/Story_08_Chapter_The_Second/part_26.md | blocks 50974 | 1626m | 31 blk/min | 16 links to repair
[2202/2685] ok Authors/Dickens/Atomized/Sketches_by_Boz/Story_08_Chapter_The_Second/part_25.md | blocks 51008 | 1626m | 31 blk/min | 8 links to repair
[2203/2685] ok Authors/Dickens/Atomized/Sketches_by_Boz/Story_08_Chapter_The_Second/part_27.md | blocks 51039 | 1628m | 31 blk/min | 19 links to repair
[2204/2685] ok Authors/Dickens/Atomized/Sketches_by_Boz/Story_08_Chapter_The_Second/part_30.md | blocks 51053 | 1628m | 31 blk/min | 22 links to repair
[2205/2685] ok Authors/Dickens/Atomized/Sketches_by_Boz/Story_08_Chapter_The_Second/part_28.md | blocks 51075 | 1629m | 31 blk/min | 17 links to repair
[2206/2685] ok Authors/Dickens/Atomized/Sketches_by_Boz/Story_08_Chapter_The_Second/part_29.md | blocks 51097 | 1629m | 31 blk/min | 12 links to repair
[2207/2685] ok Authors/Dickens/Atomized/Sketches_by_Boz/Story_08_Chapter_The_Second/part_32.md | blocks 51116 | 1631m | 31 blk/min | 8 links to repair
[2208/2685] ok Authors/Dickens/Atomized/Sketches_by_Boz/Story_08_Chapter_The_Second/part_31.md | blocks 51144 | 1631m | 31 blk/min | 12 links to repair
[2209/2685] ok Authors/Dickens/Atomized/Sketches_by_Boz/Story_08_Chapter_The_Second/part_33.md | blocks 51166 | 1633m | 31 blk/min | 12 links to repair
[2210/2685] ok Authors/Dickens/Atomized/Sketches_by_Boz/Story_08_Chapter_The_Second/part_34.md | blocks 51179 | 1633m | 31 blk/min | 16 links to repair
[2211/2685] ok Authors/Dickens/Atomized/Sketches_by_Boz/Story_08_Chapter_The_Second/part_35.md | blocks 51204 | 1633m | 31 blk/min | 12 links to repair
[2212/2685] ok Authors/Dickens/Atomized/Sketches_by_Boz/Story_08_Chapter_The_Second/part_36.md | blocks 51231 | 1634m | 31 blk/min | 2 links to repair
[2213/2685] ok Authors/Dickens/Atomized/Sketches_by_Boz/Story_08_Chapter_The_Second/part_37.md | blocks 51262 | 1635m | 31 blk/min | 5 links to repair
[2214/2685] ok Authors/Dickens/Atomized/Sketches_by_Boz/Story_08_Chapter_The_Second/part_39.md | blocks 51285 | 1635m | 31 blk/min | 11 links to repair
[2215/2685] ok Authors/Dickens/Atomized/Sketches_by_Boz/Story_08_Chapter_The_Second/part_38.md | blocks 51317 | 1636m | 31 blk/min | 13 links to repair
[2216/2685] ok Authors/Dickens/Atomized/Sketches_by_Boz/Story_08_Chapter_The_Second/part_41.md | blocks 51343 | 1637m | 31 blk/min | 9 links to repair
[2217/2685] ok Authors/Dickens/Atomized/Sketches_by_Boz/Story_08_Chapter_The_Second/part_42.md | blocks 51371 | 1639m | 31 blk/min | 8 links to repair
[2218/2685] ok Authors/Dickens/Atomized/Sketches_by_Boz/Story_08_Chapter_The_Second/part_40.md | blocks 51388 | 1639m | 31 blk/min | 12 links to repair
[2219/2685] ok Authors/Dickens/Atomized/Sketches_by_Boz/Story_08_Chapter_The_Second/part_43.md | blocks 51426 | 1639m | 31 blk/min | 14 links to repair
[2220/2685] ok Authors/Dickens/Atomized/Sketches_by_Boz/Story_08_Chapter_The_Second/part_44.md | blocks 51457 | 1640m | 31 blk/min | 6 links to repair
[2221/2685] ok Authors/Dickens/Atomized/Sketches_by_Boz/Story_08_Chapter_The_Second/part_46.md | blocks 51481 | 1641m | 31 blk/min | 8 links to repair
[2222/2685] ok Authors/Dickens/Atomized/Sketches_by_Boz/Story_08_Chapter_The_Second/part_45.md | blocks 51513 | 1642m | 31 blk/min | 15 links to repair
[2223/2685] ok Authors/Dickens/Atomized/Sketches_by_Boz/Story_08_Chapter_The_Second/part_47.md | blocks 51534 | 1643m | 31 blk/min | 15 links to repair
[2224/2685] ok Authors/Dickens/Atomized/Sketches_by_Boz/Story_09_Chapter_The_First/part_01.md | blocks 51561 | 1644m | 31 blk/min | 9 links to repair
[2225/2685] ok Authors/Dickens/Atomized/Sketches_by_Boz/Story_08_Chapter_The_Second/part_48.md | blocks 51585 | 1645m | 31 blk/min | 14 links to repair
[2226/2685] ok Authors/Dickens/Atomized/Sketches_by_Boz/Story_09_Chapter_The_First/part_02.md | blocks 51617 | 1645m | 31 blk/min | 14 links to repair
[2227/2685] ok Authors/Dickens/Atomized/Sketches_by_Boz/Story_09_Chapter_The_First/part_03.md | blocks 51642 | 1645m | 31 blk/min | 10 links to repair
[2228/2685] ok Authors/Dickens/Atomized/Sketches_by_Boz/Story_09_Chapter_The_First/part_04.md | blocks 51665 | 1646m | 31 blk/min | 25 links to repair
[2229/2685] ok Authors/Dickens/Atomized/Sketches_by_Boz/Story_09_Chapter_The_First/part_05.md | blocks 51681 | 1646m | 31 blk/min | 12 links to repair
[2230/2685] ok Authors/Dickens/Atomized/Sketches_by_Boz/Story_10_Chapter_The_Second/part_02.md | blocks 51701 | 1647m | 31 blk/min | 9 links to repair
[2231/2685] ok Authors/Dickens/Atomized/Sketches_by_Boz/Story_10_Chapter_The_Second/part_04.md | blocks 51733 | 1648m | 31 blk/min | 10 links to repair
[2232/2685] ok Authors/Dickens/Atomized/Sketches_by_Boz/Story_10_Chapter_The_Second/part_01.md | blocks 51750 | 1649m | 31 blk/min | 16 links to repair
[2233/2685] ok Authors/Dickens/Atomized/Sketches_by_Boz/Story_10_Chapter_The_Second/part_05.md | blocks 51793 | 1649m | 31 blk/min | 9 links to repair
[2234/2685] ok Authors/Dickens/Atomized/Sketches_by_Boz/Story_10_Chapter_The_Second/part_03.md | blocks 51813 | 1649m | 31 blk/min | 9 links to repair
[2235/2685] ok Authors/Dickens/Atomized/Sketches_by_Boz/Story_10_Chapter_The_Second/part_06.md | blocks 51842 | 1651m | 31 blk/min | 17 links to repair
[2236/2685] ok Authors/Dickens/Atomized/Sketches_by_Boz/Story_10_Chapter_The_Second/part_08.md | blocks 51886 | 1651m | 31 blk/min | 9 links to repair
[2237/2685] ok Authors/Dickens/Atomized/Sketches_by_Boz/Story_10_Chapter_The_Second/part_07.md | blocks 51926 | 1651m | 31 blk/min | 6 links to repair
[2238/2685] ok Authors/Dickens/Atomized/Sketches_by_Boz/Story_10_Chapter_The_Second/part_09.md | blocks 51942 | 1652m | 31 blk/min | 12 links to repair
[2239/2685] ok Authors/Dickens/Atomized/Sketches_by_Boz/Story_10_Chapter_The_Second/part_12.md | blocks 51970 | 1653m | 31 blk/min | 20 links to repair
[2240/2685] ok Authors/Dickens/Atomized/Sketches_by_Boz/Story_10_Chapter_The_Second/part_11.md | blocks 51997 | 1654m | 31 blk/min | 3 links to repair
[2241/2685] ok Authors/Dickens/Atomized/Sketches_by_Boz/Story_10_Chapter_The_Second/part_13.md | blocks 52028 | 1655m | 31 blk/min | 8 links to repair
[2242/2685] ok Authors/Dickens/Atomized/Sketches_by_Boz/Story_10_Chapter_The_Second/part_14.md | blocks 52041 | 1655m | 31 blk/min | 15 links to repair
[2243/2685] ok Authors/Dickens/Atomized/Sketches_by_Boz/Story_10_Chapter_The_Second/part_10.md | blocks 52061 | 1656m | 31 blk/min | 20 links to repair
[2244/2685] ok Authors/Dickens/Atomized/Sketches_by_Boz/Story_10_Chapter_The_Second/part_15.md | blocks 52071 | 1658m | 31 blk/min | 13 links to repair
[2245/2685] ok Authors/Dickens/Atomized/Sketches_by_Boz/Story_10_Chapter_The_Second/part_17.md | blocks 52105 | 1658m | 31 blk/min | 6 links to repair
[2246/2685] ok Authors/Dickens/Atomized/Sketches_by_Boz/Story_10_Chapter_The_Second/part_16.md | blocks 52122 | 1659m | 31 blk/min | 16 links to repair
[2247/2685] ok Authors/Dickens/Atomized/Sketches_by_Boz/Story_11_Sketches_Of_Young_Gentlemen.md | blocks 52137 | 1659m | 31 blk/min | 1 links to repair
[2248/2685] ok Authors/Dickens/Atomized/Sketches_by_Boz/Story_12_The_Bashful_Young_Gentleman.md | blocks 52151 | 1661m | 31 blk/min | 10 links to repair
[2249/2685] ok Authors/Dickens/Atomized/Sketches_by_Boz/Story_13_The_Out_And_Out_Young_Gentleman.md | blocks 52162 | 1662m | 31 blk/min | 19 links to repair
[2250/2685] ok Authors/Dickens/Atomized/Sketches_by_Boz/Story_14_The_Very_Friendly_Young_Gentleman.md | blocks 52174 | 1662m | 31 blk/min | 20 links to repair
[2251/2685] ok Authors/Dickens/Atomized/Sketches_by_Boz/Story_10_Chapter_The_Second/part_18.md | blocks 52193 | 1663m | 31 blk/min | 22 links to repair
[2252/2685] ok Authors/Dickens/Atomized/Sketches_by_Boz/Story_16_The_Political_Young_Gentleman.md | blocks 52204 | 1664m | 31 blk/min | 11 links to repair
[2253/2685] ok Authors/Dickens/Atomized/Sketches_by_Boz/Story_15_The_Military_Young_Gentleman.md | blocks 52219 | 1665m | 31 blk/min | 8 links to repair
[2254/2685] ok Authors/Dickens/Atomized/Sketches_by_Boz/Story_17_The_Domestic_Young_Gentleman.md | blocks 52230 | 1665m | 31 blk/min | 20 links to repair
[2255/2685] ok Authors/Dickens/Atomized/Sketches_by_Boz/Story_18_The_Censorious_Young_Gentleman.md | blocks 52238 | 1666m | 31 blk/min | 14 links to repair
[2256/2685] ok Authors/Dickens/Atomized/Sketches_by_Boz/Story_19_The_Funny_Young_Gentleman.md | blocks 52249 | 1667m | 31 blk/min | 16 links to repair
[2257/2685] ok Authors/Dickens/Atomized/Sketches_by_Boz/Story_21_The_Poetical_Young_Gentleman/part_01.md | blocks 52259 | 1667m | 31 blk/min | 26 links to repair
[2258/2685] ok Authors/Dickens/Atomized/Sketches_by_Boz/Story_21_The_Poetical_Young_Gentleman/part_02.md | blocks 52270 | 1668m | 31 blk/min | 21 links to repair
[2259/2685] ok Authors/Dickens/Atomized/Sketches_by_Boz/Story_23_Conclusion.md | blocks 52279 | 1668m | 31 blk/min | 6 links to repair
[2260/2685] ok Authors/Dickens/Atomized/Sketches_by_Boz/Story_20_The_Theatrical_Young_Gentleman.md | blocks 52290 | 1669m | 31 blk/min | 16 links to repair
[2261/2685] ok Authors/Dickens/Atomized/Sketches_by_Boz/Story_24_Sketches_Of_Young_Couples.md | blocks 52306 | 1670m | 31 blk/min | 4 links to repair
[2262/2685] ok Authors/Dickens/Atomized/Sketches_by_Boz/Story_22_The_Young_Ladies_Young_Gentleman.md | blocks 52322 | 1671m | 31 blk/min | 18 links to repair
[2263/2685] ok Authors/Dickens/Atomized/Sketches_by_Boz/Story_26_The_Formal_Couple.md | blocks 52333 | 1673m | 31 blk/min | 17 links to repair
[2264/2685] ok Authors/Dickens/Atomized/Sketches_by_Boz/Story_28_The_Contradictory_Couple.md | blocks 52345 | 1674m | 31 blk/min | 22 links to repair
[2265/2685] ok Authors/Dickens/Atomized/Sketches_by_Boz/Story_25_The_Young_Couple.md | blocks 52361 | 1675m | 31 blk/min | 28 links to repair
[2266/2685] ok Authors/Dickens/Atomized/Sketches_by_Boz/Story_30_The_Cool_Couple.md | blocks 52371 | 1676m | 31 blk/min | 23 links to repair
[2267/2685] ok Authors/Dickens/Atomized/Sketches_by_Boz/Story_31_The_Plausible_Couple.md | blocks 52383 | 1678m | 31 blk/min | 22 links to repair
[2268/2685] ok Authors/Dickens/Atomized/Sketches_by_Boz/Story_27_The_Loving_Couple.md | blocks 52399 | 1678m | 31 blk/min | 25 links to repair
[2269/2685] ok Authors/Dickens/Atomized/Sketches_by_Boz/Story_29_The_Couple_Who_Dote_Upon_Their_Children.md | blocks 52412 | 1678m | 31 blk/min | 26 links to repair
[2270/2685] ok Authors/Dickens/Atomized/Sketches_by_Boz/Story_32_The_Nice_Little_Couple.md | blocks 52422 | 1679m | 31 blk/min | 15 links to repair
[2271/2685] ok Authors/Dickens/Atomized/Sketches_by_Boz/Story_36_Conclusion.md | blocks 52433 | 1681m | 31 blk/min | 8 links to repair
[2272/2685] ok Authors/Dickens/Atomized/Sketches_by_Boz/Story_33_The_Egotistical_Couple.md | blocks 52447 | 1682m | 31 blk/min | 29 links to repair
[2273/2685] ok Authors/Dickens/Atomized/Sketches_by_Boz/Story_35_The_Old_Couple.md | blocks 52464 | 1684m | 31 blk/min | 8 links to repair
[2274/2685] ok Authors/Dickens/Atomized/Sketches_by_Boz/Story_34_The_Couple_Who_Coddle_Themselves.md | blocks 52477 | 1685m | 31 blk/min | 17 links to repair
[2275/2685] ok Authors/Dickens/Atomized/Sketches_by_Boz/Story_37_The_Mudfog_And_Other_Sketches/part_02.md | blocks 52497 | 1685m | 31 blk/min | 8 links to repair
[2276/2685] ok Authors/Dickens/Atomized/Sketches_by_Boz/Story_37_The_Mudfog_And_Other_Sketches/part_01.md | blocks 52507 | 1685m | 31 blk/min | 31 links to repair
[2277/2685] ok Authors/Dickens/Atomized/Sketches_by_Boz/Story_37_The_Mudfog_And_Other_Sketches/part_03.md | blocks 52534 | 1686m | 31 blk/min | 12 links to repair
[2278/2685] ok Authors/Dickens/Atomized/Sketches_by_Boz/Story_37_The_Mudfog_And_Other_Sketches/part_05.md | blocks 52559 | 1688m | 31 blk/min | 10 links to repair
[2279/2685] ok Authors/Dickens/Atomized/Sketches_by_Boz/Story_37_The_Mudfog_And_Other_Sketches/part_07.md | blocks 52577 | 1688m | 31 blk/min | 8 links to repair
[2280/2685] ok Authors/Dickens/Atomized/Sketches_by_Boz/Story_37_The_Mudfog_And_Other_Sketches/part_04.md | blocks 52591 | 1689m | 31 blk/min | 21 links to repair
[2281/2685] ok Authors/Dickens/Atomized/Sketches_by_Boz/Story_37_The_Mudfog_And_Other_Sketches/part_06.md | blocks 52600 | 1689m | 31 blk/min | 23 links to repair
[2282/2685] ok Authors/Dickens/Atomized/Sketches_by_Boz/Story_37_The_Mudfog_And_Other_Sketches/part_08.md | blocks 52617 | 1690m | 31 blk/min | 16 links to repair
[2283/2685] ok Authors/Dickens/Atomized/Sketches_by_Boz/Story_37_The_Mudfog_And_Other_Sketches/part_09.md | blocks 52633 | 1690m | 31 blk/min | 6 links to repair
[2284/2685] ok Authors/Dickens/Atomized/Sketches_by_Boz/Story_38_7_943.md | blocks 52636 | 1690m | 31 blk/min
[2285/2685] ok Authors/Dickens/Atomized/Sketches_by_Boz/Story_39_2_845.md | blocks 52639 | 1690m | 31 blk/min
[2286/2685] ok Authors/Dickens/Atomized/Sketches_by_Boz/Story_37_The_Mudfog_And_Other_Sketches/part_11.md | blocks 52656 | 1691m | 31 blk/min | 8 links to repair
[2287/2685] ok Authors/Dickens/Atomized/Sketches_by_Boz/Story_37_The_Mudfog_And_Other_Sketches/part_10.md | blocks 52670 | 1692m | 31 blk/min | 11 links to repair
[2288/2685] ok Authors/Dickens/Atomized/Sketches_by_Boz/Story_37_The_Mudfog_And_Other_Sketches/part_12.md | blocks 52693 | 1693m | 31 blk/min | 8 links to repair
[2289/2685] ok Authors/Dickens/Atomized/Sketches_by_Boz/Story_40_21_407/part_01.md | blocks 52708 | 1694m | 31 blk/min | 16 links to repair
[2290/2685] ok Authors/Dickens/Atomized/Sketches_by_Boz/Story_40_21_407/part_03.md | blocks 52733 | 1694m | 31 blk/min | 6 links to repair
[2291/2685] ok Authors/Dickens/Atomized/Sketches_by_Boz/Story_40_21_407/part_04.md | blocks 52761 | 1695m | 31 blk/min | 9 links to repair
[2292/2685] ok Authors/Dickens/Atomized/Sketches_by_Boz/Story_40_21_407/part_02.md | blocks 52776 | 1695m | 31 blk/min | 12 links to repair
[2293/2685] ok Authors/Dickens/Atomized/Sketches_by_Boz/Story_40_21_407/part_05.md | blocks 52794 | 1697m | 31 blk/min | 10 links to repair
[2294/2685] ok Authors/Dickens/Atomized/Sketches_by_Boz/Story_40_21_407/part_06.md | blocks 52807 | 1697m | 31 blk/min | 3 links to repair
[2295/2685] ok Authors/Dickens/Atomized/Sketches_by_Boz/Story_40_21_407/part_07.md | blocks 52827 | 1697m | 31 blk/min | 11 links to repair
[2296/2685] ok Authors/Dickens/Atomized/Sketches_by_Boz/Story_40_21_407/part_08.md | blocks 52848 | 1698m | 31 blk/min | 4 links to repair
[2297/2685] ok Authors/Dickens/Atomized/Sketches_by_Boz/Story_41_The_Pantomime_Of_Life/part_02.md | blocks 52857 | 1700m | 31 blk/min | 13 links to repair
[2298/2685] ok Authors/Dickens/Atomized/Sketches_by_Boz/Story_41_The_Pantomime_Of_Life/part_01.md | blocks 52866 | 1700m | 31 blk/min | 15 links to repair
[2299/2685] ok Authors/Dickens/Atomized/Sketches_by_Boz/Story_41_The_Pantomime_Of_Life/part_03.md | blocks 52875 | 1701m | 31 blk/min | 12 links to repair
[2300/2685] ok Authors/Dickens/Atomized/Sketches_by_Boz/Story_40_21_407/part_09.md | blocks 52892 | 1702m | 31 blk/min | 5 links to repair
[2301/2685] ok Authors/Dickens/Atomized/Sketches_by_Boz/Story_41_The_Pantomime_Of_Life/part_04.md | blocks 52906 | 1703m | 31 blk/min | 13 links to repair
[2302/2685] ok Authors/Dickens/Atomized/Sketches_by_Boz/Story_41_The_Pantomime_Of_Life/part_06.md | blocks 52923 | 1703m | 31 blk/min | 12 links to repair
[2303/2685] ok Authors/Dickens/Atomized/Sketches_by_Boz/Story_41_The_Pantomime_Of_Life/part_05.md | blocks 52931 | 1704m | 31 blk/min | 11 links to repair
[2304/2685] ok Authors/Dickens/Atomized/Sketches_by_Boz/Story_41_The_Pantomime_Of_Life/part_08.md | blocks 52944 | 1704m | 31 blk/min | 7 links to repair
[2305/2685] ok Authors/Dickens/Atomized/Sketches_by_Boz/Story_41_The_Pantomime_Of_Life/part_07.md | blocks 52964 | 1705m | 31 blk/min | 25 links to repair
[2306/2685] ok Authors/Dickens/Atomized/The_Mystery_of_Edwin_Drood/Chapter_01.md | blocks 52988 | 1706m | 31 blk/min | 13 links to repair
[2307/2685] ok Authors/Dickens/Atomized/The_Mystery_of_Edwin_Drood/Chapter_02/part_02.md | blocks 53028 | 1706m | 31 blk/min | 8 links to repair
[2308/2685] ok Authors/Dickens/Atomized/The_Mystery_of_Edwin_Drood/Chapter_02/part_01.md | blocks 53057 | 1707m | 31 blk/min | 23 links to repair
[2309/2685] ok Authors/Dickens/Atomized/The_Mystery_of_Edwin_Drood/Chapter_02/part_03.md | blocks 53102 | 1707m | 31 blk/min | 5 links to repair
[2310/2685] ok Authors/Dickens/Atomized/The_Mystery_of_Edwin_Drood/Chapter_02/part_04.md | blocks 53138 | 1709m | 31 blk/min | 14 links to repair
[2311/2685] ok Authors/Dickens/Atomized/The_Mystery_of_Edwin_Drood/Chapter_03/part_02.md | blocks 53177 | 1709m | 31 blk/min | 8 links to repair
[2312/2685] ok Authors/Dickens/Atomized/The_Mystery_of_Edwin_Drood/Chapter_04_there_is_not_any_other_young.md | blocks 53192 | 1710m | 31 blk/min
[2313/2685] ok Authors/Dickens/Atomized/The_Mystery_of_Edwin_Drood/Chapter_03/part_03.md | blocks 53248 | 1710m | 31 blk/min | 8 links to repair
[2314/2685] ok Authors/Dickens/Atomized/The_Mystery_of_Edwin_Drood/Chapter_03/part_04.md | blocks 53281 | 1711m | 31 blk/min | 11 links to repair
[2315/2685] ok Authors/Dickens/Atomized/The_Mystery_of_Edwin_Drood/Chapter_03/part_01.md | blocks 53291 | 1711m | 31 blk/min | 12 links to repair
[2316/2685] ok Authors/Dickens/Atomized/The_Mystery_of_Edwin_Drood/Chapter_05/part_02.md | blocks 53316 | 1712m | 31 blk/min | 8 links to repair
[2317/2685] ok Authors/Dickens/Atomized/The_Mystery_of_Edwin_Drood/Chapter_05/part_01.md | blocks 53339 | 1713m | 31 blk/min | 16 links to repair
[2318/2685] ok Authors/Dickens/Atomized/The_Mystery_of_Edwin_Drood/Chapter_06/part_01.md | blocks 53378 | 1715m | 31 blk/min | 7 links to repair
[2319/2685] ok Authors/Dickens/Atomized/The_Mystery_of_Edwin_Drood/Chapter_07/part_01.md | blocks 53403 | 1715m | 31 blk/min | 10 links to repair
[2320/2685] ok Authors/Dickens/Atomized/The_Mystery_of_Edwin_Drood/Chapter_05/part_03.md | blocks 53440 | 1716m | 31 blk/min | 17 links to repair
[2321/2685] ok Authors/Dickens/Atomized/The_Mystery_of_Edwin_Drood/Chapter_06/part_02.md | blocks 53473 | 1716m | 31 blk/min | 13 links to repair
[2322/2685] ok Authors/Dickens/Atomized/The_Mystery_of_Edwin_Drood/Chapter_07/part_04.md | blocks 53477 | 1718m | 31 blk/min | 5 links to repair
[2323/2685] ok Authors/Dickens/Atomized/The_Mystery_of_Edwin_Drood/Chapter_07/part_02.md | blocks 53500 | 1718m | 31 blk/min | 12 links to repair
[2324/2685] ok Authors/Dickens/Atomized/The_Mystery_of_Edwin_Drood/Chapter_07/part_03.md | blocks 53528 | 1718m | 31 blk/min | 8 links to repair
[2325/2685] ok Authors/Dickens/Atomized/The_Mystery_of_Edwin_Drood/Chapter_08/part_01.md | blocks 53569 | 1719m | 31 blk/min | 8 links to repair
[2326/2685] ok Authors/Dickens/Atomized/The_Mystery_of_Edwin_Drood/Chapter_09/part_01.md | blocks 53601 | 1721m | 31 blk/min | 8 links to repair
[2327/2685] ok Authors/Dickens/Atomized/The_Mystery_of_Edwin_Drood/Chapter_08/part_03.md | blocks 53643 | 1721m | 31 blk/min | 9 links to repair
[2328/2685] ok Authors/Dickens/Atomized/The_Mystery_of_Edwin_Drood/Chapter_08/part_02.md | blocks 53675 | 1721m | 31 blk/min | 12 links to repair
[2329/2685] ok Authors/Dickens/Atomized/The_Mystery_of_Edwin_Drood/Chapter_09/part_02.md | blocks 53710 | 1721m | 31 blk/min | 5 links to repair
[2330/2685] ok Authors/Dickens/Atomized/The_Mystery_of_Edwin_Drood/Chapter_09/part_03.md | blocks 53763 | 1724m | 31 blk/min | 12 links to repair
[2331/2685] ok Authors/Dickens/Atomized/The_Mystery_of_Edwin_Drood/Chapter_10/part_01.md | blocks 53778 | 1724m | 31 blk/min | 17 links to repair
[2332/2685] ok Authors/Dickens/Atomized/The_Mystery_of_Edwin_Drood/Chapter_10/part_03.md | blocks 53808 | 1724m | 31 blk/min | 9 links to repair
[2333/2685] ok Authors/Dickens/Atomized/The_Mystery_of_Edwin_Drood/Chapter_10/part_02.md | blocks 53825 | 1726m | 31 blk/min | 13 links to repair
[2334/2685] ok Authors/Dickens/Atomized/The_Mystery_of_Edwin_Drood/Chapter_10/part_04.md | blocks 53855 | 1727m | 31 blk/min | 4 links to repair
[2335/2685] ok Authors/Dickens/Atomized/The_Mystery_of_Edwin_Drood/Chapter_11/part_01.md | blocks 53892 | 1727m | 31 blk/min | 11 links to repair
[2336/2685] ok Authors/Dickens/Atomized/The_Mystery_of_Edwin_Drood/Chapter_10/part_05.md | blocks 53928 | 1728m | 31 blk/min | 5 links to repair
[2337/2685] ok Authors/Dickens/Atomized/The_Mystery_of_Edwin_Drood/Chapter_11/part_03.md | blocks 53955 | 1729m | 31 blk/min | 7 links to repair
[2338/2685] ok Authors/Dickens/Atomized/The_Mystery_of_Edwin_Drood/Chapter_11/part_04.md | blocks 53980 | 1729m | 31 blk/min | 12 links to repair
[2339/2685] ok Authors/Dickens/Atomized/The_Mystery_of_Edwin_Drood/Chapter_11/part_02.md | blocks 53988 | 1729m | 31 blk/min | 18 links to repair
[2340/2685] ok Authors/Dickens/Atomized/The_Mystery_of_Edwin_Drood/Chapter_11/part_05.md | blocks 54022 | 1730m | 31 blk/min | 4 links to repair
[2341/2685] ok Authors/Dickens/Atomized/The_Mystery_of_Edwin_Drood/Chapter_12/part_01.md | blocks 54034 | 1732m | 31 blk/min | 11 links to repair
[2342/2685] ok Authors/Dickens/Atomized/The_Mystery_of_Edwin_Drood/Chapter_12/part_04.md | blocks 54068 | 1732m | 31 blk/min | 12 links to repair
[2343/2685] ok Authors/Dickens/Atomized/The_Mystery_of_Edwin_Drood/Chapter_12/part_02.md | blocks 54120 | 1733m | 31 blk/min | 7 links to repair
[2344/2685] ok Authors/Dickens/Atomized/The_Mystery_of_Edwin_Drood/Chapter_12/part_05.md | blocks 54142 | 1733m | 31 blk/min | 12 links to repair
[2345/2685] ok Authors/Dickens/Atomized/The_Mystery_of_Edwin_Drood/Chapter_12/part_03.md | blocks 54164 | 1733m | 31 blk/min | 10 links to repair
[2346/2685] ok Authors/Dickens/Atomized/The_Mystery_of_Edwin_Drood/Chapter_13/part_01.md | blocks 54186 | 1736m | 31 blk/min | 7 links to repair
[2347/2685] ok Authors/Dickens/Atomized/The_Mystery_of_Edwin_Drood/Chapter_13/part_02.md | blocks 54224 | 1736m | 31 blk/min | 18 links to repair
[2348/2685] ok Authors/Dickens/Atomized/The_Mystery_of_Edwin_Drood/Chapter_13/part_04.md | blocks 54248 | 1737m | 31 blk/min | 12 links to repair
[2349/2685] ok Authors/Dickens/Atomized/The_Mystery_of_Edwin_Drood/Chapter_13/part_03.md | blocks 54261 | 1737m | 31 blk/min | 8 links to repair
[2350/2685] ok Authors/Dickens/Atomized/The_Mystery_of_Edwin_Drood/Chapter_14/part_01.md | blocks 54273 | 1740m | 31 blk/min | 10 links to repair
[2351/2685] ok Authors/Dickens/Atomized/The_Mystery_of_Edwin_Drood/Chapter_14/part_02.md | blocks 54306 | 1740m | 31 blk/min | 6 links to repair
[2352/2685] ok Authors/Dickens/Atomized/The_Mystery_of_Edwin_Drood/Chapter_13/part_05.md | blocks 54348 | 1740m | 31 blk/min | 17 links to repair
[2353/2685] ok Authors/Dickens/Atomized/The_Mystery_of_Edwin_Drood/Chapter_14/part_03.md | blocks 54375 | 1741m | 31 blk/min | 8 links to repair
[2354/2685] ok Authors/Dickens/Atomized/The_Mystery_of_Edwin_Drood/Chapter_14/part_04.md | blocks 54398 | 1741m | 31 blk/min | 5 links to repair
[2355/2685] ok Authors/Dickens/Atomized/The_Mystery_of_Edwin_Drood/Chapter_15/part_01.md | blocks 54417 | 1744m | 31 blk/min | 17 links to repair
[2356/2685] ok Authors/Dickens/Atomized/The_Mystery_of_Edwin_Drood/Chapter_15/part_03.md | blocks 54454 | 1744m | 31 blk/min | 6 links to repair
[2357/2685] ok Authors/Dickens/Atomized/The_Mystery_of_Edwin_Drood/Chapter_15/part_04.md | blocks 54493 | 1744m | 31 blk/min | 10 links to repair
[2358/2685] ok Authors/Dickens/Atomized/The_Mystery_of_Edwin_Drood/Chapter_15/part_02.md | blocks 54522 | 1744m | 31 blk/min | 18 links to repair
[2359/2685] ok Authors/Dickens/Atomized/The_Mystery_of_Edwin_Drood/Chapter_16/part_02.md | blocks 54554 | 1746m | 31 blk/min | 10 links to repair
[2360/2685] ok Authors/Dickens/Atomized/The_Mystery_of_Edwin_Drood/Chapter_15/part_05.md | blocks 54579 | 1747m | 31 blk/min | 12 links to repair
[2361/2685] ok Authors/Dickens/Atomized/The_Mystery_of_Edwin_Drood/Chapter_16/part_01.md | blocks 54604 | 1747m | 31 blk/min | 15 links to repair
[2362/2685] ok Authors/Dickens/Atomized/The_Mystery_of_Edwin_Drood/Chapter_16/part_03.md | blocks 54644 | 1747m | 31 blk/min | 5 links to repair
[2363/2685] ok Authors/Dickens/Atomized/The_Mystery_of_Edwin_Drood/Chapter_17/part_01.md | blocks 54675 | 1748m | 31 blk/min | 5 links to repair
[2364/2685] ok Authors/Dickens/Atomized/The_Mystery_of_Edwin_Drood/Chapter_17/part_04.md | blocks 54696 | 1749m | 31 blk/min | 6 links to repair
[2365/2685] ok Authors/Dickens/Atomized/The_Mystery_of_Edwin_Drood/Chapter_17/part_02.md | blocks 54713 | 1750m | 31 blk/min | 12 links to repair
[2366/2685] ok Authors/Dickens/Atomized/The_Mystery_of_Edwin_Drood/Chapter_18/part_01.md | blocks 54740 | 1750m | 31 blk/min | 4 links to repair
[2367/2685] ok Authors/Dickens/Atomized/The_Mystery_of_Edwin_Drood/Chapter_18/part_02.md | blocks 54763 | 1751m | 31 blk/min | 11 links to repair
[2368/2685] ok Authors/Dickens/Atomized/The_Mystery_of_Edwin_Drood/Chapter_17/part_03.md | blocks 54771 | 1751m | 31 blk/min | 16 links to repair
[2369/2685] ok Authors/Dickens/Atomized/The_Mystery_of_Edwin_Drood/Chapter_18/part_03.md | blocks 54803 | 1753m | 31 blk/min | 7 links to repair
[2370/2685] ok Authors/Dickens/Atomized/The_Mystery_of_Edwin_Drood/Chapter_18/part_04.md | blocks 54843 | 1753m | 31 blk/min | 15 links to repair
[2371/2685] ok Authors/Dickens/Atomized/The_Mystery_of_Edwin_Drood/Chapter_19/part_01.md | blocks 54888 | 1754m | 31 blk/min | 7 links to repair
[2372/2685] ok Authors/Dickens/Atomized/The_Mystery_of_Edwin_Drood/Chapter_18/part_05.md | blocks 54922 | 1755m | 31 blk/min | 13 links to repair
[2373/2685] ok Authors/Dickens/Atomized/The_Mystery_of_Edwin_Drood/Chapter_19/part_03.md | blocks 54945 | 1755m | 31 blk/min | 5 links to repair
[2374/2685] ok Authors/Dickens/Atomized/The_Mystery_of_Edwin_Drood/Chapter_19/part_02.md | blocks 54982 | 1755m | 31 blk/min | 20 links to repair
[2375/2685] ok Authors/Dickens/Atomized/The_Mystery_of_Edwin_Drood/Chapter_20/part_03.md | blocks 55006 | 1757m | 31 blk/min | 8 links to repair
[2376/2685] ok Authors/Dickens/Atomized/The_Mystery_of_Edwin_Drood/Chapter_20/part_02.md | blocks 55036 | 1757m | 31 blk/min | 10 links to repair
[2377/2685] ok Authors/Dickens/Atomized/The_Mystery_of_Edwin_Drood/Chapter_20/part_01.md | blocks 55066 | 1757m | 31 blk/min | 15 links to repair
[2378/2685] ok Authors/Dickens/Atomized/The_Mystery_of_Edwin_Drood/Chapter_21/part_04.md | blocks 55083 | 1760m | 31 blk/min | 11 links to repair
[2379/2685] ok Authors/Dickens/Atomized/The_Mystery_of_Edwin_Drood/Chapter_21/part_03.md | blocks 55125 | 1760m | 31 blk/min | 5 links to repair
[2380/2685] ok Authors/Dickens/Atomized/The_Mystery_of_Edwin_Drood/Chapter_21/part_01.md | blocks 55138 | 1760m | 31 blk/min | 19 links to repair
[2381/2685] ok Authors/Dickens/Atomized/The_Mystery_of_Edwin_Drood/Chapter_21/part_02.md | blocks 55170 | 1760m | 31 blk/min | 10 links to repair
[2382/2685] ok Authors/Dickens/Atomized/The_Mystery_of_Edwin_Drood/Chapter_24_hear_Neville_moving_too_Are_yo/part_02.md | blocks 55198 | 1762m | 31 blk/min | 6 links to repair
[2383/2685] ok Authors/Dickens/Atomized/The_Mystery_of_Edwin_Drood/Chapter_24_hear_Neville_moving_too_Are_yo/part_01.md | blocks 55235 | 1763m | 31 blk/min | 14 links to repair
[2384/2685] ok Authors/Dickens/Atomized/The_Mystery_of_Edwin_Drood/Chapter_22.md | blocks 55306 | 1764m | 31 blk/min | 15 links to repair
[2385/2685] ok Authors/Dickens/Atomized/The_Mystery_of_Edwin_Drood/Chapter_23.md | blocks 55348 | 1764m | 31 blk/min | 15 links to repair
[2386/2685] ok Authors/Dickens/Atomized/The_Mystery_of_Edwin_Drood/Chapter_24_hear_Neville_moving_too_Are_yo/part_04.md | blocks 55374 | 1765m | 31 blk/min | 12 links to repair
[2387/2685] ok Authors/Dickens/Atomized/The_Mystery_of_Edwin_Drood/Chapter_24_hear_Neville_moving_too_Are_yo/part_03.md | blocks 55390 | 1766m | 31 blk/min | 14 links to repair
[2388/2685] ok Authors/Dickens/Atomized/The_Mystery_of_Edwin_Drood/Chapter_24_hear_Neville_moving_too_Are_yo/part_05.md | blocks 55399 | 1766m | 31 blk/min | 7 links to repair
[2389/2685] ok Authors/Dickens/Atomized/The_Mystery_of_Edwin_Drood/Chapter_25/part_02.md | blocks 55454 | 1768m | 31 blk/min | 10 links to repair
[2390/2685] ok Authors/Dickens/Atomized/The_Mystery_of_Edwin_Drood/Chapter_25/part_03.md | blocks 55491 | 1768m | 31 blk/min | 8 links to repair
[2391/2685] ok Authors/Dickens/Atomized/The_Mystery_of_Edwin_Drood/Chapter_25/part_04.md | blocks 55536 | 1768m | 31 blk/min | 2 links to repair
[2392/2685] ok Authors/Dickens/Atomized/The_Mystery_of_Edwin_Drood/Chapter_25/part_01.md | blocks 55553 | 1769m | 31 blk/min | 15 links to repair
[2393/2685] ok Authors/Dickens/Atomized/The_Pickwick_Papers/Chapter_01_AN_IMPORTANT_CONFERENCE_TAKES.md | blocks 55560 | 1769m | 31 blk/min | 30 links to repair
[2394/2685] ok Authors/Dickens/Atomized/The_Mystery_of_Edwin_Drood/Chapter_25/part_05.md | blocks 55602 | 1771m | 31 blk/min | 8 links to repair
[2395/2685] ok Authors/Dickens/Atomized/The_Mystery_of_Edwin_Drood/Chapter_25/part_07.md | blocks 55636 | 1771m | 31 blk/min | 6 links to repair
[2396/2685] ok Authors/Dickens/Atomized/The_Mystery_of_Edwin_Drood/Chapter_25/part_06.md | blocks 55658 | 1772m | 31 blk/min | 11 links to repair
[2397/2685] ok Authors/Dickens/Atomized/The_Pickwick_Papers/Chapter_02_THE_PICKWICKIANS/part_01.md | blocks 55671 | 1773m | 31 blk/min | 7 links to repair
[2398/2685] ok Authors/Dickens/Atomized/The_Pickwick_Papers/Chapter_02_THE_PICKWICKIANS/part_02.md | blocks 55687 | 1775m | 31 blk/min | 15 links to repair
[2399/2685] ok Authors/Dickens/Atomized/The_Pickwick_Papers/Chapter_02_THE_PICKWICKIANS/part_03.md | blocks 55730 | 1775m | 31 blk/min | 12 links to repair
[2400/2685] ok Authors/Dickens/Atomized/The_Pickwick_Papers/Chapter_02_THE_PICKWICKIANS/part_04.md | blocks 55757 | 1776m | 31 blk/min | 10 links to repair
[2401/2685] ok Authors/Dickens/Atomized/The_Pickwick_Papers/Chapter_02_THE_PICKWICKIANS/part_05.md | blocks 55791 | 1777m | 31 blk/min | 13 links to repair
[2402/2685] ok Authors/Dickens/Atomized/The_Pickwick_Papers/Chapter_02_THE_PICKWICKIANS/part_07.md | blocks 55819 | 1777m | 31 blk/min | 1 links to repair
[2403/2685] ok Authors/Dickens/Atomized/The_Pickwick_Papers/Chapter_02_THE_PICKWICKIANS/part_08.md | blocks 55844 | 1778m | 31 blk/min | 6 links to repair
[2404/2685] ok Authors/Dickens/Atomized/The_Pickwick_Papers/Chapter_02_THE_PICKWICKIANS/part_06.md | blocks 55875 | 1778m | 31 blk/min | 8 links to repair
[2405/2685] ok Authors/Dickens/Atomized/The_Pickwick_Papers/Chapter_02_THE_PICKWICKIANS/part_10.md | blocks 55917 | 1780m | 31 blk/min | 6 links to repair
[2406/2685] ok Authors/Dickens/Atomized/The_Pickwick_Papers/Chapter_02_THE_PICKWICKIANS/part_09.md | blocks 55950 | 1780m | 31 blk/min | 3 links to repair
[2407/2685] ok Authors/Dickens/Atomized/The_Pickwick_Papers/Chapter_02_THE_PICKWICKIANS/part_11.md | blocks 56003 | 1781m | 31 blk/min | 6 links to repair
[2408/2685] ok Authors/Dickens/Atomized/The_Pickwick_Papers/Chapter_03_A_NEW_ACQUAINTANCE_THE_STROLLE/part_03.md | blocks 56014 | 1782m | 31 blk/min | 18 links to repair
[2409/2685] ok Authors/Dickens/Atomized/The_Pickwick_Papers/Chapter_03_A_NEW_ACQUAINTANCE_THE_STROLLE/part_01.md | blocks 56034 | 1782m | 31 blk/min | 13 links to repair
[2410/2685] ok Authors/Dickens/Atomized/The_Pickwick_Papers/Chapter_03_A_NEW_ACQUAINTANCE_THE_STROLLE/part_02.md | blocks 56048 | 1783m | 31 blk/min | 15 links to repair
[2411/2685] ok Authors/Dickens/Atomized/The_Pickwick_Papers/Chapter_03_A_NEW_ACQUAINTANCE_THE_STROLLE/part_04.md | blocks 56093 | 1784m | 31 blk/min | 5 links to repair
[2412/2685] ok Authors/Dickens/Atomized/The_Pickwick_Papers/Chapter_04_A_FIELD_DAY_AND_BIVOUAC_MORE_N/part_01.md | blocks 56104 | 1785m | 31 blk/min | 10 links to repair
[2413/2685] ok Authors/Dickens/Atomized/The_Pickwick_Papers/Chapter_04_A_FIELD_DAY_AND_BIVOUAC_MORE_N/part_03.md | blocks 56120 | 1785m | 31 blk/min | 11 links to repair
[2414/2685] ok Authors/Dickens/Atomized/The_Pickwick_Papers/Chapter_04_A_FIELD_DAY_AND_BIVOUAC_MORE_N/part_02.md | blocks 56146 | 1785m | 31 blk/min | 11 links to repair
[2415/2685] ok Authors/Dickens/Atomized/The_Pickwick_Papers/Chapter_04_A_FIELD_DAY_AND_BIVOUAC_MORE_N/part_04.md | blocks 56191 | 1787m | 31 blk/min | 8 links to repair
[2416/2685] ok Authors/Dickens/Atomized/The_Pickwick_Papers/Chapter_04_A_FIELD_DAY_AND_BIVOUAC_MORE_N/part_06.md | blocks 56232 | 1787m | 31 blk/min | 8 links to repair
[2417/2685] ok Authors/Dickens/Atomized/The_Pickwick_Papers/Chapter_04_A_FIELD_DAY_AND_BIVOUAC_MORE_N/part_05.md | blocks 56265 | 1788m | 31 blk/min | 12 links to repair
[2418/2685] ok Authors/Dickens/Atomized/The_Pickwick_Papers/Chapter_05_AN_OLD_FASHIONED_CARD_PARTY_TH/part_01.md | blocks 56302 | 1790m | 31 blk/min | 10 links to repair
[2419/2685] ok Authors/Dickens/Atomized/The_Pickwick_Papers/Chapter_04_A_FIELD_DAY_AND_BIVOUAC_MORE_N/part_07.md | blocks 56324 | 1790m | 31 blk/min | 17 links to repair
[2420/2685] ok Authors/Dickens/Atomized/The_Pickwick_Papers/Chapter_04_A_FIELD_DAY_AND_BIVOUAC_MORE_N/part_08.md | blocks 56359 | 1791m | 31 blk/min | 22 links to repair
[2421/2685] ok Authors/Dickens/Atomized/The_Pickwick_Papers/Chapter_05_AN_OLD_FASHIONED_CARD_PARTY_TH/part_02.md | blocks 56386 | 1792m | 31 blk/min | 11 links to repair
[2422/2685] ok Authors/Dickens/Atomized/The_Pickwick_Papers/Chapter_05_AN_OLD_FASHIONED_CARD_PARTY_TH/part_04.md | blocks 56398 | 1793m | 31 blk/min | 12 links to repair
[2423/2685] ok Authors/Dickens/Atomized/The_Pickwick_Papers/Chapter_05_AN_OLD_FASHIONED_CARD_PARTY_TH/part_03.md | blocks 56420 | 1793m | 31 blk/min | 15 links to repair
[2424/2685] ok Authors/Dickens/Atomized/The_Pickwick_Papers/Chapter_05_AN_OLD_FASHIONED_CARD_PARTY_TH/part_06.md | blocks 56433 | 1794m | 31 blk/min | 5 links to repair
[2425/2685] ok Authors/Dickens/Atomized/The_Pickwick_Papers/Chapter_05_AN_OLD_FASHIONED_CARD_PARTY_TH/part_05.md | blocks 56442 | 1795m | 31 blk/min | 11 links to repair
[2426/2685] ok Authors/Dickens/Atomized/The_Pickwick_Papers/Chapter_06_HOW_MR_WINKLE_INSTEAD_OF_SHOOT/part_02.md | blocks 56483 | 1796m | 31 blk/min | 11 links to repair
[2427/2685] ok Authors/Dickens/Atomized/The_Pickwick_Papers/Chapter_06_HOW_MR_WINKLE_INSTEAD_OF_SHOOT/part_01.md | blocks 56521 | 1796m | 31 blk/min | 11 links to repair
[2428/2685] ok Authors/Dickens/Atomized/The_Pickwick_Papers/Chapter_06_HOW_MR_WINKLE_INSTEAD_OF_SHOOT/part_03.md | blocks 56540 | 1797m | 31 blk/min | 8 links to repair
[2429/2685] ok Authors/Dickens/Atomized/The_Pickwick_Papers/Chapter_06_HOW_MR_WINKLE_INSTEAD_OF_SHOOT/part_04.md | blocks 56560 | 1797m | 31 blk/min | 6 links to repair
[2430/2685] ok Authors/Dickens/Atomized/The_Pickwick_Papers/Chapter_06_HOW_MR_WINKLE_INSTEAD_OF_SHOOT/part_05.md | blocks 56584 | 1799m | 31 blk/min | 11 links to repair
[2431/2685] ok Authors/Dickens/Atomized/The_Pickwick_Papers/Chapter_07_STRONGLY_ILLUSTRATIVE_OF_THE_P/part_01.md | blocks 56613 | 1800m | 31 blk/min | 8 links to repair
[2432/2685] ok Authors/Dickens/Atomized/The_Pickwick_Papers/Chapter_07_STRONGLY_ILLUSTRATIVE_OF_THE_P/part_02.md | blocks 56651 | 1800m | 31 blk/min | 5 links to repair
[2433/2685] ok Authors/Dickens/Atomized/The_Pickwick_Papers/Chapter_07_STRONGLY_ILLUSTRATIVE_OF_THE_P/part_03.md | blocks 56685 | 1800m | 31 blk/min | 11 links to repair
[2434/2685] ok Authors/Dickens/Atomized/The_Pickwick_Papers/Chapter_07_STRONGLY_ILLUSTRATIVE_OF_THE_P/part_05.md | blocks 56709 | 1801m | 31 blk/min | 3 links to repair
[2435/2685] ok Authors/Dickens/Atomized/The_Pickwick_Papers/Chapter_07_STRONGLY_ILLUSTRATIVE_OF_THE_P/part_04.md | blocks 56768 | 1802m | 32 blk/min | 9 links to repair
[2436/2685] ok Authors/Dickens/Atomized/The_Pickwick_Papers/Chapter_08_A_DISCOVERY_AND_A_CHASE/part_01.md | blocks 56813 | 1802m | 32 blk/min | 9 links to repair
[2437/2685] ok Authors/Dickens/Atomized/The_Pickwick_Papers/Chapter_08_A_DISCOVERY_AND_A_CHASE/part_03.md | blocks 56858 | 1803m | 32 blk/min | 8 links to repair
[2438/2685] ok Authors/Dickens/Atomized/The_Pickwick_Papers/Chapter_08_A_DISCOVERY_AND_A_CHASE/part_02.md | blocks 56894 | 1804m | 32 blk/min | 20 links to repair
[2439/2685] ok Authors/Dickens/Atomized/The_Pickwick_Papers/Chapter_09_CLEARING_UP_ALL_DOUBTS_IF_ANY/part_01.md | blocks 56917 | 1804m | 32 blk/min | 10 links to repair
[2440/2685] ok Authors/Dickens/Atomized/The_Pickwick_Papers/Chapter_09_CLEARING_UP_ALL_DOUBTS_IF_ANY/part_02.md | blocks 56948 | 1804m | 32 blk/min | 9 links to repair
[2441/2685] ok Authors/Dickens/Atomized/The_Pickwick_Papers/Chapter_09_CLEARING_UP_ALL_DOUBTS_IF_ANY/part_03.md | blocks 56979 | 1805m | 32 blk/min | 7 links to repair
[2442/2685] ok Authors/Dickens/Atomized/The_Pickwick_Papers/Chapter_09_CLEARING_UP_ALL_DOUBTS_IF_ANY/part_04.md | blocks 57033 | 1806m | 32 blk/min | 6 links to repair
[2443/2685] ok Authors/Dickens/Atomized/The_Pickwick_Papers/Chapter_09_CLEARING_UP_ALL_DOUBTS_IF_ANY/part_05.md | blocks 57076 | 1807m | 32 blk/min | 14 links to repair
[2444/2685] ok Authors/Dickens/Atomized/The_Pickwick_Papers/Chapter_09_CLEARING_UP_ALL_DOUBTS_IF_ANY/part_06.md | blocks 57104 | 1808m | 32 blk/min | 9 links to repair
[2445/2685] ok Authors/Dickens/Atomized/The_Pickwick_Papers/Chapter_09_CLEARING_UP_ALL_DOUBTS_IF_ANY/part_07.md | blocks 57134 | 1809m | 32 blk/min | 11 links to repair
[2446/2685] ok Authors/Dickens/Atomized/The_Pickwick_Papers/Chapter_09_CLEARING_UP_ALL_DOUBTS_IF_ANY/part_08.md | blocks 57154 | 1810m | 32 blk/min | 14 links to repair
[2447/2685] ok Authors/Dickens/Atomized/The_Pickwick_Papers/Chapter_09_CLEARING_UP_ALL_DOUBTS_IF_ANY/part_09.md | blocks 57165 | 1812m | 32 blk/min | 17 links to repair
[2448/2685] ok Authors/Dickens/Atomized/The_Pickwick_Papers/Chapter_09_CLEARING_UP_ALL_DOUBTS_IF_ANY/part_11.md | blocks 57184 | 1812m | 32 blk/min | 15 links to repair
[2449/2685] ok Authors/Dickens/Atomized/The_Pickwick_Papers/Chapter_09_CLEARING_UP_ALL_DOUBTS_IF_ANY/part_10.md | blocks 57197 | 1812m | 32 blk/min | 13 links to repair
[2450/2685] ok Authors/Dickens/Atomized/The_Pickwick_Papers/Chapter_09_CLEARING_UP_ALL_DOUBTS_IF_ANY/part_12.md | blocks 57204 | 1813m | 32 blk/min | 5 links to repair
[2451/2685] ok Authors/Dickens/Atomized/The_Pickwick_Papers/Chapter_10_DESCRIPTIVE_OF_A_VERY_IMPORTAN/part_02.md | blocks 57252 | 1815m | 32 blk/min | 9 links to repair
[2452/2685] ok Authors/Dickens/Atomized/The_Pickwick_Papers/Chapter_10_DESCRIPTIVE_OF_A_VERY_IMPORTAN/part_01.md | blocks 57286 | 1815m | 32 blk/min | 12 links to repair
[2453/2685] ok Authors/Dickens/Atomized/The_Pickwick_Papers/Chapter_11_SOME_ACCOUNT_OF_EATANSWILL_OF/part_01.md | blocks 57295 | 1816m | 32 blk/min | 6 links to repair
[2454/2685] ok Authors/Dickens/Atomized/The_Pickwick_Papers/Chapter_11_SOME_ACCOUNT_OF_EATANSWILL_OF/part_02.md | blocks 57340 | 1816m | 32 blk/min | 6 links to repair
[2455/2685] ok Authors/Dickens/Atomized/The_Pickwick_Papers/Chapter_11_SOME_ACCOUNT_OF_EATANSWILL_OF/part_03.md | blocks 57382 | 1818m | 32 blk/min | 6 links to repair
[2456/2685] ok Authors/Dickens/Atomized/The_Pickwick_Papers/Chapter_11_SOME_ACCOUNT_OF_EATANSWILL_OF/part_07.md | blocks 57387 | 1819m | 32 blk/min | 5 links to repair
[2457/2685] ok Authors/Dickens/Atomized/The_Pickwick_Papers/Chapter_11_SOME_ACCOUNT_OF_EATANSWILL_OF/part_05.md | blocks 57419 | 1819m | 32 blk/min | 13 links to repair
[2458/2685] ok Authors/Dickens/Atomized/The_Pickwick_Papers/Chapter_11_SOME_ACCOUNT_OF_EATANSWILL_OF/part_04.md | blocks 57449 | 1820m | 32 blk/min | 23 links to repair
[2459/2685] ok Authors/Dickens/Atomized/The_Pickwick_Papers/Chapter_11_SOME_ACCOUNT_OF_EATANSWILL_OF/part_06.md | blocks 57470 | 1820m | 32 blk/min | 8 links to repair
[2460/2685] ok Authors/Dickens/Atomized/The_Pickwick_Papers/Chapter_12_COMPRISING_A_BRIEF_DESCRIPTION/part_01.md | blocks 57497 | 1822m | 32 blk/min | 8 links to repair
[2461/2685] ok Authors/Dickens/Atomized/The_Pickwick_Papers/Chapter_12_COMPRISING_A_BRIEF_DESCRIPTION/part_02.md | blocks 57517 | 1822m | 32 blk/min | 31 links to repair
[2462/2685] ok Authors/Dickens/Atomized/The_Pickwick_Papers/Chapter_12_COMPRISING_A_BRIEF_DESCRIPTION/part_04.md | blocks 57544 | 1822m | 32 blk/min | 9 links to repair
[2463/2685] ok Authors/Dickens/Atomized/The_Pickwick_Papers/Chapter_13_IN_WHICH_IS_GIVEN_A_FAITHFUL_P.md | blocks 57547 | 1823m | 32 blk/min
[2464/2685] ok Authors/Dickens/Atomized/The_Pickwick_Papers/Chapter_12_COMPRISING_A_BRIEF_DESCRIPTION/part_03.md | blocks 57555 | 1823m | 32 blk/min | 23 links to repair
[2465/2685] ok Authors/Dickens/Atomized/The_Pickwick_Papers/Chapter_12_COMPRISING_A_BRIEF_DESCRIPTION/part_05.md | blocks 57598 | 1824m | 32 blk/min | 6 links to repair
[2466/2685] ok Authors/Dickens/Atomized/The_Pickwick_Papers/Chapter_14/part_02.md | blocks 57643 | 1825m | 32 blk/min | 8 links to repair
[2467/2685] ok Authors/Dickens/Atomized/The_Pickwick_Papers/Chapter_12_COMPRISING_A_BRIEF_DESCRIPTION/part_06.md | blocks 57702 | 1825m | 32 blk/min | 11 links to repair
[2468/2685] ok Authors/Dickens/Atomized/The_Pickwick_Papers/Chapter_14/part_01.md | blocks 57752 | 1825m | 32 blk/min | 8 links to repair
[2469/2685] ok Authors/Dickens/Atomized/The_Pickwick_Papers/Chapter_14/part_03.md | blocks 57768 | 1827m | 32 blk/min | 8 links to repair
[2470/2685] ok Authors/Dickens/Atomized/The_Pickwick_Papers/Chapter_14/part_05.md | blocks 57800 | 1827m | 32 blk/min | 7 links to repair
[2471/2685] ok Authors/Dickens/Atomized/The_Pickwick_Papers/Chapter_14/part_04.md | blocks 57835 | 1829m | 32 blk/min | 11 links to repair
[2472/2685] ok Authors/Dickens/Atomized/The_Pickwick_Papers/Chapter_15_TOO_FULL_OF_ADVENTURE_TO_BE_BR/part_02.md | blocks 57871 | 1829m | 32 blk/min | 13 links to repair
[2473/2685] ok Authors/Dickens/Atomized/The_Pickwick_Papers/Chapter_15_TOO_FULL_OF_ADVENTURE_TO_BE_BR/part_01.md | blocks 57895 | 1829m | 32 blk/min | 17 links to repair
[2474/2685] ok Authors/Dickens/Atomized/The_Pickwick_Papers/Chapter_15_TOO_FULL_OF_ADVENTURE_TO_BE_BR/part_03.md | blocks 57934 | 1830m | 32 blk/min | 11 links to repair
[2475/2685] ok Authors/Dickens/Atomized/The_Pickwick_Papers/Chapter_15_TOO_FULL_OF_ADVENTURE_TO_BE_BR/part_04.md | blocks 57986 | 1831m | 32 blk/min | 25 links to repair
[2476/2685] ok Authors/Dickens/Atomized/The_Pickwick_Papers/Chapter_15_TOO_FULL_OF_ADVENTURE_TO_BE_BR/part_07.md | blocks 58025 | 1832m | 32 blk/min | 9 links to repair
[2477/2685] ok Authors/Dickens/Atomized/The_Pickwick_Papers/Chapter_15_TOO_FULL_OF_ADVENTURE_TO_BE_BR/part_06.md | blocks 58063 | 1833m | 32 blk/min | 7 links to repair
[2478/2685] ok Authors/Dickens/Atomized/The_Pickwick_Papers/Chapter_15_TOO_FULL_OF_ADVENTURE_TO_BE_BR/part_05.md | blocks 58093 | 1833m | 32 blk/min | 19 links to repair
[2479/2685] ok Authors/Dickens/Atomized/The_Pickwick_Papers/Chapter_16_SHOWING_THAT_AN_ATTACK_OF_RHEU/part_03.md | blocks 58116 | 1835m | 32 blk/min | 7 links to repair
[2480/2685] ok Authors/Dickens/Atomized/The_Pickwick_Papers/Chapter_16_SHOWING_THAT_AN_ATTACK_OF_RHEU/part_01.md | blocks 58126 | 1835m | 32 blk/min | 20 links to repair
[2481/2685] ok Authors/Dickens/Atomized/The_Pickwick_Papers/Chapter_17_BRIEFLY_ILLUSTRATIVE_OF_TWO_PO/part_01.md | blocks 58155 | 1836m | 32 blk/min | 9 links to repair
[2482/2685] ok Authors/Dickens/Atomized/The_Pickwick_Papers/Chapter_16_SHOWING_THAT_AN_ATTACK_OF_RHEU/part_02.md | blocks 58162 | 1836m | 32 blk/min | 33 links to repair
[2483/2685] ok Authors/Dickens/Atomized/The_Pickwick_Papers/Chapter_17_BRIEFLY_ILLUSTRATIVE_OF_TWO_PO/part_02.md | blocks 58203 | 1837m | 32 blk/min | 4 links to repair
[2484/2685] ok Authors/Dickens/Atomized/The_Pickwick_Papers/Chapter_17_BRIEFLY_ILLUSTRATIVE_OF_TWO_PO/part_04.md | blocks 58235 | 1837m | 32 blk/min | 7 links to repair
[2485/2685] ok Authors/Dickens/Atomized/The_Pickwick_Papers/Chapter_17_BRIEFLY_ILLUSTRATIVE_OF_TWO_PO/part_03.md | blocks 58274 | 1838m | 32 blk/min | 8 links to repair
[2486/2685] ok Authors/Dickens/Atomized/The_Pickwick_Papers/Chapter_18_A_PLEASANT_DAY_WITH_AN_UNPLEAS/part_01.md | blocks 58305 | 1838m | 32 blk/min | 13 links to repair
[2487/2685] ok Authors/Dickens/Atomized/The_Pickwick_Papers/Chapter_18_A_PLEASANT_DAY_WITH_AN_UNPLEAS/part_02.md | blocks 58358 | 1839m | 32 blk/min | 14 links to repair
[2488/2685] ok Authors/Dickens/Atomized/The_Pickwick_Papers/Chapter_18_A_PLEASANT_DAY_WITH_AN_UNPLEAS/part_03.md | blocks 58383 | 1840m | 32 blk/min | 9 links to repair
[2489/2685] ok Authors/Dickens/Atomized/The_Pickwick_Papers/Chapter_18_A_PLEASANT_DAY_WITH_AN_UNPLEAS/part_04.md | blocks 58409 | 1841m | 32 blk/min | 10 links to repair
[2490/2685] ok Authors/Dickens/Atomized/The_Pickwick_Papers/Chapter_18_A_PLEASANT_DAY_WITH_AN_UNPLEAS/part_05.md | blocks 58462 | 1842m | 32 blk/min | 16 links to repair
[2491/2685] ok Authors/Dickens/Atomized/The_Pickwick_Papers/Chapter_19_SHOWING_HOW_DODSON_AND_FOGG_WE/part_01.md | blocks 58485 | 1842m | 32 blk/min | 20 links to repair
[2492/2685] ok Authors/Dickens/Atomized/The_Pickwick_Papers/Chapter_19_SHOWING_HOW_DODSON_AND_FOGG_WE/part_02.md | blocks 58526 | 1843m | 32 blk/min | 5 links to repair
[2493/2685] ok Authors/Dickens/Atomized/The_Pickwick_Papers/Chapter_19_SHOWING_HOW_DODSON_AND_FOGG_WE/part_04.md | blocks 58566 | 1845m | 32 blk/min | 8 links to repair
[2494/2685] ok Authors/Dickens/Atomized/The_Pickwick_Papers/Chapter_19_SHOWING_HOW_DODSON_AND_FOGG_WE/part_03.md | blocks 58603 | 1845m | 32 blk/min | 13 links to repair
[2495/2685] ok Authors/Dickens/Atomized/The_Pickwick_Papers/Chapter_20_IN_WHICH_THE_OLD_MAN_LAUNCHES/part_02.md | blocks 58610 | 1845m | 32 blk/min | 14 links to repair
[2496/2685] ok Authors/Dickens/Atomized/The_Pickwick_Papers/Chapter_19_SHOWING_HOW_DODSON_AND_FOGG_WE/part_05.md | blocks 58639 | 1845m | 32 blk/min | 21 links to repair
[2497/2685] ok Authors/Dickens/Atomized/The_Pickwick_Papers/Chapter_19_SHOWING_HOW_DODSON_AND_FOGG_WE/part_06.md | blocks 58675 | 1846m | 32 blk/min | 11 links to repair
[2498/2685] ok Authors/Dickens/Atomized/The_Pickwick_Papers/Chapter_20_IN_WHICH_THE_OLD_MAN_LAUNCHES/part_01.md | blocks 58692 | 1849m | 32 blk/min | 15 links to repair
[2499/2685] ok Authors/Dickens/Atomized/The_Pickwick_Papers/Chapter_20_IN_WHICH_THE_OLD_MAN_LAUNCHES/part_03.md | blocks 58706 | 1849m | 32 blk/min | 24 links to repair
[2500/2685] ok Authors/Dickens/Atomized/The_Pickwick_Papers/Chapter_20_IN_WHICH_THE_OLD_MAN_LAUNCHES/part_04.md | blocks 58721 | 1849m | 32 blk/min | 21 links to repair
[2501/2685] ok Authors/Dickens/Atomized/The_Pickwick_Papers/Chapter_20_IN_WHICH_THE_OLD_MAN_LAUNCHES/part_05.md | blocks 58738 | 1850m | 32 blk/min | 15 links to repair
[2502/2685] ok Authors/Dickens/Atomized/The_Pickwick_Papers/Chapter_20_IN_WHICH_THE_OLD_MAN_LAUNCHES/part_07.md | blocks 58767 | 1851m | 32 blk/min | 19 links to repair
[2503/2685] ok Authors/Dickens/Atomized/The_Pickwick_Papers/Chapter_20_IN_WHICH_THE_OLD_MAN_LAUNCHES/part_06.md | blocks 58789 | 1852m | 32 blk/min | 16 links to repair
[2504/2685] ok Authors/Dickens/Atomized/The_Pickwick_Papers/Chapter_20_IN_WHICH_THE_OLD_MAN_LAUNCHES/part_09.md | blocks 58834 | 1853m | 32 blk/min | 8 links to repair
[2505/2685] ok Authors/Dickens/Atomized/The_Pickwick_Papers/Chapter_20_IN_WHICH_THE_OLD_MAN_LAUNCHES/part_08.md | blocks 58857 | 1853m | 32 blk/min | 11 links to repair
[2506/2685] ok Authors/Dickens/Atomized/The_Pickwick_Papers/Chapter_20_IN_WHICH_THE_OLD_MAN_LAUNCHES/part_13.md | blocks 58878 | 1854m | 32 blk/min | 7 links to repair
[2507/2685] ok Authors/Dickens/Atomized/The_Pickwick_Papers/Chapter_20_IN_WHICH_THE_OLD_MAN_LAUNCHES/part_10.md | blocks 58914 | 1855m | 32 blk/min | 13 links to repair
[2508/2685] ok Authors/Dickens/Atomized/The_Pickwick_Papers/Chapter_20_IN_WHICH_THE_OLD_MAN_LAUNCHES/part_12.md | blocks 58941 | 1856m | 32 blk/min | 8 links to repair
[2509/2685] ok Authors/Dickens/Atomized/The_Pickwick_Papers/Chapter_20_IN_WHICH_THE_OLD_MAN_LAUNCHES/part_11.md | blocks 58960 | 1857m | 32 blk/min | 15 links to repair
[2510/2685] ok Authors/Dickens/Atomized/The_Pickwick_Papers/Chapter_21_IN_WHICH_MR_SAMUEL_WELLER_BEGI/part_02.md | blocks 58993 | 1857m | 32 blk/min | 9 links to repair
[2511/2685] ok Authors/Dickens/Atomized/The_Pickwick_Papers/Chapter_21_IN_WHICH_MR_SAMUEL_WELLER_BEGI/part_01.md | blocks 59015 | 1858m | 32 blk/min | 12 links to repair
[2512/2685] ok Authors/Dickens/Atomized/The_Pickwick_Papers/Chapter_21_IN_WHICH_MR_SAMUEL_WELLER_BEGI/part_03.md | blocks 59063 | 1859m | 32 blk/min | 13 links to repair
[2513/2685] ok Authors/Dickens/Atomized/The_Pickwick_Papers/Chapter_22_WHEREIN_MR_PETER_MAGNUS_GROWS/part_01.md | blocks 59102 | 1860m | 32 blk/min | 9 links to repair
[2514/2685] ok Authors/Dickens/Atomized/The_Pickwick_Papers/Chapter_22_WHEREIN_MR_PETER_MAGNUS_GROWS/part_03.md | blocks 59133 | 1860m | 32 blk/min | 6 links to repair
[2515/2685] ok Authors/Dickens/Atomized/The_Pickwick_Papers/Chapter_22_WHEREIN_MR_PETER_MAGNUS_GROWS/part_02.md | blocks 59170 | 1861m | 32 blk/min | 7 links to repair
[2516/2685] ok Authors/Dickens/Atomized/The_Pickwick_Papers/Chapter_22_WHEREIN_MR_PETER_MAGNUS_GROWS/part_04.md | blocks 59212 | 1862m | 32 blk/min | 16 links to repair
[2517/2685] ok Authors/Dickens/Atomized/The_Pickwick_Papers/Chapter_22_WHEREIN_MR_PETER_MAGNUS_GROWS/part_06.md | blocks 59229 | 1862m | 32 blk/min | 6 links to repair
[2518/2685] ok Authors/Dickens/Atomized/The_Pickwick_Papers/Chapter_22_WHEREIN_MR_PETER_MAGNUS_GROWS/part_05.md | blocks 59253 | 1863m | 32 blk/min | 3 links to repair
[2519/2685] ok Authors/Dickens/Atomized/The_Pickwick_Papers/Chapter_23_SHOWING_AMONG_A_VARIETY_OF_PLE/part_01.md | blocks 59279 | 1863m | 32 blk/min | 4 links to repair
[2520/2685] ok Authors/Dickens/Atomized/The_Pickwick_Papers/Chapter_23_SHOWING_AMONG_A_VARIETY_OF_PLE/part_02.md | blocks 59330 | 1864m | 32 blk/min | 1 links to repair
[2521/2685] ok Authors/Dickens/Atomized/The_Pickwick_Papers/Chapter_23_SHOWING_AMONG_A_VARIETY_OF_PLE/part_05.md | blocks 59377 | 1866m | 32 blk/min | 9 links to repair
[2522/2685] ok Authors/Dickens/Atomized/The_Pickwick_Papers/Chapter_23_SHOWING_AMONG_A_VARIETY_OF_PLE/part_04.md | blocks 59406 | 1866m | 32 blk/min | 7 links to repair
[2523/2685] ok Authors/Dickens/Atomized/The_Pickwick_Papers/Chapter_23_SHOWING_AMONG_A_VARIETY_OF_PLE/part_03.md | blocks 59439 | 1866m | 32 blk/min | 7 links to repair
[2524/2685] ok Authors/Dickens/Atomized/The_Pickwick_Papers/Chapter_23_SHOWING_AMONG_A_VARIETY_OF_PLE/part_06.md | blocks 59475 | 1866m | 32 blk/min | 8 links to repair
[2525/2685] ok Authors/Dickens/Atomized/The_Pickwick_Papers/Chapter_23_SHOWING_AMONG_A_VARIETY_OF_PLE/part_07.md | blocks 59512 | 1867m | 32 blk/min | 1 links to repair
[2526/2685] ok Authors/Dickens/Atomized/The_Pickwick_Papers/Chapter_24_WHICH_CONTAINS_A_BRIEF_ACCOUNT/part_01.md | blocks 59547 | 1868m | 32 blk/min | 13 links to repair
[2527/2685] ok Authors/Dickens/Atomized/The_Pickwick_Papers/Chapter_25_SAMUEL_WELLER_MAKES_A_PILGRIMA/part_01.md | blocks 59566 | 1869m | 32 blk/min | 12 links to repair
[2528/2685] ok Authors/Dickens/Atomized/The_Pickwick_Papers/Chapter_25_SAMUEL_WELLER_MAKES_A_PILGRIMA/part_02.md | blocks 59613 | 1869m | 32 blk/min | 5 links to repair
[2529/2685] ok Authors/Dickens/Atomized/The_Pickwick_Papers/Chapter_24_WHICH_CONTAINS_A_BRIEF_ACCOUNT/part_02.md | blocks 59668 | 1869m | 32 blk/min | 13 links to repair
[2530/2685] ok Authors/Dickens/Atomized/The_Pickwick_Papers/Chapter_25_SAMUEL_WELLER_MAKES_A_PILGRIMA/part_04.md | blocks 59687 | 1870m | 32 blk/min | 4 links to repair
[2531/2685] ok Authors/Dickens/Atomized/The_Pickwick_Papers/Chapter_25_SAMUEL_WELLER_MAKES_A_PILGRIMA/part_03.md | blocks 59726 | 1871m | 32 blk/min | 14 links to repair
[2532/2685] ok Authors/Dickens/Atomized/The_Pickwick_Papers/Chapter_26_A_GOOD_HUMOURED_CHRISTMAS_CHAP/part_01.md | blocks 59734 | 1873m | 32 blk/min | 11 links to repair
[2533/2685] ok Authors/Dickens/Atomized/The_Pickwick_Papers/Chapter_26_A_GOOD_HUMOURED_CHRISTMAS_CHAP/part_03.md | blocks 59764 | 1874m | 32 blk/min | 8 links to repair
[2534/2685] ok Authors/Dickens/Atomized/The_Pickwick_Papers/Chapter_26_A_GOOD_HUMOURED_CHRISTMAS_CHAP/part_02.md | blocks 59776 | 1874m | 32 blk/min | 19 links to repair
[2535/2685] ok Authors/Dickens/Atomized/The_Pickwick_Papers/Chapter_26_A_GOOD_HUMOURED_CHRISTMAS_CHAP/part_04.md | blocks 59791 | 1876m | 32 blk/min | 14 links to repair
[2536/2685] ok Authors/Dickens/Atomized/The_Pickwick_Papers/Chapter_26_A_GOOD_HUMOURED_CHRISTMAS_CHAP/part_05.md | blocks 59821 | 1877m | 32 blk/min | 12 links to repair
[2537/2685] ok Authors/Dickens/Atomized/The_Pickwick_Papers/Chapter_26_A_GOOD_HUMOURED_CHRISTMAS_CHAP/part_06.md | blocks 59849 | 1877m | 32 blk/min | 14 links to repair
[2538/2685] ok Authors/Dickens/Atomized/The_Pickwick_Papers/Chapter_26_A_GOOD_HUMOURED_CHRISTMAS_CHAP/part_07.md | blocks 59865 | 1878m | 32 blk/min | 15 links to repair
[2539/2685] ok Authors/Dickens/Atomized/The_Pickwick_Papers/Chapter_27_THE_STORY_OF_THE_GOBLINS_WHO_S/part_02.md | blocks 59900 | 1879m | 32 blk/min | 12 links to repair
[2540/2685] ok Authors/Dickens/Atomized/The_Pickwick_Papers/Chapter_27_THE_STORY_OF_THE_GOBLINS_WHO_S/part_01.md | blocks 59911 | 1879m | 32 blk/min | 26 links to repair
[2541/2685] ok Authors/Dickens/Atomized/The_Pickwick_Papers/Chapter_26_A_GOOD_HUMOURED_CHRISTMAS_CHAP/part_08.md | blocks 59939 | 1880m | 32 blk/min | 22 links to repair
[2542/2685] ok Authors/Dickens/Atomized/The_Pickwick_Papers/Chapter_28_HOW_THE_PICKWICKIANS_MADE_AND/part_01.md | blocks 59983 | 1881m | 32 blk/min | 10 links to repair
[2543/2685] ok Authors/Dickens/Atomized/The_Pickwick_Papers/Chapter_27_THE_STORY_OF_THE_GOBLINS_WHO_S/part_04.md | blocks 59991 | 1882m | 32 blk/min | 24 links to repair
[2544/2685] ok Authors/Dickens/Atomized/The_Pickwick_Papers/Chapter_28_HOW_THE_PICKWICKIANS_MADE_AND/part_02.md | blocks 60031 | 1882m | 32 blk/min | 2 links to repair
[2545/2685] ok Authors/Dickens/Atomized/The_Pickwick_Papers/Chapter_27_THE_STORY_OF_THE_GOBLINS_WHO_S/part_03.md | blocks 60047 | 1882m | 32 blk/min | 11 links to repair
[2546/2685] ok Authors/Dickens/Atomized/The_Pickwick_Papers/Chapter_29_WHICH_IS_ALL_ABOUT_THE_LAW_AND/part_01.md | blocks 60070 | 1884m | 32 blk/min | 10 links to repair
[2547/2685] ok Authors/Dickens/Atomized/The_Pickwick_Papers/Chapter_28_HOW_THE_PICKWICKIANS_MADE_AND/part_03.md | blocks 60109 | 1885m | 32 blk/min | 5 links to repair
[2548/2685] ok Authors/Dickens/Atomized/The_Pickwick_Papers/Chapter_29_WHICH_IS_ALL_ABOUT_THE_LAW_AND/part_02.md | blocks 60159 | 1885m | 32 blk/min | 11 links to repair
[2549/2685] ok Authors/Dickens/Atomized/The_Pickwick_Papers/Chapter_28_HOW_THE_PICKWICKIANS_MADE_AND/part_04.md | blocks 60184 | 1886m | 32 blk/min | 16 links to repair
[2550/2685] ok Authors/Dickens/Atomized/The_Pickwick_Papers/Chapter_29_WHICH_IS_ALL_ABOUT_THE_LAW_AND/part_04.md | blocks 60207 | 1887m | 32 blk/min | 7 links to repair
[2551/2685] ok Authors/Dickens/Atomized/The_Pickwick_Papers/Chapter_29_WHICH_IS_ALL_ABOUT_THE_LAW_AND/part_05.md | blocks 60239 | 1887m | 32 blk/min | 12 links to repair
[2552/2685] ok Authors/Dickens/Atomized/The_Pickwick_Papers/Chapter_29_WHICH_IS_ALL_ABOUT_THE_LAW_AND/part_03.md | blocks 60275 | 1887m | 32 blk/min | 14 links to repair
[2553/2685] ok Authors/Dickens/Atomized/The_Pickwick_Papers/Chapter_29_WHICH_IS_ALL_ABOUT_THE_LAW_AND/part_07.md | blocks 60306 | 1889m | 32 blk/min | 9 links to repair
[2554/2685] ok Authors/Dickens/Atomized/The_Pickwick_Papers/Chapter_29_WHICH_IS_ALL_ABOUT_THE_LAW_AND/part_09.md | blocks 60331 | 1890m | 32 blk/min | 15 links to repair
[2555/2685] ok Authors/Dickens/Atomized/The_Pickwick_Papers/Chapter_29_WHICH_IS_ALL_ABOUT_THE_LAW_AND/part_06.md | blocks 60347 | 1890m | 32 blk/min | 18 links to repair
[2556/2685] ok Authors/Dickens/Atomized/The_Pickwick_Papers/Chapter_29_WHICH_IS_ALL_ABOUT_THE_LAW_AND/part_08.md | blocks 60381 | 1891m | 32 blk/min | 14 links to repair
[2557/2685] ok Authors/Dickens/Atomized/The_Pickwick_Papers/Chapter_29_WHICH_IS_ALL_ABOUT_THE_LAW_AND/part_10.md | blocks 60425 | 1892m | 32 blk/min | 15 links to repair
[2558/2685] ok Authors/Dickens/Atomized/The_Pickwick_Papers/Chapter_30_MR_WELLER_THE_ELDER_DELIVERS_S/part_02.md | blocks 60453 | 1893m | 32 blk/min | 7 links to repair
[2559/2685] ok Authors/Dickens/Atomized/The_Pickwick_Papers/Chapter_30_MR_WELLER_THE_ELDER_DELIVERS_S/part_01.md | blocks 60472 | 1894m | 32 blk/min | 21 links to repair
[2560/2685] ok Authors/Dickens/Atomized/The_Pickwick_Papers/Chapter_30_MR_WELLER_THE_ELDER_DELIVERS_S/part_03.md | blocks 60527 | 1894m | 32 blk/min | 11 links to repair
[2561/2685] ok Authors/Dickens/Atomized/The_Pickwick_Papers/Chapter_30_MR_WELLER_THE_ELDER_DELIVERS_S/part_04.md | blocks 60551 | 1895m | 32 blk/min | 10 links to repair
[2562/2685] ok Authors/Dickens/Atomized/The_Pickwick_Papers/Chapter_30_MR_WELLER_THE_ELDER_DELIVERS_S/part_06.md | blocks 60584 | 1896m | 32 blk/min | 6 links to repair
[2563/2685] ok Authors/Dickens/Atomized/The_Pickwick_Papers/Chapter_30_MR_WELLER_THE_ELDER_DELIVERS_S/part_05.md | blocks 60601 | 1897m | 32 blk/min | 12 links to repair
[2564/2685] ok Authors/Dickens/Atomized/The_Pickwick_Papers/Chapter_31_IS_WHOLLY_DEVOTED_TO_A_FULL_AN/part_01.md | blocks 60621 | 1897m | 32 blk/min | 9 links to repair
[2565/2685] ok Authors/Dickens/Atomized/The_Pickwick_Papers/Chapter_31_IS_WHOLLY_DEVOTED_TO_A_FULL_AN/part_03.md | blocks 60637 | 1898m | 32 blk/min | 19 links to repair
[2566/2685] ok Authors/Dickens/Atomized/The_Pickwick_Papers/Chapter_31_IS_WHOLLY_DEVOTED_TO_A_FULL_AN/part_02.md | blocks 60669 | 1898m | 32 blk/min | 8 links to repair
[2567/2685] ok Authors/Dickens/Atomized/The_Pickwick_Papers/Chapter_31_IS_WHOLLY_DEVOTED_TO_A_FULL_AN/part_06.md | blocks 60718 | 1901m | 32 blk/min | 3 links to repair
[2568/2685] ok Authors/Dickens/Atomized/The_Pickwick_Papers/Chapter_31_IS_WHOLLY_DEVOTED_TO_A_FULL_AN/part_05.md | blocks 60745 | 1901m | 32 blk/min | 12 links to repair
[2569/2685] ok Authors/Dickens/Atomized/The_Pickwick_Papers/Chapter_31_IS_WHOLLY_DEVOTED_TO_A_FULL_AN/part_07.md | blocks 60770 | 1902m | 32 blk/min | 10 links to repair
[2570/2685] ok Authors/Dickens/Atomized/The_Pickwick_Papers/Chapter_31_IS_WHOLLY_DEVOTED_TO_A_FULL_AN/part_04.md | blocks 60780 | 1902m | 32 blk/min | 14 links to repair
[2571/2685] ok Authors/Dickens/Atomized/The_Pickwick_Papers/Chapter_31_IS_WHOLLY_DEVOTED_TO_A_FULL_AN/part_08.md | blocks 60828 | 1903m | 32 blk/min | 8 links to repair
[2572/2685] ok Authors/Dickens/Atomized/The_Pickwick_Papers/Chapter_31_IS_WHOLLY_DEVOTED_TO_A_FULL_AN/part_09.md | blocks 60860 | 1904m | 32 blk/min | 9 links to repair
[2573/2685] ok Authors/Dickens/Atomized/The_Pickwick_Papers/Chapter_31_IS_WHOLLY_DEVOTED_TO_A_FULL_AN/part_11.md | blocks 60901 | 1905m | 32 blk/min | 12 links to repair
[2574/2685] ok Authors/Dickens/Atomized/The_Pickwick_Papers/Chapter_31_IS_WHOLLY_DEVOTED_TO_A_FULL_AN/part_10.md | blocks 60928 | 1906m | 32 blk/min | 8 links to repair
[2575/2685] ok Authors/Dickens/Atomized/The_Pickwick_Papers/Chapter_31_IS_WHOLLY_DEVOTED_TO_A_FULL_AN/part_12.md | blocks 60946 | 1906m | 32 blk/min | 13 links to repair
[2576/2685] ok Authors/Dickens/Atomized/The_Pickwick_Papers/Chapter_31_IS_WHOLLY_DEVOTED_TO_A_FULL_AN/part_13.md | blocks 60976 | 1906m | 32 blk/min | 9 links to repair
[2577/2685] ok Authors/Dickens/Atomized/The_Pickwick_Papers/Chapter_31_IS_WHOLLY_DEVOTED_TO_A_FULL_AN/part_14.md | blocks 61004 | 1908m | 32 blk/min | 4 links to repair
[2578/2685] ok Authors/Dickens/Atomized/The_Pickwick_Papers/Chapter_31_IS_WHOLLY_DEVOTED_TO_A_FULL_AN/part_15.md | blocks 61022 | 1909m | 32 blk/min | 13 links to repair
[2579/2685] ok Authors/Dickens/Atomized/The_Pickwick_Papers/Chapter_32_THE_CHIEF_FEATURES_OF_WHICH_WI/part_02.md | blocks 61036 | 1910m | 32 blk/min | 18 links to repair
[2580/2685] ok Authors/Dickens/Atomized/The_Pickwick_Papers/Chapter_32_THE_CHIEF_FEATURES_OF_WHICH_WI/part_03.md | blocks 61056 | 1911m | 32 blk/min | 15 links to repair
[2581/2685] ok Authors/Dickens/Atomized/The_Pickwick_Papers/Chapter_32_THE_CHIEF_FEATURES_OF_WHICH_WI/part_01.md | blocks 61074 | 1911m | 32 blk/min | 23 links to repair
[2582/2685] ok Authors/Dickens/Atomized/The_Pickwick_Papers/Chapter_33_HONOURABLY_ACCOUNTS_FOR_MR_WEL/part_01.md | blocks 61115 | 1913m | 32 blk/min | 8 links to repair
[2583/2685] ok Authors/Dickens/Atomized/The_Pickwick_Papers/Chapter_33_HONOURABLY_ACCOUNTS_FOR_MR_WEL/part_02.md | blocks 61154 | 1913m | 32 blk/min | 6 links to repair
[2584/2685] ok Authors/Dickens/Atomized/The_Pickwick_Papers/Chapter_32_THE_CHIEF_FEATURES_OF_WHICH_WI/part_04.md | blocks 61193 | 1913m | 32 blk/min | 16 links to repair
[2585/2685] ok Authors/Dickens/Atomized/The_Pickwick_Papers/Chapter_33_HONOURABLY_ACCOUNTS_FOR_MR_WEL/part_03.md | blocks 61229 | 1914m | 32 blk/min | 11 links to repair
[2586/2685] ok Authors/Dickens/Atomized/The_Pickwick_Papers/Chapter_33_HONOURABLY_ACCOUNTS_FOR_MR_WEL/part_05.md | blocks 61267 | 1915m | 32 blk/min | 7 links to repair
[2587/2685] ok Authors/Dickens/Atomized/The_Pickwick_Papers/Chapter_33_HONOURABLY_ACCOUNTS_FOR_MR_WEL/part_04.md | blocks 61286 | 1915m | 32 blk/min | 13 links to repair
[2588/2685] ok Authors/Dickens/Atomized/The_Pickwick_Papers/Chapter_34_HOW_MR_WINKLE_WHEN_HE_STEPPED/part_01.md | blocks 61306 | 1916m | 32 blk/min | 10 links to repair
[2589/2685] ok Authors/Dickens/Atomized/The_Pickwick_Papers/Chapter_34_HOW_MR_WINKLE_WHEN_HE_STEPPED/part_02.md | blocks 61340 | 1916m | 32 blk/min | 17 links to repair
[2590/2685] ok Authors/Dickens/Atomized/The_Pickwick_Papers/Chapter_34_HOW_MR_WINKLE_WHEN_HE_STEPPED/part_03.md | blocks 61362 | 1916m | 32 blk/min | 3 links to repair
[2591/2685] ok Authors/Dickens/Atomized/The_Pickwick_Papers/Chapter_34_HOW_MR_WINKLE_WHEN_HE_STEPPED/part_04.md | blocks 61388 | 1917m | 32 blk/min | 7 links to repair
[2592/2685] ok Authors/Dickens/Atomized/The_Pickwick_Papers/Chapter_34_HOW_MR_WINKLE_WHEN_HE_STEPPED/part_05.md | blocks 61416 | 1918m | 32 blk/min | 12 links to repair
[2593/2685] ok Authors/Dickens/Atomized/The_Pickwick_Papers/Chapter_35_MR_SAMUEL_WELLER_BEING_INTRUST/part_02.md | blocks 61452 | 1919m | 32 blk/min | 12 links to repair
[2594/2685] ok Authors/Dickens/Atomized/The_Pickwick_Papers/Chapter_35_MR_SAMUEL_WELLER_BEING_INTRUST/part_01.md | blocks 61472 | 1919m | 32 blk/min | 14 links to repair
[2595/2685] ok Authors/Dickens/Atomized/The_Pickwick_Papers/Chapter_35_MR_SAMUEL_WELLER_BEING_INTRUST/part_03.md | blocks 61500 | 1920m | 32 blk/min | 11 links to repair
[2596/2685] ok Authors/Dickens/Atomized/The_Pickwick_Papers/Chapter_35_MR_SAMUEL_WELLER_BEING_INTRUST/part_04.md | blocks 61529 | 1921m | 32 blk/min | 6 links to repair
[2597/2685] ok Authors/Dickens/Atomized/The_Pickwick_Papers/Chapter_35_MR_SAMUEL_WELLER_BEING_INTRUST/part_05.md | blocks 61556 | 1922m | 32 blk/min | 7 links to repair
[2598/2685] ok Authors/Dickens/Atomized/The_Pickwick_Papers/Chapter_35_MR_SAMUEL_WELLER_BEING_INTRUST/part_06.md | blocks 61585 | 1922m | 32 blk/min | 6 links to repair
[2599/2685] ok Authors/Dickens/Atomized/The_Pickwick_Papers/Chapter_35_MR_SAMUEL_WELLER_BEING_INTRUST/part_07.md | blocks 61613 | 1923m | 32 blk/min | 11 links to repair
[2600/2685] ok Authors/Dickens/Atomized/The_Pickwick_Papers/Chapter_35_MR_SAMUEL_WELLER_BEING_INTRUST/part_08.md | blocks 61633 | 1924m | 32 blk/min | 18 links to repair
[2601/2685] ok Authors/Dickens/Atomized/The_Pickwick_Papers/Chapter_35_MR_SAMUEL_WELLER_BEING_INTRUST/part_10.md | blocks 61663 | 1925m | 32 blk/min | 16 links to repair
[2602/2685] ok Authors/Dickens/Atomized/The_Pickwick_Papers/Chapter_35_MR_SAMUEL_WELLER_BEING_INTRUST/part_09.md | blocks 61690 | 1925m | 32 blk/min | 9 links to repair
[2603/2685] ok Authors/Dickens/Atomized/The_Pickwick_Papers/Chapter_35_MR_SAMUEL_WELLER_BEING_INTRUST/part_12.md | blocks 61715 | 1927m | 32 blk/min | 6 links to repair
[2604/2685] ok Authors/Dickens/Atomized/The_Pickwick_Papers/Chapter_35_MR_SAMUEL_WELLER_BEING_INTRUST/part_11.md | blocks 61741 | 1927m | 32 blk/min | 13 links to repair
[2605/2685] ok Authors/Dickens/Atomized/The_Pickwick_Papers/Chapter_35_MR_SAMUEL_WELLER_BEING_INTRUST/part_13.md | blocks 61754 | 1928m | 32 blk/min | 24 links to repair
[2606/2685] ok Authors/Dickens/Atomized/The_Pickwick_Papers/Chapter_35_MR_SAMUEL_WELLER_BEING_INTRUST/part_14.md | blocks 61768 | 1929m | 32 blk/min | 8 links to repair
[2607/2685] ok Authors/Dickens/Atomized/The_Pickwick_Papers/Chapter_36_ILLUSTRATIVE_LIKE_THE_PRECEDIN/part_01.md | blocks 61801 | 1930m | 32 blk/min | 5 links to repair
[2608/2685] ok Authors/Dickens/Atomized/The_Pickwick_Papers/Chapter_36_ILLUSTRATIVE_LIKE_THE_PRECEDIN/part_02.md | blocks 61837 | 1931m | 32 blk/min | 8 links to repair
[2609/2685] ok Authors/Dickens/Atomized/The_Pickwick_Papers/Chapter_35_MR_SAMUEL_WELLER_BEING_INTRUST/part_15.md | blocks 61882 | 1931m | 32 blk/min | 19 links to repair
[2610/2685] ok Authors/Dickens/Atomized/The_Pickwick_Papers/Chapter_36_ILLUSTRATIVE_LIKE_THE_PRECEDIN/part_03.md | blocks 61913 | 1931m | 32 blk/min | 4 links to repair
[2611/2685] ok Authors/Dickens/Atomized/The_Pickwick_Papers/Chapter_36_ILLUSTRATIVE_LIKE_THE_PRECEDIN/part_06.md | blocks 61936 | 1932m | 32 blk/min | 6 links to repair
[2612/2685] ok Authors/Dickens/Atomized/The_Pickwick_Papers/Chapter_36_ILLUSTRATIVE_LIKE_THE_PRECEDIN/part_04.md | blocks 61955 | 1933m | 32 blk/min | 14 links to repair
[2613/2685] ok Authors/Dickens/Atomized/The_Pickwick_Papers/Chapter_36_ILLUSTRATIVE_LIKE_THE_PRECEDIN/part_05.md | blocks 61986 | 1933m | 32 blk/min | 4 links to repair
[2614/2685] ok Authors/Dickens/Atomized/The_Pickwick_Papers/Chapter_37_SHOWING_HOW_MR_SAMUEL_WELLER_G/part_01.md | blocks 62004 | 1934m | 32 blk/min | 14 links to repair
[2615/2685] ok Authors/Dickens/Atomized/The_Pickwick_Papers/Chapter_37_SHOWING_HOW_MR_SAMUEL_WELLER_G/part_02.md | blocks 62044 | 1935m | 32 blk/min | 7 links to repair
[2616/2685] ok Authors/Dickens/Atomized/The_Pickwick_Papers/Chapter_37_SHOWING_HOW_MR_SAMUEL_WELLER_G/part_03.md | blocks 62095 | 1935m | 32 blk/min | 5 links to repair
[2617/2685] ok Authors/Dickens/Atomized/The_Pickwick_Papers/Chapter_37_SHOWING_HOW_MR_SAMUEL_WELLER_G/part_05.md | blocks 62129 | 1935m | 32 blk/min | 10 links to repair
[2618/2685] ok Authors/Dickens/Atomized/The_Pickwick_Papers/Chapter_37_SHOWING_HOW_MR_SAMUEL_WELLER_G/part_04.md | blocks 62164 | 1936m | 32 blk/min | 10 links to repair
[2619/2685] ok Authors/Dickens/Atomized/The_Pickwick_Papers/Chapter_38_TREATS_OF_DIVERS_LITTLE_MATTER/part_01.md | blocks 62181 | 1936m | 32 blk/min | 18 links to repair
[2620/2685] ok Authors/Dickens/Atomized/The_Pickwick_Papers/Chapter_38_TREATS_OF_DIVERS_LITTLE_MATTER/part_02.md | blocks 62224 | 1938m | 32 blk/min | 15 links to repair
[2621/2685] ok Authors/Dickens/Atomized/The_Pickwick_Papers/Chapter_38_TREATS_OF_DIVERS_LITTLE_MATTER/part_03.md | blocks 62248 | 1938m | 32 blk/min | 10 links to repair
[2622/2685] ok Authors/Dickens/Atomized/The_Pickwick_Papers/Chapter_38_TREATS_OF_DIVERS_LITTLE_MATTER/part_04.md | blocks 62286 | 1939m | 32 blk/min | 6 links to repair
[2623/2685] ok Authors/Dickens/Atomized/The_Pickwick_Papers/Chapter_38_TREATS_OF_DIVERS_LITTLE_MATTER/part_05.md | blocks 62322 | 1939m | 32 blk/min | 22 links to repair
[2624/2685] ok Authors/Dickens/Atomized/The_Pickwick_Papers/Chapter_39_DESCRIPTIVE_OF_AN_AFFECTING_IN/part_01.md | blocks 62357 | 1940m | 32 blk/min | 4 links to repair
[2625/2685] ok Authors/Dickens/Atomized/The_Pickwick_Papers/Chapter_39_DESCRIPTIVE_OF_AN_AFFECTING_IN/part_02.md | blocks 62403 | 1941m | 32 blk/min | 8 links to repair
[2626/2685] ok Authors/Dickens/Atomized/The_Pickwick_Papers/Chapter_39_DESCRIPTIVE_OF_AN_AFFECTING_IN/part_03.md | blocks 62424 | 1941m | 32 blk/min | 13 links to repair
[2627/2685] ok Authors/Dickens/Atomized/The_Pickwick_Papers/Chapter_39_DESCRIPTIVE_OF_AN_AFFECTING_IN/part_04.md | blocks 62464 | 1941m | 32 blk/min | 13 links to repair
[2628/2685] ok Authors/Dickens/Atomized/The_Pickwick_Papers/Chapter_39_DESCRIPTIVE_OF_AN_AFFECTING_IN/part_05.md | blocks 62503 | 1943m | 32 blk/min | 9 links to repair
[2629/2685] ok Authors/Dickens/Atomized/The_Pickwick_Papers/Chapter_40_RECORDS_A_TOUCHING_ACT_OF_DELI/part_02.md | blocks 62530 | 1943m | 32 blk/min | 7 links to repair
[2630/2685] ok Authors/Dickens/Atomized/The_Pickwick_Papers/Chapter_40_RECORDS_A_TOUCHING_ACT_OF_DELI/part_01.md | blocks 62568 | 1944m | 32 blk/min | 19 links to repair
[2631/2685] ok Authors/Dickens/Atomized/The_Pickwick_Papers/Chapter_40_RECORDS_A_TOUCHING_ACT_OF_DELI/part_04.md | blocks 62587 | 1944m | 32 blk/min
[2632/2685] ok Authors/Dickens/Atomized/The_Pickwick_Papers/Chapter_39_DESCRIPTIVE_OF_AN_AFFECTING_IN/part_06.md | blocks 62612 | 1945m | 32 blk/min | 11 links to repair
[2633/2685] ok Authors/Dickens/Atomized/The_Pickwick_Papers/Chapter_40_RECORDS_A_TOUCHING_ACT_OF_DELI/part_03.md | blocks 62651 | 1945m | 32 blk/min | 7 links to repair
[2634/2685] ok Authors/Dickens/Atomized/The_Pickwick_Papers/Chapter_41_IS_CHIEFLY_DEVOTED_TO_MATTERS/part_01.md | blocks 62674 | 1947m | 32 blk/min | 10 links to repair
[2635/2685] ok Authors/Dickens/Atomized/The_Pickwick_Papers/Chapter_41_IS_CHIEFLY_DEVOTED_TO_MATTERS/part_02.md | blocks 62708 | 1947m | 32 blk/min | 11 links to repair
[2636/2685] ok Authors/Dickens/Atomized/The_Pickwick_Papers/Chapter_41_IS_CHIEFLY_DEVOTED_TO_MATTERS/part_04.md | blocks 62727 | 1948m | 32 blk/min | 10 links to repair
[2637/2685] ok Authors/Dickens/Atomized/The_Pickwick_Papers/Chapter_41_IS_CHIEFLY_DEVOTED_TO_MATTERS/part_03.md | blocks 62749 | 1948m | 32 blk/min | 7 links to repair
[2638/2685] ok Authors/Dickens/Atomized/The_Pickwick_Papers/Chapter_41_IS_CHIEFLY_DEVOTED_TO_MATTERS/part_05.md | blocks 62786 | 1950m | 32 blk/min | 7 links to repair
[2639/2685] ok Authors/Dickens/Atomized/The_Pickwick_Papers/Chapter_41_IS_CHIEFLY_DEVOTED_TO_MATTERS/part_06.md | blocks 62822 | 1950m | 32 blk/min | 16 links to repair
[2640/2685] ok Authors/Dickens/Atomized/The_Pickwick_Papers/Chapter_41_IS_CHIEFLY_DEVOTED_TO_MATTERS/part_08.md | blocks 62852 | 1951m | 32 blk/min | 9 links to repair
[2641/2685] ok Authors/Dickens/Atomized/The_Pickwick_Papers/Chapter_41_IS_CHIEFLY_DEVOTED_TO_MATTERS/part_07.md | blocks 62885 | 1951m | 32 blk/min | 8 links to repair
[2642/2685] ok Authors/Dickens/Atomized/The_Pickwick_Papers/Chapter_42_CONTAINING_THE_STORY_OF_THE_BA/part_02.md | blocks 62893 | 1953m | 32 blk/min | 33 links to repair
[2643/2685] ok Authors/Dickens/Atomized/The_Pickwick_Papers/Chapter_41_IS_CHIEFLY_DEVOTED_TO_MATTERS/part_09.md | blocks 62924 | 1953m | 32 blk/min | 13 links to repair
[2644/2685] ok Authors/Dickens/Atomized/The_Pickwick_Papers/Chapter_42_CONTAINING_THE_STORY_OF_THE_BA/part_03.md | blocks 62944 | 1954m | 32 blk/min | 9 links to repair
[2645/2685] ok Authors/Dickens/Atomized/The_Pickwick_Papers/Chapter_42_CONTAINING_THE_STORY_OF_THE_BA/part_01.md | blocks 62953 | 1954m | 32 blk/min | 21 links to repair
[2646/2685] ok Authors/Dickens/Atomized/The_Pickwick_Papers/Chapter_42_CONTAINING_THE_STORY_OF_THE_BA/part_04.md | blocks 62969 | 1956m | 32 blk/min | 17 links to repair
[2647/2685] ok Authors/Dickens/Atomized/The_Pickwick_Papers/Chapter_42_CONTAINING_THE_STORY_OF_THE_BA/part_06.md | blocks 62995 | 1956m | 32 blk/min | 6 links to repair
[2648/2685] ok Authors/Dickens/Atomized/The_Pickwick_Papers/Chapter_42_CONTAINING_THE_STORY_OF_THE_BA/part_05.md | blocks 63019 | 1957m | 32 blk/min | 11 links to repair
[2649/2685] ok Authors/Dickens/Atomized/The_Pickwick_Papers/Chapter_42_CONTAINING_THE_STORY_OF_THE_BA/part_07.md | blocks 63046 | 1957m | 32 blk/min | 13 links to repair
[2650/2685] ok Authors/Dickens/Atomized/The_Pickwick_Papers/Chapter_42_CONTAINING_THE_STORY_OF_THE_BA/part_09.md | blocks 63092 | 1959m | 32 blk/min | 8 links to repair
[2651/2685] ok Authors/Dickens/Atomized/The_Pickwick_Papers/Chapter_42_CONTAINING_THE_STORY_OF_THE_BA/part_08.md | blocks 63110 | 1959m | 32 blk/min | 9 links to repair
[2652/2685] ok Authors/Dickens/Atomized/The_Pickwick_Papers/Chapter_42_CONTAINING_THE_STORY_OF_THE_BA/part_11.md | blocks 63133 | 1960m | 32 blk/min | 11 links to repair
[2653/2685] ok Authors/Dickens/Atomized/The_Pickwick_Papers/Chapter_42_CONTAINING_THE_STORY_OF_THE_BA/part_10.md | blocks 63156 | 1961m | 32 blk/min | 13 links to repair
[2654/2685] ok Authors/Dickens/Atomized/The_Pickwick_Papers/Chapter_42_CONTAINING_THE_STORY_OF_THE_BA/part_12.md | blocks 63188 | 1962m | 32 blk/min | 9 links to repair
[2655/2685] ok Authors/Dickens/Atomized/The_Pickwick_Papers/Chapter_42_CONTAINING_THE_STORY_OF_THE_BA/part_13.md | blocks 63214 | 1963m | 32 blk/min | 6 links to repair
[2656/2685] ok Authors/Dickens/Atomized/The_Pickwick_Papers/Chapter_42_CONTAINING_THE_STORY_OF_THE_BA/part_15.md | blocks 63253 | 1963m | 32 blk/min | 8 links to repair
[2657/2685] ok Authors/Dickens/Atomized/The_Pickwick_Papers/Chapter_42_CONTAINING_THE_STORY_OF_THE_BA/part_14.md | blocks 63284 | 1964m | 32 blk/min | 10 links to repair
[2658/2685] ok Authors/Dickens/Atomized/The_Pickwick_Papers/Chapter_42_CONTAINING_THE_STORY_OF_THE_BA/part_16.md | blocks 63320 | 1964m | 32 blk/min | 8 links to repair
[2659/2685] ok Authors/Dickens/Atomized/The_Pickwick_Papers/Chapter_43_INVOLVING_A_SERIOUS_CHANGE_IN/part_01.md | blocks 63353 | 1965m | 32 blk/min | 12 links to repair
[2660/2685] ok Authors/Dickens/Atomized/The_Pickwick_Papers/Chapter_43_INVOLVING_A_SERIOUS_CHANGE_IN/part_02.md | blocks 63386 | 1965m | 32 blk/min | 12 links to repair
[2661/2685] ok Authors/Dickens/Atomized/The_Pickwick_Papers/Chapter_42_CONTAINING_THE_STORY_OF_THE_BA/part_17.md | blocks 63436 | 1966m | 32 blk/min | 10 links to repair
[2662/2685] ok Authors/Dickens/Atomized/The_Pickwick_Papers/Chapter_43_INVOLVING_A_SERIOUS_CHANGE_IN/part_03.md | blocks 63475 | 1967m | 32 blk/min | 9 links to repair
[2663/2685] ok Authors/Dickens/Atomized/The_Pickwick_Papers/Chapter_43_INVOLVING_A_SERIOUS_CHANGE_IN/part_04.md | blocks 63520 | 1968m | 32 blk/min | 12 links to repair
[2664/2685] ok Authors/Dickens/Atomized/The_Pickwick_Papers/Chapter_44_COMPRISING_THE_FINAL_EXIT_OF_M/part_01.md | blocks 63547 | 1968m | 32 blk/min | 19 links to repair
[2665/2685] ok Authors/Dickens/Atomized/The_Pickwick_Papers/Chapter_44_COMPRISING_THE_FINAL_EXIT_OF_M/part_02.md | blocks 63586 | 1968m | 32 blk/min | 11 links to repair
[2666/2685] ok Authors/Dickens/Atomized/The_Pickwick_Papers/Chapter_44_COMPRISING_THE_FINAL_EXIT_OF_M/part_03.md | blocks 63622 | 1970m | 32 blk/min | 15 links to repair
[2667/2685] ok Authors/Dickens/Atomized/The_Pickwick_Papers/Chapter_44_COMPRISING_THE_FINAL_EXIT_OF_M/part_05.md | blocks 63665 | 1970m | 32 blk/min | 11 links to repair
[2668/2685] ok Authors/Dickens/Atomized/The_Pickwick_Papers/Chapter_44_COMPRISING_THE_FINAL_EXIT_OF_M/part_06.md | blocks 63708 | 1971m | 32 blk/min | 18 links to repair
Exception in thread Thread-2:
Traceback (most recent call last):
  File "/Library/Developer/CommandLineTools/Library/Frameworks/Python3.framework/Versions/3.9/lib/python3.9/threading.py", line 973, in _bootstrap_inner
    self.run()
  File "/Library/Developer/CommandLineTools/Library/Frameworks/Python3.framework/Versions/3.9/lib/python3.9/threading.py", line 910, in run
    self._target(*self._args, **self._kwargs)
  File "/Users/g.borghi/Library/CloudStorage/Dropbox/insegnamento/Wiligelmo/SubjectBrain/English/quartz-eng-lit/scripts/translate/run_dickens_hy.py", line 188, in worker
    counts["fail"] += 1
  File "/Library/Developer/CommandLineTools/Library/Frameworks/Python3.framework/Versions/3.9/lib/python3.9/queue.py", line 75, in task_done
    raise ValueError('task_done() called too many times')
ValueError: task_done() called too many times
[2669/2685] ok Authors/Dickens/Atomized/The_Pickwick_Papers/Chapter_44_COMPRISING_THE_FINAL_EXIT_OF_M/part_04.md | blocks 63744 | 1972m | 32 blk/min | 12 links to repair
Exception in thread Thread-1:
Traceback (most recent call last):
  File "/Library/Developer/CommandLineTools/Library/Frameworks/Python3.framework/Versions/3.9/lib/python3.9/threading.py", line 973, in _bootstrap_inner
    self.run()
  File "/Library/Developer/CommandLineTools/Library/Frameworks/Python3.framework/Versions/3.9/lib/python3.9/threading.py", line 910, in run
    self._target(*self._args, **self._kwargs)
  File "/Users/g.borghi/Library/CloudStorage/Dropbox/insegnamento/Wiligelmo/SubjectBrain/English/quartz-eng-lit/scripts/translate/run_dickens_hy.py", line 188, in worker
    counts["fail"] += 1
  File "/Library/Developer/CommandLineTools/Library/Frameworks/Python3.framework/Versions/3.9/lib/python3.9/queue.py", line 75, in task_done
    raise ValueError('task_done() called too many times')
ValueError: task_done() called too many times
[2670/2685] ok Authors/Dickens/Atomized/The_Pickwick_Papers/Chapter_44_COMPRISING_THE_FINAL_EXIT_OF_M/part_08.md | blocks 63793 | 1972m | 32 blk/min | 7 links to repair
Exception in thread Thread-3:
Traceback (most recent call last):
  File "/Library/Developer/CommandLineTools/Library/Frameworks/Python3.framework/Versions/3.9/lib/python3.9/threading.py", line 973, in _bootstrap_inner
    self.run()
  File "/Library/Developer/CommandLineTools/Library/Frameworks/Python3.framework/Versions/3.9/lib/python3.9/threading.py", line 910, in run
    self._target(*self._args, **self._kwargs)
  File "/Users/g.borghi/Library/CloudStorage/Dropbox/insegnamento/Wiligelmo/SubjectBrain/English/quartz-eng-lit/scripts/translate/run_dickens_hy.py", line 188, in worker
    counts["fail"] += 1
  File "/Library/Developer/CommandLineTools/Library/Frameworks/Python3.framework/Versions/3.9/lib/python3.9/queue.py", line 75, in task_done
    raise ValueError('task_done() called too many times')
ValueError: task_done() called too many times
[2671/2685] ok Authors/Dickens/Atomized/The_Pickwick_Papers/Chapter_44_COMPRISING_THE_FINAL_EXIT_OF_M/part_07.md | blocks 63824 | 1973m | 32 blk/min | 7 links to repair
Exception in thread Thread-4:
Traceback (most recent call last):
  File "/Library/Developer/CommandLineTools/Library/Frameworks/Python3.framework/Versions/3.9/lib/python3.9/threading.py", line 973, in _bootstrap_inner
    self.run()
  File "/Library/Developer/CommandLineTools/Library/Frameworks/Python3.framework/Versions/3.9/lib/python3.9/threading.py", line 910, in run
    self._target(*self._args, **self._kwargs)
  File "/Users/g.borghi/Library/CloudStorage/Dropbox/insegnamento/Wiligelmo/SubjectBrain/English/quartz-eng-lit/scripts/translate/run_dickens_hy.py", line 188, in worker
    counts["fail"] += 1
  File "/Library/Developer/CommandLineTools/Library/Frameworks/Python3.framework/Versions/3.9/lib/python3.9/queue.py", line 75, in task_done
    raise ValueError('task_done() called too many times')
ValueError: task_done() called too many times

DONE: 2653 written, 18 failed, cache 61842 blocks, 1973m
